Tag, Descricao, Modulo, Fase, Grandeza, IdSensor, Frequencia_Amostragem, Timestamp
M1IOCA1, I OPENING COIL A, 1, A, I, 1, 33333.0, 1747944058.3585627

tempos, dados
0.01953125, 0.030326
0.049560546875, -0.004341
0.079345703125, -0.149946
0.109375, -0.143012
0.139404296875, -0.004341
0.16943359375, 0.099662
0.199462890625, 0.009526
0.2294921875, -0.073677
0.259521484375, -0.066743
0.28955078125, 0.071928
0.3193359375, 0.016459
0.349365234375, 0.092728
0.37939453125, 0.009526
0.409423828125, 0.023393
0.439453125, 0.078861
0.469482421875, -0.087544
0.49951171875, -0.025142
0.529541015625, -0.15688
0.5595703125, 0.030326
0.58935546875, -0.094478
0.619384765625, 0.002592
0.6494140625, -0.052876
0.679443359375, 0.030326
0.70947265625, -0.087544
0.739501953125, 0.002592
0.76953125, 0.023393
0.799560546875, 0.064994
0.829345703125, 0.071928
0.859375, 0.030326
0.889404296875, -0.073677
0.91943359375, -0.05981
0.949462890625, -0.039009
0.9794921875, -0.011275
1.009521484375, -0.004341
1.03955078125, -0.143012
1.069580078125, -0.066743
1.099365234375, -0.032076
1.12939453125, -0.004341
1.159423828125, -0.115278
1.189453125, 0.148197
1.219482421875, 0.15513
1.24951171875, -0.039009
1.279541015625, 0.030326
1.3095703125, -0.025142
1.33935546875, 0.009526
1.369384765625, 0.099662
1.3994140625, 0.051127
1.429443359375, 0.044194
1.45947265625, -0.039009
1.489501953125, 0.002592
1.51953125, -0.094478
1.549560546875, 0.071928
1.57958984375, -0.05981
1.609375, 0.002592
1.639404296875, -0.004341
1.66943359375, 0.016459
1.699462890625, 0.002592
1.7294921875, 0.085795
1.759521484375, -0.018208
1.78955078125, 0.078861
1.819580078125, -0.018208
1.849365234375, -0.039009
1.87939453125, 0.016459
1.909423828125, -0.018208
1.939453125, -0.184614
1.969482421875, -0.08061
1.99951171875, 0.120463
2.029541015625, 0.044194
2.0595703125, -0.004341
2.08935546875, 0.03726
2.119384765625, 0.009526
2.1494140625, -0.05981
2.179443359375, -0.073677
2.20947265625, -0.004341
2.239501953125, 0.016459
2.26953125, -0.087544
2.299560546875, -0.025142
2.32958984375, -0.191547
2.359375, -0.149946
2.389404296875, 0.064994
2.41943359375, -0.045943
2.449462890625, -0.066743
2.4794921875, -0.025142
2.509521484375, 0.03726
2.53955078125, 0.044194
2.569580078125, 0.106596
2.599365234375, -0.045943
2.62939453125, 0.023393
2.659423828125, -0.025142
2.689453125, -0.143012
2.719482421875, 0.002592
2.74951171875, 0.030326
2.779541015625, 0.002592
2.8095703125, 0.016459
2.839599609375, -0.066743
2.869384765625, 0.071928
2.8994140625, 0.071928
2.929443359375, 0.016459
2.95947265625, 0.044194
2.989501953125, -0.045943
3.01953125, 0.051127
3.049560546875, -0.004341
3.07958984375, 0.078861
3.109375, -0.045943
3.139404296875, -0.004341
3.16943359375, 0.016459
3.199462890625, -0.004341
3.2294921875, 0.064994
3.259521484375, -0.136079
3.28955078125, 0.023393
3.319580078125, 0.064994
3.349609375, 0.113529
3.37939453125, -0.025142
3.409423828125, -0.039009
3.439453125, 0.162064
3.469482421875, 0.002592
3.49951171875, 0.058061
3.529541015625, -0.087544
3.5595703125, -0.08061
3.589599609375, -0.08061
3.619384765625, 0.099662
3.6494140625, -0.025142
3.679443359375, -0.045943
3.70947265625, -0.004341
3.739501953125, 0.071928
3.76953125, 0.03726
3.799560546875, 0.078861
3.82958984375, 0.113529
3.859375, 0.03726
3.889404296875, 0.078861
3.91943359375, 0.162064
3.949462890625, 0.002592
3.9794921875, 0.078861
4.009521484375, 0.148197
4.03955078125, -0.05981
4.069580078125, 0.009526
4.099609375, 0.203665
4.12939453125, -0.039009
4.159423828125, 0.078861
4.189453125, -0.004341
4.219482421875, -0.045943
4.24951171875, -0.27475
4.279541015625, 0.016459
4.3095703125, 0.085795
4.339599609375, -0.094478
4.369384765625, -0.219282
4.3994140625, -0.08061
4.429443359375, 0.030326
4.45947265625, 0.078861
4.489501953125, 0.085795
4.51953125, -0.052876
4.549560546875, 0.016459
4.57958984375, 0.064994
4.609619140625, -0.052876
4.639404296875, -0.018208
4.66943359375, 0.009526
4.699462890625, -0.184614
4.7294921875, -0.018208
4.759521484375, 0.078861
4.78955078125, -0.011275
4.819580078125, 0.071928
4.849609375, -0.066743
4.87939453125, -0.073677
4.909423828125, -0.073677
4.939453125, -0.039009
4.969482421875, 0.051127
4.99951171875, -0.045943
5.029541015625, -0.087544
5.0595703125, 0.009526
5.089599609375, -0.212348
5.119384765625, 0.051127
5.1494140625, 0.099662
5.179443359375, -0.073677
5.20947265625, 0.058061
5.239501953125, -0.08061
5.26953125, -0.122212
5.299560546875, -0.018208
5.32958984375, 0.071928
5.359619140625, -0.17768
5.389404296875, -0.087544
5.41943359375, 0.009526
5.449462890625, -0.073677
5.4794921875, -0.05981
5.509521484375, 0.064994
5.53955078125, 0.016459
5.569580078125, 0.002592
5.599609375, -0.122212
5.62939453125, 0.023393
5.659423828125, -0.066743
5.689453125, 0.106596
5.719482421875, -0.025142
5.74951171875, 0.03726
5.779541015625, -0.018208
5.8095703125, -0.032076
5.839599609375, -0.018208
5.86962890625, 0.044194
5.8994140625, -0.045943
5.929443359375, 0.051127
5.95947265625, 0.085795
5.989501953125, -0.170747
6.01953125, 0.051127
6.049560546875, -0.045943
6.07958984375, 0.051127
6.109619140625, 0.009526
6.139404296875, 0.099662
6.16943359375, 0.078861
6.199462890625, 0.009526
6.2294921875, 0.044194
6.259521484375, -0.011275
6.28955078125, 0.15513
6.319580078125, 0.03726
6.349609375, 0.002592
6.379638671875, 0.064994
6.409423828125, 0.092728
6.439453125, -0.05981
6.469482421875, 0.058061
6.49951171875, 0.078861
6.529541015625, 0.030326
6.5595703125, 0.016459
6.589599609375, -0.115278
6.61962890625, -0.011275
6.6494140625, -0.052876
6.679443359375, -0.039009
6.70947265625, -0.011275
6.739501953125, -0.191547
6.76953125, 0.064994
6.799560546875, -0.045943
6.82958984375, 0.044194
6.859619140625, 0.071928
6.889404296875, 0.016459
6.91943359375, 0.058061
6.949462890625, -0.018208
6.9794921875, 0.106596
7.009521484375, 0.182865
7.03955078125, 0.009526
7.069580078125, -0.05981
7.099609375, 0.051127
7.129638671875, 0.023393
7.159423828125, -0.045943
7.189453125, -0.094478
7.219482421875, 0.078861
7.24951171875, 0.064994
7.279541015625, -0.018208
7.3095703125, 0.016459
7.339599609375, -0.025142
7.36962890625, -0.066743
7.3994140625, 0.044194
7.429443359375, -0.039009
7.45947265625, -0.004341
7.489501953125, -0.122212
7.51953125, -0.039009
7.549560546875, -0.066743
7.57958984375, -0.045943
7.609619140625, 0.106596
7.6396484375, 0.03726
7.66943359375, -0.149946
7.699462890625, 0.03726
7.7294921875, -0.018208
7.759521484375, 0.009526
7.78955078125, 0.03726
7.819580078125, -0.052876
7.849609375, 0.106596
7.879638671875, -0.004341
7.909423828125, 0.03726
7.939453125, -0.101411
7.969482421875, 0.009526
7.99951171875, -0.052876
8.029541015625, 0.044194
8.0595703125, -0.05981
8.089599609375, -0.039009
8.11962890625, -0.032076
8.1494140625, 0.023393
8.179443359375, 0.085795
8.20947265625, -0.025142
8.239501953125, 0.002592
8.26953125, -0.073677
8.299560546875, -0.052876
8.32958984375, 0.113529
8.359619140625, -0.094478
8.3896484375, 0.085795
8.41943359375, -0.032076
8.449462890625, -0.052876
8.4794921875, 0.051127
8.509521484375, -0.108345
8.53955078125, 0.002592
8.569580078125, 0.002592
8.599609375, -0.025142
8.629638671875, 0.099662
8.659423828125, 0.002592
8.689453125, -0.094478
8.719482421875, 0.009526
8.74951171875, -0.025142
8.779541015625, 0.099662
8.8095703125, -0.011275
8.839599609375, -0.115278
8.86962890625, 0.058061
8.899658203125, -0.052876
8.929443359375, -0.108345
8.95947265625, 0.016459
8.989501953125, -0.025142
9.01953125, 0.051127
9.049560546875, 0.002592
9.07958984375, -0.025142
9.109619140625, 0.051127
9.1396484375, -0.101411
9.16943359375, -0.149946
9.199462890625, -0.018208
9.2294921875, 0.03726
9.259521484375, 0.085795
9.28955078125, -0.052876
9.319580078125, 0.023393
9.349609375, -0.129145
9.379638671875, 0.002592
9.40966796875, -0.094478
9.439453125, -0.08061
9.469482421875, -0.039009
9.49951171875, -0.045943
9.529541015625, 0.030326
9.5595703125, -0.115278
9.589599609375, 0.009526
9.61962890625, 0.030326
9.649658203125, 0.085795
9.679443359375, 0.064994
9.70947265625, -0.052876
9.739501953125, -0.052876
9.76953125, 0.023393
9.799560546875, 0.044194
9.82958984375, 0.002592
9.859619140625, 0.023393
9.8896484375, 0.15513
9.91943359375, 0.092728
9.949462890625, 0.058061
9.9794921875, -0.240082
10.009521484375, -0.018208
10.03955078125, -0.018208
10.069580078125, 0.03726
10.099609375, 0.016459
10.129638671875, 0.002592
10.15966796875, -0.032076
10.189453125, -0.004341
10.219482421875, -0.094478
10.24951171875, 0.078861
10.279541015625, 0.044194
10.3095703125, 0.023393
10.339599609375, 0.002592
10.36962890625, 0.058061
10.399658203125, 0.058061
10.429443359375, -0.066743
10.45947265625, -0.115278
10.489501953125, 0.03726
10.51953125, -0.08061
10.549560546875, 0.064994
10.57958984375, -0.039009
10.609619140625, 0.051127
10.6396484375, 0.085795
10.669677734375, -0.045943
10.699462890625, 0.085795
10.7294921875, 0.064994
10.759521484375, -0.08061
10.78955078125, 0.002592
10.819580078125, -0.115278
10.849609375, 0.113529
10.879638671875, -0.025142
10.90966796875, 0.085795
10.939453125, -0.05981
10.969482421875, -0.122212
10.99951171875, -0.115278
11.029541015625, -0.045943
11.0595703125, 0.009526
11.089599609375, 0.051127
11.11962890625, -0.101411
11.149658203125, -0.032076
11.1796875, -0.045943
11.20947265625, -0.170747
11.239501953125, -0.018208
11.26953125, 0.009526
11.299560546875, 0.009526
11.32958984375, -0.163813
11.359619140625, -0.101411
11.3896484375, -0.149946
11.419677734375, 0.071928
11.449462890625, -0.115278
11.4794921875, -0.039009
11.509521484375, 0.009526
11.53955078125, 0.023393
11.569580078125, -0.032076
11.599609375, -0.073677
11.629638671875, -0.052876
11.65966796875, 0.044194
11.689453125, -0.018208
11.719482421875, -0.122212
11.74951171875, -0.087544
11.779541015625, 0.009526
11.8095703125, 0.002592
11.839599609375, 0.023393
11.86962890625, -0.101411
11.899658203125, -0.052876
11.9296875, -0.115278
11.95947265625, 0.071928
11.989501953125, -0.011275
12.01953125, -0.129145
12.049560546875, 0.092728
12.07958984375, 0.051127
12.109619140625, 0.071928
12.1396484375, -0.094478
12.169677734375, -0.101411
12.199462890625, 0.009526
12.2294921875, 0.044194
12.259521484375, 0.058061
12.28955078125, 0.203665
12.319580078125, 0.058061
12.349609375, -0.073677
12.379638671875, -0.05981
12.40966796875, -0.122212
12.439697265625, -0.045943
12.469482421875, -0.08061
12.49951171875, -0.052876
12.529541015625, -0.025142
12.5595703125, 0.002592
12.589599609375, 0.099662
12.61962890625, 0.044194
12.649658203125, -0.05981
12.6796875, -0.052876
12.70947265625, -0.094478
12.739501953125, -0.094478
12.76953125, -0.032076
12.799560546875, 0.023393
12.82958984375, 0.064994
12.859619140625, 0.03726
12.8896484375, 0.120463
12.919677734375, 0.085795
12.949462890625, -0.052876
12.9794921875, -0.011275
13.009521484375, -0.025142
13.03955078125, 0.15513
13.069580078125, -0.101411
13.099609375, 0.092728
13.129638671875, 0.044194
13.15966796875, -0.045943
13.189697265625, -0.094478
13.219482421875, 0.03726
13.24951171875, -0.073677
13.279541015625, 0.016459
13.3095703125, -0.066743
13.339599609375, -0.018208
13.36962890625, -0.05981
13.399658203125, 0.078861
13.4296875, 0.092728
13.45947265625, -0.05981
13.489501953125, 0.023393
13.51953125, -0.018208
13.549560546875, 0.03726
13.57958984375, -0.039009
13.609619140625, 0.030326
13.6396484375, -0.052876
13.669677734375, -0.004341
13.69970703125, -0.108345
13.7294921875, 0.078861
13.759521484375, 0.03726
13.78955078125, 0.085795
13.819580078125, -0.011275
13.849609375, 0.023393
13.879638671875, -0.066743
13.90966796875, -0.004341
13.939697265625, 0.120463
13.969482421875, -0.045943
13.99951171875, 0.009526
14.029541015625, -0.011275
14.0595703125, 0.016459
14.089599609375, -0.039009
14.11962890625, 0.051127
14.149658203125, -0.004341
14.1796875, 0.099662
14.209716796875, 0.092728
14.239501953125, 0.064994
14.26953125, -0.08061
14.299560546875, -0.066743
14.32958984375, 0.085795
14.359619140625, 0.009526
14.3896484375, 0.023393
14.419677734375, -0.066743
14.44970703125, -0.094478
14.4794921875, 0.120463
14.509521484375, -0.087544
14.53955078125, -0.108345
14.569580078125, 0.023393
14.599609375, 0.106596
14.629638671875, -0.004341
14.65966796875, 0.092728
14.689697265625, 0.113529
14.719482421875, 0.078861
14.74951171875, -0.066743
14.779541015625, -0.184614
14.8095703125, -0.032076
14.839599609375, 0.044194
14.86962890625, -0.011275
14.899658203125, -0.149946
14.9296875, 0.009526
14.959716796875, 0.071928
14.989501953125, 0.03726
15.01953125, 0.030326
15.049560546875, 0.085795
15.07958984375, -0.018208
15.109619140625, -0.08061
15.1396484375, -0.143012
15.169677734375, 0.106596
15.19970703125, 0.030326
15.2294921875, 0.044194
15.259521484375, 0.009526
15.28955078125, -0.004341
15.319580078125, 0.03726
15.349609375, -0.045943
15.379638671875, -0.15688
15.40966796875, 0.016459
15.439697265625, -0.094478
15.4697265625, -0.011275
15.49951171875, -0.052876
15.529541015625, -0.025142
15.5595703125, -0.052876
15.589599609375, 0.127396
15.61962890625, -0.052876
15.649658203125, 0.120463
15.6796875, 0.058061
15.709716796875, -0.101411
15.739501953125, -0.087544
15.76953125, -0.15688
15.799560546875, 0.016459
15.82958984375, 0.078861
15.859619140625, -0.129145
15.8896484375, -0.08061
15.919677734375, 0.078861
15.94970703125, 0.023393
15.9794921875, 0.058061
16.009521484375, 0.002592
16.03955078125, -0.011275
16.069580078125, 0.030326
16.099609375, -0.004341
16.129638671875, 0.051127
16.15966796875, -0.032076
16.189697265625, 0.071928
16.2197265625, 0.085795
16.24951171875, 0.085795
16.279541015625, 0.127396
16.3095703125, -0.032076
16.339599609375, -0.018208
16.36962890625, -0.05981
16.399658203125, -0.018208
16.4296875, 0.03726
16.459716796875, 0.016459
16.489501953125, 0.030326
16.51953125, -0.143012
16.549560546875, -0.025142
16.57958984375, 0.064994
16.609619140625, 0.002592
16.6396484375, 0.016459
16.669677734375, 0.030326
16.69970703125, -0.108345
16.729736328125, 0.030326
16.759521484375, -0.025142
16.78955078125, 0.051127
16.819580078125, 0.071928
16.849609375, -0.018208
16.879638671875, -0.018208
16.90966796875, 0.064994
16.939697265625, 0.009526
16.9697265625, 0.016459
16.99951171875, 0.162064
17.029541015625, 0.002592
17.0595703125, 0.002592
17.089599609375, 0.175931
17.11962890625, -0.073677
17.149658203125, 0.064994
17.1796875, 0.127396
17.209716796875, 0.016459
17.23974609375, -0.018208
17.26953125, -0.136079
17.299560546875, 0.058061
17.32958984375, 0.064994
17.359619140625, 0.030326
17.3896484375, -0.066743
17.419677734375, -0.129145
17.44970703125, 0.078861
17.479736328125, 0.13433
17.509521484375, 0.058061
17.53955078125, -0.052876
17.569580078125, 0.064994
17.599609375, 0.120463
17.629638671875, -0.004341
17.65966796875, -0.087544
17.689697265625, 0.016459
17.7197265625, 0.044194
17.74951171875, -0.05981
17.779541015625, 0.113529
17.8095703125, -0.122212
17.839599609375, 0.113529
17.86962890625, 0.078861
17.899658203125, 0.106596
17.9296875, -0.087544
17.959716796875, 0.085795
17.98974609375, 0.016459
18.01953125, 0.051127
18.049560546875, -0.066743
18.07958984375, 0.03726
18.109619140625, 0.009526
18.1396484375, -0.101411
18.169677734375, 0.030326
18.19970703125, 0.085795
18.229736328125, -0.032076
18.259521484375, 0.113529
18.28955078125, 0.106596
18.319580078125, -0.032076
18.349609375, 0.016459
18.379638671875, 0.009526
18.40966796875, 0.009526
18.439697265625, 0.023393
18.4697265625, -0.032076
18.499755859375, 0.058061
18.529541015625, 0.071928
18.5595703125, -0.011275
18.589599609375, -0.087544
18.61962890625, 0.030326
18.649658203125, -0.08061
18.6796875, -0.011275
18.709716796875, 0.009526
18.73974609375, 0.044194
18.76953125, -0.191547
18.799560546875, 0.120463
18.82958984375, -0.05981
18.859619140625, 0.023393
18.8896484375, -0.039009
18.919677734375, -0.073677
18.94970703125, -0.122212
18.979736328125, -0.087544
19.009765625, -0.004341
19.03955078125, 0.03726
19.069580078125, -0.018208
19.099609375, -0.004341
19.129638671875, -0.066743
19.15966796875, 0.009526
19.189697265625, 0.044194
19.2197265625, -0.045943
19.249755859375, -0.115278
19.279541015625, 0.182865
19.3095703125, -0.073677
19.339599609375, 0.078861
19.36962890625, -0.039009
19.399658203125, 0.002592
19.4296875, -0.011275
19.459716796875, 0.064994
19.48974609375, 0.044194
19.51953125, -0.108345
19.549560546875, 0.106596
19.57958984375, 0.023393
19.609619140625, -0.011275
19.6396484375, -0.032076
19.669677734375, -0.018208
19.69970703125, -0.05981
19.729736328125, -0.011275
19.759765625, -0.039009
19.78955078125, 0.175931
19.819580078125, 0.023393
19.849609375, -0.052876
19.879638671875, 0.058061
19.90966796875, 0.044194
19.939697265625, -0.018208
19.9697265625, 0.002592
19.999755859375, 0.064994
20.029541015625, 0.044194
20.0595703125, 0.044194
20.089599609375, -0.032076
20.11962890625, 0.051127
20.149658203125, -0.108345
20.1796875, 0.141263
20.209716796875, -0.087544
20.23974609375, -0.08061
20.269775390625, 0.030326
20.299560546875, -0.226215
20.32958984375, 0.092728
20.359619140625, 0.113529
20.3896484375, -0.066743
20.419677734375, 0.023393
20.44970703125, 0.071928
20.479736328125, -0.073677
20.509765625, 0.058061
20.53955078125, 0.071928
20.569580078125, -0.122212
20.599609375, 0.078861
20.629638671875, 0.016459
20.65966796875, -0.039009
20.689697265625, -0.004341
20.7197265625, -0.094478
20.749755859375, -0.122212
20.779541015625, -0.011275
20.8095703125, 0.051127
20.839599609375, -0.108345
20.86962890625, -0.066743
20.899658203125, 0.002592
20.9296875, -0.073677
20.959716796875, 0.044194
20.98974609375, 0.009526
21.019775390625, -0.045943
21.049560546875, 0.03726
21.07958984375, 0.064994
21.109619140625, 0.016459
21.1396484375, -0.08061
21.169677734375, -0.094478
21.19970703125, -0.052876
21.229736328125, -0.018208
21.259765625, 0.099662
21.28955078125, 0.009526
21.319580078125, 0.162064
21.349609375, 0.016459
21.379638671875, -0.066743
21.40966796875, -0.011275
21.439697265625, -0.011275
21.4697265625, 0.210599
21.499755859375, -0.039009
21.52978515625, -0.039009
21.5595703125, -0.018208
21.589599609375, 0.002592
21.61962890625, 0.016459
21.649658203125, -0.039009
21.6796875, 0.071928
21.709716796875, 0.030326
21.73974609375, 0.030326
21.769775390625, -0.039009
21.799560546875, 0.002592
21.82958984375, -0.073677
21.859619140625, -0.018208
21.8896484375, 0.162064
21.919677734375, 0.13433
21.94970703125, 0.051127
21.979736328125, 0.064994
22.009765625, 0.058061
22.039794921875, -0.011275
22.069580078125, -0.052876
22.099609375, 0.058061
22.129638671875, 0.078861
22.15966796875, -0.011275
22.189697265625, 0.016459
22.2197265625, 0.113529
22.249755859375, -0.101411
22.27978515625, 0.106596
22.3095703125, 0.078861
22.339599609375, 0.009526
22.36962890625, -0.08061
22.399658203125, -0.032076
22.4296875, 0.071928
22.459716796875, -0.032076
22.48974609375, -0.004341
22.519775390625, -0.073677
22.549560546875, -0.018208
22.57958984375, -0.039009
22.609619140625, -0.011275
22.6396484375, -0.018208
22.669677734375, -0.032076
22.69970703125, 0.141263
22.729736328125, -0.149946
22.759765625, -0.011275
22.789794921875, -0.136079
22.819580078125, -0.094478
22.849609375, -0.039009
22.879638671875, 0.058061
22.90966796875, 0.016459
22.939697265625, 0.058061
22.9697265625, -0.018208
22.999755859375, -0.004341
23.02978515625, -0.018208
23.0595703125, -0.108345
23.089599609375, -0.045943
23.11962890625, -0.025142
23.149658203125, -0.094478
23.1796875, -0.108345
23.209716796875, 0.044194
23.23974609375, -0.018208
23.269775390625, -0.184614
23.2998046875, -0.08061
23.32958984375, -0.108345
23.359619140625, -0.032076
23.3896484375, 0.03726
23.419677734375, 0.016459
23.44970703125, 0.030326
23.479736328125, -0.087544
23.509765625, 0.009526
23.539794921875, 0.03726
23.569580078125, -0.087544
23.599609375, -0.045943
23.629638671875, -0.087544
23.65966796875, -0.004341
23.689697265625, 0.120463
23.7197265625, -0.025142
23.749755859375, -0.115278
23.77978515625, -0.045943
23.8095703125, 0.030326
23.839599609375, 0.016459
23.86962890625, 0.058061
23.899658203125, 0.03726
23.9296875, -0.129145
23.959716796875, 0.030326
23.98974609375, -0.025142
24.019775390625, -0.094478
24.0498046875, -0.045943
24.07958984375, -0.094478
24.109619140625, -0.05981
24.1396484375, 0.002592
24.169677734375, 0.016459
24.19970703125, -0.08061
24.229736328125, -0.101411
24.259765625, 0.189798
24.289794921875, 0.009526
24.319580078125, -0.045943
24.349609375, -0.004341
24.379638671875, 0.092728
24.40966796875, -0.073677
24.439697265625, 0.058061
24.4697265625, -0.004341
24.499755859375, 0.044194
24.52978515625, -0.108345
24.559814453125, -0.087544
24.589599609375, 0.03726
24.61962890625, 0.044194
24.649658203125, 0.092728
24.6796875, -0.052876
24.709716796875, 0.120463
24.73974609375, -0.032076
24.769775390625, 0.03726
24.7998046875, -0.05981
24.82958984375, 0.03726
24.859619140625, -0.025142
24.8896484375, -0.052876
24.919677734375, 0.03726
24.94970703125, -0.108345
24.979736328125, 0.064994
25.009765625, -0.032076
25.039794921875, 0.085795
25.06982421875, -0.108345
25.099609375, -0.025142
25.129638671875, -0.101411
25.15966796875, 0.085795
25.189697265625, -0.018208
25.2197265625, -0.08061
25.249755859375, 0.03726
25.27978515625, -0.045943
25.309814453125, 0.13433
25.339599609375, 0.030326
25.36962890625, -0.018208
25.399658203125, -0.094478
25.4296875, -0.05981
25.459716796875, -0.15688
25.48974609375, 0.078861
25.519775390625, 0.127396
25.5498046875, -0.025142
25.57958984375, 0.085795
25.609619140625, 0.016459
25.6396484375, -0.032076
25.669677734375, 0.127396
25.69970703125, -0.011275
25.729736328125, 0.016459
25.759765625, -0.101411
25.789794921875, -0.129145
25.81982421875, -0.032076
25.849609375, 0.078861
25.879638671875, 0.071928
25.90966796875, 0.078861
25.939697265625, -0.045943
25.9697265625, -0.05981
25.999755859375, -0.025142
26.02978515625, 0.058061
26.059814453125, 0.099662
26.089599609375, 0.106596
26.11962890625, 0.085795
26.149658203125, -0.039009
26.1796875, -0.018208
26.209716796875, 0.064994
26.23974609375, 0.051127
26.269775390625, 0.016459
26.2998046875, 0.071928
26.329833984375, -0.052876
26.359619140625, -0.129145
26.3896484375, -0.08061
26.419677734375, -0.039009
26.44970703125, -0.025142
26.479736328125, 0.058061
26.509765625, -0.08061
26.539794921875, 0.189798
26.56982421875, 0.044194
26.599609375, 0.030326
26.629638671875, -0.032076
26.65966796875, -0.05981
26.689697265625, -0.045943
26.7197265625, -0.011275
26.749755859375, 0.099662
26.77978515625, 0.071928
26.809814453125, -0.087544
26.83984375, 0.051127
26.86962890625, -0.17768
26.899658203125, -0.115278
26.9296875, 0.03726
26.959716796875, 0.071928
26.98974609375, 0.030326
27.019775390625, 0.168998
27.0498046875, 0.03726
27.079833984375, -0.039009
27.109619140625, 0.051127
27.1396484375, 0.023393
27.169677734375, -0.032076
27.19970703125, -0.094478
27.229736328125, -0.17768
27.259765625, 0.078861
27.289794921875, 0.002592
27.31982421875, -0.073677
27.349609375, 0.064994
27.379638671875, -0.011275
27.40966796875, 0.058061
27.439697265625, -0.045943
27.4697265625, 0.030326
27.499755859375, -0.032076
27.52978515625, -0.004341
27.559814453125, 0.030326
27.58984375, 0.099662
27.61962890625, 0.002592
27.649658203125, 0.03726
27.6796875, -0.052876
27.709716796875, -0.052876
27.73974609375, 0.023393
27.769775390625, 0.085795
27.7998046875, -0.011275
27.829833984375, -0.129145
27.859619140625, 0.058061
27.8896484375, 0.030326
27.919677734375, 0.078861
27.94970703125, -0.032076
27.979736328125, -0.025142
28.009765625, -0.122212
28.039794921875, 0.120463
28.06982421875, -0.018208
28.099853515625, 0.030326
28.129638671875, -0.205414
28.15966796875, -0.045943
28.189697265625, -0.039009
28.2197265625, 0.009526
28.249755859375, 0.113529
28.27978515625, -0.191547
28.309814453125, 0.064994
28.33984375, 0.175931
28.36962890625, 0.016459
28.399658203125, -0.087544
28.4296875, 0.148197
28.459716796875, -0.101411
28.48974609375, -0.004341
28.519775390625, 0.002592
28.5498046875, -0.032076
28.579833984375, -0.032076
28.609619140625, 0.058061
28.6396484375, 0.058061
28.669677734375, 0.078861
28.69970703125, -0.045943
28.729736328125, -0.011275
28.759765625, -0.045943
28.789794921875, 0.009526
28.81982421875, -0.004341
28.849853515625, -0.094478
28.879638671875, 0.002592
28.90966796875, 0.064994
28.939697265625, 0.023393
28.9697265625, -0.045943
28.999755859375, 0.058061
29.02978515625, 0.071928
29.059814453125, 0.016459
29.08984375, -0.08061
29.11962890625, -0.198481
29.149658203125, 0.016459
29.1796875, 0.064994
29.209716796875, 0.002592
29.23974609375, -0.018208
29.269775390625, -0.087544
29.2998046875, 0.141263
29.329833984375, 0.13433
29.35986328125, 0.009526
29.3896484375, -0.045943
29.419677734375, 0.113529
29.44970703125, 0.03726
29.479736328125, 0.030326
29.509765625, -0.018208
29.539794921875, 0.009526
29.56982421875, 0.044194
29.599853515625, 0.078861
29.629638671875, 0.071928
29.65966796875, 0.009526
29.689697265625, 0.120463
29.7197265625, 0.085795
29.749755859375, 0.113529
29.77978515625, 0.071928
29.809814453125, -0.087544
29.83984375, -0.122212
29.869873046875, -0.115278
29.899658203125, 0.099662
29.9296875, -0.032076
29.959716796875, -0.05981
29.98974609375, 0.058061
30.019775390625, -0.039009
30.0498046875, 0.106596
30.079833984375, -0.073677
30.10986328125, 0.002592
30.1396484375, -0.045943
30.169677734375, 0.092728
30.19970703125, -0.136079
30.229736328125, 0.099662
30.259765625, -0.115278
30.289794921875, 0.058061
30.31982421875, 0.092728
30.349853515625, -0.011275
30.379638671875, 0.044194
30.40966796875, 0.023393
30.439697265625, -0.025142
30.4697265625, 0.064994
30.499755859375, -0.011275
30.52978515625, -0.08061
30.559814453125, 0.016459
30.58984375, -0.025142
30.619873046875, 0.009526
30.649658203125, -0.115278
30.6796875, 0.085795
30.709716796875, 0.016459
30.73974609375, 0.113529
30.769775390625, -0.108345
30.7998046875, -0.136079
30.829833984375, 0.023393
30.85986328125, -0.045943
30.8896484375, 0.064994
30.919677734375, -0.129145
30.94970703125, 0.03726
30.979736328125, -0.032076
31.009765625, 0.127396
31.039794921875, 0.023393
31.06982421875, 0.023393
31.099853515625, 0.023393
31.1298828125, -0.039009
31.15966796875, -0.101411
31.189697265625, -0.052876
31.2197265625, 0.030326
31.249755859375, -0.08061
31.27978515625, 0.113529
31.309814453125, 0.051127
31.33984375, -0.011275
31.369873046875, -0.004341
31.399658203125, -0.032076
31.4296875, 0.009526
31.459716796875, 0.113529
31.48974609375, 0.002592
31.519775390625, -0.05981
31.5498046875, 0.092728
31.579833984375, 0.002592
31.60986328125, -0.039009
31.6396484375, -0.025142
31.669677734375, -0.018208
31.69970703125, 0.071928
31.729736328125, 0.071928
31.759765625, -0.073677
31.789794921875, -0.052876
31.81982421875, -0.004341
31.849853515625, 0.044194
31.8798828125, -0.094478
31.90966796875, 0.071928
31.939697265625, 0.078861
31.9697265625, 0.120463
31.999755859375, 0.085795
32.02978515625, -0.011275
32.059814453125, 0.182865
32.08984375, -0.032076
32.119873046875, -0.115278
32.149658203125, -0.052876
32.1796875, 0.113529
32.209716796875, 0.058061
32.23974609375, 0.064994
32.269775390625, 0.078861
32.2998046875, -0.004341
32.329833984375, 0.078861
32.35986328125, -0.032076
32.389892578125, 0.002592
32.419677734375, -0.004341
32.44970703125, -0.032076
32.479736328125, 0.092728
32.509765625, -0.039009
32.539794921875, 0.196732
32.56982421875, -0.018208
32.599853515625, -0.066743
32.6298828125, -0.011275
32.65966796875, 0.078861
32.689697265625, 0.044194
32.7197265625, -0.032076
32.749755859375, -0.032076
32.77978515625, -0.004341
32.809814453125, 0.078861
32.83984375, 0.13433
32.869873046875, 0.051127
32.89990234375, 0.064994
32.9296875, -0.052876
32.959716796875, 0.016459
32.98974609375, 0.016459
33.019775390625, 0.085795
33.0498046875, 0.03726
33.079833984375, 0.03726
33.10986328125, 0.023393
33.139892578125, -0.08061
33.169677734375, -0.08061
33.19970703125, -0.052876
33.229736328125, 0.030326
33.259765625, -0.004341
33.289794921875, 0.016459
33.31982421875, -0.018208
33.349853515625, -0.004341
33.3798828125, 0.016459
33.40966796875, 0.023393
33.439697265625, 0.023393
33.4697265625, 0.009526
33.499755859375, -0.101411
33.52978515625, 0.044194
33.559814453125, -0.039009
33.58984375, 0.085795
33.619873046875, 0.210599
33.64990234375, 0.023393
33.6796875, -0.039009
33.709716796875, -0.004341
33.73974609375, -0.032076
33.769775390625, -0.066743
33.7998046875, 0.002592
33.829833984375, -0.05981
33.85986328125, -0.025142
33.889892578125, 0.009526
33.919677734375, -0.087544
33.94970703125, -0.066743
33.979736328125, -0.004341
34.009765625, 0.085795
34.039794921875, 0.023393
34.06982421875, -0.108345
34.099853515625, 0.064994
34.1298828125, -0.025142
34.159912109375, 0.023393
34.189697265625, -0.066743
34.2197265625, 0.078861
34.249755859375, 0.016459
34.27978515625, -0.004341
34.309814453125, -0.073677
34.33984375, -0.032076
34.369873046875, -0.087544
34.39990234375, -0.052876
34.4296875, -0.011275
34.459716796875, 0.023393
34.48974609375, 0.058061
34.519775390625, -0.122212
34.5498046875, 0.078861
34.579833984375, -0.087544
34.60986328125, 0.030326
34.639892578125, -0.045943
34.669921875, -0.032076
34.69970703125, 0.030326
34.729736328125, 0.009526
34.759765625, -0.066743
34.789794921875, 0.044194
34.81982421875, 0.058061
34.849853515625, -0.052876
34.8798828125, 0.009526
34.909912109375, 0.099662
34.939697265625, -0.15688
34.9697265625, 0.092728
34.999755859375, -0.073677
35.02978515625, 0.03726
35.059814453125, -0.17768
35.08984375, -0.115278
35.119873046875, -0.025142
35.14990234375, 0.127396
35.1796875, -0.122212
35.209716796875, -0.066743
35.23974609375, 0.016459
35.269775390625, 0.071928
35.2998046875, -0.032076
35.329833984375, -0.087544
35.35986328125, 0.051127
35.389892578125, 0.085795
35.419921875, 0.127396
35.44970703125, 0.03726
35.479736328125, -0.025142
35.509765625, 0.03726
35.539794921875, -0.094478
35.56982421875, 0.023393
35.599853515625, -0.073677
35.6298828125, -0.004341
35.659912109375, -0.094478
35.689697265625, 0.120463
35.7197265625, 0.099662
35.749755859375, 0.002592
35.77978515625, 0.217532
35.809814453125, 0.051127
35.83984375, 0.141263
35.869873046875, 0.127396
35.89990234375, -0.025142
35.929931640625, 0.127396
35.959716796875, -0.087544
35.98974609375, 0.051127
36.019775390625, -0.073677
36.0498046875, -0.004341
36.079833984375, 0.099662
36.10986328125, -0.011275
36.139892578125, -0.101411
36.169921875, -0.004341
36.19970703125, 0.051127
36.229736328125, 0.196732
36.259765625, -0.240082
36.289794921875, -0.163813
36.31982421875, -0.032076
36.349853515625, -0.066743
36.3798828125, -0.039009
36.409912109375, -0.032076
36.439697265625, 0.141263
36.4697265625, -0.08061
36.499755859375, -0.039009
36.52978515625, -0.087544
36.559814453125, 0.002592
36.58984375, 0.016459
36.619873046875, -0.05981
36.64990234375, 0.064994
36.679931640625, -0.018208
36.709716796875, -0.039009
36.73974609375, -0.129145
36.769775390625, 0.078861
36.7998046875, -0.011275
36.829833984375, 0.058061
36.85986328125, 0.099662
36.889892578125, -0.184614
36.919921875, 0.044194
36.94970703125, -0.045943
36.979736328125, 0.071928
37.009765625, -0.122212
37.039794921875, 0.120463
37.06982421875, -0.039009
37.099853515625, -0.025142
37.1298828125, 0.099662
37.159912109375, -0.122212
37.18994140625, -0.108345
37.2197265625, -0.08061
37.249755859375, -0.115278
37.27978515625, -0.032076
37.309814453125, -0.066743
37.33984375, -0.032076
37.369873046875, -0.052876
37.39990234375, 0.030326
37.429931640625, -0.05981
37.459716796875, -0.018208
37.48974609375, 0.044194
37.519775390625, 0.078861
37.5498046875, -0.018208
37.579833984375, 0.064994
37.60986328125, 0.016459
37.639892578125, 0.058061
37.669921875, -0.025142
37.699951171875, 0.03726
37.729736328125, -0.025142
37.759765625, 0.044194
37.789794921875, 0.071928
37.81982421875, -0.136079
37.849853515625, -0.094478
37.8798828125, -0.004341
37.909912109375, -0.039009
37.93994140625, -0.066743
37.9697265625, -0.004341
37.999755859375, -0.018208
38.02978515625, -0.122212
38.059814453125, -0.039009
38.08984375, 0.078861
38.119873046875, -0.018208
38.14990234375, -0.039009
38.179931640625, 0.078861
38.209716796875, -0.05981
38.23974609375, 0.058061
38.269775390625, 0.044194
38.2998046875, 0.058061
38.329833984375, 0.051127
38.35986328125, 0.016459
38.389892578125, -0.011275
38.419921875, -0.05981
38.449951171875, -0.066743
38.479736328125, 0.085795
38.509765625, -0.039009
38.539794921875, 0.030326
38.56982421875, 0.099662
38.599853515625, -0.094478
38.6298828125, 0.030326
38.659912109375, 0.044194
38.68994140625, 0.058061
38.7197265625, -0.011275
38.749755859375, 0.058061
38.77978515625, -0.087544
38.809814453125, -0.066743
38.83984375, 0.002592
38.869873046875, -0.018208
38.89990234375, 0.071928
38.929931640625, -0.163813
38.9599609375, -0.122212
38.98974609375, -0.032076
39.019775390625, 0.03726
39.0498046875, -0.039009
39.079833984375, 0.051127
39.10986328125, 0.002592
39.139892578125, -0.052876
39.169921875, -0.032076
39.199951171875, -0.122212
39.229736328125, -0.143012
39.259765625, 0.016459
39.289794921875, 0.058061
39.31982421875, 0.016459
39.349853515625, 0.085795
39.3798828125, -0.018208
39.409912109375, -0.039009
39.43994140625, 0.051127
39.469970703125, -0.122212
39.499755859375, -0.039009
39.52978515625, -0.198481
39.559814453125, 0.044194
39.58984375, 0.030326
39.619873046875, 0.071928
39.64990234375, 0.016459
39.679931640625, -0.101411
39.7099609375, 0.051127
39.73974609375, 0.127396
39.769775390625, 0.092728
39.7998046875, 0.071928
39.829833984375, -0.018208
39.85986328125, 0.092728
39.889892578125, 0.120463
39.919921875, 0.064994
39.949951171875, -0.087544
39.979736328125, 0.058061
40.009765625, 0.044194
40.039794921875, -0.101411
40.06982421875, 0.113529
40.099853515625, 0.182865
40.1298828125, -0.004341
40.159912109375, -0.032076
40.18994140625, -0.08061
40.219970703125, 0.092728
40.249755859375, 0.023393
40.27978515625, 0.120463
40.309814453125, -0.052876
40.33984375, -0.08061
40.369873046875, -0.045943
40.39990234375, 0.030326
40.429931640625, 0.085795
40.4599609375, 0.058061
40.48974609375, 0.051127
40.519775390625, -0.018208
40.5498046875, -0.184614
40.579833984375, -0.018208
40.60986328125, -0.052876
40.639892578125, 0.051127
40.669921875, -0.094478
40.699951171875, -0.039009
40.72998046875, 0.044194
40.759765625, 0.044194
40.789794921875, -0.025142
40.81982421875, -0.039009
40.849853515625, -0.018208
40.8798828125, -0.115278
40.909912109375, 0.189798
40.93994140625, 0.203665
40.969970703125, 0.016459
40.999755859375, 0.016459
41.02978515625, -0.011275
41.059814453125, -0.011275
41.08984375, 0.03726
41.119873046875, 0.092728
41.14990234375, -0.032076
41.179931640625, 0.175931
41.2099609375, 0.120463
41.23974609375, 0.009526
41.269775390625, 0.002592
41.2998046875, 0.106596
41.329833984375, 0.064994
41.35986328125, -0.05981
41.389892578125, 0.002592
41.419921875, 0.127396
41.449951171875, -0.039009
41.47998046875, -0.05981
41.509765625, -0.004341
41.539794921875, -0.149946
41.56982421875, 0.120463
41.599853515625, 0.106596
41.6298828125, 0.120463
41.659912109375, 0.071928
41.68994140625, -0.004341
41.719970703125, 0.009526
41.749755859375, -0.08061
41.77978515625, -0.039009
41.809814453125, -0.018208
41.83984375, 0.009526
41.869873046875, 0.023393
41.89990234375, 0.064994
41.929931640625, -0.066743
41.9599609375, -0.025142
41.989990234375, -0.039009
42.019775390625, -0.004341
42.0498046875, -0.052876
42.079833984375, 0.058061
42.10986328125, -0.066743
42.139892578125, 0.002592
42.169921875, 0.03726
42.199951171875, -0.052876
42.22998046875, 0.023393
42.259765625, -0.122212
42.289794921875, -0.045943
42.31982421875, -0.122212
42.349853515625, 0.071928
42.3798828125, 0.009526
42.409912109375, 0.141263
42.43994140625, 0.120463
42.469970703125, 0.03726
42.5, 0.044194
42.52978515625, 0.030326
42.559814453125, -0.025142
42.58984375, -0.039009
42.619873046875, -0.066743
42.64990234375, 0.058061
42.679931640625, 0.030326
42.7099609375, 0.03726
42.739990234375, -0.087544
42.769775390625, 0.03726
42.7998046875, -0.045943
42.829833984375, -0.011275
42.85986328125, 0.030326
42.889892578125, -0.004341
42.919921875, 0.113529
42.949951171875, -0.052876
42.97998046875, 0.078861
43.009765625, -0.129145
43.039794921875, -0.039009
43.06982421875, -0.094478
43.099853515625, 0.078861
43.1298828125, 0.078861
43.159912109375, -0.136079
43.18994140625, -0.032076
43.219970703125, 0.009526
43.25, -0.011275
43.27978515625, 0.064994
43.309814453125, -0.115278
43.33984375, 0.030326
43.369873046875, 0.064994
43.39990234375, -0.073677
43.429931640625, 0.141263
43.4599609375, -0.018208
43.489990234375, 0.030326
43.519775390625, -0.032076
43.5498046875, -0.045943
43.579833984375, -0.052876
43.60986328125, 0.002592
43.639892578125, -0.094478
43.669921875, -0.108345
43.699951171875, 0.030326
43.72998046875, -0.004341
43.760009765625, 0.030326
43.789794921875, -0.011275
43.81982421875, -0.101411
43.849853515625, -0.073677
43.8798828125, -0.115278
43.909912109375, 0.002592
43.93994140625, 0.016459
43.969970703125, -0.052876
44.0, 0.03726
44.02978515625, -0.004341
44.059814453125, 0.175931
44.08984375, 0.044194
44.119873046875, -0.129145
44.14990234375, 0.044194
44.179931640625, -0.066743
44.2099609375, -0.004341
44.239990234375, 0.058061
44.269775390625, -0.039009
44.2998046875, -0.004341
44.329833984375, 0.044194
44.35986328125, -0.094478
44.389892578125, -0.025142
44.419921875, 0.016459
44.449951171875, 0.099662
44.47998046875, -0.05981
44.510009765625, 0.051127
44.539794921875, 0.023393
44.56982421875, -0.025142
44.599853515625, 0.03726
44.6298828125, -0.052876
44.659912109375, 0.002592
44.68994140625, -0.08061
44.719970703125, 0.03726
44.75, 0.092728
44.77978515625, -0.039009
44.809814453125, -0.032076
44.83984375, -0.05981
44.869873046875, 0.002592
44.89990234375, 0.044194
44.929931640625, -0.025142
44.9599609375, -0.018208
44.989990234375, 0.051127
45.02001953125, -0.087544
45.0498046875, 0.03726
45.079833984375, 0.113529
45.10986328125, 0.03726
45.139892578125, 0.058061
45.169921875, 0.051127
45.199951171875, 0.162064
45.22998046875, -0.039009
45.260009765625, 0.13433
45.289794921875, -0.045943
45.31982421875, 0.15513
45.349853515625, 0.002592
45.3798828125, -0.05981
45.409912109375, -0.018208
45.43994140625, -0.122212
45.469970703125, 0.051127
45.5, -0.032076
45.530029296875, 0.064994
45.559814453125, 0.002592
45.58984375, 0.058061
45.619873046875, 0.085795
45.64990234375, -0.08061
45.679931640625, -0.08061
45.7099609375, 0.023393
45.739990234375, -0.011275
45.77001953125, 0.03726
45.7998046875, -0.025142
45.829833984375, -0.05981
45.85986328125, -0.004341
45.889892578125, 0.009526
45.919921875, 0.030326
45.949951171875, -0.045943
45.97998046875, 0.13433
46.010009765625, -0.039009
46.039794921875, -0.129145
46.06982421875, 0.009526
46.099853515625, 0.044194
46.1298828125, -0.039009
46.159912109375, 0.016459
46.18994140625, 0.009526
46.219970703125, -0.115278
46.25, 0.030326
46.280029296875, 0.051127
46.309814453125, -0.032076
46.33984375, -0.073677
46.369873046875, 0.058061
46.39990234375, 0.064994
46.429931640625, 0.071928
46.4599609375, 0.085795
46.489990234375, -0.05981
46.52001953125, 0.051127
46.5498046875, -0.018208
46.579833984375, 0.044194
46.60986328125, 0.030326
46.639892578125, 0.113529
46.669921875, 0.016459
46.699951171875, 0.058061
46.72998046875, 0.064994
46.760009765625, 0.03726
46.7900390625, 0.03726
46.81982421875, 0.127396
46.849853515625, 0.023393
46.8798828125, 0.002592
46.909912109375, -0.143012
46.93994140625, 0.106596
46.969970703125, -0.05981
47.0, -0.136079
47.030029296875, -0.004341
47.059814453125, 0.078861
47.08984375, 0.058061
47.119873046875, 0.030326
47.14990234375, 0.009526
47.179931640625, -0.018208
47.2099609375, -0.15688
47.239990234375, -0.101411
47.27001953125, -0.025142
47.300048828125, 0.03726
47.329833984375, -0.087544
47.35986328125, 0.15513
47.389892578125, -0.032076
47.419921875, -0.004341
47.449951171875, -0.039009
47.47998046875, 0.051127
47.510009765625, 0.030326
47.5400390625, 0.044194
47.56982421875, -0.018208
47.599853515625, -0.052876
47.6298828125, -0.045943
47.659912109375, -0.052876
47.68994140625, -0.149946
47.719970703125, 0.099662
47.75, 0.071928
47.780029296875, 0.016459
47.809814453125, 0.044194
47.83984375, 0.030326
47.869873046875, 0.030326
47.89990234375, 0.03726
47.929931640625, 0.113529
47.9599609375, 0.002592
47.989990234375, 0.15513
48.02001953125, 0.051127
48.050048828125, 0.030326
48.079833984375, -0.087544
48.10986328125, -0.025142
48.139892578125, -0.052876
48.169921875, 0.016459
48.199951171875, -0.004341
48.22998046875, 0.009526
48.260009765625, -0.052876
48.2900390625, -0.143012
48.31982421875, 0.03726
48.349853515625, -0.004341
48.3798828125, 0.009526
48.409912109375, 0.044194
48.43994140625, -0.004341
48.469970703125, -0.011275
48.5, 0.03726
48.530029296875, 0.002592
48.56005859375, -0.05981
48.58984375, 0.058061
48.619873046875, 0.009526
48.64990234375, -0.011275
48.679931640625, 0.002592
48.7099609375, -0.08061
48.739990234375, -0.066743
48.77001953125, 0.030326
48.800048828125, -0.011275
48.829833984375, -0.039009
48.85986328125, 0.030326
48.889892578125, -0.045943
48.919921875, 0.002592
48.949951171875, -0.004341
48.97998046875, -0.143012
49.010009765625, 0.030326
49.0400390625, 0.217532
49.06982421875, 0.044194
49.099853515625, 0.071928
49.1298828125, 0.15513
49.159912109375, -0.018208
49.18994140625, 0.016459
49.219970703125, 0.016459
49.25, -0.045943
49.280029296875, 0.148197
49.31005859375, -0.018208
49.33984375, 0.03726
49.369873046875, -0.073677
49.39990234375, -0.018208
49.429931640625, -0.018208
49.4599609375, 0.002592
49.489990234375, 0.092728
49.52001953125, 0.092728
49.550048828125, 0.016459
49.579833984375, 0.175931
49.60986328125, -0.108345
49.639892578125, -0.101411
49.669921875, 0.044194
49.699951171875, -0.05981
49.72998046875, -0.052876
49.760009765625, -0.004341
49.7900390625, 0.127396
49.820068359375, -0.039009
49.849853515625, -0.115278
49.8798828125, -0.011275
49.909912109375, 0.03726
49.93994140625, 0.099662
49.969970703125, 0.044194
50.0, 0.002592
50.030029296875, 0.064994
50.06005859375, 0.002592
50.08984375, 0.321536
50.119873046875, 0.175931
50.14990234375, 0.418606
50.179931640625, 0.765284
50.2099609375, 0.799951
50.239990234375, 0.987157
50.27001953125, 1.132762
50.300048828125, 1.125828
50.330078125, 1.375437
50.35986328125, 1.430905
50.389892578125, 1.604244
50.419921875, 1.729048
50.449951171875, 1.826118
50.47998046875, 1.902387
50.510009765625, 2.124261
50.5400390625, 2.172796
50.570068359375, 2.228264
50.599853515625, 2.290666
50.6298828125, 2.450138
50.659912109375, 2.741347
50.68994140625, 2.720547
50.719970703125, 2.720547
50.75, 2.734414
50.780029296875, 2.956288
50.81005859375, 3.157361
50.83984375, 3.094959
50.869873046875, 3.171228
50.89990234375, 3.261364
50.929931640625, 3.316833
50.9599609375, 3.344567
50.989990234375, 3.3515
51.02001953125, 3.462437
51.050048828125, 3.559507
51.080078125, 3.718979
51.10986328125, 3.587241
51.139892578125, 3.767514
51.169921875, 3.73978
51.199951171875, 3.878451
51.22998046875, 3.968587
51.260009765625, 3.885384
51.2900390625, 3.968587
51.320068359375, 3.913119
51.349853515625, 3.95472
51.3798828125, 4.037923
51.409912109375, 4.134992
51.43994140625, 4.079524
51.469970703125, 4.190461
51.5, 4.148859
51.530029296875, 4.141926
51.56005859375, 4.238996
51.590087890625, 4.238996
51.619873046875, 4.315265
51.64990234375, 4.197394
51.679931640625, 4.488604
51.7099609375, 4.252863
51.739990234375, 4.530205
51.77001953125, 4.329132
51.800048828125, 4.3638
51.830078125, 4.48167
51.85986328125, 4.502471
51.889892578125, 4.259796
51.919921875, 4.453936
51.949951171875, 4.447002
51.97998046875, 4.398468
52.010009765625, 4.488604
52.0400390625, 4.585674
52.070068359375, 4.57874
52.099853515625, 4.557939
52.1298828125, 4.440069
52.159912109375, 4.336065
52.18994140625, 4.530205
52.219970703125, 4.301398
52.25, 4.516338
52.280029296875, 4.620341
52.31005859375, 4.447002
52.340087890625, 4.516338
52.369873046875, 4.523272
52.39990234375, 4.349933
52.429931640625, 4.405401
52.4599609375, 4.336065
52.489990234375, 4.3638
52.52001953125, 4.405401
52.550048828125, 4.405401
52.580078125, 4.370733
52.60986328125, 4.440069
52.639892578125, 4.26673
52.669921875, 4.488604
52.699951171875, 4.488604
52.72998046875, 4.356866
52.760009765625, 4.440069
52.7900390625, 4.426202
52.820068359375, 4.502471
52.85009765625, 4.218195
52.8798828125, 4.3638
52.909912109375, 4.356866
52.93994140625, 4.204328
52.969970703125, 4.342999
53.0, 4.176594
53.030029296875, 4.134992
53.06005859375, 4.114192
53.090087890625, 4.100325
53.119873046875, 4.003255
53.14990234375, 3.940853
53.179931640625, 4.030989
53.2099609375, 3.989388
53.239990234375, 3.864584
53.27001953125, 3.899251
53.300048828125, 4.07259
53.330078125, 3.926986
53.360107421875, 4.128059
53.389892578125, 4.065657
53.419921875, 4.294464
53.449951171875, 4.232062
53.47998046875, 4.155793
53.510009765625, 4.287531
53.5400390625, 4.342999
53.570068359375, 4.280597
53.60009765625, 4.349933
53.6298828125, 4.336065
53.659912109375, 4.294464
53.68994140625, 4.225129
53.719970703125, 4.398468
53.75, 4.48167
53.780029296875, 4.571806
53.81005859375, 4.585674
53.840087890625, 4.564873
53.869873046875, 4.731278
53.89990234375, 4.537139
53.929931640625, 4.592607
53.9599609375, 4.585674
53.989990234375, 4.564873
54.02001953125, 4.641142
54.050048828125, 4.738212
54.080078125, 4.585674
54.110107421875, 4.516338
54.139892578125, 4.800614
54.169921875, 4.807547
54.199951171875, 4.627275
54.22998046875, 4.738212
54.260009765625, 4.835282
54.2900390625, 4.842215
54.320068359375, 4.98782
54.35009765625, 4.765946
54.3798828125, 4.897684
54.409912109375, 4.925418
54.43994140625, 5.077956
54.469970703125, 4.946219
54.5, 4.946219
54.530029296875, 4.835282
54.56005859375, 4.932351
54.590087890625, 4.967019
54.6201171875, 4.904617
54.64990234375, 4.953152
54.679931640625, 4.925418
54.7099609375, 4.932351
54.739990234375, 4.807547
54.77001953125, 5.008621
54.800048828125, 4.925418
54.830078125, 4.946219
54.860107421875, 5.057155
54.889892578125, 4.98782
54.919921875, 5.022488
54.949951171875, 5.133425
54.97998046875, 4.994753
55.010009765625, 4.960086
55.0400390625, 4.939285
55.070068359375, 5.015554
55.10009765625, 4.960086
55.130126953125, 5.050222
55.159912109375, 5.077956
55.18994140625, 4.980886
55.219970703125, 4.973953
55.25, 5.008621
55.280029296875, 5.140358
55.31005859375, 5.112624
55.340087890625, 5.077956
55.3701171875, 4.973953
55.39990234375, 5.015554
55.429931640625, 5.08489
55.4599609375, 5.10569
55.489990234375, 5.071023
55.52001953125, 4.994753
55.550048828125, 5.175026
55.580078125, 5.008621
55.610107421875, 5.112624
55.639892578125, 5.098757
55.669921875, 4.994753
55.699951171875, 5.147292
55.72998046875, 5.043288
55.760009765625, 5.029421
55.7900390625, 4.98782
55.820068359375, 5.050222
55.85009765625, 5.10569
55.880126953125, 5.064089
55.909912109375, 4.911551
55.93994140625, 5.015554
55.969970703125, 4.973953
56.0, 4.918484
56.030029296875, 4.863016
56.06005859375, 4.925418
56.090087890625, 4.89075
56.1201171875, 5.008621
56.14990234375, 4.994753
56.179931640625, 4.904617
56.2099609375, 4.980886
56.239990234375, 4.89075
56.27001953125, 4.842215
56.300048828125, 4.807547
56.330078125, 5.098757
56.360107421875, 4.994753
56.39013671875, 5.022488
56.419921875, 4.967019
56.449951171875, 4.980886
56.47998046875, 5.10569
56.510009765625, 4.953152
56.5400390625, 4.897684
56.570068359375, 4.946219
56.60009765625, 4.967019
56.630126953125, 4.994753
56.659912109375, 4.98782
56.68994140625, 4.932351
56.719970703125, 5.050222
56.75, 5.015554
56.780029296875, 5.036355
56.81005859375, 4.932351
56.840087890625, 4.932351
56.8701171875, 4.835282
56.89990234375, 4.953152
56.929931640625, 4.883817
56.9599609375, 4.911551
56.989990234375, 4.897684
57.02001953125, 4.89075
57.050048828125, 4.883817
57.080078125, 5.029421
57.110107421875, 4.849149
57.14013671875, 4.98782
57.169921875, 5.133425
57.199951171875, 5.015554
57.22998046875, 4.856082
57.260009765625, 4.925418
57.2900390625, 4.939285
57.320068359375, 4.932351
57.35009765625, 4.717411
57.380126953125, 4.807547
57.409912109375, 4.904617
57.43994140625, 5.126491
57.469970703125, 4.960086
57.5, 4.821415
57.530029296875, 4.89075
57.56005859375, 4.911551
57.590087890625, 4.800614
57.6201171875, 4.821415
57.650146484375, 5.098757
57.679931640625, 4.828348
57.7099609375, 5.008621
57.739990234375, 4.835282
57.77001953125, 4.98782
57.800048828125, 4.953152
57.830078125, 4.904617
57.860107421875, 4.717411
57.89013671875, 4.724345
57.919921875, 4.849149
57.949951171875, 4.89075
57.97998046875, 4.69661
58.010009765625, 4.689677
58.0400390625, 4.883817
58.070068359375, 4.765946
58.10009765625, 4.828348
58.130126953125, 4.89075
58.16015625, 4.856082
58.18994140625, 4.79368
58.219970703125, 4.77288
58.25, 4.724345
58.280029296875, 4.842215
58.31005859375, 4.689677
58.340087890625, 4.703544
58.3701171875, 4.599541
58.400146484375, 4.745145
58.429931640625, 4.77288
58.4599609375, 4.911551
58.489990234375, 4.69661
58.52001953125, 4.765946
58.550048828125, 4.745145
58.580078125, 4.668876
58.610107421875, 4.79368
58.64013671875, 4.69661
58.669921875, 4.800614
58.699951171875, 4.779813
58.72998046875, 4.79368
58.760009765625, 4.57874
58.7900390625, 4.613408
58.820068359375, 4.67581
58.85009765625, 4.627275
58.880126953125, 4.620341
58.91015625, 4.800614
58.93994140625, 4.655009
58.969970703125, 4.69661
59.0, 4.724345
59.030029296875, 4.627275
59.06005859375, 4.599541
59.090087890625, 4.509404
59.1201171875, 4.592607
59.150146484375, 4.564873
59.179931640625, 4.488604
59.2099609375, 4.571806
59.239990234375, 4.474737
59.27001953125, 4.495537
59.300048828125, 4.509404
59.330078125, 4.571806
59.360107421875, 4.620341
59.39013671875, 4.537139
59.420166015625, 4.599541
59.449951171875, 4.571806
59.47998046875, 4.3846
59.510009765625, 4.571806
59.5400390625, 4.634208
59.570068359375, 4.627275
59.60009765625, 4.433135
59.630126953125, 4.592607
59.66015625, 4.557939
59.68994140625, 4.551006
59.719970703125, 4.557939
59.75, 4.488604
59.780029296875, 4.391534
59.81005859375, 4.613408
59.840087890625, 4.516338
59.8701171875, 4.426202
59.900146484375, 4.509404
59.929931640625, 4.467803
59.9599609375, 4.516338
59.989990234375, 4.467803
60.02001953125, 4.48167
60.050048828125, 4.426202
60.080078125, 4.467803
60.110107421875, 4.509404
60.14013671875, 4.585674
60.170166015625, 4.447002
60.199951171875, 4.453936
60.22998046875, 4.391534
60.260009765625, 4.308331
60.2900390625, 4.273663
60.320068359375, 4.030989
60.35009765625, 3.982454
60.380126953125, 4.037923
60.41015625, 3.920052
60.43994140625, 3.878451
60.469970703125, 3.933919
60.5, 3.947786
60.530029296875, 3.746713
60.56005859375, 3.920052
60.590087890625, 3.76058
60.6201171875, 3.670444
60.650146484375, 3.531773
60.68017578125, 3.552574
60.7099609375, 3.594175
60.739990234375, 3.504039
60.77001953125, 3.344567
60.800048828125, 3.226696
60.830078125, 3.143494
60.860107421875, 3.157361
60.89013671875, 3.067225
60.920166015625, 2.949354
60.949951171875, 2.977088
60.97998046875, 2.928553
61.010009765625, 2.672012
61.0400390625, 2.838417
61.070068359375, 2.568008
61.10009765625, 2.665078
61.130126953125, 2.505606
61.16015625, 2.568008
61.190185546875, 2.387736
61.219970703125, 2.519474
61.25, 2.429337
61.280029296875, 2.491739
61.31005859375, 2.339201
61.340087890625, 2.325334
61.3701171875, 2.41547
61.400146484375, 2.339201
61.43017578125, 2.20053
61.4599609375, 2.151995
61.489990234375, 1.999457
61.52001953125, 2.089593
61.550048828125, 1.978656
61.580078125, 1.742915
61.610107421875, 1.749849
61.64013671875, 1.562643
61.670166015625, 1.514108
61.699951171875, 1.500241
61.72998046875, 1.229832
61.760009765625, 0.87622
61.7900390625, 0.834619
61.820068359375, -0.122212
61.85009765625, -0.025142
61.880126953125, 0.099662
61.91015625, 0.016459
61.940185546875, -0.136079
61.969970703125, 0.051127
62.0, 0.092728
62.030029296875, -0.066743
62.06005859375, 0.189798
62.090087890625, -0.018208
62.1201171875, 0.113529
62.150146484375, -0.087544
62.18017578125, 0.016459
62.2099609375, -0.011275
62.239990234375, -0.129145
62.27001953125, -0.011275
62.300048828125, -0.018208
62.330078125, -0.032076
62.360107421875, 0.217532
62.39013671875, -0.004341
62.420166015625, 0.044194
62.4501953125, 0.092728
62.47998046875, 0.016459
62.510009765625, 0.016459
62.5400390625, -0.149946
62.570068359375, 0.092728
62.60009765625, 0.085795
62.630126953125, 0.016459
62.66015625, 0.023393
62.690185546875, 0.092728
62.719970703125, 0.016459
62.75, -0.122212
62.780029296875, 0.113529
62.81005859375, -0.004341
62.840087890625, 0.085795
62.8701171875, -0.094478
62.900146484375, 0.106596
62.93017578125, -0.143012
62.960205078125, 0.092728
62.989990234375, -0.05981
63.02001953125, 0.099662
63.050048828125, 0.016459
63.080078125, 0.044194
63.110107421875, 0.023393
63.14013671875, 0.002592
63.170166015625, 0.016459
63.2001953125, 0.030326
63.22998046875, 0.023393
63.260009765625, -0.08061
63.2900390625, 0.002592
63.320068359375, -0.08061
63.35009765625, 0.078861
63.380126953125, 0.009526
63.41015625, 0.071928
63.440185546875, -0.073677
63.469970703125, 0.044194
63.5, -0.066743
63.530029296875, 0.009526
63.56005859375, 0.002592
63.590087890625, 0.120463
63.6201171875, -0.045943
63.650146484375, 0.064994
63.68017578125, 0.092728
63.710205078125, -0.08061
63.739990234375, -0.052876
63.77001953125, 0.023393
63.800048828125, 0.03726
63.830078125, 0.016459
63.860107421875, 0.002592
63.89013671875, -0.052876
63.920166015625, 0.002592
63.9501953125, 0.085795
63.97998046875, 0.030326
64.010009765625, 0.099662
64.0400390625, 0.058061
64.070068359375, -0.066743
64.10009765625, -0.011275
64.130126953125, 0.051127
64.16015625, -0.149946
64.190185546875, -0.039009
64.22021484375, 0.064994
64.25, -0.066743
64.280029296875, 0.071928
64.31005859375, -0.032076
64.340087890625, -0.08061
64.3701171875, 0.009526
64.400146484375, 0.078861
64.43017578125, 0.023393
64.460205078125, -0.045943
64.489990234375, -0.094478
64.52001953125, -0.011275
64.550048828125, -0.115278
64.580078125, -0.032076
64.610107421875, 0.023393
64.64013671875, -0.011275
64.670166015625, 0.023393
64.7001953125, 0.016459
64.72998046875, 0.002592
64.760009765625, -0.032076
64.7900390625, 0.099662
64.820068359375, -0.108345
64.85009765625, 0.064994
64.880126953125, -0.129145
64.91015625, 0.13433
64.940185546875, 0.092728
64.97021484375, -0.052876
65.0, -0.073677
65.030029296875, 0.023393
65.06005859375, 0.002592
65.090087890625, -0.004341
65.1201171875, 0.009526
65.150146484375, -0.011275
65.18017578125, -0.032076
65.210205078125, 0.058061
65.239990234375, -0.039009
65.27001953125, -0.018208
65.300048828125, 0.141263
65.330078125, -0.025142
65.360107421875, 0.064994
65.39013671875, -0.066743
65.420166015625, -0.066743
65.4501953125, 0.016459
65.480224609375, -0.115278
65.510009765625, 0.106596
65.5400390625, -0.094478
65.570068359375, 0.085795
65.60009765625, 0.009526
65.630126953125, -0.032076
65.66015625, -0.018208
65.690185546875, -0.087544
65.72021484375, -0.149946
65.75, -0.004341
65.780029296875, -0.05981
65.81005859375, -0.17768
65.840087890625, 0.009526
65.8701171875, -0.004341
65.900146484375, 0.030326
65.93017578125, 0.141263
65.960205078125, -0.018208
65.990234375, 0.064994
66.02001953125, -0.004341
66.050048828125, -0.025142
66.080078125, -0.170747
66.110107421875, -0.032076
66.14013671875, -0.032076
66.170166015625, 0.148197
66.2001953125, 0.058061
66.230224609375, 0.051127
66.260009765625, 0.148197
66.2900390625, 0.13433
66.320068359375, -0.032076
66.35009765625, 0.016459
66.380126953125, 0.127396
66.41015625, -0.039009
66.440185546875, 0.009526
66.47021484375, 0.016459
66.5, -0.073677
66.530029296875, 0.023393
66.56005859375, -0.004341
66.590087890625, 0.058061
66.6201171875, 0.058061
66.650146484375, 0.044194
66.68017578125, 0.092728
66.710205078125, 0.009526
66.740234375, -0.101411
66.77001953125, -0.094478
66.800048828125, -0.052876
66.830078125, -0.011275
66.860107421875, 0.106596
66.89013671875, 0.092728
66.920166015625, -0.025142
66.9501953125, 0.058061
66.980224609375, 0.217532
67.010009765625, -0.045943
67.0400390625, 0.085795
67.070068359375, 0.099662
67.10009765625, 0.023393
67.130126953125, 0.016459
67.16015625, 0.002592
67.190185546875, -0.018208
67.22021484375, 0.03726
67.250244140625, 0.016459
67.280029296875, -0.018208
67.31005859375, 0.078861
67.340087890625, -0.05981
67.3701171875, -0.066743
67.400146484375, -0.011275
67.43017578125, 0.078861
67.460205078125, 0.148197
67.490234375, 0.030326
67.52001953125, -0.129145
67.550048828125, 0.016459
67.580078125, 0.016459
67.610107421875, -0.136079
67.64013671875, 0.023393
67.670166015625, -0.052876
67.7001953125, -0.08061
67.730224609375, 0.03726
67.760009765625, -0.136079
67.7900390625, 0.009526
67.820068359375, 0.064994
67.85009765625, -0.163813
67.880126953125, -0.052876
67.91015625, 0.058061
67.940185546875, 0.030326
67.97021484375, 0.15513
68.000244140625, 0.141263
68.030029296875, -0.184614
68.06005859375, -0.025142
68.090087890625, -0.066743
68.1201171875, 0.016459
68.150146484375, -0.087544
68.18017578125, -0.045943
68.210205078125, 0.085795
68.240234375, 0.009526
68.27001953125, -0.032076
68.300048828125, 0.058061
68.330078125, 0.009526
68.360107421875, 0.044194
68.39013671875, 0.009526
68.420166015625, -0.108345
68.4501953125, -0.004341
68.480224609375, -0.143012
68.51025390625, -0.101411
68.5400390625, -0.066743
68.570068359375, -0.170747
68.60009765625, 0.092728
68.630126953125, -0.032076
68.66015625, -0.004341
68.690185546875, 0.092728
68.72021484375, 0.058061
68.750244140625, 0.023393
68.780029296875, -0.045943
68.81005859375, -0.018208
68.840087890625, 0.009526
68.8701171875, -0.045943
68.900146484375, -0.025142
68.93017578125, -0.129145
68.960205078125, -0.05981
68.990234375, 0.078861
69.020263671875, 0.009526
69.050048828125, 0.044194
69.080078125, -0.101411
69.110107421875, -0.15688
69.14013671875, -0.025142
69.170166015625, -0.052876
69.2001953125, 0.030326
69.230224609375, 0.023393
69.26025390625, -0.052876
69.2900390625, 0.051127
69.320068359375, 0.009526
69.35009765625, -0.039009
69.380126953125, 0.03726
69.41015625, 0.141263
69.440185546875, -0.011275
69.47021484375, 0.030326
69.500244140625, 0.162064
69.530029296875, 0.058061
69.56005859375, -0.066743
69.590087890625, 0.009526
69.6201171875, 0.016459
69.650146484375, 0.03726
69.68017578125, -0.094478
69.710205078125, 0.023393
69.740234375, -0.08061
69.770263671875, -0.136079
69.800048828125, 0.016459
69.830078125, -0.05981
69.860107421875, -0.052876
69.89013671875, 0.023393
69.920166015625, 0.064994
69.9501953125, -0.039009
69.980224609375, 0.03726
70.01025390625, 0.009526
70.0400390625, -0.032076
70.070068359375, -0.018208
70.10009765625, 0.064994
70.130126953125, 0.058061
70.16015625, 0.099662
70.190185546875, -0.108345
70.22021484375, 0.023393
70.250244140625, -0.045943
70.2802734375, -0.045943
70.31005859375, 0.071928
70.340087890625, 0.016459
70.3701171875, -0.094478
70.400146484375, -0.066743
70.43017578125, -0.136079
70.460205078125, 0.078861
70.490234375, 0.092728
70.520263671875, 0.141263
70.550048828125, -0.025142
70.580078125, -0.08061
70.610107421875, 0.106596
70.64013671875, 0.03726
70.670166015625, -0.101411
70.7001953125, -0.018208
70.730224609375, -0.101411
70.76025390625, -0.004341
70.790283203125, 0.071928
70.820068359375, -0.052876
70.85009765625, 0.085795
70.880126953125, 0.064994
70.91015625, 0.009526
70.940185546875, 0.120463
70.97021484375, 0.044194
71.000244140625, 0.071928
71.0302734375, 0.002592
71.06005859375, 0.099662
71.090087890625, 0.051127
71.1201171875, -0.018208
71.150146484375, 0.03726
71.18017578125, -0.025142
71.210205078125, -0.011275
71.240234375, -0.045943
71.270263671875, -0.052876
71.300048828125, -0.087544
71.330078125, -0.039009
71.360107421875, 0.13433
71.39013671875, -0.004341
71.420166015625, 0.148197
71.4501953125, 0.078861
71.480224609375, -0.025142
71.51025390625, -0.039009
71.540283203125, -0.018208
71.570068359375, 0.085795
71.60009765625, 0.016459
71.630126953125, -0.039009
71.66015625, -0.025142
71.690185546875, -0.129145
71.72021484375, 0.023393
71.750244140625, -0.011275
71.7802734375, -0.08061
71.81005859375, -0.066743
71.840087890625, 0.078861
71.8701171875, 0.009526
71.900146484375, -0.018208
71.93017578125, 0.03726
71.960205078125, -0.004341
71.990234375, -0.004341
72.020263671875, -0.15688
72.05029296875, 0.058061
72.080078125, 0.127396
72.110107421875, -0.032076
72.14013671875, -0.073677
72.170166015625, -0.039009
72.2001953125, 0.002592
72.230224609375, 0.002592
72.26025390625, 0.051127
72.290283203125, -0.045943
72.320068359375, -0.039009
72.35009765625, 0.044194
72.380126953125, 0.044194
72.41015625, -0.045943
72.440185546875, -0.039009
72.47021484375, -0.073677
72.500244140625, -0.018208
72.5302734375, 0.085795
72.56005859375, 0.078861
72.590087890625, -0.05981
72.6201171875, -0.018208
72.650146484375, 0.092728
72.68017578125, -0.039009
72.710205078125, 0.002592
72.740234375, -0.122212
72.770263671875, 0.051127
72.80029296875, 0.058061
72.830078125, 0.030326
72.860107421875, -0.004341
72.89013671875, 0.051127
72.920166015625, 0.03726
72.9501953125, 0.009526
72.980224609375, -0.073677
73.01025390625, 0.051127
73.040283203125, 0.016459
73.070068359375, 0.071928
73.10009765625, 0.099662
73.130126953125, -0.032076
73.16015625, -0.108345
73.190185546875, 0.196732
73.22021484375, 0.002592
73.250244140625, -0.052876
73.2802734375, -0.052876
73.310302734375, -0.018208
73.340087890625, -0.011275
73.3701171875, -0.045943
73.400146484375, -0.108345
73.43017578125, 0.127396
73.460205078125, -0.115278
73.490234375, 0.189798
73.520263671875, -0.025142
73.55029296875, -0.039009
73.580078125, -0.136079
73.610107421875, 0.03726
73.64013671875, -0.011275
73.670166015625, 0.030326
73.7001953125, -0.045943
73.730224609375, 0.058061
73.76025390625, 0.092728
73.790283203125, -0.045943
73.8203125, -0.039009
73.85009765625, 0.030326
73.880126953125, -0.129145
73.91015625, -0.032076
73.940185546875, -0.129145
73.97021484375, -0.08061
74.000244140625, -0.039009
74.0302734375, -0.011275
74.060302734375, -0.08061
74.090087890625, 0.023393
74.1201171875, -0.08061
74.150146484375, -0.101411
74.18017578125, -0.094478
74.210205078125, -0.025142
74.240234375, 0.044194
74.270263671875, -0.115278
74.30029296875, 0.009526
74.330078125, 0.009526
74.360107421875, -0.045943
74.39013671875, 0.078861
74.420166015625, -0.108345
74.4501953125, -0.039009
74.480224609375, 0.009526
74.51025390625, -0.05981
74.540283203125, -0.149946
74.5703125, -0.032076
74.60009765625, -0.025142
74.630126953125, 0.030326
74.66015625, -0.004341
74.690185546875, -0.205414
74.72021484375, 0.182865
74.750244140625, -0.045943
74.7802734375, -0.094478
74.810302734375, -0.045943
74.840087890625, 0.023393
74.8701171875, 0.044194
74.900146484375, 0.189798
74.93017578125, -0.094478
74.960205078125, 0.078861
74.990234375, 0.009526
75.020263671875, -0.05981
75.05029296875, 0.071928
75.080322265625, -0.05981
75.110107421875, -0.004341
75.14013671875, 0.182865
75.170166015625, -0.05981
75.2001953125, -0.149946
75.230224609375, -0.004341
75.26025390625, -0.018208
75.290283203125, 0.009526
75.3203125, -0.032076
75.35009765625, -0.032076
75.380126953125, 0.078861
75.41015625, -0.018208
75.440185546875, 0.023393
75.47021484375, -0.011275
75.500244140625, 0.03726
75.5302734375, -0.066743
75.560302734375, -0.025142
75.590087890625, 0.016459
75.6201171875, 0.078861
75.650146484375, -0.052876
75.68017578125, -0.039009
75.710205078125, -0.025142
75.740234375, 0.03726
75.770263671875, 0.016459
75.80029296875, -0.066743
75.830322265625, 0.092728
75.860107421875, -0.073677
75.89013671875, 0.078861
75.920166015625, 0.071928
75.9501953125, -0.163813
75.980224609375, -0.094478
76.01025390625, 0.002592
76.040283203125, 0.071928
76.0703125, -0.149946
76.10009765625, -0.004341
76.130126953125, -0.018208
76.16015625, 0.058061
76.190185546875, -0.045943
76.22021484375, 0.044194
76.250244140625, -0.032076
76.2802734375, -0.025142
76.310302734375, 0.162064
76.34033203125, 0.064994
76.3701171875, 0.009526
76.400146484375, 0.002592
76.43017578125, -0.039009
76.460205078125, -0.011275
76.490234375, 0.002592
76.520263671875, -0.073677
76.55029296875, 0.058061
76.580322265625, 0.071928
76.610107421875, -0.101411
76.64013671875, 0.030326
76.670166015625, 0.002592
76.7001953125, 0.023393
76.730224609375, 0.064994
76.76025390625, 0.009526
76.790283203125, -0.087544
76.8203125, 0.009526
76.850341796875, -0.08061
76.880126953125, -0.052876
76.91015625, 0.002592
76.940185546875, -0.08061
76.97021484375, 0.03726
77.000244140625, -0.052876
77.0302734375, -0.15688
77.060302734375, -0.004341
77.09033203125, 0.016459
77.1201171875, 0.051127
77.150146484375, 0.016459
77.18017578125, 0.127396
77.210205078125, 0.030326
77.240234375, -0.045943
77.270263671875, 0.044194
77.30029296875, 0.03726
77.330322265625, 0.009526
77.360107421875, 0.002592
77.39013671875, 0.030326
77.420166015625, 0.071928
77.4501953125, -0.045943
77.480224609375, -0.087544
77.51025390625, -0.011275
77.540283203125, 0.064994
77.5703125, -0.08061
77.600341796875, -0.039009
77.630126953125, -0.163813
77.66015625, -0.122212
77.690185546875, -0.087544
77.72021484375, -0.122212
77.750244140625, -0.025142
77.7802734375, 0.016459
77.810302734375, -0.032076
77.84033203125, -0.039009
77.8701171875, -0.039009
77.900146484375, 0.002592
77.93017578125, 0.009526
77.960205078125, 0.03726
77.990234375, 0.078861
78.020263671875, -0.149946
78.05029296875, 0.03726
78.080322265625, -0.087544
78.1103515625, -0.08061
78.14013671875, 0.085795
78.170166015625, 0.03726
78.2001953125, -0.039009
78.230224609375, -0.108345
78.26025390625, 0.016459
78.290283203125, 0.051127
78.3203125, -0.025142
78.350341796875, 0.071928
78.380126953125, 0.071928
78.41015625, 0.071928
78.440185546875, -0.226215
78.47021484375, 0.002592
78.500244140625, 0.051127
78.5302734375, -0.191547
78.560302734375, -0.05981
78.59033203125, -0.039009
78.620361328125, -0.094478
78.650146484375, -0.052876
78.68017578125, 0.071928
78.710205078125, -0.094478
78.740234375, -0.025142
78.770263671875, 0.058061
78.80029296875, 0.106596
78.830322265625, -0.122212
78.8603515625, -0.004341
78.89013671875, 0.030326
78.920166015625, 0.03726
78.9501953125, 0.002592
78.980224609375, 0.016459
79.01025390625, 0.030326
79.040283203125, 0.03726
79.0703125, 0.058061
79.100341796875, -0.094478
79.130126953125, -0.018208
79.16015625, -0.163813
79.190185546875, -0.032076
79.22021484375, 0.13433
79.250244140625, 0.016459
79.2802734375, -0.05981
79.310302734375, 0.064994
79.34033203125, -0.004341
79.370361328125, -0.05981
79.400146484375, -0.018208
79.43017578125, 0.030326
79.460205078125, -0.004341
79.490234375, 0.099662
79.520263671875, 0.009526
79.55029296875, 0.030326
79.580322265625, 0.071928
79.6103515625, 0.099662
79.64013671875, 0.03726
79.670166015625, 0.058061
79.7001953125, -0.004341
79.730224609375, 0.148197
79.76025390625, 0.051127
79.790283203125, -0.198481
79.8203125, 0.13433
79.850341796875, 0.148197
79.88037109375, -0.05981
79.91015625, -0.066743
79.940185546875, -0.05981
79.97021484375, 0.078861
80.000244140625, 0.03726
80.0302734375, -0.032076
80.060302734375, 0.141263
80.09033203125, 0.085795
80.120361328125, -0.039009
80.150146484375, -0.052876
80.18017578125, 0.058061
80.210205078125, 0.127396
80.240234375, 0.051127
80.270263671875, 0.2314
80.30029296875, 0.044194
80.330322265625, -0.15688
80.3603515625, -0.052876
80.39013671875, 0.064994
80.420166015625, -0.129145
80.4501953125, -0.004341
80.480224609375, 0.009526
80.51025390625, 0.03726
80.540283203125, 0.016459
80.5703125, 0.058061
80.600341796875, -0.032076
80.63037109375, -0.004341
80.66015625, 0.051127
80.690185546875, -0.004341
80.72021484375, 0.071928
80.750244140625, -0.101411
80.7802734375, 0.044194
80.810302734375, 0.009526
80.84033203125, -0.018208
80.870361328125, -0.087544
80.900146484375, -0.101411
80.93017578125, -0.052876
80.960205078125, 0.064994
80.990234375, -0.115278
81.020263671875, -0.039009
81.05029296875, 0.023393
81.080322265625, 0.148197
81.1103515625, -0.087544
81.140380859375, -0.05981
81.170166015625, -0.052876
81.2001953125, 0.044194
81.230224609375, -0.05981
81.26025390625, 0.009526
81.290283203125, -0.004341
81.3203125, 0.071928
81.350341796875, -0.073677
81.38037109375, -0.032076
81.41015625, 0.051127
81.440185546875, -0.011275
81.47021484375, -0.025142
81.500244140625, -0.032076
81.5302734375, 0.009526
81.560302734375, -0.163813
81.59033203125, -0.004341
81.620361328125, -0.032076
81.650390625, 0.009526
81.68017578125, 0.016459
81.710205078125, 0.058061
81.740234375, -0.115278
81.770263671875, -0.018208
81.80029296875, -0.045943
81.830322265625, -0.018208
81.8603515625, 0.051127
81.890380859375, 0.106596
81.920166015625, 0.058061
81.9501953125, -0.101411
81.980224609375, -0.011275
82.01025390625, -0.039009
82.040283203125, 0.023393
82.0703125, 0.141263
82.100341796875, -0.149946
82.13037109375, -0.039009
82.16015625, 0.002592
82.190185546875, 0.044194
82.22021484375, 0.030326
82.250244140625, 0.127396
82.2802734375, 0.148197
82.310302734375, 0.106596
82.34033203125, 0.13433
82.370361328125, 0.141263
82.400390625, -0.066743
82.43017578125, -0.108345
82.460205078125, 0.085795
82.490234375, -0.073677
82.520263671875, 0.141263
82.55029296875, 0.002592
82.580322265625, -0.052876
82.6103515625, 0.127396
82.640380859375, -0.136079
82.670166015625, -0.170747
82.7001953125, 0.113529
82.730224609375, -0.094478
82.76025390625, -0.108345
82.790283203125, 0.002592
82.8203125, 0.002592
82.850341796875, -0.025142
82.88037109375, 0.009526
82.910400390625, 0.099662
82.940185546875, -0.15688
82.97021484375, -0.018208
83.000244140625, 0.113529
83.0302734375, -0.087544
83.060302734375, -0.018208
83.09033203125, 0.051127
83.120361328125, 0.071928
83.150390625, -0.05981
83.18017578125, 0.106596
83.210205078125, 0.023393
83.240234375, 0.078861
83.270263671875, -0.05981
83.30029296875, -0.122212
83.330322265625, -0.025142
83.3603515625, -0.039009
83.390380859375, -0.073677
83.42041015625, -0.087544
83.4501953125, 0.009526
83.480224609375, 0.009526
83.51025390625, 0.106596
83.540283203125, 0.023393
83.5703125, 0.058061
83.600341796875, 0.051127
83.63037109375, 0.120463
83.660400390625, 0.023393
83.690185546875, -0.045943
83.72021484375, -0.011275
83.750244140625, -0.032076
83.7802734375, -0.025142
83.810302734375, 0.044194
83.84033203125, -0.108345
83.870361328125, 0.023393
83.900390625, 0.113529
83.93017578125, 0.016459
83.960205078125, 0.064994
83.990234375, -0.039009
84.020263671875, -0.115278
84.05029296875, -0.052876
84.080322265625, -0.004341
84.1103515625, -0.011275
84.140380859375, -0.052876
84.17041015625, -0.011275
84.2001953125, 0.002592
84.230224609375, 0.051127
84.26025390625, 0.044194
84.290283203125, -0.122212
84.3203125, 0.03726
84.350341796875, -0.045943
84.38037109375, 0.058061
84.410400390625, 0.058061
84.440185546875, -0.108345
84.47021484375, 0.044194
84.500244140625, 0.044194
84.5302734375, -0.045943
84.560302734375, 0.023393
84.59033203125, 0.002592
84.620361328125, -0.025142
84.650390625, 0.002592
84.680419921875, -0.032076
84.710205078125, -0.073677
84.740234375, -0.073677
84.770263671875, -0.004341
84.80029296875, 0.03726
84.830322265625, 0.106596
84.8603515625, -0.004341
84.890380859375, 0.044194
84.92041015625, -0.032076
84.9501953125, -0.018208
84.980224609375, -0.136079
85.01025390625, -0.025142
85.040283203125, -0.122212
85.0703125, 0.030326
85.100341796875, -0.025142
85.13037109375, 0.085795
85.160400390625, -0.018208
85.190185546875, -0.018208
85.22021484375, 0.168998
85.250244140625, 0.016459
85.2802734375, -0.136079
85.310302734375, -0.004341
85.34033203125, -0.066743
85.370361328125, -0.136079
85.400390625, -0.004341
85.430419921875, 0.03726
85.460205078125, -0.018208
85.490234375, -0.011275
85.520263671875, -0.08061
85.55029296875, -0.05981
85.580322265625, -0.039009
85.6103515625, 0.016459
85.640380859375, 0.078861
85.67041015625, -0.052876
85.7001953125, 0.044194
85.730224609375, -0.025142
85.76025390625, -0.039009
85.790283203125, -0.073677
85.8203125, -0.052876
85.850341796875, 0.058061
85.88037109375, -0.170747
85.910400390625, 0.030326
85.9404296875, 0.064994
85.97021484375, 0.085795
86.000244140625, 0.016459
86.0302734375, -0.05981
86.060302734375, -0.025142
86.09033203125, 0.002592
86.120361328125, 0.099662
86.150390625, 0.085795
86.180419921875, -0.108345
86.210205078125, -0.052876
86.240234375, 0.058061
86.270263671875, -0.05981
86.30029296875, 0.120463
86.330322265625, 0.009526
86.3603515625, -0.011275
86.390380859375, -0.004341
86.42041015625, -0.108345
86.450439453125, 0.002592
86.480224609375, 0.051127
86.51025390625, 0.044194
86.540283203125, 0.148197
86.5703125, 0.016459
86.600341796875, -0.094478
86.63037109375, -0.170747
86.660400390625, -0.163813
86.6904296875, -0.108345
86.72021484375, 0.085795
86.750244140625, -0.233149
86.7802734375, -0.136079
86.810302734375, 0.058061
86.84033203125, -0.039009
86.870361328125, 0.023393
86.900390625, 0.113529
86.930419921875, -0.045943
86.960205078125, 0.13433
86.990234375, 0.023393
87.020263671875, -0.136079
87.05029296875, 0.071928
87.080322265625, 0.002592
87.1103515625, 0.002592
87.140380859375, 0.002592
87.17041015625, 0.023393
87.200439453125, -0.108345
87.230224609375, 0.030326
87.26025390625, 0.051127
87.290283203125, 0.009526
87.3203125, -0.129145
87.350341796875, -0.163813
87.38037109375, -0.136079
87.410400390625, -0.011275
87.4404296875, -0.032076
87.47021484375, 0.064994
87.500244140625, -0.115278
87.5302734375, -0.143012
87.560302734375, 0.030326
87.59033203125, 0.078861
87.620361328125, -0.052876
87.650390625, 0.009526
87.680419921875, 0.009526
87.71044921875, -0.039009
87.740234375, -0.018208
87.770263671875, 0.071928
87.80029296875, -0.115278
87.830322265625, -0.073677
87.8603515625, 0.009526
87.890380859375, -0.018208
87.92041015625, -0.004341
87.950439453125, -0.05981
87.980224609375, 0.168998
88.01025390625, -0.039009
88.040283203125, 0.085795
88.0703125, 0.044194
88.100341796875, 0.002592
88.13037109375, 0.002592
88.160400390625, 0.030326
88.1904296875, -0.039009
88.22021484375, -0.011275
88.250244140625, 0.189798
88.2802734375, 0.058061
88.310302734375, -0.094478
88.34033203125, -0.08061
88.370361328125, 0.106596
88.400390625, 0.051127
88.430419921875, 0.016459
88.46044921875, 0.002592
88.490234375, 0.009526
88.520263671875, 0.023393
88.55029296875, -0.018208
88.580322265625, 0.030326
88.6103515625, -0.025142
88.640380859375, -0.011275
88.67041015625, 0.03726
88.700439453125, 0.058061
88.730224609375, 0.113529
88.76025390625, -0.039009
88.790283203125, -0.094478
88.8203125, -0.094478
88.850341796875, 0.078861
88.88037109375, -0.066743
88.910400390625, 0.051127
88.9404296875, 0.030326
88.970458984375, -0.052876
89.000244140625, -0.163813
89.0302734375, -0.136079
89.060302734375, -0.004341
89.09033203125, 0.058061
89.120361328125, 0.106596
89.150390625, 0.009526
89.180419921875, -0.032076
89.21044921875, 0.078861
89.240234375, -0.087544
89.270263671875, -0.094478
89.30029296875, 0.002592
89.330322265625, -0.101411
89.3603515625, 0.023393
89.390380859375, -0.039009
89.42041015625, -0.101411
89.450439453125, 0.078861
89.48046875, -0.004341
89.51025390625, 0.064994
89.540283203125, -0.087544
89.5703125, -0.004341
89.600341796875, 0.002592
89.63037109375, -0.052876
89.660400390625, -0.066743
89.6904296875, -0.05981
89.720458984375, 0.030326
89.750244140625, -0.025142
89.7802734375, 0.009526
89.810302734375, -0.045943
89.84033203125, -0.066743
89.870361328125, 0.009526
89.900390625, -0.073677
89.930419921875, 0.064994
89.96044921875, -0.018208
89.990234375, -0.129145
90.020263671875, 0.044194
90.05029296875, -0.198481
90.080322265625, 0.092728
90.1103515625, 0.078861
90.140380859375, 0.051127
90.17041015625, 0.13433
90.200439453125, 0.023393
90.23046875, -0.129145
90.26025390625, 0.051127
90.290283203125, -0.039009
90.3203125, 0.064994
90.350341796875, -0.011275
90.38037109375, -0.011275
90.410400390625, -0.08061
90.4404296875, -0.052876
90.470458984375, 0.064994
90.500244140625, -0.08061
90.5302734375, 0.016459
90.560302734375, 0.044194
90.59033203125, 0.064994
90.620361328125, 0.023393
90.650390625, -0.052876
90.680419921875, -0.011275
90.71044921875, -0.025142
90.740478515625, 0.13433
90.770263671875, 0.071928
90.80029296875, 0.023393
90.830322265625, 0.058061
90.8603515625, -0.045943
90.890380859375, 0.078861
90.92041015625, 0.044194
90.950439453125, 0.085795
90.98046875, 0.002592
91.01025390625, -0.094478
91.040283203125, 0.092728
91.0703125, -0.073677
91.100341796875, -0.032076
91.13037109375, -0.032076
91.160400390625, 0.03726
91.1904296875, -0.122212
91.220458984375, -0.004341
91.25048828125, 0.03726
91.2802734375, 0.03726
91.310302734375, -0.011275
91.34033203125, 0.009526
91.370361328125, -0.066743
91.400390625, 0.078861
91.430419921875, 0.044194
91.46044921875, 0.058061
91.490478515625, 0.106596
91.520263671875, -0.018208
91.55029296875, 0.238333
91.580322265625, -0.011275
91.6103515625, 0.099662
91.640380859375, -0.011275
91.67041015625, 0.016459
91.700439453125, 0.078861
91.73046875, -0.08061
91.76025390625, 0.016459
91.790283203125, -0.115278
91.8203125, -0.032076
91.850341796875, 0.113529
91.88037109375, -0.032076
91.910400390625, 0.071928
91.9404296875, 0.078861
91.970458984375, -0.018208
92.00048828125, 0.023393
92.0302734375, -0.143012
92.060302734375, 0.002592
92.09033203125, 0.099662
92.120361328125, 0.15513
92.150390625, -0.052876
92.180419921875, 0.148197
92.21044921875, -0.05981
92.240478515625, -0.094478
92.270263671875, 0.023393
92.30029296875, 0.078861
92.330322265625, 0.009526
92.3603515625, 0.078861
92.390380859375, 0.078861
92.42041015625, -0.004341
92.450439453125, -0.039009
92.48046875, 0.092728
92.510498046875, -0.149946
92.540283203125, -0.032076
92.5703125, 0.092728
92.600341796875, 0.016459
92.63037109375, -0.032076
92.660400390625, -0.032076
92.6904296875, -0.045943
92.720458984375, 0.044194
92.75048828125, -0.004341
92.7802734375, -0.045943
92.810302734375, 0.002592
92.84033203125, -0.039009
92.870361328125, 0.002592
92.900390625, 0.044194
92.930419921875, -0.004341
92.96044921875, 0.016459
92.990478515625, -0.066743
93.020263671875, -0.025142
93.05029296875, -0.032076
93.080322265625, -0.011275
93.1103515625, 0.023393
93.140380859375, 0.03726
93.17041015625, 0.002592
93.200439453125, 0.030326
93.23046875, -0.018208
93.260498046875, -0.073677
93.290283203125, 0.002592
93.3203125, 0.009526
93.350341796875, -0.025142
93.38037109375, 0.120463
93.410400390625, 0.009526
93.4404296875, -0.025142
93.470458984375, -0.094478
93.50048828125, -0.032076
93.5302734375, -0.087544
93.560302734375, -0.143012
93.59033203125, -0.129145
93.620361328125, -0.052876
93.650390625, 0.051127
93.680419921875, -0.045943
93.71044921875, 0.023393
93.740478515625, 0.009526
93.7705078125, 0.092728
93.80029296875, -0.087544
93.830322265625, 0.03726
93.8603515625, -0.011275
93.890380859375, 0.016459
93.92041015625, 0.002592
93.950439453125, -0.032076
93.98046875, -0.101411
94.010498046875, -0.004341
94.040283203125, -0.018208
94.0703125, 0.092728
94.100341796875, 0.030326
94.13037109375, -0.198481
94.160400390625, 0.15513
94.1904296875, 0.078861
94.220458984375, -0.073677
94.25048828125, -0.087544
94.280517578125, -0.073677
94.310302734375, -0.039009
94.34033203125, -0.136079
94.370361328125, 0.016459
94.400390625, 0.016459
94.430419921875, -0.108345
94.46044921875, 0.113529
94.490478515625, 0.106596
94.5205078125, -0.052876
94.55029296875, 0.016459
94.580322265625, -0.018208
94.6103515625, -0.039009
94.640380859375, -0.045943
94.67041015625, -0.032076
94.700439453125, 0.023393
94.73046875, -0.011275
94.760498046875, -0.045943
94.790283203125, 0.030326
94.8203125, -0.122212
94.850341796875, -0.052876
94.88037109375, 0.099662
94.910400390625, -0.045943
94.9404296875, 0.092728
94.970458984375, -0.045943
95.00048828125, -0.115278
95.030517578125, -0.039009
95.060302734375, 0.009526
95.09033203125, 0.051127
95.120361328125, 0.203665
95.150390625, -0.011275
95.180419921875, -0.052876
95.21044921875, 0.106596
95.240478515625, 0.085795
95.2705078125, 0.03726
95.30029296875, -0.004341
95.330322265625, 0.071928
95.3603515625, -0.045943
95.390380859375, -0.115278
95.42041015625, 0.016459
95.450439453125, 0.030326
95.48046875, -0.004341
95.510498046875, -0.191547
95.54052734375, -0.025142
95.5703125, 0.064994
95.600341796875, -0.018208
95.63037109375, 0.13433
95.660400390625, 0.058061
95.6904296875, -0.045943
95.720458984375, -0.17768
95.75048828125, 0.148197
95.780517578125, 0.002592
95.810302734375, -0.184614
95.84033203125, -0.15688
95.870361328125, -0.108345
95.900390625, -0.136079
95.930419921875, -0.039009
95.96044921875, 0.03726
95.990478515625, -0.087544
96.0205078125, 0.030326
96.05029296875, -0.025142
96.080322265625, -0.025142
96.1103515625, 0.058061
96.140380859375, 0.106596
96.17041015625, -0.052876
96.200439453125, -0.039009
96.23046875, -0.039009
96.260498046875, 0.030326
96.29052734375, -0.073677
96.3203125, -0.025142
96.350341796875, 0.044194
96.38037109375, 0.099662
96.410400390625, 0.023393
96.4404296875, 0.078861
96.470458984375, -0.045943
96.50048828125, 0.051127
96.530517578125, 0.009526
96.560302734375, -0.101411
96.59033203125, -0.018208
96.620361328125, -0.039009
96.650390625, -0.052876
96.680419921875, -0.045943
96.71044921875, 0.078861
96.740478515625, 0.051127
96.7705078125, 0.078861
96.800537109375, -0.087544
96.830322265625, -0.004341
96.8603515625, -0.011275
96.890380859375, -0.039009
96.92041015625, 0.023393
96.950439453125, -0.094478
96.98046875, -0.094478
97.010498046875, -0.122212
97.04052734375, 0.016459
97.0703125, 0.016459
97.100341796875, 0.058061
97.13037109375, 0.051127
97.160400390625, 0.009526
97.1904296875, 0.120463
97.220458984375, -0.045943
97.25048828125, 0.064994
97.280517578125, 0.030326
97.310546875, 0.030326
97.34033203125, 0.023393
97.370361328125, 0.009526
97.400390625, -0.004341
97.430419921875, 0.078861
97.46044921875, -0.018208
97.490478515625, -0.094478
97.5205078125, -0.115278
97.550537109375, 0.078861
97.580322265625, 0.002592
97.6103515625, 0.051127
97.640380859375, -0.129145
97.67041015625, -0.05981
97.700439453125, 0.023393
97.73046875, -0.05981
97.760498046875, 0.078861
97.79052734375, -0.025142
97.8203125, 0.141263
97.850341796875, -0.122212
97.88037109375, 0.058061
97.910400390625, 0.03726
97.9404296875, 0.016459
97.970458984375, -0.045943
98.00048828125, 0.168998
98.030517578125, -0.032076
98.060546875, -0.052876
98.09033203125, -0.052876
98.120361328125, 0.113529
98.150390625, -0.025142
98.180419921875, -0.170747
98.21044921875, 0.016459
98.240478515625, 0.023393
98.2705078125, 0.071928
98.300537109375, -0.018208
98.330322265625, -0.032076
98.3603515625, -0.011275
98.390380859375, 0.023393
98.42041015625, -0.025142
98.450439453125, -0.032076
98.48046875, 0.085795
98.510498046875, 0.030326
98.54052734375, 0.016459
98.570556640625, 0.023393
98.600341796875, 0.002592
98.63037109375, -0.052876
98.660400390625, 0.113529
98.6904296875, 0.03726
98.720458984375, 0.044194
98.75048828125, -0.004341
98.780517578125, 0.15513
98.810546875, -0.08061
98.84033203125, 0.078861
98.870361328125, 0.016459
98.900390625, -0.018208
98.930419921875, 0.030326
98.96044921875, 0.044194
98.990478515625, -0.17768
99.0205078125, -0.115278
99.050537109375, -0.05981
99.08056640625, -0.122212
99.1103515625, -0.025142
99.140380859375, 0.092728
99.17041015625, 0.002592
99.200439453125, 0.051127
99.23046875, 0.016459
99.260498046875, 0.002592
99.29052734375, -0.073677
99.320556640625, -0.052876
99.350341796875, 0.092728
99.38037109375, 0.030326
99.410400390625, 0.023393
99.4404296875, 0.092728
99.470458984375, -0.025142
99.50048828125, 0.13433
99.530517578125, -0.032076
99.560546875, 0.113529
99.59033203125, 0.03726
99.620361328125, -0.032076
99.650390625, 0.099662
99.680419921875, -0.094478
99.71044921875, 0.071928
99.740478515625, 0.044194
99.7705078125, 0.058061
99.800537109375, -0.011275
99.83056640625, 0.009526
99.8603515625, 0.023393
99.890380859375, 0.016459
99.92041015625, -0.052876
99.950439453125, -0.136079
99.98046875, -0.129145
100.010498046875, -0.025142
100.04052734375, -0.149946
100.070556640625, 0.071928
100.100341796875, -0.025142
100.13037109375, 0.002592
100.160400390625, 0.085795
100.1904296875, 0.009526
100.220458984375, 0.217532
100.25048828125, -0.039009
100.280517578125, -0.052876
100.310546875, 0.03726
100.340576171875, 0.016459
100.370361328125, 0.023393
100.400390625, 0.113529
100.430419921875, 0.058061
100.46044921875, -0.032076
100.490478515625, -0.094478
100.5205078125, -0.066743
100.550537109375, 0.002592
100.58056640625, 0.106596
100.6103515625, -0.087544
100.640380859375, 0.064994
100.67041015625, 0.044194
100.700439453125, -0.039009
100.73046875, 0.058061
100.760498046875, -0.066743
100.79052734375, -0.08061
100.820556640625, -0.032076
100.850341796875, -0.108345
100.88037109375, 0.085795
100.910400390625, -0.018208
100.9404296875, 0.023393
100.970458984375, 0.044194
101.00048828125, -0.073677
101.030517578125, -0.052876
101.060546875, -0.05981
101.090576171875, -0.032076
101.120361328125, 0.071928
101.150390625, -0.039009
101.180419921875, 0.078861
101.21044921875, -0.08061
101.240478515625, 0.009526
101.2705078125, 0.141263
101.300537109375, -0.052876
101.33056640625, 0.03726
101.3603515625, -0.094478
101.390380859375, 0.051127
101.42041015625, 0.044194
101.450439453125, 0.064994
101.48046875, 0.182865
101.510498046875, 0.023393
101.54052734375, -0.17768
101.570556640625, -0.018208
101.6005859375, 0.078861
101.63037109375, -0.025142
101.660400390625, -0.052876
101.6904296875, 0.071928
101.720458984375, 0.03726
101.75048828125, 0.058061
101.780517578125, 0.058061
101.810546875, 0.127396
101.840576171875, 0.078861
101.870361328125, 0.203665
101.900390625, -0.05981
101.930419921875, -0.073677
101.96044921875, 0.002592
101.990478515625, 0.044194
102.0205078125, 0.009526
102.050537109375, -0.004341
102.08056640625, 0.106596
102.110595703125, -0.011275
102.140380859375, -0.066743
102.17041015625, -0.032076
102.200439453125, 0.058061
102.23046875, 0.051127
102.260498046875, -0.011275
102.29052734375, 0.085795
102.320556640625, -0.087544
102.3505859375, 0.002592
102.38037109375, -0.045943
102.410400390625, -0.039009
102.4404296875, -0.108345
102.470458984375, -0.073677
102.50048828125, -0.05981
102.530517578125, 0.03726
102.560546875, -0.025142
102.590576171875, -0.149946
102.620361328125, -0.101411
102.650390625, -0.066743
102.680419921875, 0.071928
102.71044921875, 0.016459
102.740478515625, -0.08061
102.7705078125, -0.17768
102.800537109375, -0.011275
102.83056640625, 0.023393
102.860595703125, -0.004341
102.890380859375, -0.052876
102.92041015625, 0.051127
102.950439453125, -0.052876
102.98046875, 0.106596
103.010498046875, 0.016459
103.04052734375, 0.058061
103.070556640625, 0.078861
103.1005859375, 0.092728
103.13037109375, -0.025142
103.160400390625, 0.044194
103.1904296875, -0.073677
103.220458984375, -0.045943
103.25048828125, 0.03726
103.280517578125, -0.052876
103.310546875, 0.002592
103.340576171875, -0.039009
103.37060546875, -0.08061
103.400390625, -0.073677
103.430419921875, -0.045943
103.46044921875, 0.002592
103.490478515625, -0.052876
103.5205078125, 0.120463
103.550537109375, -0.094478
103.58056640625, 0.002592
103.610595703125, -0.052876
103.640380859375, 0.03726
103.67041015625, -0.004341
103.700439453125, -0.052876
103.73046875, -0.073677
103.760498046875, 0.210599
103.79052734375, 0.03726
103.820556640625, 0.051127
103.8505859375, -0.05981
103.88037109375, 0.030326
103.910400390625, -0.011275
103.9404296875, 0.044194
103.970458984375, -0.101411
104.00048828125, 0.03726
104.030517578125, 0.03726
104.060546875, 0.085795
104.090576171875, 0.009526
104.12060546875, -0.045943
104.150390625, -0.094478
104.180419921875, 0.016459
104.21044921875, -0.073677
104.240478515625, -0.045943
104.2705078125, -0.05981
104.300537109375, 0.016459
104.33056640625, 0.078861
104.360595703125, 0.044194
104.390380859375, -0.025142
104.42041015625, 0.113529
104.450439453125, -0.011275
104.48046875, -0.122212
104.510498046875, -0.094478
104.54052734375, 0.030326
104.570556640625, -0.025142
104.6005859375, -0.039009
104.630615234375, -0.15688
104.660400390625, 0.009526
104.6904296875, 0.016459
104.720458984375, 0.099662
104.75048828125, -0.136079
104.780517578125, -0.129145
104.810546875, -0.011275
104.840576171875, -0.018208
104.87060546875, -0.045943
104.900390625, -0.018208
104.930419921875, -0.094478
104.96044921875, 0.085795
104.990478515625, -0.066743
105.0205078125, -0.011275
105.050537109375, -0.122212
105.08056640625, -0.052876
105.110595703125, -0.004341
105.140625, 0.085795
105.17041015625, 0.15513
105.200439453125, -0.066743
105.23046875, 0.030326
105.260498046875, 0.092728
105.29052734375, -0.073677
105.320556640625, -0.073677
105.3505859375, 0.071928
105.380615234375, 0.002592
105.410400390625, -0.08061
105.4404296875, -0.052876
105.470458984375, 0.009526
105.50048828125, 0.058061
105.530517578125, 0.058061
105.560546875, -0.004341
105.590576171875, 0.051127
105.62060546875, -0.018208
105.650390625, 0.120463
105.680419921875, -0.045943
105.71044921875, 0.016459
105.740478515625, 0.044194
105.7705078125, -0.025142
105.800537109375, -0.011275
105.83056640625, -0.163813
105.860595703125, 0.023393
105.890625, -0.004341
105.92041015625, 0.085795
105.950439453125, -0.073677
105.98046875, -0.184614
106.010498046875, 0.113529
106.04052734375, 0.064994
106.070556640625, 0.023393
106.1005859375, 0.030326
106.130615234375, -0.039009
106.160400390625, 0.092728
106.1904296875, 0.092728
106.220458984375, -0.122212
106.25048828125, -0.032076
106.280517578125, 0.023393
106.310546875, 0.127396
106.340576171875, 0.044194
106.37060546875, -0.025142
106.400634765625, 0.078861
106.430419921875, 0.044194
106.46044921875, 0.071928
106.490478515625, 0.058061
106.5205078125, -0.018208
106.550537109375, -0.087544
106.58056640625, -0.073677
106.610595703125, -0.045943
106.640625, 0.141263
106.67041015625, -0.052876
106.700439453125, -0.073677
106.73046875, 0.016459
106.760498046875, -0.032076
106.79052734375, -0.05981
106.820556640625, -0.018208
106.8505859375, 0.058061
106.880615234375, 0.044194
106.91064453125, 0.044194
106.9404296875, -0.122212
106.970458984375, -0.066743
107.00048828125, -0.066743
107.030517578125, -0.15688
107.060546875, 0.044194
107.090576171875, 0.030326
107.12060546875, -0.018208
107.150634765625, -0.039009
107.180419921875, 0.016459
107.21044921875, 0.162064
107.240478515625, -0.018208
107.2705078125, -0.05981
107.300537109375, -0.045943
107.33056640625, 0.148197
107.360595703125, 0.058061
107.390625, -0.094478
107.42041015625, -0.129145
107.450439453125, 0.002592
107.48046875, 0.099662
107.510498046875, 0.030326
107.54052734375, 0.030326
107.570556640625, 0.058061
107.6005859375, 0.182865
107.630615234375, 0.030326
107.66064453125, -0.066743
107.6904296875, 0.051127
107.720458984375, 0.016459
107.75048828125, -0.108345
107.780517578125, 0.092728
107.810546875, -0.05981
107.840576171875, 0.071928
107.87060546875, 0.13433
107.900634765625, -0.101411
107.930419921875, 0.044194
107.96044921875, -0.08061
107.990478515625, 0.051127
108.0205078125, -0.011275
108.050537109375, -0.045943
108.08056640625, -0.101411
108.110595703125, -0.115278
108.140625, -0.066743
108.170654296875, 0.113529
108.200439453125, 0.044194
108.23046875, -0.011275
108.260498046875, -0.032076
108.29052734375, -0.066743
108.320556640625, 0.099662
108.3505859375, -0.170747
108.380615234375, -0.004341
108.41064453125, -0.094478
108.4404296875, 0.030326
108.470458984375, 0.002592
108.50048828125, -0.08061
108.530517578125, -0.032076
108.560546875, 0.030326
108.590576171875, -0.004341
108.62060546875, 0.064994
108.650634765625, -0.05981
108.680419921875, -0.011275
108.71044921875, -0.08061
108.740478515625, 0.03726
108.7705078125, 0.044194
108.800537109375, 0.051127
108.83056640625, 0.044194
108.860595703125, -0.004341
108.890625, 0.016459
108.920654296875, -0.032076
108.950439453125, -0.039009
108.98046875, -0.032076
109.010498046875, -0.004341
109.04052734375, -0.025142
109.070556640625, -0.011275
109.1005859375, 0.016459
109.130615234375, 0.023393
109.16064453125, -0.094478
109.1904296875, -0.122212
109.220458984375, -0.101411
109.25048828125, -0.08061
109.280517578125, -0.087544
109.310546875, -0.052876
109.340576171875, -0.018208
109.37060546875, 0.002592
109.400634765625, 0.120463
109.4306640625, -0.025142
109.46044921875, -0.011275
109.490478515625, 0.03726
109.5205078125, -0.004341
109.550537109375, 0.030326
109.58056640625, -0.094478
109.610595703125, 0.078861
109.640625, -0.018208
109.670654296875, -0.073677
109.700439453125, -0.066743
109.73046875, 0.016459
109.760498046875, 0.009526
109.79052734375, -0.045943
109.820556640625, 0.078861
109.8505859375, 0.078861
109.880615234375, 0.078861
109.91064453125, 0.002592
109.940673828125, 0.113529
109.970458984375, 0.085795
110.00048828125, -0.004341
110.030517578125, 0.120463
110.060546875, -0.018208
110.090576171875, 0.051127
110.12060546875, 0.106596
110.150634765625, 0.023393
110.1806640625, 0.071928
110.21044921875, 0.051127
110.240478515625, -0.15688
110.2705078125, 0.085795
110.300537109375, -0.073677
110.33056640625, 0.009526
110.360595703125, -0.05981
110.390625, -0.066743
110.420654296875, 0.023393
110.450439453125, -0.004341
110.48046875, 0.099662
110.510498046875, 0.03726
110.54052734375, 0.092728
110.570556640625, -0.032076
110.6005859375, -0.045943
110.630615234375, 0.078861
110.66064453125, -0.004341
110.690673828125, 0.099662
110.720458984375, -0.032076
110.75048828125, 0.044194
110.780517578125, -0.011275
110.810546875, 0.03726
110.840576171875, 0.009526
110.87060546875, -0.066743
110.900634765625, -0.004341
110.9306640625, -0.087544
110.96044921875, -0.025142
110.990478515625, -0.025142
111.0205078125, 0.106596
111.050537109375, 0.03726
111.08056640625, -0.073677
111.110595703125, 0.009526
111.140625, 0.009526
111.170654296875, -0.032076
111.20068359375, 0.051127
111.23046875, -0.025142
111.260498046875, 0.002592
111.29052734375, -0.073677
111.320556640625, 0.051127
111.3505859375, 0.106596
111.380615234375, 0.023393
111.41064453125, -0.045943
111.440673828125, -0.032076
111.470458984375, 0.106596
111.50048828125, -0.039009
111.530517578125, 0.030326
111.560546875, -0.039009
111.590576171875, 0.078861
111.62060546875, 0.051127
111.650634765625, 0.078861
111.6806640625, -0.101411
111.71044921875, 0.078861
111.740478515625, -0.032076
111.7705078125, 0.064994
111.800537109375, 0.009526
111.83056640625, 0.085795
111.860595703125, 0.023393
111.890625, -0.066743
111.920654296875, 0.058061
111.95068359375, -0.039009
111.98046875, -0.15688
112.010498046875, 0.044194
112.04052734375, 0.044194
112.070556640625, -0.025142
112.1005859375, 0.058061
112.130615234375, 0.030326
112.16064453125, 0.009526
112.190673828125, -0.004341
112.220458984375, -0.004341
112.25048828125, -0.052876
112.280517578125, 0.023393
112.310546875, 0.009526
112.340576171875, -0.025142
112.37060546875, 0.03726
112.400634765625, -0.011275
112.4306640625, -0.032076
112.460693359375, 0.051127
112.490478515625, -0.094478
112.5205078125, 0.03726
112.550537109375, -0.108345
112.58056640625, -0.018208
112.610595703125, 0.058061
112.640625, 0.113529
112.670654296875, -0.143012
112.70068359375, -0.011275
112.73046875, -0.039009
112.760498046875, 0.058061
112.79052734375, -0.052876
112.820556640625, 0.044194
112.8505859375, -0.032076
112.880615234375, 0.016459
112.91064453125, -0.073677
112.940673828125, -0.018208
112.970703125, 0.085795
113.00048828125, -0.025142
113.030517578125, 0.030326
113.060546875, 0.051127
113.090576171875, -0.101411
113.12060546875, -0.004341
113.150634765625, -0.011275
113.1806640625, 0.016459
113.210693359375, -0.129145
113.240478515625, -0.073677
113.2705078125, 0.217532
113.300537109375, 0.058061
113.33056640625, -0.066743
113.360595703125, -0.039009
113.390625, 0.03726
113.420654296875, 0.051127
113.45068359375, 0.127396
113.48046875, -0.108345
113.510498046875, -0.011275
113.54052734375, 0.064994
113.570556640625, -0.025142
113.6005859375, 0.030326
113.630615234375, 0.051127
113.66064453125, -0.032076
113.690673828125, 0.009526
113.720703125, 0.071928
113.75048828125, 0.2522
113.780517578125, -0.018208
113.810546875, 0.113529
113.840576171875, 0.023393
113.87060546875, -0.066743
113.900634765625, 0.15513
113.9306640625, -0.052876
113.960693359375, -0.045943
113.990478515625, -0.018208
114.0205078125, 0.113529
114.050537109375, -0.066743
114.08056640625, 0.085795
114.110595703125, 0.009526
114.140625, 0.03726
114.170654296875, 0.002592
114.20068359375, -0.045943
114.230712890625, 0.071928
114.260498046875, 0.071928
114.29052734375, 0.03726
114.320556640625, -0.073677
114.3505859375, 0.085795
114.380615234375, 0.002592
114.41064453125, 0.051127
114.440673828125, -0.018208
114.470703125, -0.032076
114.50048828125, -0.004341
114.530517578125, 0.058061
114.560546875, -0.045943
114.590576171875, -0.039009
114.62060546875, 0.002592
114.650634765625, -0.018208
114.6806640625, -0.004341
114.710693359375, -0.122212
114.74072265625, 0.030326
114.7705078125, 0.044194
114.800537109375, -0.004341
114.83056640625, -0.025142
114.860595703125, 0.085795
114.890625, -0.05981
114.920654296875, -0.073677
114.95068359375, 0.058061
114.980712890625, 0.092728
115.010498046875, 0.023393
115.04052734375, 0.009526
115.070556640625, 0.189798
115.1005859375, -0.073677
115.130615234375, 0.044194
115.16064453125, 0.023393
115.190673828125, 0.023393
115.220703125, 0.009526
115.25048828125, 0.051127
115.280517578125, -0.073677
115.310546875, 0.071928
115.340576171875, -0.08061
115.37060546875, 0.058061
115.400634765625, 0.064994
115.4306640625, -0.011275
115.460693359375, 0.13433
115.49072265625, 0.078861
115.5205078125, -0.073677
115.550537109375, 0.175931
115.58056640625, 0.085795
115.610595703125, -0.08061
115.640625, 0.002592
115.670654296875, -0.039009
115.70068359375, -0.087544
115.730712890625, 0.141263
115.760498046875, -0.039009
115.79052734375, 0.016459
115.820556640625, 0.058061
115.8505859375, -0.108345
115.880615234375, 0.023393
115.91064453125, 0.064994
115.940673828125, 0.064994
115.970703125, -0.032076
116.000732421875, -0.018208
116.030517578125, 0.092728
116.060546875, 0.044194
116.090576171875, -0.039009
116.12060546875, -0.052876
116.150634765625, -0.073677
116.1806640625, 0.023393
116.210693359375, 0.064994
116.24072265625, -0.004341
116.2705078125, 0.016459
116.300537109375, 0.016459
116.33056640625, -0.004341
116.360595703125, 0.002592
116.390625, -0.032076
116.420654296875, 0.03726
116.45068359375, 0.051127
116.480712890625, -0.101411
116.510498046875, -0.045943
116.54052734375, -0.108345
116.570556640625, -0.039009
116.6005859375, 0.030326
116.630615234375, -0.122212
116.66064453125, -0.073677
116.690673828125, 0.085795
116.720703125, -0.011275
116.750732421875, -0.025142
116.780517578125, 0.099662
116.810546875, -0.108345
116.840576171875, 0.058061
116.87060546875, -0.05981
116.900634765625, -0.004341
116.9306640625, -0.004341
116.960693359375, 0.120463
116.99072265625, 0.023393
117.0205078125, -0.198481
117.050537109375, 0.113529
117.08056640625, 0.002592
117.110595703125, 0.085795
117.140625, -0.004341
117.170654296875, 0.002592
117.20068359375, 0.002592
117.230712890625, -0.018208
117.2607421875, 0.030326
117.29052734375, 0.03726
117.320556640625, -0.011275
117.3505859375, 0.085795
117.380615234375, 0.092728
117.41064453125, 0.002592
117.440673828125, -0.08061
117.470703125, -0.018208
117.500732421875, 0.051127
117.530517578125, 0.162064
117.560546875, 0.016459
117.590576171875, -0.08061
117.62060546875, -0.05981
117.650634765625, 0.030326
117.6806640625, -0.032076
117.710693359375, -0.05981
117.74072265625, -0.011275
117.770751953125, 0.078861
117.800537109375, -0.018208
117.83056640625, -0.018208
117.860595703125, 0.051127
117.890625, 0.009526
117.920654296875, -0.011275
117.95068359375, -0.045943
117.980712890625, -0.073677
118.0107421875, 0.002592
118.04052734375, -0.039009
118.070556640625, 0.085795
118.1005859375, 0.044194
118.130615234375, -0.066743
118.16064453125, -0.129145
118.190673828125, 0.064994
118.220703125, 0.002592
118.250732421875, -0.066743
118.280517578125, -0.045943
118.310546875, -0.073677
118.340576171875, 0.009526
118.37060546875, -0.032076
118.400634765625, -0.039009
118.4306640625, 0.092728
118.460693359375, -0.066743
118.49072265625, -0.073677
118.520751953125, -0.05981
118.550537109375, 0.009526
118.58056640625, -0.004341
118.610595703125, 0.085795
118.640625, 0.009526
118.670654296875, -0.045943
118.70068359375, -0.05981
118.730712890625, -0.045943
118.7607421875, -0.039009
118.79052734375, -0.05981
118.820556640625, 0.03726
118.8505859375, -0.129145
118.880615234375, 0.009526
118.91064453125, -0.05981
118.940673828125, 0.182865
118.970703125, -0.066743
119.000732421875, -0.039009
119.03076171875, -0.05981
119.060546875, -0.240082
119.090576171875, 0.044194
119.12060546875, 0.085795
119.150634765625, 0.099662
119.1806640625, -0.018208
119.210693359375, -0.094478
119.24072265625, -0.066743
119.270751953125, -0.004341
119.300537109375, 0.023393
119.33056640625, -0.045943
119.360595703125, -0.094478
119.390625, -0.025142
119.420654296875, -0.05981
119.45068359375, -0.032076
119.480712890625, 0.071928
119.5107421875, 0.092728
119.54052734375, 0.051127
119.570556640625, 0.064994
119.6005859375, -0.052876
119.630615234375, -0.052876
119.66064453125, 0.058061
119.690673828125, 0.023393
119.720703125, 0.051127
119.750732421875, -0.052876
119.78076171875, -0.087544
119.810546875, 0.148197
119.840576171875, -0.052876
119.87060546875, 0.009526
119.900634765625, 0.009526
119.9306640625, -0.08061
119.960693359375, 0.023393
119.99072265625, 0.051127
120.020751953125, 0.023393
120.050537109375, 0.030326
120.08056640625, -0.115278
120.110595703125, 0.023393
120.140625, -0.011275
120.170654296875, 0.051127
120.20068359375, -0.136079
120.230712890625, 0.085795
120.2607421875, -0.122212
120.290771484375, -0.143012
120.320556640625, -0.039009
120.3505859375, 0.044194
120.380615234375, -0.039009
120.41064453125, 0.030326
120.440673828125, -0.198481
120.470703125, -0.052876
120.500732421875, -0.08061
120.53076171875, 0.030326
120.560546875, -0.025142
120.590576171875, 0.002592
120.62060546875, -0.122212
120.650634765625, -0.011275
120.6806640625, 0.058061
120.710693359375, 0.030326
120.74072265625, -0.05981
120.770751953125, -0.052876
120.80078125, -0.05981
120.83056640625, 0.03726
120.860595703125, -0.101411
120.890625, 0.189798
120.920654296875, 0.030326
120.95068359375, 0.016459
120.980712890625, -0.025142
121.0107421875, 0.009526
121.040771484375, -0.094478
121.070556640625, -0.039009
121.1005859375, 0.016459
121.130615234375, -0.018208
121.16064453125, -0.05981
121.190673828125, -0.122212
121.220703125, -0.073677
121.250732421875, 0.078861
121.28076171875, -0.101411
121.310546875, -0.032076
121.340576171875, -0.08061
121.37060546875, 0.106596
121.400634765625, 0.092728
121.4306640625, -0.045943
121.460693359375, -0.052876
121.49072265625, 0.002592
121.520751953125, 0.002592
121.55078125, -0.052876
121.58056640625, 0.044194
121.610595703125, 0.113529
121.640625, 0.141263
121.670654296875, -0.045943
121.70068359375, 0.030326
121.730712890625, 0.044194
121.7607421875, 0.03726
121.790771484375, 0.016459
121.820556640625, 0.13433
121.8505859375, 0.141263
121.880615234375, -0.101411
121.91064453125, -0.191547
121.940673828125, -0.136079
121.970703125, -0.039009
122.000732421875, -0.073677
122.03076171875, -0.045943
122.060791015625, 0.009526
122.090576171875, -0.101411
122.12060546875, 0.127396
122.150634765625, 0.030326
122.1806640625, 0.071928
122.210693359375, -0.08061
122.24072265625, -0.08061
122.270751953125, -0.163813
122.30078125, 0.023393
122.33056640625, 0.064994
122.360595703125, -0.122212
122.390625, 0.113529
122.420654296875, -0.066743
122.45068359375, -0.073677
122.480712890625, 0.023393
122.5107421875, -0.066743
122.540771484375, 0.099662
122.57080078125, 0.002592
122.6005859375, 0.009526
122.630615234375, -0.004341
122.66064453125, -0.08061
122.690673828125, 0.030326
122.720703125, -0.115278
122.750732421875, 0.099662
122.78076171875, 0.085795
122.810791015625, 0.009526
122.840576171875, -0.094478
122.87060546875, -0.032076
122.900634765625, -0.191547
122.9306640625, -0.039009
122.960693359375, -0.143012
122.99072265625, 0.030326
123.020751953125, 0.023393
123.05078125, 0.016459
123.08056640625, 0.064994
123.110595703125, -0.011275
123.140625, 0.030326
123.170654296875, -0.101411
123.20068359375, 0.030326
123.230712890625, -0.101411
123.2607421875, -0.122212
123.290771484375, 0.009526
123.32080078125, 0.051127
123.3505859375, 0.016459
123.380615234375, 0.044194
123.41064453125, 0.162064
123.440673828125, -0.004341
123.470703125, 0.023393
123.500732421875, -0.05981
123.53076171875, -0.004341
123.560791015625, 0.058061
123.590576171875, -0.052876
123.62060546875, -0.004341
123.650634765625, 0.044194
123.6806640625, -0.045943
123.710693359375, 0.009526
123.74072265625, -0.032076
123.770751953125, 0.127396
123.80078125, 0.009526
123.830810546875, 0.113529
123.860595703125, -0.101411
123.890625, 0.009526
123.920654296875, 0.030326
123.95068359375, -0.143012
123.980712890625, 0.044194
124.0107421875, -0.05981
124.040771484375, -0.011275
124.07080078125, -0.025142
124.1005859375, -0.011275
124.130615234375, -0.066743
124.16064453125, -0.045943
124.190673828125, 0.078861
124.220703125, -0.143012
124.250732421875, 0.044194
124.28076171875, 0.141263
124.310791015625, 0.03726
124.340576171875, -0.101411
124.37060546875, -0.108345
124.400634765625, -0.025142
124.4306640625, -0.094478
124.460693359375, 0.064994
124.49072265625, 0.064994
124.520751953125, -0.073677
124.55078125, 0.023393
124.580810546875, -0.094478
124.610595703125, -0.025142
124.640625, 0.016459
124.670654296875, 0.058061
124.70068359375, 0.113529
124.730712890625, 0.023393
124.7607421875, -0.018208
124.790771484375, 0.13433
124.82080078125, 0.002592
124.8505859375, -0.05981
124.880615234375, -0.052876
124.91064453125, -0.045943
124.940673828125, 0.078861
124.970703125, 0.016459
125.000732421875, -0.025142
125.03076171875, 0.051127
125.060791015625, -0.045943
125.0908203125, 0.03726
125.12060546875, -0.039009
125.150634765625, 0.002592
125.1806640625, -0.011275
125.210693359375, -0.004341
125.24072265625, 0.044194
125.270751953125, -0.073677
125.30078125, 0.044194
125.330810546875, -0.045943
125.360595703125, -0.087544
125.390625, -0.018208
125.420654296875, 0.023393
125.45068359375, 0.023393
125.480712890625, 0.085795
125.5107421875, -0.05981
125.540771484375, 0.078861
125.57080078125, -0.108345
125.600830078125, -0.066743
125.630615234375, 0.071928
125.66064453125, 0.030326
125.690673828125, -0.039009
125.720703125, -0.025142
125.750732421875, -0.025142
125.78076171875, -0.045943
125.810791015625, -0.032076
125.8408203125, -0.143012
125.87060546875, -0.011275
125.900634765625, 0.051127
125.9306640625, -0.073677
125.960693359375, 0.058061
125.99072265625, 0.106596
126.020751953125, -0.025142
126.05078125, -0.052876
126.080810546875, -0.004341
126.110595703125, -0.039009
126.140625, 0.113529
126.170654296875, 0.106596
126.20068359375, -0.05981
126.230712890625, 0.078861
126.2607421875, 0.064994
126.290771484375, -0.052876
126.32080078125, -0.004341
126.350830078125, -0.004341
126.380615234375, -0.004341
126.41064453125, 0.002592
126.440673828125, -0.17768
126.470703125, -0.15688
126.500732421875, -0.122212
126.53076171875, 0.002592
126.560791015625, -0.073677
126.5908203125, 0.148197
126.62060546875, -0.011275
126.650634765625, -0.087544
126.6806640625, 0.009526
126.710693359375, -0.032076
126.74072265625, -0.073677
126.770751953125, 0.120463
126.80078125, 0.023393
126.830810546875, -0.045943
126.86083984375, -0.018208
126.890625, -0.094478
126.920654296875, -0.149946
126.95068359375, -0.011275
126.980712890625, -0.018208
127.0107421875, 0.016459
127.040771484375, -0.025142
127.07080078125, -0.039009
127.100830078125, -0.032076
127.130615234375, -0.066743
127.16064453125, -0.045943
127.190673828125, 0.03726
127.220703125, 0.03726
127.250732421875, 0.016459
127.28076171875, -0.05981
127.310791015625, -0.08061
127.3408203125, 0.023393
127.370849609375, 0.016459
127.400634765625, 0.044194
127.4306640625, 0.023393
127.460693359375, 0.051127
127.49072265625, -0.05981
127.520751953125, -0.101411
127.55078125, -0.018208
127.580810546875, 0.016459
127.61083984375, 0.016459
127.640625, 0.113529
127.670654296875, 0.030326
127.70068359375, 0.148197
127.730712890625, 0.15513
127.7607421875, -0.018208
127.790771484375, 0.092728
127.82080078125, 0.120463
127.850830078125, -0.108345
127.880615234375, -0.025142
127.91064453125, -0.018208
127.940673828125, -0.073677
127.970703125, 0.051127
128.000732421875, -0.052876
128.03076171875, 0.120463
128.060791015625, 0.078861
128.0908203125, -0.025142
128.120849609375, 0.051127
128.150634765625, 0.030326
128.1806640625, -0.101411
128.210693359375, -0.018208
128.24072265625, -0.08061
128.270751953125, -0.011275
128.30078125, -0.108345
128.330810546875, 0.051127
128.36083984375, -0.087544
128.390625, -0.032076
128.420654296875, -0.032076
128.45068359375, 0.023393
128.480712890625, -0.087544
128.5107421875, -0.039009
128.540771484375, 0.023393
128.57080078125, -0.136079
128.600830078125, -0.039009
128.630859375, 0.030326
128.66064453125, 0.051127
128.690673828125, -0.025142
128.720703125, 0.044194
128.750732421875, -0.087544
128.78076171875, 0.009526
128.810791015625, -0.136079
128.8408203125, 0.030326
128.870849609375, 0.064994
128.900634765625, -0.039009
128.9306640625, -0.018208
128.960693359375, 0.092728
128.99072265625, 0.058061
129.020751953125, -0.052876
129.05078125, 0.03726
129.080810546875, 0.127396
129.11083984375, 0.085795
129.140625, 0.009526
129.170654296875, -0.087544
129.20068359375, -0.08061
129.230712890625, -0.018208
129.2607421875, -0.15688
129.290771484375, -0.052876
129.32080078125, 0.044194
129.350830078125, -0.018208
129.380859375, 0.023393
129.41064453125, -0.136079
129.440673828125, 0.002592
129.470703125, -0.018208
129.500732421875, -0.129145
129.53076171875, -0.143012
129.560791015625, -0.066743
129.5908203125, -0.032076
129.620849609375, 0.175931
129.650634765625, 0.127396
129.6806640625, -0.08061
129.710693359375, -0.052876
129.74072265625, -0.032076
129.770751953125, -0.073677
129.80078125, -0.101411
129.830810546875, -0.08061
129.86083984375, 0.030326
129.890869140625, 0.064994
129.920654296875, 0.078861
129.95068359375, 0.044194
129.980712890625, -0.052876
130.0107421875, -0.032076
130.040771484375, 0.009526
130.07080078125, -0.025142
130.100830078125, -0.025142
130.130859375, 0.016459
130.16064453125, -0.122212
130.190673828125, -0.011275
130.220703125, 0.092728
130.250732421875, -0.136079
130.28076171875, 0.051127
130.310791015625, 0.113529
130.3408203125, -0.039009
130.370849609375, 0.030326
130.40087890625, 0.016459
130.4306640625, 0.023393
130.460693359375, -0.018208
130.49072265625, 0.044194
130.520751953125, 0.023393
130.55078125, -0.004341
130.580810546875, -0.066743
130.61083984375, 0.016459
130.640869140625, -0.004341
130.670654296875, -0.004341
130.70068359375, 0.106596
130.730712890625, -0.108345
130.7607421875, 0.071928
130.790771484375, 0.106596
130.82080078125, -0.032076
130.850830078125, 0.03726
130.880859375, 0.03726
130.91064453125, 0.085795
130.940673828125, -0.094478
130.970703125, 0.009526
131.000732421875, -0.025142
131.03076171875, -0.087544
131.060791015625, -0.025142
131.0908203125, 0.078861
131.120849609375, -0.08061
131.15087890625, 0.162064
131.1806640625, -0.039009
131.210693359375, -0.045943
131.24072265625, -0.018208
131.270751953125, -0.025142
131.30078125, -0.115278
131.330810546875, -0.094478
131.36083984375, -0.052876
131.390869140625, -0.087544
131.420654296875, -0.08061
131.45068359375, -0.08061
131.480712890625, 0.044194
131.5107421875, 0.058061
131.540771484375, -0.032076
131.57080078125, -0.094478
131.600830078125, 0.044194
131.630859375, 0.051127
131.660888671875, 0.113529
131.690673828125, -0.011275
131.720703125, 0.03726
131.750732421875, -0.087544
131.78076171875, 0.182865
131.810791015625, -0.052876
131.8408203125, -0.018208
131.870849609375, -0.087544
131.90087890625, 0.092728
131.9306640625, -0.032076
131.960693359375, 0.002592
131.99072265625, -0.032076
132.020751953125, -0.025142
132.05078125, -0.039009
132.080810546875, 0.030326
132.11083984375, -0.094478
132.140869140625, 0.092728
132.170654296875, 0.092728
132.20068359375, 0.106596
132.230712890625, 0.030326
132.2607421875, -0.032076
132.290771484375, -0.052876
132.32080078125, -0.101411
132.350830078125, 0.113529
132.380859375, 0.023393
132.410888671875, 0.009526
132.440673828125, -0.05981
132.470703125, -0.05981
132.500732421875, -0.018208
132.53076171875, 0.085795
132.560791015625, 0.078861
132.5908203125, 0.002592
132.620849609375, -0.004341
132.65087890625, 0.016459
132.6806640625, 0.009526
132.710693359375, -0.039009
132.74072265625, -0.004341
132.770751953125, 0.002592
132.80078125, -0.101411
132.830810546875, -0.004341
132.86083984375, 0.13433
132.890869140625, -0.073677
132.9208984375, 0.023393
132.95068359375, 0.023393
132.980712890625, 0.023393
133.0107421875, 0.002592
133.040771484375, 0.071928
133.07080078125, -0.025142
133.100830078125, 0.120463
133.130859375, 0.092728
133.160888671875, -0.011275
133.190673828125, 0.078861
133.220703125, -0.025142
133.250732421875, 0.058061
133.28076171875, -0.032076
133.310791015625, 0.03726
133.3408203125, -0.011275
133.370849609375, 0.127396
133.40087890625, 0.03726
133.430908203125, 0.106596
133.460693359375, 0.002592
133.49072265625, -0.004341
133.520751953125, -0.052876
133.55078125, -0.149946
133.580810546875, 0.051127
133.61083984375, 0.099662
133.640869140625, 0.044194
133.6708984375, 0.051127
133.70068359375, -0.08061
133.730712890625, -0.011275
133.7607421875, -0.094478
133.790771484375, -0.032076
133.82080078125, -0.094478
133.850830078125, 0.148197
133.880859375, -0.045943
133.910888671875, 0.051127
133.940673828125, -0.045943
133.970703125, -0.05981
134.000732421875, 0.023393
134.03076171875, -0.094478
134.060791015625, -0.011275
134.0908203125, 0.002592
134.120849609375, -0.05981
134.15087890625, 0.044194
134.180908203125, 0.002592
134.210693359375, -0.073677
134.24072265625, 0.092728
134.270751953125, -0.039009
134.30078125, 0.085795
134.330810546875, 0.009526
134.36083984375, 0.009526
134.390869140625, -0.087544
134.4208984375, 0.030326
134.45068359375, -0.136079
134.480712890625, -0.094478
134.5107421875, -0.17768
134.540771484375, -0.039009
134.57080078125, 0.03726
134.600830078125, -0.094478
134.630859375, -0.052876
134.660888671875, -0.004341
134.69091796875, -0.108345
134.720703125, -0.253949
134.750732421875, -0.08061
134.78076171875, -0.032076
134.810791015625, -0.101411
134.8408203125, 0.168998
134.870849609375, 0.127396
134.90087890625, 0.064994
134.930908203125, -0.08061
134.960693359375, -0.101411
134.99072265625, -0.032076
135.020751953125, 0.002592
135.05078125, -0.025142
135.080810546875, 0.03726
135.11083984375, 0.023393
135.140869140625, 0.016459
135.1708984375, -0.025142
135.200927734375, 0.071928
135.230712890625, -0.066743
135.2607421875, 0.259134
135.290771484375, -0.052876
135.32080078125, 0.168998
135.350830078125, -0.039009
135.380859375, -0.05981
135.410888671875, -0.087544
135.44091796875, 0.092728
135.470703125, -0.108345
135.500732421875, -0.018208
135.53076171875, 0.127396
135.560791015625, -0.170747
135.5908203125, 0.002592
135.620849609375, -0.032076
135.65087890625, -0.05981
135.680908203125, 0.13433
135.710693359375, -0.052876
135.74072265625, 0.03726
135.770751953125, -0.052876
135.80078125, -0.094478
135.830810546875, -0.170747
135.86083984375, 0.016459
135.890869140625, -0.004341
135.9208984375, -0.073677
135.950927734375, -0.052876
135.980712890625, 0.127396
136.0107421875, -0.122212
136.040771484375, 0.023393
136.07080078125, -0.05981
136.100830078125, 0.03726
136.130859375, 0.051127
136.160888671875, 0.002592
136.19091796875, 0.03726
136.220703125, 0.141263
136.250732421875, -0.032076
136.28076171875, -0.05981
136.310791015625, -0.122212
136.3408203125, -0.05981
136.370849609375, 0.002592
136.40087890625, -0.011275
136.430908203125, -0.087544
136.4609375, 0.030326
136.49072265625, 0.044194
136.520751953125, -0.101411
136.55078125, 0.058061
136.580810546875, 0.051127
136.61083984375, 0.023393
136.640869140625, -0.032076
136.6708984375, 0.044194
136.700927734375, -0.004341
136.730712890625, 0.023393
136.7607421875, 0.044194
136.790771484375, -0.025142
136.82080078125, 0.099662
136.850830078125, -0.025142
136.880859375, 0.016459
136.910888671875, 0.064994
136.94091796875, -0.115278
136.970703125, -0.018208
137.000732421875, -0.032076
137.03076171875, 0.092728
137.060791015625, 0.051127
137.0908203125, -0.094478
137.120849609375, 0.002592
137.15087890625, 0.058061
137.180908203125, 0.03726
137.2109375, -0.032076
137.24072265625, -0.08061
137.270751953125, 0.023393
137.30078125, -0.094478
137.330810546875, -0.163813
137.36083984375, -0.045943
137.390869140625, 0.127396
137.4208984375, -0.039009
137.450927734375, -0.039009
137.480712890625, 0.071928
137.5107421875, 0.127396
137.540771484375, -0.122212
137.57080078125, -0.115278
137.600830078125, 0.051127
137.630859375, -0.073677
137.660888671875, -0.025142
137.69091796875, -0.045943
137.720947265625, -0.115278
137.750732421875, 0.009526
137.78076171875, 0.002592
137.810791015625, -0.018208
137.8408203125, -0.011275
137.870849609375, 0.120463
137.90087890625, -0.018208
137.930908203125, 0.051127
137.9609375, -0.018208
137.99072265625, -0.05981
138.020751953125, 0.092728
138.05078125, 0.071928
138.080810546875, -0.073677
138.11083984375, 0.106596
138.140869140625, -0.004341
138.1708984375, -0.101411
138.200927734375, 0.085795
138.23095703125, -0.198481
138.2607421875, -0.032076
138.290771484375, 0.023393
138.32080078125, 0.023393
138.350830078125, -0.045943
138.380859375, 0.127396
138.410888671875, -0.05981
138.44091796875, -0.004341
138.470947265625, -0.101411
138.500732421875, -0.032076
138.53076171875, 0.106596
138.560791015625, -0.094478
138.5908203125, -0.025142
138.620849609375, -0.004341
138.65087890625, -0.122212
138.680908203125, -0.129145
138.7109375, 0.162064
138.74072265625, -0.018208
138.770751953125, 0.016459
138.80078125, 0.078861
138.830810546875, 0.009526
138.86083984375, -0.045943
138.890869140625, -0.052876
138.9208984375, -0.025142
138.950927734375, -0.108345
138.98095703125, -0.045943
139.0107421875, 0.113529
139.040771484375, 0.009526
139.07080078125, -0.025142
139.100830078125, 0.044194
139.130859375, -0.025142
139.160888671875, -0.066743
139.19091796875, -0.108345
139.220947265625, 0.030326
139.250732421875, 0.058061
139.28076171875, 0.002592
139.310791015625, -0.191547
139.3408203125, -0.08061
139.370849609375, -0.108345
139.40087890625, 0.099662
139.430908203125, 0.127396
139.4609375, -0.025142
139.490966796875, 0.009526
139.520751953125, -0.136079
139.55078125, -0.025142
139.580810546875, 0.099662
139.61083984375, -0.039009
139.640869140625, 0.058061
139.6708984375, -0.122212
139.700927734375, -0.011275
139.73095703125, -0.011275
139.7607421875, -0.039009
139.790771484375, 0.009526
139.82080078125, -0.073677
139.850830078125, 0.051127
139.880859375, -0.018208
139.910888671875, -0.011275
139.94091796875, 0.03726
139.970947265625, 0.016459
140.000732421875, -0.184614
140.03076171875, -0.032076
140.060791015625, 0.092728
140.0908203125, -0.039009
140.120849609375, -0.045943
140.15087890625, -0.011275
140.180908203125, -0.052876
140.2109375, -0.087544
140.240966796875, -0.018208
140.270751953125, -0.032076
140.30078125, -0.011275
140.330810546875, -0.066743
140.36083984375, -0.025142
140.390869140625, -0.025142
140.4208984375, 0.064994
140.450927734375, 0.002592
140.48095703125, 0.064994
140.5107421875, 0.196732
140.540771484375, -0.025142
140.57080078125, 0.044194
140.600830078125, -0.018208
140.630859375, -0.018208
140.660888671875, -0.066743
140.69091796875, -0.129145
140.720947265625, -0.004341
140.7509765625, 0.113529
140.78076171875, -0.073677
140.810791015625, 0.016459
140.8408203125, -0.066743
140.870849609375, 0.03726
140.90087890625, 0.016459
140.930908203125, -0.045943
140.9609375, 0.078861
140.990966796875, 0.058061
141.020751953125, -0.039009
141.05078125, 0.168998
141.080810546875, -0.08061
141.11083984375, 0.148197
141.140869140625, 0.064994
141.1708984375, 0.058061
141.200927734375, 0.002592
141.23095703125, -0.039009
141.260986328125, 0.092728
141.290771484375, -0.045943
141.32080078125, 0.085795
141.350830078125, -0.101411
141.380859375, -0.011275
141.410888671875, -0.101411
141.44091796875, -0.032076
141.470947265625, -0.05981
141.5009765625, -0.039009
141.53076171875, 0.092728
141.560791015625, -0.018208
141.5908203125, -0.066743
141.620849609375, -0.032076
141.65087890625, -0.094478
141.680908203125, -0.073677
141.7109375, -0.025142
141.740966796875, 0.002592
141.770751953125, -0.052876
141.80078125, 0.044194
141.830810546875, -0.05981
141.86083984375, -0.018208
141.890869140625, 0.064994
141.9208984375, 0.002592
141.950927734375, 0.092728
141.98095703125, -0.004341
142.010986328125, -0.122212
142.040771484375, 0.016459
142.07080078125, -0.08061
142.100830078125, 0.078861
142.130859375, 0.099662
142.160888671875, 0.071928
142.19091796875, -0.045943
142.220947265625, 0.03726
142.2509765625, 0.092728
142.28076171875, -0.066743
142.310791015625, 0.044194
142.3408203125, -0.094478
142.370849609375, -0.011275
142.40087890625, 0.030326
142.430908203125, -0.045943
142.4609375, 0.023393
142.490966796875, -0.032076
142.52099609375, -0.122212
142.55078125, -0.05981
142.580810546875, 0.009526
142.61083984375, -0.115278
142.640869140625, 0.009526
142.6708984375, -0.011275
142.700927734375, 0.030326
142.73095703125, -0.025142
142.760986328125, 0.030326
142.790771484375, 0.051127
142.82080078125, 0.044194
142.850830078125, 0.092728
142.880859375, -0.115278
142.910888671875, -0.004341
142.94091796875, -0.073677
142.970947265625, 0.044194
143.0009765625, 0.092728
143.031005859375, 0.113529
143.060791015625, -0.011275
143.0908203125, 0.051127
143.120849609375, -0.011275
143.15087890625, -0.025142
143.180908203125, 0.009526
143.2109375, 0.002592
143.240966796875, -0.025142
143.27099609375, 0.044194
143.30078125, 0.023393
143.330810546875, -0.073677
143.36083984375, 0.009526
143.390869140625, -0.052876
143.4208984375, -0.045943
143.450927734375, 0.03726
143.48095703125, 0.03726
143.510986328125, 0.016459
143.540771484375, -0.149946
143.57080078125, 0.064994
143.600830078125, -0.136079
143.630859375, 0.085795
143.660888671875, 0.016459
143.69091796875, 0.016459
143.720947265625, 0.078861
143.7509765625, 0.058061
143.781005859375, 0.044194
143.810791015625, -0.045943
143.8408203125, -0.163813
143.870849609375, 0.064994
143.90087890625, -0.129145
143.930908203125, 0.058061
143.9609375, 0.071928
143.990966796875, -0.136079
144.02099609375, -0.011275
144.05078125, 0.168998
144.080810546875, 0.092728
144.11083984375, 0.113529
144.140869140625, 0.058061
144.1708984375, 0.016459
144.200927734375, -0.087544
144.23095703125, -0.032076
144.260986328125, 0.064994
144.291015625, 0.030326
144.32080078125, 0.120463
144.350830078125, 0.113529
144.380859375, -0.101411
144.410888671875, 0.127396
144.44091796875, -0.052876
144.470947265625, -0.011275
144.5009765625, 0.016459
144.531005859375, 0.030326
144.560791015625, -0.052876
144.5908203125, 0.064994
144.620849609375, 0.009526
144.65087890625, 0.009526
144.680908203125, -0.018208
144.7109375, 0.078861
144.740966796875, 0.002592
144.77099609375, -0.052876
144.80078125, 0.009526
144.830810546875, 0.044194
144.86083984375, 0.113529
144.890869140625, 0.016459
144.9208984375, -0.108345
144.950927734375, -0.025142
144.98095703125, -0.018208
145.010986328125, 0.023393
145.041015625, -0.087544
145.07080078125, 0.064994
145.100830078125, -0.032076
145.130859375, 0.023393
145.160888671875, 0.009526
145.19091796875, 0.030326
145.220947265625, -0.011275
145.2509765625, 0.064994
145.281005859375, -0.212348
145.310791015625, -0.032076
145.3408203125, 0.120463
145.370849609375, -0.004341
145.40087890625, -0.004341
145.430908203125, 0.085795
145.4609375, -0.018208
145.490966796875, 0.016459
145.52099609375, 0.002592
145.551025390625, 0.03726
145.580810546875, -0.025142
145.61083984375, -0.011275
145.640869140625, -0.018208
145.6708984375, -0.025142
145.700927734375, -0.129145
145.73095703125, -0.101411
145.760986328125, 0.030326
145.791015625, 0.182865
145.82080078125, -0.045943
145.850830078125, 0.182865
145.880859375, -0.066743
145.910888671875, 0.058061
145.94091796875, -0.094478
145.970947265625, -0.087544
146.0009765625, 0.127396
146.031005859375, 0.15513
146.06103515625, 0.148197
146.0908203125, 0.030326
146.120849609375, 0.023393
146.15087890625, 0.030326
146.180908203125, -0.052876
146.2109375, 0.113529
146.240966796875, 0.030326
146.27099609375, -0.066743
146.301025390625, 0.085795
146.330810546875, -0.087544
146.36083984375, -0.039009
146.390869140625, 0.03726
146.4208984375, 0.030326
146.450927734375, -0.101411
146.48095703125, -0.045943
146.510986328125, 0.009526
146.541015625, 0.058061
146.57080078125, 0.113529
146.600830078125, -0.039009
146.630859375, 0.099662
146.660888671875, -0.094478
146.69091796875, -0.032076
146.720947265625, 0.106596
146.7509765625, -0.073677
146.781005859375, -0.011275
146.81103515625, -0.094478
146.8408203125, 0.106596
146.870849609375, -0.004341
146.90087890625, -0.032076
146.930908203125, 0.023393
146.9609375, 0.023393
146.990966796875, -0.094478
147.02099609375, -0.004341
147.051025390625, 0.058061
147.080810546875, -0.129145
147.11083984375, 0.002592
147.140869140625, 0.030326
147.1708984375, 0.016459
147.200927734375, 0.113529
147.23095703125, -0.011275
147.260986328125, 0.092728
147.291015625, -0.018208
147.321044921875, 0.051127
147.350830078125, -0.08061
147.380859375, 0.058061
147.410888671875, 0.044194
147.44091796875, 0.15513
147.470947265625, 0.051127
147.5009765625, -0.018208
147.531005859375, 0.148197
147.56103515625, -0.011275
147.5908203125, -0.045943
147.620849609375, 0.058061
147.65087890625, 0.051127
147.680908203125, -0.15688
147.7109375, 0.03726
147.740966796875, 0.044194
147.77099609375, 0.03726
147.801025390625, 0.030326
147.830810546875, -0.066743
147.86083984375, -0.108345
147.890869140625, -0.018208
147.9208984375, -0.149946
147.950927734375, 0.113529
147.98095703125, 0.182865
148.010986328125, 0.03726
148.041015625, 0.15513
148.071044921875, 0.064994
148.100830078125, -0.094478
148.130859375, 0.051127
148.160888671875, -0.066743
148.19091796875, -0.073677
148.220947265625, 0.009526
148.2509765625, 0.051127
148.281005859375, 0.099662
148.31103515625, 0.203665
148.3408203125, -0.045943
148.370849609375, 0.016459
148.40087890625, 0.002592
148.430908203125, -0.018208
148.4609375, 0.009526
148.490966796875, -0.08061
148.52099609375, -0.17768
148.551025390625, -0.101411
148.5810546875, -0.066743
148.61083984375, 0.009526
148.640869140625, 0.120463
148.6708984375, -0.011275
148.700927734375, 0.016459
148.73095703125, -0.115278
148.760986328125, 0.023393
148.791015625, 0.058061
148.821044921875, 0.078861
148.850830078125, -0.094478
148.880859375, 0.106596
148.910888671875, 0.051127
148.94091796875, -0.039009
148.970947265625, -0.011275
149.0009765625, 0.016459
149.031005859375, 0.099662
149.06103515625, 0.078861
149.091064453125, -0.039009
149.120849609375, 0.023393
149.15087890625, 0.113529
149.180908203125, 0.002592
149.2109375, 0.064994
149.240966796875, -0.052876
149.27099609375, 0.141263
149.301025390625, -0.066743
149.3310546875, 0.030326
149.36083984375, 0.051127
149.390869140625, 0.120463
149.4208984375, 0.092728
149.450927734375, -0.039009
149.48095703125, -0.05981
149.510986328125, -0.101411
149.541015625, 0.030326
149.571044921875, -0.011275
149.600830078125, -0.094478
149.630859375, 0.023393
149.660888671875, -0.045943
149.69091796875, 0.064994
149.720947265625, -0.004341
149.7509765625, 0.064994
149.781005859375, 0.016459
149.81103515625, 0.030326
149.841064453125, -0.136079
149.870849609375, 0.002592
149.90087890625, -0.025142
149.930908203125, 0.078861
149.9609375, 0.051127
149.990966796875, -0.045943
150.02099609375, 0.03726
150.051025390625, -0.094478
150.0810546875, -0.170747
150.11083984375, -0.039009
150.140869140625, 0.259134
150.1708984375, 0.03726
150.200927734375, -0.149946
150.23095703125, 0.120463
150.260986328125, -0.039009
150.291015625, -0.032076
150.321044921875, -0.018208
150.35107421875, 0.099662
150.380859375, 0.023393
150.410888671875, -0.05981
150.44091796875, 0.016459
150.470947265625, -0.101411
150.5009765625, -0.05981
150.531005859375, -0.087544
150.56103515625, 0.175931
150.591064453125, 0.016459
150.620849609375, 0.051127
150.65087890625, 0.058061
150.680908203125, 0.085795
150.7109375, 0.023393
150.740966796875, 0.016459
150.77099609375, 0.009526
150.801025390625, -0.039009
150.8310546875, -0.045943
150.861083984375, 0.058061
150.890869140625, -0.08061
150.9208984375, -0.039009
150.950927734375, 0.078861
150.98095703125, -0.045943
151.010986328125, 0.058061
151.041015625, 0.03726
151.071044921875, -0.08061
151.10107421875, -0.045943
151.130859375, 0.044194
151.160888671875, -0.025142
151.19091796875, -0.05981
151.220947265625, 0.009526
151.2509765625, -0.011275
151.281005859375, 0.051127
151.31103515625, 0.099662
151.341064453125, -0.094478
151.370849609375, -0.032076
151.40087890625, 0.016459
151.430908203125, 0.106596
151.4609375, -0.129145
151.490966796875, -0.149946
151.52099609375, 0.03726
151.551025390625, 0.127396
151.5810546875, 0.106596
151.611083984375, 0.023393
151.640869140625, 0.085795
151.6708984375, -0.045943
151.700927734375, 0.002592
151.73095703125, 0.175931
151.760986328125, 0.127396
151.791015625, 0.092728
151.821044921875, 0.058061
151.85107421875, -0.045943
151.880859375, -0.018208
151.910888671875, 0.092728
151.94091796875, -0.05981
151.970947265625, 0.023393
152.0009765625, 0.099662
152.031005859375, 0.03726
152.06103515625, 0.030326
152.091064453125, 0.044194
152.12109375, -0.025142
152.15087890625, -0.066743
152.180908203125, -0.05981
152.2109375, 0.071928
152.240966796875, -0.129145
152.27099609375, 0.009526
152.301025390625, -0.018208
152.3310546875, 0.064994
152.361083984375, -0.018208
152.390869140625, 0.002592
152.4208984375, -0.143012
152.450927734375, 0.13433
152.48095703125, 0.03726
152.510986328125, 0.044194
152.541015625, -0.05981
152.571044921875, -0.066743
152.60107421875, 0.092728
152.630859375, -0.08061
152.660888671875, -0.108345
152.69091796875, -0.108345
152.720947265625, -0.122212
152.7509765625, -0.045943
152.781005859375, 0.009526
152.81103515625, 0.03726
152.841064453125, 0.044194
152.87109375, 0.016459
152.90087890625, -0.004341
152.930908203125, -0.08061
152.9609375, -0.05981
152.990966796875, -0.052876
153.02099609375, 0.03726
153.051025390625, 0.023393
153.0810546875, -0.08061
153.111083984375, 0.217532
153.140869140625, 0.051127
153.1708984375, 0.002592
153.200927734375, 0.127396
153.23095703125, -0.143012
153.260986328125, -0.108345
153.291015625, -0.066743
153.321044921875, 0.141263
153.35107421875, 0.127396
153.381103515625, 0.044194
153.410888671875, -0.052876
153.44091796875, -0.011275
153.470947265625, -0.108345
153.5009765625, 0.03726
153.531005859375, -0.032076
153.56103515625, 0.002592
153.591064453125, -0.032076
153.62109375, -0.052876
153.65087890625, 0.106596
153.680908203125, 0.030326
153.7109375, 0.168998
153.740966796875, 0.196732
153.77099609375, -0.108345
153.801025390625, -0.108345
153.8310546875, 0.030326
153.861083984375, -0.129145
153.89111328125, -0.05981
153.9208984375, 0.016459
153.950927734375, 0.023393
153.98095703125, 0.078861
154.010986328125, 0.085795
154.041015625, -0.039009
154.071044921875, -0.143012
154.10107421875, 0.106596
154.131103515625, 0.016459
154.160888671875, -0.039009
154.19091796875, -0.066743
154.220947265625, 0.064994
154.2509765625, 0.03726
154.281005859375, 0.051127
154.31103515625, -0.011275
154.341064453125, -0.184614
154.37109375, 0.03726
154.40087890625, 0.044194
154.430908203125, -0.05981
154.4609375, 0.106596
154.490966796875, -0.087544
154.52099609375, 0.078861
154.551025390625, -0.087544
154.5810546875, 0.051127
154.611083984375, 0.092728
154.64111328125, -0.05981
154.6708984375, 0.023393
154.700927734375, 0.016459
154.73095703125, 0.15513
154.760986328125, -0.018208
154.791015625, -0.039009
154.821044921875, -0.136079
154.85107421875, -0.011275
154.881103515625, 0.016459
154.910888671875, -0.018208
154.94091796875, 0.078861
154.970947265625, -0.011275
155.0009765625, 0.009526
155.031005859375, 0.030326
155.06103515625, 0.058061
155.091064453125, 0.03726
155.12109375, -0.025142
155.151123046875, -0.108345
155.180908203125, 0.030326
155.2109375, -0.032076
155.240966796875, 0.009526
155.27099609375, 0.002592
155.301025390625, -0.052876
155.3310546875, -0.004341
155.361083984375, 0.148197
155.39111328125, -0.025142
155.4208984375, -0.073677
155.450927734375, -0.052876
155.48095703125, -0.101411
155.510986328125, 0.127396
155.541015625, -0.052876
155.571044921875, 0.127396
155.60107421875, -0.011275
155.631103515625, 0.120463
155.660888671875, 0.03726
155.69091796875, 0.071928
155.720947265625, -0.101411
155.7509765625, -0.039009
155.781005859375, -0.136079
155.81103515625, 0.030326
155.841064453125, 0.148197
155.87109375, 0.064994
155.901123046875, 0.002592
155.930908203125, 0.051127
155.9609375, -0.018208
155.990966796875, 0.162064
156.02099609375, 0.224466
156.051025390625, 0.030326
156.0810546875, 0.030326
156.111083984375, 0.148197
156.14111328125, 0.085795
156.1708984375, -0.05981
156.200927734375, -0.149946
156.23095703125, 0.120463
156.260986328125, 0.002592
156.291015625, -0.039009
156.321044921875, -0.066743
156.35107421875, -0.018208
156.381103515625, 0.002592
156.4111328125, -0.052876
156.44091796875, 0.120463
156.470947265625, 0.030326
156.5009765625, -0.094478
156.531005859375, 0.03726
156.56103515625, -0.018208
156.591064453125, -0.073677
156.62109375, -0.025142
156.651123046875, -0.011275
156.680908203125, -0.039009
156.7109375, -0.011275
156.740966796875, -0.08061
156.77099609375, -0.011275
156.801025390625, 0.044194
156.8310546875, 0.009526
156.861083984375, -0.052876
156.89111328125, 0.016459
156.921142578125, -0.066743
156.950927734375, 0.085795
156.98095703125, -0.018208
157.010986328125, -0.094478
157.041015625, -0.018208
157.071044921875, 0.051127
157.10107421875, -0.073677
157.131103515625, 0.051127
157.1611328125, -0.143012
157.19091796875, 0.009526
157.220947265625, -0.066743
157.2509765625, -0.045943
157.281005859375, -0.018208
157.31103515625, -0.170747
157.341064453125, 0.002592
157.37109375, -0.004341
157.401123046875, 0.023393
157.430908203125, -0.039009
157.4609375, -0.122212
157.490966796875, -0.149946
157.52099609375, 0.078861
157.551025390625, 0.189798
157.5810546875, 0.071928
157.611083984375, -0.05981
157.64111328125, 0.064994
157.671142578125, 0.044194
157.700927734375, 0.044194
157.73095703125, 0.030326
157.760986328125, 0.085795
157.791015625, -0.039009
157.821044921875, -0.08061
157.85107421875, -0.073677
157.881103515625, 0.009526
157.9111328125, 0.092728
157.94091796875, -0.004341
157.970947265625, -0.039009
158.0009765625, 0.127396
158.031005859375, -0.108345
158.06103515625, -0.011275
158.091064453125, -0.032076
158.12109375, -0.011275
158.151123046875, 0.168998
158.18115234375, -0.011275
158.2109375, -0.087544
158.240966796875, -0.087544
158.27099609375, -0.136079
158.301025390625, 0.064994
158.3310546875, 0.092728
158.361083984375, 0.099662
158.39111328125, 0.03726
158.421142578125, -0.004341
158.450927734375, -0.122212
158.48095703125, -0.039009
158.510986328125, 0.030326
158.541015625, 0.044194
158.571044921875, -0.066743
158.60107421875, -0.018208
158.631103515625, 0.009526
158.6611328125, 0.071928
158.691162109375, 0.016459
158.720947265625, 0.03726
158.7509765625, -0.170747
158.781005859375, 0.009526
158.81103515625, 0.051127
158.841064453125, 0.168998
158.87109375, 0.051127
158.901123046875, 0.064994
158.93115234375, 0.03726
158.9609375, 0.03726
158.990966796875, 0.099662
159.02099609375, 0.064994
159.051025390625, 0.009526
159.0810546875, 0.016459
159.111083984375, 0.044194
159.14111328125, 0.044194
159.171142578125, 0.058061
159.200927734375, -0.032076
159.23095703125, -0.045943
159.260986328125, -0.018208
159.291015625, -0.253949
159.321044921875, -0.004341
159.35107421875, 0.196732
159.381103515625, 0.051127
159.4111328125, -0.025142
159.441162109375, -0.066743
159.470947265625, -0.045943
159.5009765625, 0.120463
159.531005859375, 0.113529
159.56103515625, 0.044194
159.591064453125, -0.066743
159.62109375, 0.058061
159.651123046875, -0.05981
159.68115234375, 0.009526
159.7109375, -0.039009
159.740966796875, -0.087544
159.77099609375, 0.016459
159.801025390625, -0.087544
159.8310546875, 0.002592
159.861083984375, 0.023393
159.89111328125, -0.08061
159.921142578125, 0.15513
159.951171875, 0.051127
159.98095703125, 0.078861
160.010986328125, -0.087544
160.041015625, -0.073677
160.071044921875, -0.129145
160.10107421875, 0.175931
160.131103515625, 0.009526
160.1611328125, -0.087544
160.191162109375, -0.08061
160.220947265625, -0.018208
160.2509765625, 0.030326
160.281005859375, 0.03726
160.31103515625, 0.016459
160.341064453125, -0.05981
160.37109375, 0.016459
160.401123046875, 0.023393
160.43115234375, 0.064994
160.4609375, 0.002592
160.490966796875, 0.071928
160.52099609375, -0.05981
160.551025390625, 0.030326
160.5810546875, -0.066743
160.611083984375, 0.099662
160.64111328125, 0.106596
160.671142578125, 0.120463
160.701171875, 0.085795
160.73095703125, 0.106596
160.760986328125, 0.03726
160.791015625, -0.108345
160.821044921875, 0.023393
160.85107421875, 0.023393
160.881103515625, -0.018208
160.9111328125, 0.175931
160.941162109375, 0.141263
160.970947265625, -0.226215
161.0009765625, 0.009526
161.031005859375, -0.004341
161.06103515625, -0.087544
161.091064453125, -0.018208
161.12109375, 0.044194
161.151123046875, -0.184614
161.18115234375, -0.122212
161.211181640625, 0.002592
161.240966796875, -0.052876
161.27099609375, 0.175931
161.301025390625, -0.025142
161.3310546875, 0.078861
161.361083984375, -0.052876
161.39111328125, -0.136079
161.421142578125, -0.066743
161.451171875, 0.009526
161.48095703125, 0.127396
161.510986328125, 0.071928
161.541015625, -0.212348
161.571044921875, -0.032076
161.60107421875, 0.099662
161.631103515625, 0.168998
161.6611328125, -0.129145
161.691162109375, 0.016459
161.72119140625, -0.018208
161.7509765625, 0.009526
161.781005859375, 0.016459
161.81103515625, 0.002592
161.841064453125, 0.099662
161.87109375, 0.009526
161.901123046875, 0.071928
161.93115234375, -0.045943
161.961181640625, 0.03726
161.990966796875, 0.078861
162.02099609375, 0.071928
162.051025390625, 0.044194
162.0810546875, -0.018208
162.111083984375, -0.039009
162.14111328125, 0.030326
162.171142578125, 0.085795
162.201171875, 0.051127
162.23095703125, -0.143012
162.260986328125, 0.113529
162.291015625, -0.073677
162.321044921875, -0.032076
162.35107421875, 0.078861
162.381103515625, 0.002592
162.4111328125, 0.002592
162.441162109375, 0.023393
162.47119140625, 0.023393
162.5009765625, 0.071928
162.531005859375, 0.058061
162.56103515625, 0.085795
162.591064453125, -0.163813
162.62109375, -0.08061
162.651123046875, 0.127396
162.68115234375, 0.120463
162.711181640625, -0.039009
162.740966796875, 0.009526
162.77099609375, 0.071928
162.801025390625, 0.016459
162.8310546875, 0.03726
162.861083984375, 0.092728
162.89111328125, -0.004341
162.921142578125, 0.099662
162.951171875, -0.004341
162.981201171875, 0.002592
163.010986328125, -0.122212
163.041015625, -0.066743
163.071044921875, 0.058061
163.10107421875, 0.03726
163.131103515625, 0.078861
163.1611328125, 0.03726
163.191162109375, -0.032076
163.22119140625, 0.13433
163.2509765625, 0.141263
163.281005859375, 0.044194
163.31103515625, -0.018208
163.341064453125, -0.066743
163.37109375, 0.120463
163.401123046875, 0.113529
163.43115234375, -0.073677
163.461181640625, -0.039009
163.4912109375, -0.039009
163.52099609375, -0.136079
163.551025390625, -0.087544
163.5810546875, 0.058061
163.611083984375, 0.064994
163.64111328125, 0.106596
163.671142578125, -0.039009
163.701171875, -0.018208
163.731201171875, -0.025142
163.760986328125, -0.066743
163.791015625, -0.045943
163.821044921875, 0.078861
163.85107421875, -0.087544
163.881103515625, 0.023393
163.9111328125, 0.023393
163.941162109375, 0.099662
163.97119140625, 0.023393
164.0009765625, 0.030326
164.031005859375, -0.052876
164.06103515625, 0.058061
164.091064453125, 0.127396
164.12109375, 0.092728
164.151123046875, -0.032076
164.18115234375, -0.08061
164.211181640625, -0.004341
164.2412109375, 0.044194
164.27099609375, -0.018208
164.301025390625, 0.009526
164.3310546875, -0.039009
164.361083984375, 0.058061
164.39111328125, 0.099662
164.421142578125, 0.071928
164.451171875, 0.044194
164.481201171875, 0.03726
164.510986328125, 0.085795
164.541015625, 0.002592
164.571044921875, 0.030326
164.60107421875, 0.092728
164.631103515625, -0.018208
164.6611328125, -0.149946
164.691162109375, -0.066743
164.72119140625, -0.052876
164.751220703125, -0.05981
164.781005859375, 0.030326
164.81103515625, -0.05981
164.841064453125, -0.025142
164.87109375, -0.025142
164.901123046875, -0.052876
164.93115234375, -0.108345
164.961181640625, 0.002592
164.9912109375, -0.045943
165.02099609375, -0.025142
165.051025390625, 0.15513
165.0810546875, -0.073677
165.111083984375, -0.108345
165.14111328125, -0.08061
165.171142578125, -0.087544
165.201171875, 0.016459
165.231201171875, 0.099662
165.260986328125, 0.016459
165.291015625, 0.051127
165.321044921875, 0.078861
165.35107421875, 0.120463
165.381103515625, -0.066743
165.4111328125, -0.094478
165.441162109375, -0.032076
165.47119140625, 0.182865
165.501220703125, 0.058061
165.531005859375, -0.087544
165.56103515625, 0.044194
165.591064453125, 0.023393
165.62109375, 0.044194
165.651123046875, -0.066743
165.68115234375, -0.163813
165.711181640625, 0.13433
165.7412109375, 0.002592
165.77099609375, 0.13433
165.801025390625, 0.03726
165.8310546875, -0.149946
165.861083984375, 0.044194
165.89111328125, 0.023393
165.921142578125, 0.016459
165.951171875, -0.052876
165.981201171875, -0.052876
166.01123046875, -0.066743
166.041015625, -0.15688
166.071044921875, 0.023393
166.10107421875, -0.004341
166.131103515625, -0.018208
166.1611328125, -0.039009
166.191162109375, -0.073677
166.22119140625, 0.016459
166.251220703125, 0.023393
166.281005859375, 0.023393
166.31103515625, -0.025142
166.341064453125, -0.045943
166.37109375, 0.168998
166.401123046875, -0.066743
166.43115234375, -0.018208
166.461181640625, 0.002592
166.4912109375, 0.099662
166.521240234375, 0.148197
166.551025390625, -0.052876
166.5810546875, 0.023393
166.611083984375, -0.052876
166.64111328125, 0.085795
166.671142578125, -0.011275
166.701171875, -0.045943
166.731201171875, -0.052876
166.76123046875, 0.030326
166.791015625, 0.009526
166.821044921875, -0.052876
166.85107421875, -0.032076
166.881103515625, -0.087544
166.9111328125, -0.004341
166.941162109375, 0.127396
166.97119140625, 0.016459
167.001220703125, 0.03726
167.031005859375, -0.011275
167.06103515625, -0.143012
167.091064453125, -0.122212
167.12109375, 0.113529
167.151123046875, -0.025142
167.18115234375, 0.106596
167.211181640625, 0.030326
167.2412109375, -0.101411
167.271240234375, -0.052876
167.301025390625, 0.002592
167.3310546875, 0.085795
167.361083984375, 0.044194
167.39111328125, -0.052876
167.421142578125, 0.03726
167.451171875, -0.052876
167.481201171875, 0.023393
167.51123046875, -0.05981
167.541015625, 0.030326
167.571044921875, -0.101411
167.60107421875, 0.071928
167.631103515625, 0.051127
167.6611328125, 0.002592
167.691162109375, -0.05981
167.72119140625, 0.016459
167.751220703125, -0.05981
167.78125, -0.039009
167.81103515625, 0.03726
167.841064453125, -0.122212
167.87109375, -0.032076
167.901123046875, -0.05981
167.93115234375, 0.064994
167.961181640625, 0.071928
167.9912109375, 0.141263
168.021240234375, -0.052876
168.051025390625, -0.004341
168.0810546875, 0.023393
168.111083984375, -0.018208
168.14111328125, -0.05981
168.171142578125, 0.148197
168.201171875, -0.018208
168.231201171875, 0.030326
168.26123046875, -0.15688
168.291015625, 0.016459
168.321044921875, 0.044194
168.35107421875, -0.205414
168.381103515625, -0.094478
168.4111328125, 0.071928
168.441162109375, -0.129145
168.47119140625, 0.15513
168.501220703125, 0.002592
168.53125, 0.092728
168.56103515625, -0.018208
168.591064453125, -0.039009
168.62109375, -0.052876
168.651123046875, -0.108345
168.68115234375, 0.03726
168.711181640625, -0.122212
168.7412109375, 0.030326
168.771240234375, 0.002592
168.801025390625, 0.016459
168.8310546875, -0.004341
168.861083984375, 0.141263
168.89111328125, -0.08061
168.921142578125, -0.066743
168.951171875, 0.120463
168.981201171875, -0.004341
169.01123046875, 0.044194
169.041259765625, 0.009526
169.071044921875, 0.016459
169.10107421875, 0.03726
169.131103515625, -0.025142
169.1611328125, 0.099662
169.191162109375, 0.044194
169.22119140625, 0.078861
169.251220703125, 0.106596
169.28125, -0.066743
169.31103515625, 0.092728
169.341064453125, 0.058061
169.37109375, 0.058061
169.401123046875, 0.044194
169.43115234375, 0.099662
169.461181640625, -0.094478
169.4912109375, -0.115278
169.521240234375, -0.004341
169.55126953125, -0.05981
169.5810546875, 0.009526
169.611083984375, 0.064994
169.64111328125, 0.092728
169.671142578125, -0.066743
169.701171875, -0.087544
169.731201171875, -0.004341
169.76123046875, 0.03726
169.791259765625, -0.15688
169.821044921875, -0.101411
169.85107421875, -0.004341
169.881103515625, -0.073677
169.9111328125, 0.009526
169.941162109375, -0.032076
169.97119140625, -0.05981
170.001220703125, 0.044194
170.03125, -0.011275
170.06103515625, -0.247016
170.091064453125, 0.051127
170.12109375, -0.122212
170.151123046875, 0.106596
170.18115234375, -0.101411
170.211181640625, -0.094478
170.2412109375, 0.030326
170.271240234375, -0.052876
170.30126953125, 0.120463
170.3310546875, -0.05981
170.361083984375, 0.064994
170.39111328125, -0.011275
170.421142578125, -0.087544
170.451171875, -0.004341
170.481201171875, 0.030326
170.51123046875, 0.071928
170.541259765625, 0.141263
170.571044921875, 0.009526
170.60107421875, 0.071928
170.631103515625, -0.004341
170.6611328125, 0.113529
170.691162109375, -0.018208
170.72119140625, -0.039009
170.751220703125, -0.032076
170.78125, 0.071928
170.811279296875, -0.05981
170.841064453125, 0.078861
170.87109375, -0.143012
170.901123046875, 0.044194
170.93115234375, 0.162064
170.961181640625, 0.044194
170.9912109375, -0.025142
171.021240234375, 0.002592
171.05126953125, 0.182865
171.0810546875, 0.071928
171.111083984375, 0.058061
171.14111328125, 0.002592
171.171142578125, -0.066743
171.201171875, -0.011275
171.231201171875, 0.009526
171.26123046875, 0.13433
171.291259765625, 0.03726
171.3212890625, -0.17768
171.35107421875, 0.002592
171.381103515625, 0.078861
171.4111328125, -0.101411
171.441162109375, 0.148197
171.47119140625, 0.044194
171.501220703125, -0.011275
171.53125, 0.03726
171.561279296875, 0.044194
171.591064453125, 0.051127
171.62109375, -0.045943
171.651123046875, -0.066743
171.68115234375, 0.064994
171.711181640625, 0.023393
171.7412109375, 0.009526
171.771240234375, -0.039009
171.80126953125, 0.030326
171.8310546875, -0.025142
171.861083984375, 0.023393
171.89111328125, 0.03726
171.921142578125, 0.023393
171.951171875, -0.101411
171.981201171875, -0.011275
172.01123046875, 0.03726
172.041259765625, -0.011275
172.0712890625, -0.073677
172.10107421875, -0.052876
172.131103515625, 0.016459
172.1611328125, 0.099662
172.191162109375, -0.004341
172.22119140625, -0.045943
172.251220703125, 0.085795
172.28125, 0.016459
172.311279296875, -0.052876
172.341064453125, -0.129145
172.37109375, -0.004341
172.401123046875, -0.05981
172.43115234375, 0.016459
172.461181640625, 0.002592
172.4912109375, 0.127396
172.521240234375, -0.184614
172.55126953125, -0.08061
172.581298828125, -0.025142
172.611083984375, -0.032076
172.64111328125, 0.016459
172.671142578125, 0.03726
172.701171875, 0.03726
172.731201171875, 0.03726
172.76123046875, 0.078861
172.791259765625, 0.071928
172.8212890625, 0.03726
172.85107421875, -0.032076
172.881103515625, 0.071928
172.9111328125, -0.011275
172.941162109375, -0.039009
172.97119140625, -0.122212
173.001220703125, -0.018208
173.03125, -0.087544
173.061279296875, -0.039009
173.091064453125, -0.011275
173.12109375, -0.039009
173.151123046875, 0.113529
173.18115234375, 0.023393
173.211181640625, 0.002592
173.2412109375, 0.071928
173.271240234375, -0.08061
173.30126953125, 0.106596
173.331298828125, -0.018208
173.361083984375, 0.058061
173.39111328125, 0.078861
173.421142578125, -0.08061
173.451171875, -0.066743
173.481201171875, -0.025142
173.51123046875, 0.023393
173.541259765625, -0.17768
173.5712890625, 0.009526
173.60107421875, -0.108345
173.631103515625, 0.078861
173.6611328125, 0.016459
173.691162109375, 0.03726
173.72119140625, 0.002592
173.751220703125, -0.087544
173.78125, -0.045943
173.811279296875, -0.025142
173.84130859375, -0.052876
173.87109375, -0.032076
173.901123046875, -0.05981
173.93115234375, 0.120463
173.961181640625, 0.099662
173.9912109375, -0.087544
174.021240234375, -0.025142
174.05126953125, -0.018208
174.081298828125, 0.051127
174.111083984375, -0.08061
174.14111328125, -0.087544
174.171142578125, 0.113529
174.201171875, 0.002592
174.231201171875, -0.073677
174.26123046875, -0.039009
174.291259765625, -0.011275
174.3212890625, 0.002592
174.351318359375, -0.052876
174.381103515625, 0.030326
174.4111328125, 0.058061
174.441162109375, -0.039009
174.47119140625, 0.03726
174.501220703125, -0.018208
174.53125, -0.122212
174.561279296875, -0.032076
174.59130859375, -0.191547
174.62109375, -0.066743
174.651123046875, 0.016459
174.68115234375, 0.016459
174.711181640625, 0.051127
174.7412109375, 0.016459
174.771240234375, 0.266067
174.80126953125, -0.066743
174.831298828125, 0.023393
174.861083984375, 0.023393
174.89111328125, 0.023393
174.921142578125, 0.092728
174.951171875, -0.073677
174.981201171875, 0.141263
175.01123046875, 0.245267
175.041259765625, -0.136079
175.0712890625, -0.115278
175.101318359375, 0.058061
175.131103515625, -0.129145
175.1611328125, 0.051127
175.191162109375, 0.099662
175.22119140625, 0.13433
175.251220703125, 0.03726
175.28125, -0.149946
175.311279296875, 0.009526
175.34130859375, -0.011275
175.37109375, -0.018208
175.401123046875, 0.071928
175.43115234375, -0.045943
175.461181640625, -0.045943
175.4912109375, -0.045943
175.521240234375, -0.163813
175.55126953125, 0.009526
175.581298828125, -0.073677
175.611328125, -0.018208
175.64111328125, 0.099662
175.671142578125, -0.087544
175.701171875, -0.052876
175.731201171875, 0.127396
175.76123046875, -0.087544
175.791259765625, -0.066743
175.8212890625, 0.016459
175.851318359375, -0.08061
175.881103515625, 0.016459
175.9111328125, -0.05981
175.941162109375, 0.030326
175.97119140625, -0.08061
176.001220703125, -0.045943
176.03125, 0.016459
176.061279296875, -0.087544
176.09130859375, 0.078861
176.12109375, 0.058061
176.151123046875, -0.066743
176.18115234375, 0.058061
176.211181640625, -0.039009
176.2412109375, 0.016459
176.271240234375, -0.115278
176.30126953125, -0.032076
176.331298828125, -0.045943
176.361328125, 0.071928
176.39111328125, 0.044194
176.421142578125, 0.168998
176.451171875, 0.051127
176.481201171875, 0.078861
176.51123046875, -0.163813
176.541259765625, 0.002592
176.5712890625, 0.002592
176.601318359375, -0.004341
176.631103515625, 0.15513
176.6611328125, 0.15513
176.691162109375, 0.099662
176.72119140625, -0.004341
176.751220703125, -0.05981
176.78125, -0.025142
176.811279296875, 0.106596
176.84130859375, -0.101411
176.871337890625, 0.016459
176.901123046875, -0.004341
176.93115234375, -0.094478
176.961181640625, 0.002592
176.9912109375, 0.085795
177.021240234375, 0.127396
177.05126953125, 0.002592
177.081298828125, 0.051127
177.111328125, -0.004341
177.14111328125, 0.030326
177.171142578125, -0.066743
177.201171875, 0.113529
177.231201171875, 0.13433
177.26123046875, 0.023393
177.291259765625, 0.120463
177.3212890625, 0.182865
177.351318359375, 0.085795
177.38134765625, -0.011275
177.4111328125, -0.039009
177.441162109375, 0.092728
177.47119140625, 0.044194
177.501220703125, 0.016459
177.53125, -0.05981
177.561279296875, -0.039009
177.59130859375, 0.030326
177.621337890625, 0.141263
177.651123046875, -0.129145
177.68115234375, -0.136079
177.711181640625, 0.064994
177.7412109375, 0.120463
177.771240234375, -0.101411
177.80126953125, 0.189798
177.831298828125, -0.052876
177.861328125, -0.08061
177.89111328125, 0.064994
177.921142578125, -0.045943
177.951171875, -0.108345
177.981201171875, 0.071928
178.01123046875, 0.064994
178.041259765625, 0.016459
178.0712890625, 0.023393
178.101318359375, -0.025142
178.13134765625, -0.039009
178.1611328125, 0.009526
178.191162109375, -0.045943
178.22119140625, -0.018208
178.251220703125, 0.113529
178.28125, -0.05981
178.311279296875, -0.073677
178.34130859375, 0.030326
178.371337890625, -0.045943
178.401123046875, -0.018208
178.43115234375, -0.05981
178.461181640625, 0.085795
178.4912109375, -0.101411
178.521240234375, 0.071928
178.55126953125, 0.085795
178.581298828125, 0.141263
178.611328125, -0.143012
178.641357421875, 0.099662
178.671142578125, 0.03726
178.701171875, -0.018208
178.731201171875, -0.032076
178.76123046875, 0.051127
178.791259765625, 0.120463
178.8212890625, 0.016459
178.851318359375, 0.044194
178.88134765625, 0.141263
178.9111328125, 0.030326
178.941162109375, -0.087544
178.97119140625, -0.136079
179.001220703125, -0.004341
179.03125, 0.13433
179.061279296875, -0.101411
179.09130859375, 0.064994
179.121337890625, 0.064994
179.1513671875, 0.044194
179.18115234375, 0.002592
179.211181640625, 0.092728
179.2412109375, 0.064994
179.271240234375, -0.17768
179.30126953125, -0.136079
179.331298828125, -0.073677
179.361328125, 0.002592
179.391357421875, -0.066743
179.421142578125, 0.009526
179.451171875, -0.018208
179.481201171875, -0.039009
179.51123046875, 0.044194
179.541259765625, -0.011275
179.5712890625, 0.099662
179.601318359375, -0.087544
179.63134765625, -0.087544
179.6611328125, -0.004341
179.691162109375, -0.087544
179.72119140625, 0.051127
179.751220703125, 0.03726
179.78125, -0.004341
179.811279296875, 0.016459
179.84130859375, 0.044194
179.871337890625, -0.011275
179.9013671875, 0.009526
179.93115234375, 0.030326
179.961181640625, -0.149946
179.9912109375, 0.064994
180.021240234375, 0.030326
180.05126953125, -0.018208
180.081298828125, 0.044194
180.111328125, -0.052876
180.141357421875, -0.011275
180.171142578125, -0.115278
180.201171875, -0.066743
180.231201171875, 0.016459
180.26123046875, -0.052876
180.291259765625, 0.044194
180.3212890625, 0.002592
180.351318359375, 0.078861
180.38134765625, -0.129145
180.411376953125, 0.078861
180.441162109375, 0.189798
180.47119140625, -0.004341
180.501220703125, -0.052876
180.53125, -0.004341
180.561279296875, -0.094478
180.59130859375, -0.011275
180.621337890625, 0.13433
180.6513671875, 0.092728
180.68115234375, 0.13433
180.711181640625, 0.13433
180.7412109375, 0.141263
180.771240234375, -0.05981
180.80126953125, -0.094478
180.831298828125, -0.052876
180.861328125, 0.023393
180.891357421875, 0.203665
180.921142578125, 0.009526
180.951171875, -0.094478
180.981201171875, -0.05981
181.01123046875, -0.025142
181.041259765625, -0.052876
181.0712890625, 0.148197
181.101318359375, -0.08061
181.13134765625, -0.05981
181.161376953125, 0.092728
181.191162109375, 0.023393
181.22119140625, 0.113529
181.251220703125, -0.018208
181.28125, 0.058061
181.311279296875, -0.066743
181.34130859375, -0.018208
181.371337890625, 0.03726
181.4013671875, -0.066743
181.43115234375, 0.078861
181.461181640625, -0.032076
181.4912109375, 0.085795
181.521240234375, -0.039009
181.55126953125, -0.011275
181.581298828125, -0.045943
181.611328125, 0.099662
181.641357421875, 0.002592
181.67138671875, 0.058061
181.701171875, -0.045943
181.731201171875, -0.136079
181.76123046875, -0.045943
181.791259765625, 0.023393
181.8212890625, -0.073677
181.851318359375, -0.129145
181.88134765625, -0.004341
181.911376953125, 0.03726
181.941162109375, 0.106596
181.97119140625, 0.085795
182.001220703125, 0.058061
182.03125, 0.127396
182.061279296875, 0.064994
182.09130859375, -0.004341
182.121337890625, 0.106596
182.1513671875, 0.058061
182.181396484375, 0.044194
182.211181640625, -0.039009
182.2412109375, -0.004341
182.271240234375, 0.058061
182.30126953125, 0.099662
182.331298828125, 0.03726
182.361328125, -0.004341
182.391357421875, -0.004341
182.42138671875, -0.032076
182.451171875, -0.004341
182.481201171875, -0.05981
182.51123046875, 0.099662
182.541259765625, -0.05981
182.5712890625, -0.032076
182.601318359375, -0.094478
182.63134765625, 0.023393
182.661376953125, 0.099662
182.691162109375, 0.092728
182.72119140625, -0.011275
182.751220703125, -0.073677
182.78125, -0.025142
182.811279296875, 0.064994
182.84130859375, -0.032076
182.871337890625, 0.023393
182.9013671875, 0.009526
182.931396484375, 0.148197
182.961181640625, -0.025142
182.9912109375, -0.066743
183.021240234375, 0.064994
183.05126953125, 0.120463
183.081298828125, 0.099662
183.111328125, -0.066743
183.141357421875, -0.004341
183.17138671875, 0.120463
183.201171875, -0.052876
183.231201171875, 0.092728
183.26123046875, -0.011275
183.291259765625, -0.004341
183.3212890625, -0.094478
183.351318359375, 0.002592
183.38134765625, -0.184614
183.411376953125, -0.108345
183.44140625, 0.03726
183.47119140625, -0.004341
183.501220703125, 0.078861
183.53125, 0.15513
183.561279296875, -0.073677
183.59130859375, 0.03726
183.621337890625, -0.087544
183.6513671875, 0.044194
183.681396484375, -0.115278
183.711181640625, 0.030326
183.7412109375, -0.025142
183.771240234375, 0.051127
183.80126953125, -0.025142
183.831298828125, -0.129145
183.861328125, 0.009526
183.891357421875, -0.087544
183.92138671875, 0.030326
183.951171875, -0.032076
183.981201171875, -0.025142
184.01123046875, 0.064994
184.041259765625, 0.099662
184.0712890625, -0.045943
184.101318359375, -0.032076
184.13134765625, -0.08061
184.161376953125, 0.002592
184.19140625, -0.094478
184.22119140625, -0.087544
184.251220703125, 0.044194
184.28125, 0.044194
184.311279296875, 0.113529
184.34130859375, -0.087544
184.371337890625, 0.009526
184.4013671875, -0.066743
184.431396484375, 0.044194
184.461181640625, 0.203665
184.4912109375, 0.051127
184.521240234375, 0.120463
184.55126953125, -0.05981
184.581298828125, 0.002592
184.611328125, 0.058061
184.641357421875, -0.018208
184.67138671875, 0.051127
184.701416015625, 0.044194
184.731201171875, 0.058061
184.76123046875, -0.032076
184.791259765625, 0.009526
184.8212890625, -0.073677
184.851318359375, 0.15513
184.88134765625, -0.039009
184.911376953125, 0.051127
184.94140625, 0.051127
184.97119140625, 0.168998
185.001220703125, -0.025142
185.03125, 0.030326
185.061279296875, 0.002592
185.09130859375, -0.073677
185.121337890625, -0.018208
185.1513671875, -0.004341
185.181396484375, 0.009526
185.21142578125, -0.032076
185.2412109375, 0.13433
185.271240234375, -0.066743
185.30126953125, 0.002592
185.331298828125, 0.092728
185.361328125, -0.039009
185.391357421875, -0.039009
185.42138671875, -0.004341
185.451416015625, 0.106596
185.481201171875, 0.085795
185.51123046875, -0.136079
185.541259765625, 0.13433
185.5712890625, -0.094478
185.601318359375, 0.064994
185.63134765625, -0.025142
185.661376953125, 0.03726
185.69140625, 0.113529
185.72119140625, 0.078861
185.751220703125, 0.002592
185.78125, 0.058061
185.811279296875, 0.127396
185.84130859375, 0.044194
185.871337890625, 0.044194
185.9013671875, -0.018208
185.931396484375, -0.08061
185.96142578125, 0.023393
185.9912109375, -0.025142
186.021240234375, -0.094478
186.05126953125, 0.224466
186.081298828125, 0.058061
186.111328125, 0.106596
186.141357421875, 0.120463
186.17138671875, 0.016459
186.201416015625, -0.170747
186.231201171875, -0.004341
186.26123046875, -0.087544
186.291259765625, 0.009526
186.3212890625, 0.002592
186.351318359375, -0.018208
186.38134765625, 0.092728
186.411376953125, 0.078861
186.44140625, 0.078861
186.471435546875, 0.106596
186.501220703125, 0.099662
186.53125, -0.101411
186.561279296875, -0.052876
186.59130859375, 0.099662
186.621337890625, 0.009526
186.6513671875, 0.085795
186.681396484375, -0.08061
186.71142578125, -0.004341
186.7412109375, 0.078861
186.771240234375, 0.189798
186.80126953125, -0.108345
186.831298828125, 0.064994
186.861328125, 0.092728
186.891357421875, -0.073677
186.92138671875, -0.039009
186.951416015625, 0.064994
186.9814453125, 0.023393
187.01123046875, 0.051127
187.041259765625, -0.018208
187.0712890625, -0.05981
187.101318359375, 0.051127
187.13134765625, -0.011275
187.161376953125, -0.039009
187.19140625, 0.044194
187.221435546875, 0.023393
187.251220703125, 0.113529
187.28125, -0.045943
187.311279296875, 0.120463
187.34130859375, 0.023393
187.371337890625, -0.052876
187.4013671875, 0.051127
187.431396484375, 0.106596
187.46142578125, 0.030326
187.4912109375, -0.08061
187.521240234375, -0.045943
187.55126953125, 0.023393
187.581298828125, -0.094478
187.611328125, -0.039009
187.641357421875, -0.004341
187.67138671875, 0.092728
187.701416015625, -0.129145
187.7314453125, 0.148197
187.76123046875, -0.025142
187.791259765625, 0.071928
187.8212890625, -0.066743
187.851318359375, 0.168998
187.88134765625, 0.023393
187.911376953125, 0.113529
187.94140625, -0.045943
187.971435546875, 0.071928
188.001220703125, -0.011275
188.03125, -0.066743
188.061279296875, -0.066743
188.09130859375, 0.051127
188.121337890625, 0.064994
188.1513671875, 0.064994
188.181396484375, -0.066743
188.21142578125, -0.05981
188.241455078125, 0.113529
188.271240234375, -0.136079
188.30126953125, 0.044194
188.331298828125, -0.066743
188.361328125, -0.018208
188.391357421875, -0.05981
188.42138671875, 0.099662
188.451416015625, 0.13433
188.4814453125, 0.023393
188.51123046875, -0.094478
188.541259765625, 0.051127
188.5712890625, -0.039009
188.601318359375, 0.023393
188.63134765625, 0.023393
188.661376953125, 0.13433
188.69140625, -0.27475
188.721435546875, 0.023393
188.751220703125, -0.025142
188.78125, 0.002592
188.811279296875, -0.094478
188.84130859375, 0.113529
188.871337890625, -0.191547
188.9013671875, 0.009526
188.931396484375, 0.03726
188.96142578125, 0.030326
188.991455078125, -0.122212
189.021240234375, -0.05981
189.05126953125, -0.052876
189.081298828125, 0.113529
189.111328125, 0.064994
189.141357421875, 0.002592
189.17138671875, 0.009526
189.201416015625, -0.087544
189.2314453125, -0.011275
189.26123046875, -0.004341
189.291259765625, -0.045943
189.3212890625, 0.016459
189.351318359375, -0.052876
189.38134765625, -0.087544
189.411376953125, -0.087544
189.44140625, 0.009526
189.471435546875, 0.085795
189.50146484375, 0.009526
189.53125, 0.023393
189.561279296875, 0.099662
189.59130859375, 0.03726
189.621337890625, -0.011275
189.6513671875, 0.120463
189.681396484375, -0.052876
189.71142578125, 0.009526
189.741455078125, -0.066743
189.771240234375, -0.045943
189.80126953125, -0.170747
189.831298828125, 0.078861
189.861328125, -0.032076
189.891357421875, -0.011275
189.92138671875, -0.045943
189.951416015625, 0.064994
189.9814453125, 0.03726
190.011474609375, 0.148197
190.041259765625, 0.078861
190.0712890625, -0.052876
190.101318359375, 0.099662
190.13134765625, -0.073677
190.161376953125, 0.03726
190.19140625, 0.189798
190.221435546875, 0.030326
190.25146484375, 0.071928
190.28125, 0.058061
190.311279296875, 0.016459
190.34130859375, -0.05981
190.371337890625, 0.009526
190.4013671875, 0.009526
190.431396484375, 0.127396
190.46142578125, -0.032076
190.491455078125, 0.058061
190.521240234375, -0.108345
190.55126953125, 0.051127
190.581298828125, -0.066743
190.611328125, 0.071928
190.641357421875, -0.045943
190.67138671875, -0.025142
190.701416015625, 0.058061
190.7314453125, 0.071928
190.761474609375, 0.064994
190.791259765625, -0.004341
190.8212890625, -0.018208
190.851318359375, -0.025142
190.88134765625, -0.032076
190.911376953125, 0.058061
190.94140625, -0.073677
190.971435546875, 0.113529
191.00146484375, -0.011275
191.03125, 0.051127
191.061279296875, -0.011275
191.09130859375, 0.058061
191.121337890625, 0.044194
191.1513671875, -0.101411
191.181396484375, -0.011275
191.21142578125, 0.071928
191.241455078125, -0.032076
191.271484375, -0.039009
191.30126953125, -0.039009
191.331298828125, -0.011275
191.361328125, -0.032076
191.391357421875, 0.009526
191.42138671875, 0.078861
191.451416015625, -0.052876
191.4814453125, 0.009526
191.511474609375, -0.052876
191.541259765625, 0.03726
191.5712890625, 0.030326
191.601318359375, 0.064994
191.63134765625, 0.023393
191.661376953125, 0.064994
191.69140625, 0.044194
191.721435546875, -0.108345
191.75146484375, -0.018208
191.78125, 0.078861
191.811279296875, -0.066743
191.84130859375, 0.030326
191.871337890625, -0.004341
191.9013671875, 0.023393
191.931396484375, 0.030326
191.96142578125, -0.108345
191.991455078125, 0.175931
192.021484375, -0.025142
192.05126953125, -0.032076
192.081298828125, -0.004341
192.111328125, 0.016459
192.141357421875, -0.073677
192.17138671875, 0.13433
192.201416015625, -0.045943
192.2314453125, -0.011275
192.261474609375, 0.182865
192.291259765625, 0.092728
192.3212890625, -0.025142
192.351318359375, 0.03726
192.38134765625, 0.085795
192.411376953125, 0.016459
192.44140625, -0.018208
192.471435546875, -0.018208
192.50146484375, -0.018208
192.531494140625, 0.03726
192.561279296875, 0.044194
192.59130859375, 0.106596
192.621337890625, 0.023393
192.6513671875, 0.085795
192.681396484375, 0.023393
192.71142578125, 0.009526
192.741455078125, 0.03726
192.771484375, -0.011275
192.80126953125, 0.13433
192.831298828125, -0.087544
192.861328125, 0.099662
192.891357421875, -0.066743
192.92138671875, -0.039009
192.951416015625, -0.066743
192.9814453125, 0.002592
193.011474609375, -0.018208
193.04150390625, 0.092728
193.0712890625, 0.064994
193.101318359375, 0.002592
193.13134765625, 0.141263
193.161376953125, -0.018208
193.19140625, -0.011275
193.221435546875, -0.004341
193.25146484375, 0.03726
193.281494140625, -0.136079
193.311279296875, -0.011275
193.34130859375, 0.009526
193.371337890625, 0.051127
193.4013671875, 0.051127
193.431396484375, -0.094478
193.46142578125, -0.052876
193.491455078125, 0.092728
193.521484375, -0.039009
193.55126953125, -0.094478
193.581298828125, 0.030326
193.611328125, 0.009526
193.641357421875, 0.044194
193.67138671875, -0.101411
193.701416015625, -0.039009
193.7314453125, 0.03726
193.761474609375, 0.099662
193.79150390625, 0.023393
193.8212890625, 0.162064
193.851318359375, 0.016459
193.88134765625, 0.051127
193.911376953125, -0.011275
193.94140625, 0.092728
193.971435546875, 0.092728
194.00146484375, -0.004341
194.031494140625, 0.03726
194.061279296875, 0.099662
194.09130859375, 0.120463
194.121337890625, -0.018208
194.1513671875, 0.064994
194.181396484375, 0.002592
194.21142578125, -0.108345
194.241455078125, 0.092728
194.271484375, -0.08061
194.301513671875, 0.120463
194.331298828125, 0.051127
194.361328125, 0.023393
194.391357421875, 0.009526
194.42138671875, -0.05981
194.451416015625, 0.044194
194.4814453125, -0.011275
194.511474609375, 0.009526
194.54150390625, 0.030326
194.5712890625, 0.092728
194.601318359375, 0.03726
194.63134765625, 0.009526
194.661376953125, 0.078861
194.69140625, 0.051127
194.721435546875, -0.032076
194.75146484375, -0.039009
194.781494140625, -0.05981
194.8115234375, -0.052876
194.84130859375, 0.106596
194.871337890625, -0.052876
194.9013671875, -0.191547
194.931396484375, -0.004341
194.96142578125, -0.039009
194.991455078125, -0.05981
195.021484375, 0.002592
195.051513671875, -0.08061
195.081298828125, -0.073677
195.111328125, 0.044194
195.141357421875, 0.078861
195.17138671875, -0.129145
195.201416015625, 0.03726
195.2314453125, -0.004341
195.261474609375, -0.018208
195.29150390625, 0.071928
195.3212890625, -0.129145
195.351318359375, 0.051127
195.38134765625, 0.092728
195.411376953125, 0.13433
195.44140625, 0.016459
195.471435546875, 0.023393
195.50146484375, -0.073677
195.531494140625, -0.052876
195.5615234375, 0.051127
195.59130859375, 0.002592
195.621337890625, 0.002592
195.6513671875, 0.002592
195.681396484375, 0.030326
195.71142578125, -0.073677
195.741455078125, -0.05981
195.771484375, 0.064994
195.801513671875, 0.03726
195.831298828125, 0.009526
195.861328125, 0.210599
195.891357421875, -0.039009
195.92138671875, 0.085795
195.951416015625, 0.009526
195.9814453125, -0.018208
196.011474609375, 0.092728
196.04150390625, -0.066743
196.071533203125, 0.009526
196.101318359375, 0.085795
196.13134765625, -0.045943
196.161376953125, -0.004341
196.19140625, 0.051127
196.221435546875, 0.044194
196.25146484375, 0.078861
196.281494140625, -0.052876
196.3115234375, 0.092728
196.34130859375, -0.045943
196.371337890625, -0.122212
196.4013671875, -0.045943
196.431396484375, -0.08061
196.46142578125, -0.052876
196.491455078125, 0.044194
196.521484375, -0.045943
196.551513671875, 0.085795
196.581298828125, 0.13433
196.611328125, -0.018208
196.641357421875, -0.004341
196.67138671875, 0.03726
196.701416015625, 0.071928
196.7314453125, 0.051127
196.761474609375, 0.044194
196.79150390625, -0.004341
196.821533203125, -0.136079
196.851318359375, -0.025142
196.88134765625, -0.129145
196.911376953125, -0.011275
196.94140625, -0.032076
196.971435546875, -0.004341
197.00146484375, 0.016459
197.031494140625, -0.101411
197.0615234375, 0.03726
197.09130859375, 0.078861
197.121337890625, 0.030326
197.1513671875, -0.032076
197.181396484375, -0.08061
197.21142578125, -0.045943
197.241455078125, 0.023393
197.271484375, -0.205414
197.301513671875, 0.120463
197.33154296875, -0.073677
197.361328125, 0.023393
197.391357421875, 0.030326
197.42138671875, 0.023393
197.451416015625, 0.016459
197.4814453125, 0.016459
197.511474609375, 0.085795
197.54150390625, -0.045943
197.571533203125, 0.03726
197.601318359375, 0.002592
197.63134765625, -0.045943
197.661376953125, -0.115278
197.69140625, -0.08061
197.721435546875, 0.051127
197.75146484375, -0.073677
197.781494140625, 0.099662
197.8115234375, -0.066743
197.841552734375, 0.078861
197.871337890625, 0.009526
197.9013671875, -0.039009
197.931396484375, 0.058061
197.96142578125, 0.078861
197.991455078125, 0.030326
198.021484375, 0.002592
198.051513671875, 0.058061
198.08154296875, 0.071928
198.111328125, 0.113529
198.141357421875, 0.002592
198.17138671875, -0.08061
198.201416015625, -0.066743
198.2314453125, 0.044194
198.261474609375, 0.092728
198.29150390625, -0.087544
198.321533203125, -0.025142
198.351318359375, -0.087544
198.38134765625, 0.085795
198.411376953125, 0.085795
198.44140625, -0.004341
198.471435546875, 0.071928
198.50146484375, -0.011275
198.531494140625, -0.066743
198.5615234375, 0.127396
198.591552734375, -0.045943
198.621337890625, 0.03726
198.6513671875, -0.087544
198.681396484375, -0.025142
198.71142578125, 0.092728
198.741455078125, -0.018208
198.771484375, 0.085795
198.801513671875, 0.044194
198.83154296875, -0.087544
198.861328125, 0.106596
198.891357421875, -0.004341
198.92138671875, -0.032076
198.951416015625, -0.240082
198.9814453125, -0.004341
199.011474609375, 0.092728
199.04150390625, 0.099662
199.071533203125, 0.03726
199.1015625, 0.092728
199.13134765625, 0.113529
199.161376953125, 0.071928
199.19140625, -0.032076
199.221435546875, -0.045943
199.25146484375, -0.004341
199.281494140625, -0.136079
199.3115234375, 0.023393
199.341552734375, 0.044194
199.371337890625, -0.087544
199.4013671875, -0.052876
199.431396484375, -0.101411
199.46142578125, -0.032076
199.491455078125, -0.045943
199.521484375, -0.205414
199.551513671875, 0.051127
199.58154296875, -0.039009
199.611328125, -0.05981
199.641357421875, 0.051127
199.67138671875, -0.08061
199.701416015625, -0.101411
199.7314453125, 0.058061
199.761474609375, 0.023393
199.79150390625, -0.025142
199.821533203125, -0.052876
199.8515625, -0.101411
199.88134765625, -0.094478
199.911376953125, -0.052876
199.94140625, -0.018208
199.971435546875, 0.058061
200.00146484375, -0.004341
200.031494140625, -0.004341
200.0615234375, 0.030326
200.091552734375, -0.05981
200.121337890625, -0.066743
200.1513671875, 0.002592
200.181396484375, 0.030326
200.21142578125, 0.064994
200.241455078125, 0.085795
200.271484375, 0.092728
200.301513671875, -0.011275
200.33154296875, 0.085795
200.361572265625, 0.058061
200.391357421875, 0.044194
200.42138671875, 0.023393
200.451416015625, 0.051127
200.4814453125, -0.122212
200.511474609375, 0.064994
200.54150390625, -0.073677
200.571533203125, -0.045943
200.6015625, 0.044194
200.63134765625, 0.113529
200.661376953125, -0.025142
200.69140625, -0.011275
200.721435546875, 0.009526
200.75146484375, 0.016459
200.781494140625, 0.106596
200.8115234375, -0.025142
200.841552734375, 0.148197
200.87158203125, 0.092728
200.9013671875, 0.092728
200.931396484375, 0.030326
200.96142578125, 0.15513
200.991455078125, 0.002592
201.021484375, -0.101411
201.051513671875, 0.023393
201.08154296875, 0.099662
201.111572265625, 0.071928
201.141357421875, -0.073677
201.17138671875, -0.101411
201.201416015625, 0.016459
201.2314453125, -0.052876
201.261474609375, -0.025142
201.29150390625, -0.032076
201.321533203125, -0.032076
201.3515625, 0.099662
201.38134765625, 0.016459
201.411376953125, -0.08061
201.44140625, 0.085795
201.471435546875, -0.087544
201.50146484375, -0.136079
201.531494140625, -0.018208
201.5615234375, -0.004341
201.591552734375, 0.064994
201.62158203125, -0.052876
201.6513671875, -0.018208
201.681396484375, 0.030326
201.71142578125, 0.002592
201.741455078125, 0.023393
201.771484375, -0.233149
201.801513671875, 0.092728
201.83154296875, 0.058061
201.861572265625, 0.023393
201.891357421875, -0.073677
201.92138671875, 0.13433
201.951416015625, -0.05981
201.9814453125, 0.078861
202.011474609375, -0.011275
202.04150390625, -0.025142
202.071533203125, 0.071928
202.1015625, -0.052876
202.131591796875, 0.064994
202.161376953125, -0.018208
202.19140625, 0.071928
202.221435546875, -0.025142
202.25146484375, -0.011275
202.281494140625, 0.03726
202.3115234375, 0.071928
202.341552734375, 0.064994
202.37158203125, 0.120463
202.4013671875, 0.078861
202.431396484375, 0.085795
202.46142578125, -0.087544
202.491455078125, -0.018208
202.521484375, 0.092728
202.551513671875, -0.004341
202.58154296875, -0.025142
202.611572265625, -0.045943
202.6416015625, -0.101411
202.67138671875, 0.009526
202.701416015625, -0.115278
202.7314453125, 0.044194
202.761474609375, -0.163813
202.79150390625, -0.115278
202.821533203125, -0.018208
202.8515625, -0.066743
202.881591796875, 0.030326
202.911376953125, 0.071928
202.94140625, -0.094478
202.971435546875, 0.030326
203.00146484375, 0.044194
203.031494140625, -0.170747
203.0615234375, 0.023393
203.091552734375, 0.085795
203.12158203125, 0.071928
203.1513671875, -0.05981
203.181396484375, -0.025142
203.21142578125, -0.032076
203.241455078125, -0.018208
203.271484375, 0.113529
203.301513671875, 0.044194
203.33154296875, -0.045943
203.361572265625, 0.224466
203.3916015625, 0.092728
203.42138671875, 0.016459
203.451416015625, 0.044194
203.4814453125, 0.051127
203.511474609375, -0.066743
203.54150390625, 0.030326
203.571533203125, 0.071928
203.6015625, -0.05981
203.631591796875, 0.03726
203.661376953125, -0.039009
203.69140625, 0.044194
203.721435546875, -0.011275
203.75146484375, 0.002592
203.781494140625, 0.051127
203.8115234375, -0.004341
203.841552734375, 0.058061
203.87158203125, -0.170747
203.901611328125, 0.085795
203.931396484375, -0.073677
203.96142578125, -0.087544
203.991455078125, -0.004341
204.021484375, 0.030326
204.051513671875, 0.002592
204.08154296875, -0.039009
204.111572265625, -0.011275
204.1416015625, 0.030326
204.17138671875, 0.016459
204.201416015625, -0.032076
204.2314453125, -0.066743
204.261474609375, 0.03726
204.29150390625, -0.101411
204.321533203125, 0.03726
204.3515625, -0.087544
204.381591796875, -0.08061
204.411376953125, 0.064994
204.44140625, -0.108345
204.471435546875, -0.025142
204.50146484375, 0.113529
204.531494140625, -0.032076
204.5615234375, -0.018208
204.591552734375, 0.189798
204.62158203125, -0.025142
204.651611328125, -0.011275
204.681396484375, 0.030326
204.71142578125, 0.078861
204.741455078125, 0.002592
204.771484375, 0.071928
204.801513671875, -0.129145
204.83154296875, -0.052876
204.861572265625, -0.115278
204.8916015625, 0.078861
204.92138671875, -0.018208
204.951416015625, -0.066743
204.9814453125, 0.03726
205.011474609375, 0.044194
205.04150390625, -0.122212
205.071533203125, -0.039009
205.1015625, -0.025142
205.131591796875, -0.025142
205.16162109375, 0.002592
205.19140625, 0.092728
205.221435546875, -0.032076
205.25146484375, 0.127396
205.281494140625, 0.058061
205.3115234375, 0.016459
205.341552734375, -0.004341
205.37158203125, -0.025142
205.401611328125, 0.044194
205.431396484375, -0.018208
205.46142578125, 0.002592
205.491455078125, -0.066743
205.521484375, 0.078861
205.551513671875, 0.127396
205.58154296875, -0.052876
205.611572265625, -0.039009
205.6416015625, 0.15513
205.671630859375, 0.002592
205.701416015625, 0.002592
205.7314453125, 0.13433
205.761474609375, 0.03726
205.79150390625, -0.08061
205.821533203125, 0.023393
205.8515625, -0.073677
205.881591796875, 0.023393
205.91162109375, 0.002592
205.94140625, 0.127396
205.971435546875, 0.009526
206.00146484375, 0.016459
206.031494140625, -0.087544
206.0615234375, 0.009526
206.091552734375, -0.094478
206.12158203125, 0.002592
206.151611328125, -0.122212
206.181396484375, 0.023393
206.21142578125, 0.071928
206.241455078125, -0.004341
206.271484375, -0.066743
206.301513671875, -0.101411
206.33154296875, 0.016459
206.361572265625, -0.045943
206.3916015625, 0.085795
206.421630859375, 0.085795
206.451416015625, 0.030326
206.4814453125, 0.009526
206.511474609375, -0.025142
206.54150390625, -0.052876
206.571533203125, -0.032076
206.6015625, 0.148197
206.631591796875, -0.004341
206.66162109375, -0.025142
206.69140625, 0.078861
206.721435546875, 0.099662
206.75146484375, -0.045943
206.781494140625, -0.115278
206.8115234375, -0.087544
206.841552734375, 0.085795
206.87158203125, 0.092728
206.901611328125, 0.273001
206.931640625, -0.066743
206.96142578125, 0.023393
206.991455078125, 0.023393
207.021484375, -0.122212
207.051513671875, 0.051127
207.08154296875, -0.073677
207.111572265625, 0.099662
207.1416015625, 0.002592
207.171630859375, 0.023393
207.201416015625, 0.044194
207.2314453125, 0.03726
207.261474609375, 0.030326
207.29150390625, 0.009526
207.321533203125, -0.08061
207.3515625, 0.016459
207.381591796875, -0.052876
207.41162109375, -0.122212
207.441650390625, -0.052876
207.471435546875, 0.002592
207.50146484375, 0.099662
207.531494140625, -0.08061
207.5615234375, -0.094478
207.591552734375, 0.023393
207.62158203125, 0.106596
207.651611328125, 0.168998
207.681640625, -0.08061
207.71142578125, -0.073677
207.741455078125, 0.071928
207.771484375, 0.023393
207.801513671875, 0.13433
207.83154296875, -0.129145
207.861572265625, -0.011275
207.8916015625, 0.051127
207.921630859375, -0.108345
207.951416015625, -0.032076
207.9814453125, -0.087544
208.011474609375, 0.071928
208.04150390625, 0.203665
208.071533203125, -0.025142
208.1015625, -0.018208
208.131591796875, 0.058061
208.16162109375, 0.127396
208.191650390625, 0.030326
208.221435546875, 0.002592
208.25146484375, 0.016459
208.281494140625, -0.004341
208.3115234375, 0.002592
208.341552734375, 0.078861
208.37158203125, 0.03726
208.401611328125, 0.099662
208.431640625, 0.016459
208.46142578125, -0.08061
208.491455078125, 0.03726
208.521484375, 0.078861
208.551513671875, 0.064994
208.58154296875, 0.064994
208.611572265625, 0.113529
208.6416015625, -0.094478
208.671630859375, 0.092728
208.70166015625, -0.08061
208.7314453125, -0.032076
208.761474609375, 0.023393
208.79150390625, -0.094478
208.821533203125, 0.030326
208.8515625, -0.004341
208.881591796875, -0.05981
208.91162109375, 0.071928
208.941650390625, 0.023393
208.971435546875, 0.044194
209.00146484375, 0.009526
209.031494140625, -0.087544
209.0615234375, -0.087544
209.091552734375, -0.08061
209.12158203125, 0.058061
209.151611328125, -0.073677
209.181640625, -0.184614
209.21142578125, 0.085795
209.241455078125, -0.143012
209.271484375, -0.025142
209.301513671875, -0.05981
209.33154296875, -0.17768
209.361572265625, 0.044194
209.3916015625, -0.073677
209.421630859375, 0.078861
209.45166015625, -0.087544
209.4814453125, -0.066743
209.511474609375, -0.191547
209.54150390625, 0.030326
209.571533203125, 0.023393
209.6015625, 0.051127
209.631591796875, -0.066743
209.66162109375, -0.17768
209.691650390625, 0.023393
209.721435546875, 0.051127
209.75146484375, 0.051127
209.781494140625, 0.078861
209.8115234375, 0.099662
209.841552734375, 0.009526
209.87158203125, 0.210599
209.901611328125, 0.023393
209.931640625, -0.045943
209.961669921875, -0.066743
209.991455078125, -0.018208
210.021484375, -0.087544
210.051513671875, -0.032076
210.08154296875, 0.064994
210.111572265625, 0.078861
210.1416015625, 0.058061
210.171630859375, -0.025142
210.20166015625, 0.127396
210.2314453125, 0.092728
210.261474609375, 0.016459
210.29150390625, -0.087544
210.321533203125, -0.05981
210.3515625, 0.016459
210.381591796875, -0.045943
210.41162109375, 0.002592
210.441650390625, 0.03726
210.4716796875, -0.073677
210.50146484375, 0.162064
210.531494140625, 0.009526
210.5615234375, -0.025142
210.591552734375, 0.03726
210.62158203125, -0.143012
210.651611328125, -0.011275
210.681640625, -0.05981
210.711669921875, -0.045943
210.741455078125, -0.032076
210.771484375, 0.064994
210.801513671875, -0.136079
210.83154296875, 0.009526
210.861572265625, -0.032076
210.8916015625, 0.044194
210.921630859375, -0.032076
210.95166015625, 0.113529
210.9814453125, 0.023393
211.011474609375, 0.030326
211.04150390625, -0.011275
211.071533203125, -0.108345
211.1015625, 0.03726
211.131591796875, 0.064994
211.16162109375, -0.052876
211.191650390625, -0.122212
211.2216796875, -0.032076
211.25146484375, -0.073677
211.281494140625, 0.009526
211.3115234375, -0.011275
211.341552734375, 0.189798
211.37158203125, 0.009526
211.401611328125, 0.016459
211.431640625, 0.016459
211.461669921875, 0.092728
211.491455078125, 0.078861
211.521484375, -0.108345
211.551513671875, -0.011275
211.58154296875, 0.03726
211.611572265625, -0.05981
211.6416015625, 0.03726
211.671630859375, -0.101411
211.70166015625, -0.122212
211.731689453125, 0.03726
211.761474609375, 0.064994
211.79150390625, 0.064994
211.821533203125, 0.092728
211.8515625, -0.052876
211.881591796875, -0.122212
211.91162109375, 0.106596
211.941650390625, -0.045943
211.9716796875, 0.051127
212.00146484375, -0.115278
212.031494140625, -0.129145
212.0615234375, -0.018208
212.091552734375, 0.168998
212.12158203125, -0.05981
212.151611328125, -0.011275
212.181640625, -0.039009
212.211669921875, 0.044194
212.241455078125, 0.002592
212.271484375, 0.002592
212.301513671875, 0.064994
212.33154296875, -0.039009
212.361572265625, 0.127396
212.3916015625, -0.018208
212.421630859375, 0.099662
212.45166015625, 0.030326
212.481689453125, 0.051127
212.511474609375, -0.15688
212.54150390625, 0.085795
212.571533203125, 0.009526
212.6015625, 0.03726
212.631591796875, -0.004341
212.66162109375, 0.13433
212.691650390625, -0.032076
212.7216796875, 0.113529
212.75146484375, -0.094478
212.781494140625, 0.051127
212.8115234375, 0.106596
212.841552734375, -0.045943
212.87158203125, -0.025142
212.901611328125, -0.08061
212.931640625, 0.13433
212.961669921875, -0.025142
212.99169921875, 0.016459
213.021484375, -0.045943
213.051513671875, -0.122212
213.08154296875, -0.052876
213.111572265625, 0.099662
213.1416015625, -0.05981
213.171630859375, -0.052876
213.20166015625, 0.085795
213.231689453125, -0.066743
213.261474609375, 0.058061
213.29150390625, 0.071928
213.321533203125, -0.05981
213.3515625, -0.018208
213.381591796875, -0.018208
213.41162109375, 0.120463
213.441650390625, -0.08061
213.4716796875, -0.05981
213.501708984375, -0.122212
213.531494140625, -0.066743
213.5615234375, -0.011275
213.591552734375, -0.073677
213.62158203125, -0.073677
213.651611328125, 0.141263
213.681640625, -0.039009
213.711669921875, 0.051127
213.74169921875, 0.002592
213.771484375, -0.045943
213.801513671875, 0.120463
213.83154296875, -0.066743
213.861572265625, -0.011275
213.8916015625, 0.162064
213.921630859375, 0.002592
213.95166015625, -0.073677
213.981689453125, -0.004341
214.011474609375, 0.058061
214.04150390625, -0.170747
214.071533203125, -0.087544
214.1015625, -0.039009
214.131591796875, 0.051127
214.16162109375, -0.087544
214.191650390625, 0.071928
214.2216796875, 0.127396
214.251708984375, -0.052876
214.281494140625, -0.052876
214.3115234375, -0.018208
214.341552734375, 0.162064
214.37158203125, 0.078861
214.401611328125, -0.011275
214.431640625, -0.052876
214.461669921875, -0.129145
214.49169921875, 0.030326
214.521484375, 0.044194
214.551513671875, -0.087544
214.58154296875, 0.058061
214.611572265625, 0.002592
214.6416015625, -0.032076
214.671630859375, 0.113529
214.70166015625, 0.175931
214.731689453125, 0.044194
214.76171875, -0.08061
214.79150390625, 0.058061
214.821533203125, -0.108345
214.8515625, -0.191547
214.881591796875, -0.08061
214.91162109375, -0.011275
214.941650390625, -0.039009
214.9716796875, -0.045943
215.001708984375, 0.044194
215.031494140625, 0.009526
215.0615234375, -0.004341
215.091552734375, -0.004341
215.12158203125, -0.066743
215.151611328125, 0.023393
215.181640625, 0.092728
215.211669921875, 0.002592
215.24169921875, -0.045943
215.271728515625, 0.009526
215.301513671875, 0.051127
215.33154296875, -0.136079
215.361572265625, 0.092728
215.3916015625, -0.025142
215.421630859375, 0.051127
215.45166015625, -0.066743
215.481689453125, 0.051127
215.51171875, -0.032076
215.54150390625, -0.094478
215.571533203125, -0.108345
215.6015625, 0.002592
215.631591796875, 0.092728
215.66162109375, 0.051127
215.691650390625, -0.011275
215.7216796875, -0.018208
215.751708984375, 0.120463
215.781494140625, 0.002592
215.8115234375, -0.073677
215.841552734375, 0.085795
215.87158203125, 0.016459
215.901611328125, -0.039009
215.931640625, -0.05981
215.961669921875, 0.058061
215.99169921875, 0.009526
216.021728515625, 0.078861
216.051513671875, -0.052876
216.08154296875, 0.15513
216.111572265625, 0.13433
216.1416015625, -0.039009
216.171630859375, 0.002592
216.20166015625, -0.025142
216.231689453125, 0.092728
216.26171875, 0.15513
216.29150390625, 0.002592
216.321533203125, 0.009526
216.3515625, -0.066743
216.381591796875, -0.122212
216.41162109375, -0.115278
216.441650390625, 0.168998
216.4716796875, 0.064994
216.501708984375, 0.051127
216.53173828125, -0.073677
216.5615234375, -0.052876
216.591552734375, 0.085795
216.62158203125, 0.071928
216.651611328125, 0.030326
216.681640625, -0.191547
216.711669921875, -0.066743
216.74169921875, 0.016459
216.771728515625, -0.032076
216.801513671875, 0.03726
216.83154296875, -0.129145
216.861572265625, 0.051127
216.8916015625, 0.016459
216.921630859375, -0.122212
216.95166015625, 0.051127
216.981689453125, -0.05981
217.01171875, 0.044194
217.04150390625, -0.163813
217.071533203125, -0.101411
217.1015625, 0.106596
217.131591796875, -0.011275
217.16162109375, -0.011275
217.191650390625, 0.009526
217.2216796875, -0.108345
217.251708984375, -0.108345
217.28173828125, 0.044194
217.3115234375, 0.002592
217.341552734375, -0.087544
217.37158203125, 0.002592
217.401611328125, -0.101411
217.431640625, 0.002592
217.461669921875, -0.260883
217.49169921875, 0.051127
217.521728515625, -0.045943
217.551513671875, -0.045943
217.58154296875, 0.127396
217.611572265625, -0.122212
217.6416015625, -0.011275
217.671630859375, 0.023393
217.70166015625, -0.004341
217.731689453125, 0.016459
217.76171875, -0.032076
217.791748046875, 0.085795
217.821533203125, -0.025142
217.8515625, -0.108345
217.881591796875, 0.085795
217.91162109375, 0.016459
217.941650390625, 0.002592
217.9716796875, -0.045943
218.001708984375, -0.039009
218.03173828125, 0.03726
218.0615234375, -0.018208
218.091552734375, 0.009526
218.12158203125, -0.045943
218.151611328125, 0.085795
218.181640625, -0.045943
218.211669921875, -0.032076
218.24169921875, -0.05981
218.271728515625, -0.018208
218.3017578125, -0.149946
218.33154296875, 0.009526
218.361572265625, 0.058061
218.3916015625, -0.052876
218.421630859375, -0.08061
218.45166015625, -0.045943
218.481689453125, -0.004341
218.51171875, -0.08061
218.541748046875, -0.018208
218.571533203125, -0.025142
218.6015625, 0.03726
218.631591796875, 0.078861
218.66162109375, 0.044194
218.691650390625, 0.058061
218.7216796875, -0.018208
218.751708984375, 0.162064
218.78173828125, -0.025142
218.8115234375, 0.092728
218.841552734375, 0.078861
218.87158203125, 0.016459
218.901611328125, -0.17768
218.931640625, -0.066743
218.961669921875, 0.13433
218.99169921875, -0.025142
219.021728515625, -0.052876
219.0517578125, -0.039009
219.08154296875, 0.009526
219.111572265625, 0.127396
219.1416015625, -0.05981
219.171630859375, 0.071928
219.20166015625, 0.071928
219.231689453125, 0.071928
219.26171875, -0.004341
219.291748046875, -0.115278
219.321533203125, -0.045943
219.3515625, -0.094478
219.381591796875, -0.073677
219.41162109375, -0.032076
219.441650390625, 0.120463
219.4716796875, 0.071928
219.501708984375, -0.129145
219.53173828125, 0.085795
219.561767578125, 0.064994
219.591552734375, 0.009526
219.62158203125, -0.032076
219.651611328125, -0.004341
219.681640625, -0.011275
219.711669921875, 0.106596
219.74169921875, 0.078861
219.771728515625, -0.032076
219.8017578125, -0.15688
219.83154296875, 0.009526
219.861572265625, -0.08061
219.8916015625, -0.073677
219.921630859375, 0.106596
219.95166015625, -0.066743
219.981689453125, 0.148197
220.01171875, -0.073677
220.041748046875, 0.044194
220.071533203125, 0.058061
220.1015625, 0.058061
220.131591796875, -0.025142
220.16162109375, 0.044194
220.191650390625, -0.05981
220.2216796875, 0.044194
220.251708984375, 0.071928
220.28173828125, 0.016459
220.311767578125, 0.106596
220.341552734375, -0.025142
220.37158203125, 0.099662
220.401611328125, 0.002592
220.431640625, -0.101411
220.461669921875, 0.058061
220.49169921875, -0.039009
220.521728515625, 0.058061
220.5517578125, -0.094478
220.58154296875, -0.05981
220.611572265625, 0.120463
220.6416015625, -0.087544
220.671630859375, 0.016459
220.70166015625, 0.120463
220.731689453125, -0.122212
220.76171875, -0.136079
220.791748046875, 0.127396
220.82177734375, -0.129145
220.8515625, -0.073677
220.881591796875, -0.039009
220.91162109375, 0.023393
220.941650390625, -0.045943
220.9716796875, 0.044194
221.001708984375, -0.087544
221.03173828125, 0.168998
221.061767578125, 0.002592
221.091552734375, 0.064994
221.12158203125, -0.066743
221.151611328125, -0.011275
221.181640625, 0.148197
221.211669921875, -0.011275
221.24169921875, 0.016459
221.271728515625, -0.066743
221.3017578125, 0.120463
221.331787109375, 0.064994
221.361572265625, -0.087544
221.3916015625, -0.018208
221.421630859375, 0.023393
221.45166015625, -0.143012
221.481689453125, 0.051127
221.51171875, 0.099662
221.541748046875, 0.03726
221.57177734375, 0.15513
221.6015625, -0.073677
221.631591796875, -0.011275
221.66162109375, 0.002592
221.691650390625, -0.05981
221.7216796875, 0.078861
221.751708984375, -0.039009
221.78173828125, 0.051127
221.811767578125, -0.05981
221.841552734375, 0.13433
221.87158203125, -0.032076
221.901611328125, -0.073677
221.931640625, 0.023393
221.961669921875, -0.17768
221.99169921875, 0.016459
222.021728515625, -0.032076
222.0517578125, 0.023393
222.081787109375, 0.078861
222.111572265625, -0.05981
222.1416015625, -0.05981
222.171630859375, 0.030326
222.20166015625, 0.085795
222.231689453125, 0.03726
222.26171875, -0.011275
222.291748046875, 0.058061
222.32177734375, 0.051127
222.3515625, 0.13433
222.381591796875, 0.03726
222.41162109375, 0.071928
222.441650390625, 0.071928
222.4716796875, -0.087544
222.501708984375, -0.011275
222.53173828125, -0.052876
222.561767578125, 0.03726
222.591796875, -0.094478
222.62158203125, 0.009526
222.651611328125, 0.03726
222.681640625, 0.217532
222.711669921875, 0.120463
222.74169921875, -0.052876
222.771728515625, 0.030326
222.8017578125, -0.004341
222.831787109375, 0.030326
222.861572265625, 0.009526
222.8916015625, 0.009526
222.921630859375, 0.030326
222.95166015625, -0.004341
222.981689453125, -0.018208
223.01171875, -0.011275
223.041748046875, -0.066743
223.07177734375, -0.101411
223.101806640625, -0.045943
223.131591796875, 0.002592
223.16162109375, -0.052876
223.191650390625, -0.011275
223.2216796875, 0.023393
223.251708984375, 0.051127
223.28173828125, 0.030326
223.311767578125, -0.073677
223.341796875, 0.071928
223.37158203125, -0.004341
223.401611328125, 0.071928
223.431640625, -0.011275
223.461669921875, 0.009526
223.49169921875, -0.073677
223.521728515625, -0.004341
223.5517578125, -0.129145
223.581787109375, 0.030326
223.611572265625, -0.039009
223.6416015625, 0.009526
223.671630859375, -0.032076
223.70166015625, 0.106596
223.731689453125, 0.002592
223.76171875, 0.058061
223.791748046875, 0.064994
223.82177734375, -0.032076
223.851806640625, -0.066743
223.881591796875, -0.05981
223.91162109375, 0.113529
223.941650390625, 0.071928
223.9716796875, -0.073677
224.001708984375, -0.025142
224.03173828125, 0.113529
224.061767578125, -0.045943
224.091796875, -0.039009
224.12158203125, 0.071928
224.151611328125, -0.115278
224.181640625, 0.15513
224.211669921875, -0.025142
224.24169921875, 0.030326
224.271728515625, -0.045943
224.3017578125, -0.004341
224.331787109375, -0.004341
224.36181640625, 0.044194
224.3916015625, -0.08061
224.421630859375, -0.05981
224.45166015625, 0.113529
224.481689453125, 0.044194
224.51171875, 0.064994
224.541748046875, 0.016459
224.57177734375, -0.039009
224.601806640625, -0.052876
224.631591796875, -0.129145
224.66162109375, -0.025142
224.691650390625, -0.025142
224.7216796875, -0.032076
224.751708984375, 0.016459
224.78173828125, -0.025142
224.811767578125, 0.002592
224.841796875, 0.071928
224.87158203125, 0.016459
224.901611328125, 0.113529
224.931640625, -0.05981
224.961669921875, 0.03726
224.99169921875, -0.004341
225.021728515625, 0.071928
225.0517578125, -0.039009
225.081787109375, 0.189798
225.11181640625, 0.071928
225.1416015625, 0.099662
225.171630859375, -0.004341
225.20166015625, -0.052876
225.231689453125, -0.018208
225.26171875, 0.210599
225.291748046875, -0.05981
225.32177734375, -0.073677
225.351806640625, -0.004341
225.381591796875, -0.039009
225.41162109375, 0.058061
225.441650390625, 0.058061
225.4716796875, -0.073677
225.501708984375, 0.058061
225.53173828125, -0.018208
225.561767578125, 0.016459
225.591796875, -0.011275
225.621826171875, 0.044194
225.651611328125, -0.108345
225.681640625, -0.025142
225.711669921875, 0.023393
225.74169921875, -0.087544
225.771728515625, 0.009526
225.8017578125, -0.004341
225.831787109375, 0.002592
225.86181640625, 0.127396
225.8916015625, -0.004341
225.921630859375, 0.051127
225.95166015625, 0.002592
225.981689453125, 0.085795
226.01171875, 0.030326
226.041748046875, 0.064994
226.07177734375, -0.032076
226.101806640625, 0.023393
226.1318359375, 0.085795
226.16162109375, 0.071928
226.191650390625, -0.052876
226.2216796875, 0.002592
226.251708984375, 0.224466
226.28173828125, -0.08061
226.311767578125, 0.002592
226.341796875, 0.023393
226.371826171875, 0.03726
226.401611328125, 0.030326
226.431640625, -0.039009
226.461669921875, 0.002592
226.49169921875, 0.092728
226.521728515625, -0.032076
226.5517578125, 0.030326
226.581787109375, -0.087544
226.61181640625, 0.030326
226.6416015625, 0.13433
226.671630859375, 0.044194
226.70166015625, -0.011275
226.731689453125, 0.016459
226.76171875, -0.136079
226.791748046875, 0.016459
226.82177734375, 0.141263
226.851806640625, -0.073677
226.8818359375, -0.073677
226.91162109375, -0.094478
226.941650390625, 0.002592
226.9716796875, 0.023393
227.001708984375, -0.004341
227.03173828125, -0.066743
227.061767578125, -0.025142
227.091796875, -0.025142
227.121826171875, 0.002592
227.151611328125, -0.05981
227.181640625, 0.085795
227.211669921875, -0.052876
227.24169921875, -0.05981
227.271728515625, 0.092728
227.3017578125, 0.03726
227.331787109375, 0.085795
227.36181640625, 0.051127
227.391845703125, -0.087544
227.421630859375, -0.004341
227.45166015625, 0.002592
227.481689453125, 0.099662
227.51171875, -0.052876
227.541748046875, 0.085795
227.57177734375, -0.025142
227.601806640625, -0.087544
227.6318359375, 0.058061
227.66162109375, -0.004341
227.691650390625, 0.078861
227.7216796875, -0.011275
227.751708984375, -0.011275
227.78173828125, 0.099662
227.811767578125, -0.004341
227.841796875, -0.170747
227.871826171875, -0.108345
227.901611328125, -0.032076
227.931640625, 0.016459
227.961669921875, -0.066743
227.99169921875, 0.058061
228.021728515625, -0.108345
228.0517578125, -0.073677
228.081787109375, -0.08061
228.11181640625, 0.071928
228.141845703125, 0.148197
228.171630859375, -0.004341
228.20166015625, 0.120463
228.231689453125, -0.108345
228.26171875, 0.051127
228.291748046875, 0.071928
228.32177734375, 0.030326
228.351806640625, 0.009526
228.3818359375, -0.143012
228.41162109375, -0.05981
228.441650390625, -0.05981
228.4716796875, 0.071928
228.501708984375, 0.002592
228.53173828125, -0.011275
228.561767578125, -0.08061
228.591796875, 0.058061
228.621826171875, -0.066743
228.65185546875, 0.106596
228.681640625, 0.071928
228.711669921875, -0.052876
228.74169921875, 0.071928
228.771728515625, 0.002592
228.8017578125, 0.071928
228.831787109375, -0.08061
228.86181640625, 0.064994
228.891845703125, -0.039009
228.921630859375, -0.073677
228.95166015625, -0.094478
228.981689453125, -0.018208
229.01171875, 0.092728
229.041748046875, 0.092728
229.07177734375, 0.051127
229.101806640625, 0.092728
229.1318359375, -0.032076
229.161865234375, 0.168998
229.191650390625, -0.045943
229.2216796875, -0.011275
229.251708984375, -0.032076
229.28173828125, -0.032076
229.311767578125, 0.099662
229.341796875, -0.101411
229.371826171875, 0.085795
229.40185546875, 0.016459
229.431640625, -0.011275
229.461669921875, 0.189798
229.49169921875, 0.078861
229.521728515625, -0.052876
229.5517578125, 0.078861
229.581787109375, -0.045943
229.61181640625, 0.002592
229.641845703125, 0.085795
229.671630859375, -0.05981
229.70166015625, -0.094478
229.731689453125, -0.045943
229.76171875, 0.009526
229.791748046875, 0.030326
229.82177734375, 0.113529
229.851806640625, -0.122212
229.8818359375, -0.025142
229.911865234375, -0.011275
229.941650390625, -0.025142
229.9716796875, 0.064994
230.001708984375, -0.039009
230.03173828125, 0.002592
230.061767578125, -0.045943
230.091796875, -0.004341
230.121826171875, -0.226215
230.15185546875, 0.023393
230.181640625, -0.004341
230.211669921875, 0.009526
230.24169921875, 0.099662
230.271728515625, 0.162064
230.3017578125, -0.004341
230.331787109375, 0.13433
230.36181640625, -0.052876
230.391845703125, -0.011275
230.421875, 0.078861
230.45166015625, 0.106596
230.481689453125, 0.030326
230.51171875, -0.087544
230.541748046875, -0.011275
230.57177734375, -0.004341
230.601806640625, 0.120463
230.6318359375, 0.044194
230.661865234375, 0.030326
230.691650390625, 0.002592
230.7216796875, -0.163813
230.751708984375, 0.030326
230.78173828125, -0.032076
230.811767578125, 0.099662
230.841796875, 0.03726
230.871826171875, 0.071928
230.90185546875, -0.094478
230.931884765625, -0.011275
230.961669921875, -0.025142
230.99169921875, 0.058061
231.021728515625, 0.03726
231.0517578125, 0.03726
231.081787109375, 0.071928
231.11181640625, 0.009526
231.141845703125, 0.092728
231.171875, 0.113529
231.20166015625, -0.032076
231.231689453125, 0.168998
231.26171875, 0.030326
231.291748046875, -0.087544
231.32177734375, -0.073677
231.351806640625, -0.087544
231.3818359375, 0.113529
231.411865234375, 0.044194
231.441650390625, 0.002592
231.4716796875, 0.016459
231.501708984375, 0.085795
231.53173828125, 0.023393
231.561767578125, -0.032076
231.591796875, 0.002592
231.621826171875, 0.182865
231.65185546875, -0.101411
231.681884765625, -0.018208
231.711669921875, 0.051127
231.74169921875, -0.08061
231.771728515625, -0.136079
231.8017578125, -0.018208
231.831787109375, 0.03726
231.86181640625, 0.044194
231.891845703125, 0.064994
231.921875, 0.030326
231.95166015625, 0.016459
231.981689453125, 0.016459
232.01171875, 0.051127
232.041748046875, 0.016459
232.07177734375, 0.030326
232.101806640625, 0.016459
232.1318359375, 0.141263
232.161865234375, 0.099662
232.19189453125, 0.058061
232.2216796875, -0.004341
232.251708984375, 0.085795
232.28173828125, -0.011275
232.311767578125, 0.030326
232.341796875, 0.051127
232.371826171875, 0.002592
232.40185546875, 0.058061
232.431884765625, 0.030326
232.461669921875, 0.113529
232.49169921875, 0.113529
232.521728515625, -0.045943
232.5517578125, -0.08061
232.581787109375, 0.030326
232.61181640625, -0.108345
232.641845703125, 0.175931
232.671875, 0.002592
232.70166015625, -0.136079
232.731689453125, 0.009526
232.76171875, -0.05981
232.791748046875, -0.004341
232.82177734375, 0.016459
232.851806640625, 0.15513
232.8818359375, -0.170747
232.911865234375, -0.05981
232.94189453125, 0.03726
232.9716796875, 0.120463
233.001708984375, 0.016459
233.03173828125, -0.08061
233.061767578125, 0.009526
233.091796875, 0.044194
233.121826171875, 0.023393
233.15185546875, -0.011275
233.181884765625, -0.045943
233.211669921875, 0.120463
233.24169921875, 0.002592
233.271728515625, -0.073677
233.3017578125, 0.058061
233.331787109375, 0.009526
233.36181640625, -0.025142
233.391845703125, 0.044194
233.421875, -0.025142
233.451904296875, -0.115278
233.481689453125, -0.032076
233.51171875, -0.108345
233.541748046875, 0.002592
233.57177734375, -0.004341
233.601806640625, -0.039009
233.6318359375, 0.016459
233.661865234375, 0.002592
233.69189453125, 0.03726
233.7216796875, -0.045943
233.751708984375, 0.016459
233.78173828125, 0.051127
233.811767578125, 0.058061
233.841796875, -0.032076
233.871826171875, -0.018208
233.90185546875, -0.032076
233.931884765625, -0.122212
233.9619140625, 0.099662
233.99169921875, 0.064994
234.021728515625, -0.018208
234.0517578125, 0.064994
234.081787109375, 0.078861
234.11181640625, -0.004341
234.141845703125, -0.045943
234.171875, -0.039009
234.201904296875, 0.071928
234.231689453125, -0.032076
234.26171875, 0.064994
234.291748046875, 0.051127
234.32177734375, -0.011275
234.351806640625, 0.002592
234.3818359375, 0.051127
234.411865234375, -0.094478
234.44189453125, -0.011275
234.4716796875, 0.03726
234.501708984375, 0.071928
234.53173828125, 0.058061
234.561767578125, -0.032076
234.591796875, -0.004341
234.621826171875, 0.113529
234.65185546875, -0.018208
234.681884765625, 0.148197
234.7119140625, 0.002592
234.74169921875, -0.025142
234.771728515625, 0.085795
234.8017578125, -0.108345
234.831787109375, 0.127396
234.86181640625, 0.058061
234.891845703125, 0.002592
234.921875, 0.016459
234.951904296875, 0.009526
234.981689453125, 0.127396
235.01171875, 0.051127
235.041748046875, -0.025142
235.07177734375, -0.05981
235.101806640625, 0.064994
235.1318359375, -0.004341
235.161865234375, -0.05981
235.19189453125, 0.016459
235.221923828125, 0.113529
235.251708984375, 0.030326
235.28173828125, -0.032076
235.311767578125, 0.044194
235.341796875, -0.032076
235.371826171875, 0.099662
235.40185546875, -0.032076
235.431884765625, 0.016459
235.4619140625, 0.009526
235.49169921875, 0.051127
235.521728515625, 0.016459
235.5517578125, 0.023393
235.581787109375, -0.136079
235.61181640625, 0.009526
235.641845703125, 0.002592
235.671875, 0.051127
235.701904296875, -0.025142
235.731689453125, 0.120463
235.76171875, -0.066743
235.791748046875, 0.113529
235.82177734375, 0.03726
235.851806640625, 0.106596
235.8818359375, 0.071928
235.911865234375, -0.004341
235.94189453125, -0.039009
235.971923828125, 0.03726
236.001708984375, -0.025142
236.03173828125, 0.099662
236.061767578125, 0.023393
236.091796875, 0.016459
236.121826171875, -0.045943
236.15185546875, 0.002592
236.181884765625, 0.030326
236.2119140625, 0.078861
236.24169921875, 0.106596
236.271728515625, 0.016459
236.3017578125, 0.078861
236.331787109375, 0.030326
236.36181640625, 0.058061
236.391845703125, -0.122212
236.421875, 0.099662
236.451904296875, 0.058061
236.48193359375, -0.018208
236.51171875, 0.023393
236.541748046875, 0.051127
236.57177734375, 0.148197
236.601806640625, -0.094478
236.6318359375, -0.05981
236.661865234375, -0.045943
236.69189453125, -0.066743
236.721923828125, 0.13433
236.751708984375, -0.039009
236.78173828125, -0.011275
236.811767578125, -0.094478
236.841796875, -0.045943
236.871826171875, -0.17768
236.90185546875, -0.108345
236.931884765625, 0.009526
236.9619140625, 0.002592
236.991943359375, -0.018208
237.021728515625, 0.099662
237.0517578125, -0.025142
237.081787109375, 0.071928
237.11181640625, 0.064994
237.141845703125, -0.018208
237.171875, 0.113529
237.201904296875, 0.002592
237.23193359375, 0.085795
237.26171875, -0.032076
237.291748046875, -0.163813
237.32177734375, 0.009526
237.351806640625, -0.004341
237.3818359375, 0.030326
237.411865234375, 0.113529
237.44189453125, 0.071928
237.471923828125, 0.03726
237.501708984375, -0.122212
237.53173828125, -0.004341
237.561767578125, -0.032076
237.591796875, -0.018208
237.621826171875, -0.004341
237.65185546875, -0.018208
237.681884765625, -0.052876
237.7119140625, 0.092728
237.741943359375, -0.045943
237.771728515625, 0.058061
237.8017578125, 0.051127
237.831787109375, 0.113529
237.86181640625, -0.004341
237.891845703125, 0.078861
237.921875, -0.08061
237.951904296875, -0.108345
237.98193359375, -0.045943
238.01171875, 0.141263
238.041748046875, -0.039009
238.07177734375, 0.009526
238.101806640625, 0.099662
238.1318359375, -0.032076
238.161865234375, 0.03726
238.19189453125, -0.073677
238.221923828125, 0.002592
238.251953125, 0.189798
238.28173828125, 0.058061
238.311767578125, -0.025142
238.341796875, -0.052876
238.371826171875, -0.032076
238.40185546875, -0.018208
238.431884765625, 0.009526
238.4619140625, 0.127396
238.491943359375, -0.018208
238.521728515625, 0.064994
238.5517578125, -0.05981
238.581787109375, 0.085795
238.61181640625, -0.08061
238.641845703125, -0.108345
238.671875, -0.004341
238.701904296875, -0.032076
238.73193359375, 0.099662
238.761962890625, 0.009526
238.791748046875, 0.016459
238.82177734375, 0.051127
238.851806640625, -0.011275
238.8818359375, 0.078861
238.911865234375, 0.009526
238.94189453125, -0.018208
238.971923828125, 0.106596
239.001953125, -0.073677
239.03173828125, -0.052876
239.061767578125, -0.032076
239.091796875, 0.023393
239.121826171875, -0.052876
239.15185546875, -0.025142
239.181884765625, -0.066743
239.2119140625, -0.05981
239.241943359375, -0.052876
239.271728515625, 0.030326
239.3017578125, 0.13433
239.331787109375, 0.016459
239.36181640625, 0.009526
239.391845703125, -0.039009
239.421875, -0.108345
239.451904296875, -0.052876
239.48193359375, 0.030326
239.511962890625, 0.064994
239.541748046875, 0.009526
239.57177734375, -0.039009
239.601806640625, -0.004341
239.6318359375, 0.064994
239.661865234375, -0.025142
239.69189453125, -0.073677
239.721923828125, -0.052876
239.751953125, -0.05981
239.78173828125, 0.009526
239.811767578125, 0.113529
239.841796875, 0.051127
239.871826171875, 0.106596
239.90185546875, 0.085795
239.931884765625, 0.03726
239.9619140625, -0.087544
239.991943359375, -0.039009
240.02197265625, 0.064994
240.0517578125, 0.051127
240.081787109375, 0.127396
240.11181640625, 0.127396
240.141845703125, -0.136079
240.171875, -0.066743
240.201904296875, 0.03726
240.23193359375, 0.058061
240.261962890625, -0.039009
240.291748046875, -0.039009
240.32177734375, -0.004341
240.351806640625, 0.03726
240.3818359375, 0.058061
240.411865234375, -0.011275
240.44189453125, 0.099662
240.471923828125, 0.058061
240.501953125, -0.004341
240.53173828125, -0.08061
240.561767578125, -0.004341
240.591796875, -0.032076
240.621826171875, -0.004341
240.65185546875, -0.108345
240.681884765625, 0.009526
240.7119140625, 0.016459
240.741943359375, -0.066743
240.77197265625, 0.113529
240.8017578125, 0.023393
240.831787109375, -0.032076
240.86181640625, -0.032076
240.891845703125, -0.129145
240.921875, -0.108345
240.951904296875, -0.094478
240.98193359375, -0.052876
241.011962890625, -0.032076
241.041748046875, -0.039009
241.07177734375, 0.13433
241.101806640625, -0.191547
241.1318359375, 0.141263
241.161865234375, -0.039009
241.19189453125, -0.025142
241.221923828125, -0.05981
241.251953125, -0.101411
241.281982421875, -0.004341
241.311767578125, 0.023393
241.341796875, -0.05981
241.371826171875, 0.016459
241.40185546875, 0.085795
241.431884765625, -0.08061
241.4619140625, 0.085795
241.491943359375, -0.136079
241.52197265625, -0.045943
241.5517578125, 0.023393
241.581787109375, -0.108345
241.61181640625, 0.099662
241.641845703125, -0.05981
241.671875, 0.044194
241.701904296875, -0.018208
241.73193359375, -0.045943
241.761962890625, 0.023393
241.7919921875, -0.066743
241.82177734375, 0.051127
241.851806640625, 0.023393
241.8818359375, 0.009526
241.911865234375, 0.023393
241.94189453125, 0.016459
241.971923828125, -0.032076
242.001953125, 0.023393
242.031982421875, -0.025142
242.061767578125, -0.039009
242.091796875, 0.058061
242.121826171875, -0.039009
242.15185546875, 0.023393
242.181884765625, -0.15688
242.2119140625, -0.163813
242.241943359375, 0.071928
242.27197265625, -0.05981
242.3017578125, 0.023393
242.331787109375, 0.002592
242.36181640625, 0.03726
242.391845703125, -0.011275
242.421875, 0.078861
242.451904296875, -0.032076
242.48193359375, -0.045943
242.511962890625, -0.004341
242.5419921875, 0.051127
242.57177734375, 0.127396
242.601806640625, -0.087544
242.6318359375, 0.023393
242.661865234375, -0.066743
242.69189453125, -0.087544
242.721923828125, 0.064994
242.751953125, -0.05981
242.781982421875, 0.002592
242.811767578125, 0.078861
242.841796875, -0.108345
242.871826171875, -0.087544
242.90185546875, -0.011275
242.931884765625, 0.016459
242.9619140625, -0.011275
242.991943359375, 0.092728
243.02197265625, 0.023393
243.052001953125, 0.03726
243.081787109375, -0.004341
243.11181640625, -0.039009
243.141845703125, 0.064994
243.171875, -0.018208
243.201904296875, 0.058061
243.23193359375, 0.120463
243.261962890625, 0.03726
243.2919921875, 0.051127
243.32177734375, -0.101411
243.351806640625, -0.108345
243.3818359375, -0.004341
243.411865234375, -0.066743
243.44189453125, -0.184614
243.471923828125, -0.143012
243.501953125, -0.115278
243.531982421875, -0.073677
243.561767578125, 0.058061
243.591796875, -0.066743
243.621826171875, -0.039009
243.65185546875, -0.039009
243.681884765625, 0.099662
243.7119140625, 0.099662
243.741943359375, 0.030326
243.77197265625, 0.002592
243.802001953125, 0.051127
243.831787109375, -0.032076
243.86181640625, 0.016459
243.891845703125, 0.051127
243.921875, 0.002592
243.951904296875, -0.025142
243.98193359375, 0.030326
244.011962890625, 0.092728
244.0419921875, 0.113529
244.07177734375, -0.018208
244.101806640625, 0.085795
244.1318359375, -0.018208
244.161865234375, 0.03726
244.19189453125, 0.071928
244.221923828125, -0.115278
244.251953125, -0.045943
244.281982421875, -0.032076
244.31201171875, -0.066743
244.341796875, 0.106596
244.371826171875, 0.106596
244.40185546875, 0.03726
244.431884765625, 0.085795
244.4619140625, 0.113529
244.491943359375, 0.085795
244.52197265625, 0.064994
244.552001953125, -0.052876
244.581787109375, 0.002592
244.61181640625, 0.009526
244.641845703125, 0.064994
244.671875, 0.078861
244.701904296875, -0.018208
244.73193359375, 0.016459
244.761962890625, 0.092728
244.7919921875, -0.05981
244.822021484375, 0.030326
244.851806640625, -0.032076
244.8818359375, 0.071928
244.911865234375, 0.002592
244.94189453125, -0.05981
244.971923828125, 0.044194
245.001953125, 0.016459
245.031982421875, -0.143012
245.06201171875, -0.122212
245.091796875, 0.002592
245.121826171875, 0.051127
245.15185546875, -0.101411
245.181884765625, 0.092728
245.2119140625, -0.108345
245.241943359375, 0.078861
245.27197265625, 0.023393
245.302001953125, -0.101411
245.331787109375, -0.052876
245.36181640625, 0.002592
245.391845703125, -0.05981
245.421875, -0.115278
245.451904296875, -0.032076
245.48193359375, 0.002592
245.511962890625, -0.066743
245.537353515625, 0.085795
245.5673828125, -0.08061
245.597412109375, -0.136079
245.62744140625, -0.101411
245.657470703125, 0.106596
245.687255859375, -0.045943
245.71728515625, 0.002592
245.747314453125, -0.011275
245.77734375, 0.064994
245.807373046875, -0.004341
245.83740234375, 0.044194
245.867431640625, 0.078861
245.8974609375, 0.023393
245.92724609375, 0.071928
245.957275390625, -0.025142
245.9873046875, 0.002592
246.017333984375, 0.009526
246.04736328125, 0.085795
246.077392578125, 0.058061
246.107421875, 0.002592
246.137451171875, 0.03726
246.16748046875, 0.064994
246.197265625, 0.016459
246.227294921875, 0.13433
246.25732421875, 0.099662
246.287353515625, -0.039009
246.3173828125, 0.023393
246.347412109375, -0.025142
246.37744140625, 0.106596
246.407470703125, -0.115278
246.437255859375, 0.03726
246.46728515625, -0.025142
246.497314453125, 0.058061
246.52734375, 0.071928
246.557373046875, -0.073677
246.58740234375, 0.051127
246.617431640625, 0.03726
246.6474609375, -0.025142
246.67724609375, 0.03726
246.707275390625, 0.002592
246.7373046875, -0.066743
246.767333984375, -0.025142
246.79736328125, 0.002592
246.827392578125, -0.052876
246.857421875, -0.115278
246.887451171875, 0.023393
246.91748046875, -0.039009
246.947265625, -0.039009
246.977294921875, 0.224466
247.00732421875, 0.016459
247.037353515625, 0.078861
247.0673828125, -0.045943
247.097412109375, 0.064994
247.12744140625, 0.078861
247.157470703125, -0.045943
247.187255859375, 0.13433
247.21728515625, 0.016459
247.247314453125, -0.039009
247.27734375, -0.004341
247.307373046875, 0.064994
247.33740234375, -0.122212
247.367431640625, -0.039009
247.3974609375, -0.115278
247.427490234375, 0.051127
247.457275390625, -0.05981
247.4873046875, -0.018208
247.517333984375, 0.085795
247.54736328125, -0.052876
247.577392578125, 0.099662
247.607421875, -0.05981
247.637451171875, -0.011275
247.66748046875, -0.066743
247.697265625, -0.115278
247.727294921875, -0.15688
247.75732421875, 0.03726
247.787353515625, 0.099662
247.8173828125, -0.025142
247.847412109375, 0.071928
247.87744140625, -0.011275
247.907470703125, 0.120463
247.937255859375, -0.05981
247.96728515625, -0.018208
247.997314453125, -0.073677
248.02734375, -0.032076
248.057373046875, -0.032076
248.08740234375, 0.009526
248.117431640625, -0.025142
248.1474609375, -0.039009
248.177490234375, -0.122212
248.207275390625, 0.092728
248.2373046875, 0.099662
248.267333984375, -0.115278
248.29736328125, 0.120463
248.327392578125, 0.030326
248.357421875, -0.052876
248.387451171875, 0.009526
248.41748046875, 0.099662
248.447265625, -0.018208
248.477294921875, 0.148197
248.50732421875, -0.115278
248.537353515625, 0.120463
248.5673828125, 0.044194
248.597412109375, 0.064994
248.62744140625, 0.085795
248.657470703125, 0.058061
248.6875, 0.106596
248.71728515625, 0.064994
248.747314453125, -0.025142
248.77734375, 0.051127
248.807373046875, 0.078861
248.83740234375, 0.092728
248.867431640625, -0.052876
248.8974609375, 0.03726
248.927490234375, -0.052876
248.957275390625, 0.078861
248.9873046875, -0.018208
249.017333984375, -0.032076
249.04736328125, -0.004341
249.077392578125, -0.045943
249.107421875, -0.108345
249.137451171875, -0.073677
249.16748046875, -0.045943
249.197509765625, 0.071928
249.227294921875, -0.045943
249.25732421875, 0.009526
249.287353515625, 0.016459
249.3173828125, 0.016459
249.347412109375, -0.05981
249.37744140625, 0.016459
249.407470703125, -0.143012
249.4375, -0.073677
249.46728515625, -0.129145
249.497314453125, 0.148197
249.52734375, 0.03726
249.557373046875, 0.064994
249.58740234375, -0.129145
249.617431640625, 0.058061
249.6474609375, -0.170747
249.677490234375, 0.113529
249.707275390625, -0.039009
249.7373046875, 0.099662
249.767333984375, -0.08061
249.79736328125, 0.099662
249.827392578125, -0.025142
249.857421875, 0.148197
249.887451171875, -0.025142
249.91748046875, -0.066743
249.947509765625, 0.002592
249.977294921875, -0.004341
250.00732421875, 0.148197
250.037353515625, -0.004341
250.0673828125, -0.05981
250.097412109375, 0.113529
250.12744140625, 0.099662
250.157470703125, 0.071928
250.1875, 0.071928
250.21728515625, -0.052876
250.247314453125, -0.149946
250.27734375, -0.115278
250.307373046875, 0.141263
250.33740234375, -0.011275
250.367431640625, 0.002592
250.3974609375, -0.011275
250.427490234375, 0.064994
250.45751953125, -0.018208
250.4873046875, 0.106596
250.517333984375, 0.15513
250.54736328125, -0.05981
250.577392578125, -0.073677
250.607421875, -0.011275
250.637451171875, 0.168998
250.66748046875, 0.002592
250.697509765625, 0.085795
250.727294921875, -0.05981
250.75732421875, -0.073677
250.787353515625, 0.009526
250.8173828125, -0.025142
250.847412109375, 0.009526
250.87744140625, 0.162064
250.907470703125, 0.044194
250.9375, -0.004341
250.967529296875, 0.085795
250.997314453125, -0.136079
251.02734375, -0.025142
251.057373046875, -0.205414
251.08740234375, 0.030326
251.117431640625, 0.023393
251.1474609375, -0.039009
251.177490234375, -0.101411
251.20751953125, -0.032076
251.2373046875, -0.039009
251.267333984375, 0.016459
251.29736328125, -0.004341
251.327392578125, 0.092728
251.357421875, -0.025142
251.387451171875, 0.023393
251.41748046875, -0.018208
251.447509765625, -0.004341
251.477294921875, -0.073677
251.50732421875, -0.115278
251.537353515625, 0.099662
251.5673828125, -0.032076
251.597412109375, 0.085795
251.62744140625, -0.032076
251.657470703125, 0.058061
251.6875, -0.052876
251.717529296875, 0.009526
251.747314453125, 0.078861
251.77734375, 0.099662
251.807373046875, -0.149946
251.83740234375, -0.052876
251.867431640625, 0.092728
251.8974609375, -0.018208
251.927490234375, -0.032076
251.95751953125, -0.052876
251.9873046875, 0.030326
252.017333984375, 0.023393
252.04736328125, -0.018208
252.077392578125, -0.045943
252.107421875, 0.099662
252.137451171875, -0.05981
252.16748046875, 0.058061
252.197509765625, -0.025142
252.2275390625, 0.064994
252.25732421875, 0.099662
252.287353515625, -0.115278
252.3173828125, 0.099662
252.347412109375, -0.073677
252.37744140625, -0.004341
252.407470703125, -0.045943
252.4375, -0.025142
252.467529296875, -0.032076
252.497314453125, -0.066743
252.52734375, 0.002592
252.557373046875, -0.087544
252.58740234375, -0.05981
252.617431640625, -0.073677
252.6474609375, -0.011275
252.677490234375, 0.071928
252.70751953125, -0.032076
252.7373046875, 0.016459
252.767333984375, -0.052876
252.79736328125, -0.066743
252.827392578125, 0.085795
252.857421875, 0.058061
252.887451171875, -0.011275
252.91748046875, 0.085795
252.947509765625, 0.092728
252.9775390625, -0.032076
253.00732421875, 0.023393
253.037353515625, 0.058061
253.0673828125, -0.045943
253.097412109375, -0.08061
253.12744140625, 0.002592
253.157470703125, -0.011275
253.1875, 0.044194
253.217529296875, -0.08061
253.247314453125, 0.051127
253.27734375, -0.045943
253.307373046875, -0.073677
253.33740234375, 0.016459
253.367431640625, -0.004341
253.3974609375, 0.051127
253.427490234375, -0.045943
253.45751953125, 0.13433
253.487548828125, 0.016459
253.517333984375, 0.009526
253.54736328125, 0.064994
253.577392578125, 0.127396
253.607421875, 0.085795
253.637451171875, 0.044194
253.66748046875, -0.004341
253.697509765625, 0.058061
253.7275390625, -0.05981
253.75732421875, -0.05981
253.787353515625, 0.023393
253.8173828125, -0.052876
253.847412109375, 0.064994
253.87744140625, -0.018208
253.907470703125, -0.087544
253.9375, -0.052876
253.967529296875, -0.045943
253.99755859375, 0.051127
254.02734375, -0.004341
254.057373046875, 0.078861
254.08740234375, -0.101411
254.117431640625, 0.203665
254.1474609375, -0.05981
254.177490234375, 0.016459
254.20751953125, 0.168998
254.237548828125, 0.141263
254.267333984375, 0.009526
254.29736328125, 0.099662
254.327392578125, -0.101411
254.357421875, -0.073677
254.387451171875, -0.143012
254.41748046875, 0.099662
254.447509765625, -0.052876
254.4775390625, -0.032076
254.50732421875, -0.011275
254.537353515625, 0.044194
254.5673828125, 0.044194
254.597412109375, -0.018208
254.62744140625, 0.078861
254.657470703125, -0.08061
254.6875, -0.052876
254.717529296875, 0.002592
254.74755859375, -0.115278
254.77734375, -0.149946
254.807373046875, -0.05981
254.83740234375, 0.002592
254.867431640625, 0.071928
254.8974609375, -0.018208
254.927490234375, 0.044194
254.95751953125, -0.032076
254.987548828125, -0.032076
255.017333984375, -0.018208
255.04736328125, 0.106596
255.077392578125, -0.004341
255.107421875, -0.129145
255.137451171875, 0.002592
255.16748046875, 0.099662
255.197509765625, 0.085795
255.2275390625, -0.018208
255.257568359375, -0.073677
255.287353515625, 0.051127
255.3173828125, -0.045943
255.347412109375, -0.136079
255.37744140625, 0.078861
255.407470703125, 0.099662
255.4375, 0.023393
255.467529296875, 0.099662
255.49755859375, -0.052876
255.52734375, 0.023393
255.557373046875, 0.113529
255.58740234375, 0.03726
255.617431640625, -0.025142
255.6474609375, 0.071928
255.677490234375, 0.092728
255.70751953125, -0.094478
255.737548828125, -0.011275
255.767333984375, -0.025142
255.79736328125, -0.025142
255.827392578125, 0.085795
255.857421875, -0.108345
255.887451171875, 0.002592
255.91748046875, -0.122212
255.947509765625, -0.05981
255.9775390625, 0.051127
256.007568359375, 0.009526
256.037353515625, 0.148197
256.0673828125, 0.071928
256.097412109375, -0.018208
256.12744140625, -0.052876
256.157470703125, -0.052876
256.1875, -0.05981
256.217529296875, -0.032076
256.24755859375, 0.009526
256.27734375, 0.078861
256.307373046875, 0.002592
256.33740234375, -0.025142
256.367431640625, 0.023393
256.3974609375, 0.051127
256.427490234375, -0.039009
256.45751953125, 0.064994
256.487548828125, 0.058061
256.517578125, -0.115278
256.54736328125, 0.085795
256.577392578125, 0.058061
256.607421875, -0.108345
256.637451171875, 0.064994
256.66748046875, 0.085795
256.697509765625, -0.018208
256.7275390625, 0.120463
256.757568359375, -0.073677
256.787353515625, 0.030326
256.8173828125, -0.052876
256.847412109375, -0.018208
256.87744140625, 0.175931
256.907470703125, 0.141263
256.9375, 0.13433
256.967529296875, -0.045943
256.99755859375, -0.073677
257.027587890625, -0.052876
257.057373046875, -0.025142
257.08740234375, -0.052876
257.117431640625, 0.016459
257.1474609375, 0.023393
257.177490234375, -0.05981
257.20751953125, -0.129145
257.237548828125, 0.092728
257.267578125, -0.011275
257.29736328125, -0.018208
257.327392578125, 0.058061
257.357421875, -0.018208
257.387451171875, -0.108345
257.41748046875, -0.052876
257.447509765625, 0.071928
257.4775390625, -0.08061
257.507568359375, -0.108345
257.537353515625, -0.004341
257.5673828125, -0.018208
257.597412109375, -0.15688
257.62744140625, -0.101411
257.657470703125, -0.032076
257.6875, 0.03726
257.717529296875, -0.039009
257.74755859375, 0.023393
257.777587890625, -0.032076
257.807373046875, 0.009526
257.83740234375, -0.066743
257.867431640625, 0.030326
257.8974609375, -0.045943
257.927490234375, 0.030326
257.95751953125, -0.094478
257.987548828125, -0.143012
258.017578125, -0.004341
258.04736328125, -0.143012
258.077392578125, -0.039009
258.107421875, 0.078861
258.137451171875, -0.045943
258.16748046875, -0.045943
258.197509765625, 0.002592
258.2275390625, 0.002592
258.257568359375, 0.189798
258.28759765625, 0.162064
258.3173828125, 0.023393
258.347412109375, 0.03726
258.37744140625, -0.045943
258.407470703125, -0.08061
258.4375, -0.039009
258.467529296875, 0.064994
258.49755859375, 0.009526
258.527587890625, -0.073677
258.557373046875, -0.004341
258.58740234375, -0.066743
258.617431640625, 0.023393
258.6474609375, -0.018208
258.677490234375, -0.052876
258.70751953125, -0.08061
258.737548828125, 0.099662
258.767578125, 0.009526
258.797607421875, 0.030326
258.827392578125, 0.009526
258.857421875, -0.115278
258.887451171875, 0.023393
258.91748046875, -0.115278
258.947509765625, -0.101411
258.9775390625, 0.051127
259.007568359375, -0.004341
259.03759765625, -0.052876
259.0673828125, -0.08061
259.097412109375, 0.002592
259.12744140625, -0.073677
259.157470703125, 0.016459
259.1875, -0.004341
259.217529296875, 0.051127
259.24755859375, -0.025142
259.277587890625, 0.092728
259.307373046875, 0.009526
259.33740234375, 0.162064
259.367431640625, -0.129145
259.3974609375, -0.018208
259.427490234375, -0.018208
259.45751953125, 0.078861
259.487548828125, -0.08061
259.517578125, -0.018208
259.547607421875, -0.045943
259.577392578125, 0.023393
259.607421875, 0.051127
259.637451171875, 0.085795
259.66748046875, -0.032076
259.697509765625, -0.004341
259.7275390625, 0.064994
259.757568359375, 0.058061
259.78759765625, 0.016459
259.8173828125, 0.106596
259.847412109375, -0.018208
259.87744140625, -0.066743
259.907470703125, -0.039009
259.9375, 0.113529
259.967529296875, -0.025142
259.99755859375, 0.085795
260.027587890625, -0.004341
260.0576171875, 0.044194
260.08740234375, -0.05981
260.117431640625, -0.143012
260.1474609375, -0.004341
260.177490234375, -0.101411
260.20751953125, 0.071928
260.237548828125, 0.058061
260.267578125, -0.011275
260.297607421875, 0.03726
260.327392578125, -0.073677
260.357421875, 0.092728
260.387451171875, 0.078861
260.41748046875, 0.078861
260.447509765625, -0.045943
260.4775390625, -0.066743
260.507568359375, -0.011275
260.53759765625, -0.032076
260.5673828125, 0.051127
260.597412109375, 0.051127
260.62744140625, -0.05981
260.657470703125, 0.023393
260.6875, -0.052876
260.717529296875, 0.092728
260.74755859375, 0.106596
260.777587890625, 0.078861
260.8076171875, -0.163813
260.83740234375, 0.044194
260.867431640625, 0.03726
260.8974609375, -0.066743
260.927490234375, 0.03726
260.95751953125, -0.129145
260.987548828125, 0.13433
261.017578125, -0.073677
261.047607421875, 0.148197
261.077392578125, -0.025142
261.107421875, 0.016459
261.137451171875, 0.106596
261.16748046875, -0.143012
261.197509765625, -0.066743
261.2275390625, 0.023393
261.257568359375, -0.08061
261.28759765625, -0.205414
261.317626953125, -0.143012
261.347412109375, -0.247016
261.37744140625, 0.023393
261.407470703125, -0.094478
261.4375, -0.073677
261.467529296875, -0.052876
261.49755859375, 0.058061
261.527587890625, -0.004341
261.5576171875, 0.058061
261.58740234375, -0.149946
261.617431640625, -0.073677
261.6474609375, -0.066743
261.677490234375, 0.030326
261.70751953125, 0.064994
261.737548828125, 0.113529
261.767578125, 0.092728
261.797607421875, 0.189798
261.82763671875, 0.141263
261.857421875, -0.052876
261.887451171875, 0.106596
261.91748046875, -0.004341
261.947509765625, 0.009526
261.9775390625, 0.030326
262.007568359375, 0.064994
262.03759765625, -0.066743
262.067626953125, -0.011275
262.097412109375, 0.106596
262.12744140625, -0.039009
262.157470703125, 0.13433
262.1875, -0.011275
262.217529296875, -0.011275
262.24755859375, -0.108345
262.277587890625, 0.058061
262.3076171875, 0.030326
262.33740234375, -0.039009
262.367431640625, 0.071928
262.3974609375, 0.016459
262.427490234375, -0.05981
262.45751953125, 0.051127
262.487548828125, 0.030326
262.517578125, 0.002592
262.547607421875, -0.011275
262.57763671875, -0.045943
262.607421875, 0.120463
262.637451171875, -0.094478
262.66748046875, 0.092728
262.697509765625, -0.136079
262.7275390625, -0.025142
262.757568359375, 0.064994
262.78759765625, 0.009526
262.817626953125, -0.011275
262.847412109375, 0.071928
262.87744140625, 0.071928
262.907470703125, -0.045943
262.9375, 0.092728
262.967529296875, 0.016459
262.99755859375, 0.002592
263.027587890625, -0.025142
263.0576171875, -0.032076
263.087646484375, -0.011275
263.117431640625, 0.085795
263.1474609375, -0.073677
263.177490234375, 0.120463
263.20751953125, -0.025142
263.237548828125, 0.044194
263.267578125, 0.058061
263.297607421875, 0.009526
263.32763671875, 0.064994
263.357421875, -0.011275
263.387451171875, -0.045943
263.41748046875, 0.15513
263.447509765625, -0.018208
263.4775390625, -0.025142
263.507568359375, -0.05981
263.53759765625, 0.051127
263.567626953125, 0.023393
263.597412109375, 0.030326
263.62744140625, 0.078861
263.657470703125, 0.044194
263.6875, 0.064994
263.717529296875, -0.039009
263.74755859375, -0.05981
263.777587890625, 0.085795
263.8076171875, 0.03726
263.837646484375, 0.113529
263.867431640625, -0.212348
263.8974609375, -0.17768
263.927490234375, 0.016459
263.95751953125, -0.045943
263.987548828125, 0.002592
264.017578125, -0.073677
264.047607421875, 0.064994
264.07763671875, 0.092728
264.107421875, 0.023393
264.137451171875, -0.115278
264.16748046875, -0.018208
264.197509765625, -0.004341
264.2275390625, -0.018208
264.257568359375, 0.113529
264.28759765625, -0.011275
264.317626953125, -0.052876
264.34765625, 0.099662
264.37744140625, -0.004341
264.407470703125, 0.120463
264.4375, 0.009526
264.467529296875, -0.073677
264.49755859375, 0.002592
264.527587890625, -0.032076
264.5576171875, -0.191547
264.587646484375, -0.039009
264.617431640625, 0.058061
264.6474609375, -0.032076
264.677490234375, 0.044194
264.70751953125, 0.023393
264.737548828125, -0.129145
264.767578125, -0.039009
264.797607421875, 0.023393
264.82763671875, -0.045943
264.857666015625, -0.052876
264.887451171875, 0.148197
264.91748046875, 0.009526
264.947509765625, 0.030326
264.9775390625, 0.099662
265.007568359375, 0.092728
265.03759765625, 0.099662
265.067626953125, -0.094478
265.09765625, 0.064994
265.12744140625, 0.106596
265.157470703125, -0.004341
265.1875, 0.03726
265.217529296875, -0.011275
265.24755859375, -0.136079
265.277587890625, -0.108345
265.3076171875, -0.05981
265.337646484375, -0.05981
265.367431640625, -0.018208
265.3974609375, -0.004341
265.427490234375, 0.030326
265.45751953125, -0.066743
265.487548828125, 0.078861
265.517578125, 0.099662
265.547607421875, -0.039009
265.57763671875, -0.011275
265.607666015625, -0.004341
265.637451171875, -0.011275
265.66748046875, -0.018208
265.697509765625, -0.15688
265.7275390625, 0.016459
265.757568359375, -0.17768
265.78759765625, 0.03726
265.817626953125, 0.009526
265.84765625, 0.002592
265.87744140625, 0.127396
265.907470703125, -0.066743
265.9375, 0.016459
265.967529296875, 0.051127
265.99755859375, 0.113529
266.027587890625, -0.004341
266.0576171875, 0.009526
266.087646484375, -0.039009
266.11767578125, -0.073677
266.1474609375, 0.064994
266.177490234375, -0.073677
266.20751953125, 0.002592
266.237548828125, 0.044194
266.267578125, -0.018208
266.297607421875, 0.058061
266.32763671875, -0.073677
266.357666015625, 0.058061
266.387451171875, -0.08061
266.41748046875, -0.045943
266.447509765625, 0.051127
266.4775390625, -0.025142
266.507568359375, 0.078861
266.53759765625, 0.113529
266.567626953125, 0.023393
266.59765625, -0.025142
266.627685546875, -0.004341
266.657470703125, -0.032076
266.6875, 0.120463
266.717529296875, -0.05981
266.74755859375, -0.004341
266.777587890625, 0.182865
266.8076171875, 0.002592
266.837646484375, 0.058061
266.86767578125, -0.136079
266.8974609375, 0.168998
266.927490234375, 0.064994
266.95751953125, 0.168998
266.987548828125, 0.044194
267.017578125, 0.009526
267.047607421875, -0.087544
267.07763671875, 0.002592
267.107666015625, 0.141263
267.137451171875, -0.004341
267.16748046875, 0.085795
267.197509765625, -0.045943
267.2275390625, -0.073677
267.257568359375, -0.108345
267.28759765625, 0.009526
267.317626953125, 0.03726
267.34765625, 0.044194
267.377685546875, -0.025142
267.407470703125, -0.018208
267.4375, 0.058061
267.467529296875, 0.099662
267.49755859375, 0.016459
267.527587890625, -0.032076
267.5576171875, 0.064994
267.587646484375, -0.05981
267.61767578125, -0.025142
267.6474609375, -0.004341
267.677490234375, 0.002592
267.70751953125, 0.078861
267.737548828125, -0.066743
267.767578125, -0.032076
267.797607421875, -0.108345
267.82763671875, 0.071928
267.857666015625, -0.073677
267.8876953125, -0.052876
267.91748046875, 0.03726
267.947509765625, -0.05981
267.9775390625, 0.044194
268.007568359375, -0.039009
268.03759765625, 0.085795
268.067626953125, -0.039009
268.09765625, 0.106596
268.127685546875, 0.002592
268.157470703125, -0.129145
268.1875, 0.016459
268.217529296875, 0.064994
268.24755859375, -0.025142
268.277587890625, 0.016459
268.3076171875, -0.004341
268.337646484375, -0.066743
268.36767578125, 0.002592
268.3974609375, 0.127396
268.427490234375, -0.025142
268.45751953125, -0.101411
268.487548828125, 0.168998
268.517578125, 0.030326
268.547607421875, -0.052876
268.57763671875, 0.044194
268.607666015625, -0.122212
268.6376953125, -0.004341
268.66748046875, -0.052876
268.697509765625, 0.009526
268.7275390625, -0.018208
268.757568359375, -0.004341
268.78759765625, -0.018208
268.817626953125, -0.025142
268.84765625, -0.025142
268.877685546875, -0.052876
268.907470703125, -0.025142
268.9375, 0.002592
268.967529296875, -0.08061
268.99755859375, -0.08061
269.027587890625, -0.025142
269.0576171875, 0.03726
269.087646484375, 0.106596
269.11767578125, -0.018208
269.147705078125, -0.025142
269.177490234375, -0.039009
269.20751953125, 0.002592
269.237548828125, -0.087544
269.267578125, 0.113529
269.297607421875, 0.016459
269.32763671875, 0.016459
269.357666015625, 0.016459
269.3876953125, 0.009526
269.41748046875, -0.115278
269.447509765625, -0.045943
269.4775390625, 0.071928
269.507568359375, -0.039009
269.53759765625, 0.023393
269.567626953125, -0.011275
269.59765625, 0.099662
269.627685546875, 0.13433
269.65771484375, -0.025142
269.6875, -0.039009
269.717529296875, -0.163813
269.74755859375, -0.17768
269.777587890625, -0.149946
269.8076171875, -0.08061
269.837646484375, 0.030326
269.86767578125, 0.058061
269.897705078125, -0.011275
269.927490234375, -0.087544
269.95751953125, -0.018208
269.987548828125, 0.030326
270.017578125, 0.141263
270.047607421875, 0.002592
270.07763671875, -0.052876
270.107666015625, -0.087544
270.1376953125, -0.045943
270.16748046875, -0.073677
270.197509765625, -0.087544
270.2275390625, 0.030326
270.257568359375, -0.018208
270.28759765625, -0.08061
270.317626953125, 0.127396
270.34765625, -0.025142
270.377685546875, -0.018208
270.40771484375, 0.106596
270.4375, -0.073677
270.467529296875, -0.129145
270.49755859375, -0.039009
270.527587890625, -0.018208
270.5576171875, 0.058061
270.587646484375, 0.03726
270.61767578125, 0.148197
270.647705078125, -0.011275
270.677490234375, -0.05981
270.70751953125, 0.085795
270.737548828125, -0.025142
270.767578125, 0.064994
270.797607421875, -0.05981
270.82763671875, -0.05981
270.857666015625, -0.052876
270.8876953125, 0.009526
270.917724609375, -0.018208
270.947509765625, 0.044194
270.9775390625, -0.115278
271.007568359375, -0.129145
271.03759765625, -0.087544
271.067626953125, 0.030326
271.09765625, -0.05981
271.127685546875, 0.023393
271.15771484375, 0.092728
271.1875, 0.03726
271.217529296875, -0.045943
271.24755859375, -0.018208
271.277587890625, -0.039009
271.3076171875, -0.073677
271.337646484375, 0.113529
271.36767578125, 0.162064
271.397705078125, -0.073677
271.427734375, -0.025142
271.45751953125, 0.03726
271.487548828125, 0.044194
271.517578125, 0.009526
271.547607421875, -0.052876
271.57763671875, 0.078861
271.607666015625, -0.025142
271.6376953125, -0.045943
271.667724609375, -0.032076
271.697509765625, -0.004341
271.7275390625, 0.030326
271.757568359375, 0.203665
271.78759765625, 0.203665
271.817626953125, 0.030326
271.84765625, 0.023393
271.877685546875, -0.094478
271.90771484375, -0.018208
271.9375, 0.009526
271.967529296875, -0.129145
271.99755859375, -0.073677
272.027587890625, 0.023393
272.0576171875, 0.009526
272.087646484375, -0.136079
272.11767578125, -0.018208
272.147705078125, -0.018208
272.177734375, -0.011275
272.20751953125, 0.03726
272.237548828125, 0.051127
272.267578125, 0.023393
272.297607421875, 0.044194
272.32763671875, -0.018208
272.357666015625, -0.018208
272.3876953125, 0.099662
272.417724609375, 0.051127
272.447509765625, 0.002592
272.4775390625, 0.071928
272.507568359375, -0.05981
272.53759765625, 0.044194
272.567626953125, 0.002592
272.59765625, -0.05981
272.627685546875, 0.058061
272.65771484375, 0.002592
272.687744140625, 0.15513
272.717529296875, 0.071928
272.74755859375, 0.071928
272.777587890625, -0.17768
272.8076171875, -0.143012
272.837646484375, 0.044194
272.86767578125, -0.08061
272.897705078125, -0.052876
272.927734375, 0.030326
272.95751953125, -0.087544
272.987548828125, 0.030326
273.017578125, 0.009526
273.047607421875, 0.023393
273.07763671875, -0.05981
273.107666015625, 0.009526
273.1376953125, -0.011275
273.167724609375, -0.004341
273.197509765625, -0.15688
273.2275390625, -0.011275
273.257568359375, -0.039009
273.28759765625, -0.032076
273.317626953125, 0.030326
273.34765625, 0.15513
273.377685546875, -0.129145
273.40771484375, -0.011275
273.437744140625, 0.051127
273.467529296875, 0.044194
273.49755859375, -0.039009
273.527587890625, -0.136079
273.5576171875, 0.085795
273.587646484375, 0.15513
273.61767578125, 0.064994
273.647705078125, -0.004341
273.677734375, 0.030326
273.70751953125, -0.08061
273.737548828125, 0.030326
273.767578125, 0.009526
273.797607421875, 0.058061
273.82763671875, 0.085795
273.857666015625, 0.044194
273.8876953125, 0.030326
273.917724609375, 0.085795
273.94775390625, -0.011275
273.9775390625, 0.064994
274.007568359375, 0.085795
274.03759765625, 0.016459
274.067626953125, 0.064994
274.09765625, -0.094478
274.127685546875, -0.122212
274.15771484375, -0.066743
274.187744140625, -0.170747
274.217529296875, -0.115278
274.24755859375, 0.009526
274.277587890625, 0.092728
274.3076171875, -0.101411
274.337646484375, 0.03726
274.36767578125, -0.025142
274.397705078125, -0.039009
274.427734375, 0.016459
274.457763671875, -0.05981
274.487548828125, -0.143012
274.517578125, 0.009526
274.547607421875, -0.025142
274.57763671875, -0.052876
274.607666015625, -0.011275
274.6376953125, 0.058061
274.667724609375, 0.03726
274.69775390625, 0.030326
274.7275390625, 0.030326
274.757568359375, -0.149946
274.78759765625, -0.011275
274.817626953125, 0.106596
274.84765625, 0.051127
274.877685546875, -0.094478
274.90771484375, -0.066743
274.937744140625, -0.045943
274.967529296875, 0.127396
274.99755859375, 0.099662
275.027587890625, -0.011275
275.0576171875, 0.182865
275.087646484375, -0.052876
275.11767578125, -0.045943
275.147705078125, -0.094478
275.177734375, 0.092728
275.207763671875, -0.08061
275.237548828125, 0.016459
275.267578125, -0.018208
275.297607421875, 0.023393
275.32763671875, 0.162064
275.357666015625, -0.018208
275.3876953125, 0.051127
275.417724609375, -0.018208
275.44775390625, 0.016459
275.4775390625, 0.058061
275.507568359375, -0.08061
275.53759765625, 0.009526
275.567626953125, -0.143012
275.59765625, -0.163813
275.627685546875, -0.039009
275.65771484375, 0.085795
275.687744140625, 0.030326
275.7177734375, -0.066743
275.74755859375, 0.009526
275.777587890625, -0.052876
275.8076171875, -0.115278
275.837646484375, -0.045943
275.86767578125, 0.078861
275.897705078125, 0.071928
275.927734375, -0.08061
275.957763671875, -0.066743
275.987548828125, 0.030326
276.017578125, -0.073677
276.047607421875, -0.025142
276.07763671875, 0.03726
276.107666015625, -0.052876
276.1376953125, 0.058061
276.167724609375, 0.099662
276.19775390625, 0.051127
276.2275390625, 0.092728
276.257568359375, -0.039009
276.28759765625, 0.058061
276.317626953125, 0.092728
276.34765625, 0.002592
276.377685546875, -0.094478
276.40771484375, 0.071928
276.437744140625, 0.009526
276.4677734375, -0.011275
276.49755859375, -0.018208
276.527587890625, -0.004341
276.5576171875, -0.052876
276.587646484375, 0.023393
276.61767578125, 0.175931
276.647705078125, -0.045943
276.677734375, 0.064994
276.707763671875, 0.023393
276.737548828125, 0.03726
276.767578125, -0.136079
276.797607421875, -0.032076
276.82763671875, 0.064994
276.857666015625, 0.030326
276.8876953125, 0.009526
276.917724609375, 0.071928
276.94775390625, -0.08061
276.977783203125, 0.016459
277.007568359375, -0.073677
277.03759765625, -0.05981
277.067626953125, 0.016459
277.09765625, -0.05981
277.127685546875, 0.016459
277.15771484375, 0.030326
277.187744140625, 0.113529
277.2177734375, 0.023393
277.24755859375, -0.08061
277.277587890625, 0.016459
277.3076171875, -0.115278
277.337646484375, 0.051127
277.36767578125, 0.002592
277.397705078125, 0.009526
277.427734375, -0.143012
277.457763671875, 0.051127
277.48779296875, 0.03726
277.517578125, -0.087544
277.547607421875, 0.044194
277.57763671875, 0.009526
277.607666015625, 0.009526
277.6376953125, 0.078861
277.667724609375, 0.016459
277.69775390625, 0.13433
277.727783203125, -0.05981
277.757568359375, 0.03726
277.78759765625, 0.162064
277.817626953125, -0.039009
277.84765625, 0.078861
277.877685546875, -0.045943
277.90771484375, -0.011275
277.937744140625, 0.044194
277.9677734375, 0.044194
277.99755859375, 0.009526
278.027587890625, -0.045943
278.0576171875, -0.018208
278.087646484375, -0.136079
278.11767578125, -0.066743
278.147705078125, 0.051127
278.177734375, -0.087544
278.207763671875, -0.011275
278.23779296875, 0.030326
278.267578125, -0.073677
278.297607421875, 0.120463
278.32763671875, -0.108345
278.357666015625, 0.002592
278.3876953125, -0.045943
278.417724609375, 0.162064
278.44775390625, -0.045943
278.477783203125, -0.039009
278.507568359375, 0.058061
278.53759765625, -0.08061
278.567626953125, -0.066743
278.59765625, 0.030326
278.627685546875, -0.004341
278.65771484375, 0.127396
278.687744140625, 0.162064
278.7177734375, -0.032076
278.747802734375, 0.023393
278.777587890625, 0.071928
278.8076171875, 0.030326
278.837646484375, 0.092728
278.86767578125, 0.168998
278.897705078125, 0.162064
278.927734375, -0.045943
278.957763671875, -0.045943
278.98779296875, -0.018208
279.017578125, 0.113529
279.047607421875, -0.018208
279.07763671875, -0.149946
279.107666015625, 0.051127
279.1376953125, -0.108345
279.167724609375, 0.175931
279.19775390625, -0.101411
279.227783203125, 0.085795
279.2578125, 0.099662
279.28759765625, 0.044194
279.317626953125, 0.009526
279.34765625, 0.044194
279.377685546875, 0.141263
279.40771484375, -0.143012
279.437744140625, 0.016459
279.4677734375, -0.115278
279.497802734375, -0.039009
279.527587890625, 0.016459
279.5576171875, -0.045943
279.587646484375, 0.058061
279.61767578125, 0.03726
279.647705078125, 0.03726
279.677734375, -0.087544
279.707763671875, -0.018208
279.73779296875, -0.066743
279.767578125, 0.002592
279.797607421875, 0.002592
279.82763671875, 0.016459
279.857666015625, 0.064994
279.8876953125, -0.032076
279.917724609375, 0.092728
279.94775390625, -0.052876
279.977783203125, 0.002592
280.0078125, -0.073677
280.03759765625, 0.051127
280.067626953125, -0.004341
280.09765625, 0.030326
280.127685546875, -0.032076
280.15771484375, 0.120463
280.187744140625, 0.064994
280.2177734375, -0.045943
280.247802734375, 0.120463
280.277587890625, 0.064994
280.3076171875, -0.101411
280.337646484375, 0.051127
280.36767578125, -0.045943
280.397705078125, 0.078861
280.427734375, 0.051127
280.457763671875, 0.030326
280.48779296875, -0.05981
280.517822265625, 0.064994
280.547607421875, 0.03726
280.57763671875, 0.044194
280.607666015625, 0.002592
280.6376953125, -0.122212
280.667724609375, 0.030326
280.69775390625, 0.127396
280.727783203125, 0.092728
280.7578125, 0.044194
280.78759765625, -0.115278
280.817626953125, 0.044194
280.84765625, -0.108345
280.877685546875, 0.023393
280.90771484375, 0.058061
280.937744140625, 0.002592
280.9677734375, -0.004341
280.997802734375, -0.011275
281.027587890625, 0.064994
281.0576171875, -0.073677
281.087646484375, 0.106596
281.11767578125, -0.101411
281.147705078125, 0.009526
281.177734375, 0.002592
281.207763671875, 0.044194
281.23779296875, -0.025142
281.267822265625, -0.108345
281.297607421875, -0.101411
281.32763671875, 0.016459
281.357666015625, -0.039009
281.3876953125, -0.066743
281.417724609375, -0.15688
281.44775390625, -0.052876
281.477783203125, 0.085795
281.5078125, -0.052876
281.53759765625, -0.087544
281.567626953125, -0.05981
281.59765625, 0.016459
281.627685546875, -0.149946
281.65771484375, -0.129145
281.687744140625, -0.052876
281.7177734375, 0.009526
281.747802734375, 0.002592
281.77783203125, 0.092728
281.8076171875, -0.129145
281.837646484375, 0.030326
281.86767578125, 0.016459
281.897705078125, 0.002592
281.927734375, -0.011275
281.957763671875, 0.030326
281.98779296875, -0.05981
282.017822265625, 0.092728
282.047607421875, 0.009526
282.07763671875, 0.127396
282.107666015625, -0.011275
282.1376953125, 0.051127
282.167724609375, 0.044194
282.19775390625, 0.058061
282.227783203125, 0.009526
282.2578125, -0.039009
282.287841796875, -0.045943
282.317626953125, 0.058061
282.34765625, 0.127396
282.377685546875, 0.002592
282.40771484375, 0.120463
282.437744140625, 0.030326
282.4677734375, 0.009526
282.497802734375, -0.15688
282.52783203125, 0.044194
282.5576171875, 0.023393
282.587646484375, -0.039009
282.61767578125, -0.05981
282.647705078125, -0.011275
282.677734375, 0.009526
282.707763671875, 0.023393
282.73779296875, -0.025142
282.767822265625, -0.122212
282.797607421875, -0.115278
282.82763671875, 0.120463
282.857666015625, 0.044194
282.8876953125, -0.08061
282.917724609375, -0.039009
282.94775390625, 0.044194
282.977783203125, 0.009526
283.0078125, -0.025142
283.037841796875, 0.016459
283.067626953125, -0.094478
283.09765625, 0.058061
283.127685546875, -0.087544
283.15771484375, -0.011275
283.187744140625, -0.045943
283.2177734375, -0.08061
283.247802734375, 0.162064
283.27783203125, -0.115278
283.3076171875, -0.004341
283.337646484375, 0.002592
283.36767578125, 0.127396
283.397705078125, -0.066743
283.427734375, 0.002592
283.457763671875, -0.052876
283.48779296875, 0.071928
283.517822265625, -0.011275
283.5478515625, -0.025142
283.57763671875, 0.085795
283.607666015625, 0.099662
283.6376953125, -0.073677
283.667724609375, -0.087544
283.69775390625, -0.08061
283.727783203125, 0.002592
283.7578125, -0.087544
283.787841796875, 0.030326
283.817626953125, -0.05981
283.84765625, 0.071928
283.877685546875, 0.051127
283.90771484375, -0.05981
283.937744140625, -0.136079
283.9677734375, -0.018208
283.997802734375, 0.002592
284.02783203125, -0.108345
284.0576171875, -0.136079
284.087646484375, 0.016459
284.11767578125, 0.092728
284.147705078125, 0.099662
284.177734375, 0.016459
284.207763671875, 0.002592
284.23779296875, 0.016459
284.267822265625, 0.058061
284.2978515625, 0.217532
284.32763671875, -0.129145
284.357666015625, -0.025142
284.3876953125, -0.018208
284.417724609375, 0.085795
284.44775390625, -0.011275
284.477783203125, 0.002592
284.5078125, 0.085795
284.537841796875, 0.030326
284.567626953125, 0.002592
284.59765625, 0.085795
284.627685546875, -0.025142
284.65771484375, 0.064994
284.687744140625, 0.078861
284.7177734375, -0.011275
284.747802734375, -0.108345
284.77783203125, -0.122212
284.807861328125, 0.030326
284.837646484375, -0.073677
284.86767578125, 0.002592
284.897705078125, -0.011275
284.927734375, -0.045943
284.957763671875, -0.025142
284.98779296875, -0.039009
285.017822265625, 0.092728
285.0478515625, 0.03726
285.07763671875, -0.066743
285.107666015625, 0.168998
285.1376953125, -0.011275
285.167724609375, 0.03726
285.19775390625, 0.009526
285.227783203125, -0.004341
285.2578125, 0.099662
285.287841796875, 0.002592
285.31787109375, -0.052876
285.34765625, 0.051127
285.377685546875, 0.058061
285.40771484375, 0.03726
285.437744140625, -0.122212
285.4677734375, -0.08061
285.497802734375, 0.071928
285.52783203125, -0.025142
285.557861328125, 0.071928
285.587646484375, -0.052876
285.61767578125, -0.087544
285.647705078125, -0.011275
285.677734375, -0.025142
285.707763671875, -0.045943
285.73779296875, 0.064994
285.767822265625, 0.071928
285.7978515625, -0.08061
285.82763671875, 0.071928
285.857666015625, -0.004341
285.8876953125, 0.071928
285.917724609375, 0.03726
285.94775390625, 0.03726
285.977783203125, -0.032076
286.0078125, 0.002592
286.037841796875, -0.032076
286.06787109375, -0.045943
286.09765625, 0.092728
286.127685546875, -0.052876
286.15771484375, -0.066743
286.187744140625, 0.078861
286.2177734375, -0.108345
286.247802734375, -0.025142
286.27783203125, 0.085795
286.307861328125, 0.03726
286.337646484375, -0.115278
286.36767578125, 0.051127
286.397705078125, -0.122212
286.427734375, 0.016459
286.457763671875, -0.018208
286.48779296875, 0.13433
286.517822265625, 0.13433
286.5478515625, -0.039009
286.577880859375, 0.113529
286.607666015625, -0.087544
286.6376953125, 0.044194
286.667724609375, 0.044194
286.69775390625, 0.009526
286.727783203125, -0.025142
286.7578125, -0.018208
286.787841796875, 0.044194
286.81787109375, -0.018208
286.84765625, -0.136079
286.877685546875, 0.13433
286.90771484375, 0.002592
286.937744140625, -0.004341
286.9677734375, 0.03726
286.997802734375, 0.15513
287.02783203125, -0.025142
287.057861328125, -0.066743
287.087890625, 0.023393
287.11767578125, 0.030326
287.147705078125, -0.018208
287.177734375, -0.018208
287.207763671875, -0.129145
287.23779296875, -0.039009
287.267822265625, 0.009526
287.2978515625, 0.009526
287.327880859375, -0.039009
287.357666015625, -0.039009
287.3876953125, 0.106596
287.417724609375, -0.052876
287.44775390625, 0.009526
287.477783203125, -0.052876
287.5078125, 0.051127
287.537841796875, -0.115278
287.56787109375, -0.073677
287.59765625, -0.108345
287.627685546875, 0.071928
287.65771484375, 0.023393
287.687744140625, 0.002592
287.7177734375, -0.101411
287.747802734375, -0.045943
287.77783203125, 0.078861
287.807861328125, 0.030326
287.837890625, -0.032076
287.86767578125, 0.064994
287.897705078125, -0.052876
287.927734375, -0.018208
287.957763671875, -0.05981
287.98779296875, -0.045943
288.017822265625, -0.094478
288.0478515625, 0.106596
288.077880859375, 0.002592
288.107666015625, -0.018208
288.1376953125, -0.087544
288.167724609375, 0.085795
288.19775390625, -0.08061
288.227783203125, -0.073677
288.2578125, 0.009526
288.287841796875, -0.115278
288.31787109375, 0.13433
288.347900390625, 0.009526
288.377685546875, -0.032076
288.40771484375, 0.099662
288.437744140625, 0.064994
288.4677734375, 0.092728
288.497802734375, 0.078861
288.52783203125, -0.025142
288.557861328125, 0.120463
288.587890625, 0.002592
288.61767578125, -0.004341
288.647705078125, -0.115278
288.677734375, 0.009526
288.707763671875, 0.030326
288.73779296875, -0.025142
288.767822265625, 0.009526
288.7978515625, 0.120463
288.827880859375, 0.071928
288.857666015625, 0.030326
288.8876953125, 0.113529
288.917724609375, 0.023393
288.94775390625, -0.039009
288.977783203125, -0.101411
289.0078125, -0.094478
289.037841796875, 0.030326
289.06787109375, 0.120463
289.097900390625, -0.05981
289.127685546875, 0.044194
289.15771484375, -0.004341
289.187744140625, -0.087544
289.2177734375, -0.129145
289.247802734375, 0.009526
289.27783203125, -0.08061
289.307861328125, 0.058061
289.337890625, 0.051127
289.36767578125, 0.058061
289.397705078125, 0.03726
289.427734375, 0.002592
289.457763671875, 0.127396
289.48779296875, -0.05981
289.517822265625, -0.032076
289.5478515625, -0.032076
289.577880859375, 0.009526
289.60791015625, 0.162064
289.6376953125, 0.051127
289.667724609375, 0.113529
289.69775390625, -0.052876
289.727783203125, 0.071928
289.7578125, -0.045943
289.787841796875, 0.058061
289.81787109375, 0.009526
289.847900390625, -0.004341
289.877685546875, 0.064994
289.90771484375, -0.087544
289.937744140625, -0.025142
289.9677734375, 0.064994
289.997802734375, 0.016459
290.02783203125, -0.032076
290.057861328125, 0.058061
290.087890625, 0.030326
290.117919921875, 0.002592
290.147705078125, 0.044194
290.177734375, -0.066743
290.207763671875, 0.078861
290.23779296875, 0.085795
290.267822265625, -0.05981
290.2978515625, -0.115278
290.327880859375, -0.025142
290.35791015625, -0.004341
290.3876953125, 0.051127
290.417724609375, 0.078861
290.44775390625, -0.08061
290.477783203125, -0.129145
290.5078125, -0.039009
290.537841796875, 0.009526
290.56787109375, 0.071928
290.597900390625, -0.108345
290.627685546875, -0.066743
290.65771484375, 0.085795
290.687744140625, 0.030326
290.7177734375, -0.004341
290.747802734375, -0.011275
290.77783203125, 0.120463
290.807861328125, 0.13433
290.837890625, 0.03726
290.867919921875, -0.05981
290.897705078125, -0.004341
290.927734375, -0.108345
290.957763671875, 0.044194
290.98779296875, 0.064994
291.017822265625, 0.13433
291.0478515625, -0.08061
291.077880859375, 0.099662
291.10791015625, -0.032076
291.1376953125, -0.004341
291.167724609375, 0.162064
291.19775390625, -0.011275
291.227783203125, -0.011275
291.2578125, -0.094478
291.287841796875, -0.025142
291.31787109375, 0.002592
291.347900390625, 0.030326
291.3779296875, 0.044194
291.40771484375, 0.064994
291.437744140625, -0.08061
291.4677734375, -0.004341
291.497802734375, 0.092728
291.52783203125, 0.023393
291.557861328125, -0.066743
291.587890625, -0.15688
291.617919921875, -0.170747
291.647705078125, -0.122212
291.677734375, -0.149946
291.707763671875, 0.016459
291.73779296875, -0.045943
291.767822265625, 0.099662
291.7978515625, 0.085795
291.827880859375, 0.051127
291.85791015625, 0.058061
291.8876953125, 0.099662
291.917724609375, -0.018208
291.94775390625, 0.078861
291.977783203125, 0.044194
292.0078125, 0.023393
292.037841796875, -0.032076
292.06787109375, 0.009526
292.097900390625, -0.136079
292.1279296875, 0.009526
292.15771484375, -0.115278
292.187744140625, -0.08061
292.2177734375, -0.004341
292.247802734375, -0.087544
292.27783203125, -0.143012
292.307861328125, -0.122212
292.337890625, 0.162064
292.367919921875, 0.13433
292.397705078125, 0.106596
292.427734375, 0.106596
292.457763671875, 0.085795
292.48779296875, -0.018208
292.517822265625, 0.148197
292.5478515625, -0.039009
292.577880859375, 0.078861
292.60791015625, -0.066743
292.637939453125, -0.039009
292.667724609375, 0.044194
292.69775390625, 0.009526
292.727783203125, 0.03726
292.7578125, 0.106596
292.787841796875, -0.018208
292.81787109375, 0.120463
292.847900390625, -0.011275
292.8779296875, -0.129145
292.90771484375, 0.002592
292.937744140625, 0.016459
292.9677734375, -0.149946
292.997802734375, 0.044194
293.02783203125, -0.011275
293.057861328125, -0.018208
293.087890625, 0.092728
293.117919921875, 0.078861
293.14794921875, -0.011275
293.177734375, -0.101411
293.207763671875, 0.023393
293.23779296875, 0.064994
293.267822265625, 0.002592
293.2978515625, -0.025142
293.327880859375, 0.016459
293.35791015625, -0.066743
293.387939453125, 0.023393
293.417724609375, 0.058061
293.44775390625, -0.129145
293.477783203125, -0.122212
293.5078125, -0.052876
293.537841796875, -0.087544
293.56787109375, -0.004341
293.597900390625, -0.052876
293.6279296875, 0.002592
293.65771484375, 0.030326
293.687744140625, -0.011275
293.7177734375, -0.073677
293.747802734375, 0.009526
293.77783203125, -0.018208
293.807861328125, -0.08061
293.837890625, -0.039009
293.867919921875, 0.002592
293.89794921875, 0.099662
293.927734375, 0.085795
293.957763671875, -0.011275
293.98779296875, -0.066743
294.017822265625, -0.032076
294.0478515625, -0.136079
294.077880859375, -0.039009
294.10791015625, 0.009526
294.137939453125, 0.030326
294.167724609375, 0.002592
294.19775390625, 0.148197
294.227783203125, -0.032076
294.2578125, 0.078861
294.287841796875, 0.092728
294.31787109375, 0.030326
294.347900390625, 0.03726
294.3779296875, 0.071928
294.407958984375, -0.011275
294.437744140625, -0.025142
294.4677734375, -0.039009
294.497802734375, 0.016459
294.52783203125, 0.092728
294.557861328125, 0.03726
294.587890625, 0.044194
294.617919921875, -0.011275
294.64794921875, -0.136079
294.677734375, 0.016459
294.707763671875, 0.085795
294.73779296875, 0.051127
294.767822265625, 0.023393
294.7978515625, 0.071928
294.827880859375, 0.051127
294.85791015625, -0.052876
294.887939453125, -0.052876
294.91796875, -0.004341
294.94775390625, 0.009526
294.977783203125, 0.009526
295.0078125, 0.085795
295.037841796875, 0.058061
295.06787109375, -0.039009
295.097900390625, -0.073677
295.1279296875, -0.039009
295.157958984375, 0.030326
295.187744140625, -0.052876
295.2177734375, -0.018208
295.247802734375, -0.011275
295.27783203125, 0.085795
295.307861328125, 0.078861
295.337890625, 0.03726
295.367919921875, 0.189798
295.39794921875, 0.002592
295.427734375, 0.064994
295.457763671875, 0.051127
295.48779296875, -0.108345
295.517822265625, -0.094478
295.5478515625, 0.078861
295.577880859375, 0.15513
295.60791015625, -0.066743
295.637939453125, 0.03726
295.66796875, 0.009526
295.69775390625, 0.071928
295.727783203125, 0.016459
295.7578125, 0.189798
295.787841796875, 0.078861
295.81787109375, 0.106596
295.847900390625, 0.051127
295.8779296875, -0.066743
295.907958984375, -0.143012
295.937744140625, -0.011275
295.9677734375, -0.066743
295.997802734375, 0.182865
296.02783203125, 0.078861
296.057861328125, -0.073677
296.087890625, 0.058061
296.117919921875, 0.030326
296.14794921875, 0.030326
296.177978515625, -0.032076
296.207763671875, 0.030326
296.23779296875, -0.08061
296.267822265625, -0.101411
296.2978515625, -0.073677
296.327880859375, -0.163813
296.35791015625, -0.115278
296.387939453125, 0.064994
296.41796875, 0.058061
296.44775390625, 0.051127
296.477783203125, -0.018208
296.5078125, 0.002592
296.537841796875, -0.045943
296.56787109375, -0.039009
296.597900390625, 0.058061
296.6279296875, -0.087544
296.657958984375, 0.023393
296.687744140625, 0.127396
296.7177734375, 0.051127
296.747802734375, 0.002592
296.77783203125, 0.064994
296.807861328125, 0.051127
296.837890625, 0.051127
296.867919921875, 0.044194
296.89794921875, -0.066743
296.927978515625, -0.073677
296.957763671875, 0.141263
296.98779296875, 0.009526
297.017822265625, -0.025142
297.0478515625, -0.115278
297.077880859375, 0.016459
297.10791015625, 0.002592
297.137939453125, 0.03726
297.16796875, 0.162064
297.19775390625, -0.018208
297.227783203125, 0.085795
297.2578125, -0.087544
297.287841796875, 0.009526
297.31787109375, -0.073677
297.347900390625, -0.004341
297.3779296875, -0.052876
297.407958984375, -0.149946
297.43798828125, 0.023393
297.4677734375, 0.023393
297.497802734375, -0.045943
297.52783203125, 0.002592
297.557861328125, -0.073677
297.587890625, -0.039009
297.617919921875, -0.066743
297.64794921875, 0.168998
297.677978515625, 0.016459
297.707763671875, 0.023393
297.73779296875, -0.143012
297.767822265625, 0.085795
297.7978515625, 0.030326
297.827880859375, -0.087544
297.85791015625, -0.018208
297.887939453125, 0.044194
297.91796875, -0.136079
297.947998046875, -0.087544
297.977783203125, 0.113529
298.0078125, 0.058061
298.037841796875, 0.058061
298.06787109375, -0.039009
298.097900390625, -0.011275
298.1279296875, -0.045943
298.157958984375, 0.044194
298.18798828125, -0.05981
298.2177734375, -0.052876
298.247802734375, -0.115278
298.27783203125, -0.004341
298.307861328125, 0.127396
298.337890625, -0.045943
298.367919921875, -0.219282
298.39794921875, 0.016459
298.427978515625, -0.011275
298.457763671875, -0.018208
298.48779296875, -0.066743
298.517822265625, -0.018208
298.5478515625, 0.030326
298.577880859375, 0.106596
298.60791015625, 0.127396
298.637939453125, -0.087544
298.66796875, 0.078861
298.697998046875, 0.085795
298.727783203125, -0.101411
298.7578125, 0.009526
298.787841796875, 0.03726
298.81787109375, -0.094478
298.847900390625, -0.011275
298.8779296875, 0.009526
298.907958984375, -0.032076
298.93798828125, 0.2314
298.9677734375, -0.039009
298.997802734375, -0.15688
299.02783203125, 0.148197
299.057861328125, -0.025142
299.087890625, -0.066743
299.117919921875, -0.045943
299.14794921875, -0.129145
299.177978515625, 0.127396
299.2080078125, 0.023393
299.23779296875, -0.066743
299.267822265625, 0.030326
299.2978515625, 0.058061
299.327880859375, 0.064994
299.35791015625, -0.039009
299.387939453125, -0.08061
299.41796875, -0.011275
299.447998046875, -0.011275
299.477783203125, 0.099662
299.5078125, 0.016459
299.537841796875, 0.092728
299.56787109375, -0.039009
299.597900390625, 0.002592
299.6279296875, -0.129145
299.657958984375, -0.066743
299.68798828125, -0.066743
299.7177734375, 0.044194
299.747802734375, 0.071928
299.77783203125, 0.016459
299.807861328125, -0.039009
299.837890625, 0.009526
299.867919921875, -0.045943
299.89794921875, 0.085795
299.927978515625, -0.018208
299.9580078125, -0.05981
299.98779296875, 0.023393
300.017822265625, 0.099662
300.0478515625, -0.184614
300.077880859375, -0.052876
300.10791015625, -0.073677
300.137939453125, 0.009526
300.16796875, 0.044194
300.197998046875, 0.016459
300.227783203125, -0.052876
300.2578125, -0.163813
300.287841796875, 0.03726
300.31787109375, -0.15688
300.347900390625, 0.023393
300.3779296875, -0.045943
300.407958984375, 0.092728
300.43798828125, -0.052876
300.468017578125, 0.092728
300.497802734375, 0.120463
300.52783203125, -0.025142
300.557861328125, -0.08061
300.587890625, 0.113529
300.617919921875, -0.032076
300.64794921875, 0.016459
300.677978515625, 0.085795
300.7080078125, -0.108345
300.73779296875, 0.002592
300.767822265625, -0.032076
300.7978515625, 0.162064
300.827880859375, -0.025142
300.85791015625, -0.004341
300.887939453125, 0.099662
300.91796875, 0.106596
300.947998046875, -0.025142
300.97802734375, -0.032076
301.0078125, -0.018208
301.037841796875, 0.092728
301.06787109375, 0.044194
301.097900390625, -0.087544
301.1279296875, -0.039009
301.157958984375, -0.039009
301.18798828125, 0.099662
301.218017578125, -0.004341
301.247802734375, 0.106596
301.27783203125, -0.004341
301.307861328125, 0.03726
301.337890625, -0.073677
301.367919921875, 0.023393
301.39794921875, -0.045943
301.427978515625, -0.129145
301.4580078125, 0.009526
301.48779296875, 0.03726
301.517822265625, -0.15688
301.5478515625, 0.078861
301.577880859375, 0.03726
301.60791015625, -0.052876
301.637939453125, -0.025142
301.66796875, -0.073677
301.697998046875, 0.023393
301.72802734375, 0.064994
301.7578125, -0.018208
301.787841796875, -0.066743
301.81787109375, 0.092728
301.847900390625, -0.122212
301.8779296875, -0.05981
301.907958984375, 0.162064
301.93798828125, 0.175931
301.968017578125, 0.168998
301.997802734375, 0.15513
302.02783203125, 0.009526
302.057861328125, 0.002592
302.087890625, 0.13433
302.117919921875, 0.002592
302.14794921875, -0.004341
302.177978515625, 0.051127
302.2080078125, 0.092728
302.238037109375, -0.066743
302.267822265625, 0.03726
302.2978515625, 0.044194
302.327880859375, -0.039009
302.35791015625, 0.085795
302.387939453125, 0.044194
302.41796875, 0.092728
302.447998046875, 0.051127
302.47802734375, 0.051127
302.5078125, 0.099662
302.537841796875, -0.066743
302.56787109375, -0.004341
302.597900390625, 0.092728
302.6279296875, 0.092728
302.657958984375, 0.162064
302.68798828125, -0.066743
302.718017578125, -0.025142
302.748046875, -0.004341
302.77783203125, 0.13433
302.807861328125, 0.162064
302.837890625, 0.051127
302.867919921875, 0.023393
302.89794921875, -0.045943
302.927978515625, 0.085795
302.9580078125, 0.016459
302.988037109375, 0.071928
303.017822265625, 0.071928
303.0478515625, -0.073677
303.077880859375, 0.002592
303.10791015625, -0.045943
303.137939453125, -0.094478
303.16796875, 0.002592
303.197998046875, -0.066743
303.22802734375, -0.039009
303.2578125, -0.045943
303.287841796875, 0.051127
303.31787109375, -0.039009
303.347900390625, 0.044194
303.3779296875, -0.018208
303.407958984375, 0.009526
303.43798828125, -0.004341
303.468017578125, 0.058061
303.498046875, 0.051127
303.52783203125, -0.011275
303.557861328125, -0.108345
303.587890625, 0.106596
303.617919921875, 0.099662
303.64794921875, 0.044194
303.677978515625, 0.002592
303.7080078125, 0.030326
303.738037109375, -0.08061
303.767822265625, 0.051127
303.7978515625, 0.030326
303.827880859375, -0.05981
303.85791015625, -0.05981
303.887939453125, -0.025142
303.91796875, 0.141263
303.947998046875, 0.023393
303.97802734375, -0.025142
304.008056640625, 0.099662
304.037841796875, 0.03726
304.06787109375, 0.002592
304.097900390625, -0.052876
304.1279296875, -0.032076
304.157958984375, 0.064994
304.18798828125, -0.122212
304.218017578125, 0.009526
304.248046875, 0.120463
304.27783203125, 0.120463
304.307861328125, 0.120463
304.337890625, 0.030326
304.367919921875, -0.08061
304.39794921875, -0.073677
304.427978515625, 0.030326
304.4580078125, 0.078861
304.488037109375, 0.078861
304.517822265625, 0.023393
304.5478515625, 0.03726
304.577880859375, 0.064994
304.60791015625, 0.058061
304.637939453125, 0.051127
304.66796875, 0.058061
304.697998046875, -0.087544
304.72802734375, -0.032076
304.758056640625, 0.030326
304.787841796875, 0.023393
304.81787109375, -0.052876
304.847900390625, 0.099662
304.8779296875, 0.168998
304.907958984375, -0.101411
304.93798828125, -0.025142
304.968017578125, 0.03726
304.998046875, -0.018208
305.02783203125, -0.004341
305.057861328125, -0.149946
305.087890625, -0.011275
305.117919921875, -0.025142
305.14794921875, 0.064994
305.177978515625, 0.023393
305.2080078125, 0.023393
305.238037109375, -0.052876
305.26806640625, 0.023393
305.2978515625, -0.039009
305.327880859375, 0.03726
305.35791015625, -0.052876
305.387939453125, 0.058061
305.41796875, 0.127396
305.447998046875, 0.071928
305.47802734375, -0.087544
305.508056640625, 0.023393
305.537841796875, 0.127396
305.56787109375, -0.08061
305.597900390625, 0.002592
305.6279296875, 0.099662
305.657958984375, -0.032076
305.68798828125, 0.071928
305.718017578125, -0.039009
305.748046875, -0.066743
305.778076171875, -0.032076
305.807861328125, -0.025142
305.837890625, 0.064994
305.867919921875, 0.002592
305.89794921875, 0.002592
305.927978515625, -0.004341
305.9580078125, -0.073677
305.988037109375, 0.044194
306.01806640625, 0.002592
306.0478515625, 0.071928
306.077880859375, -0.08061
306.10791015625, -0.05981
306.137939453125, 0.058061
306.16796875, 0.016459
306.197998046875, 0.009526
306.22802734375, 0.016459
306.258056640625, -0.018208
306.287841796875, -0.170747
306.31787109375, -0.011275
306.347900390625, 0.051127
306.3779296875, 0.148197
306.407958984375, -0.004341
306.43798828125, 0.141263
306.468017578125, -0.011275
306.498046875, -0.094478
306.528076171875, -0.08061
306.557861328125, -0.094478
306.587890625, 0.078861
306.617919921875, -0.032076
306.64794921875, -0.08061
306.677978515625, 0.058061
306.7080078125, -0.011275
306.738037109375, -0.045943
306.76806640625, -0.025142
306.7978515625, 0.051127
306.827880859375, -0.018208
306.85791015625, 0.030326
306.887939453125, -0.004341
306.91796875, 0.064994
306.947998046875, 0.106596
306.97802734375, -0.032076
307.008056640625, -0.052876
307.0380859375, 0.058061
307.06787109375, 0.106596
307.097900390625, -0.039009
307.1279296875, -0.011275
307.157958984375, -0.032076
307.18798828125, -0.025142
307.218017578125, 0.009526
307.248046875, 0.03726
307.278076171875, 0.044194
307.307861328125, 0.016459
307.337890625, -0.122212
307.367919921875, 0.051127
307.39794921875, 0.064994
307.427978515625, 0.051127
307.4580078125, 0.016459
307.488037109375, -0.039009
307.51806640625, -0.004341
307.5478515625, -0.101411
307.577880859375, -0.143012
307.60791015625, 0.058061
307.637939453125, -0.032076
307.66796875, -0.115278
307.697998046875, -0.066743
307.72802734375, 0.148197
307.758056640625, 0.120463
307.7880859375, -0.011275
307.81787109375, 0.030326
307.847900390625, 0.092728
307.8779296875, -0.087544
307.907958984375, -0.039009
307.93798828125, -0.004341
307.968017578125, 0.113529
307.998046875, -0.039009
308.028076171875, 0.058061
308.057861328125, 0.030326
308.087890625, -0.025142
308.117919921875, -0.004341
308.14794921875, 0.127396
308.177978515625, -0.15688
308.2080078125, 0.044194
308.238037109375, -0.094478
308.26806640625, 0.085795
308.298095703125, 0.071928
308.327880859375, 0.009526
308.35791015625, 0.03726
308.387939453125, -0.032076
308.41796875, 0.051127
308.447998046875, -0.087544
308.47802734375, 0.127396
308.508056640625, 0.106596
308.5380859375, 0.030326
308.56787109375, 0.009526
308.597900390625, 0.002592
308.6279296875, 0.009526
308.657958984375, 0.141263
308.68798828125, -0.052876
308.718017578125, 0.058061
308.748046875, 0.051127
308.778076171875, -0.011275
308.80810546875, 0.064994
308.837890625, 0.051127
308.867919921875, -0.025142
308.89794921875, 0.092728
308.927978515625, -0.087544
308.9580078125, 0.016459
308.988037109375, -0.052876
309.01806640625, 0.023393
309.048095703125, -0.052876
309.077880859375, -0.011275
309.10791015625, 0.15513
309.137939453125, 0.120463
309.16796875, -0.011275
309.197998046875, -0.004341
309.22802734375, -0.004341
309.258056640625, -0.108345
309.2880859375, -0.011275
309.31787109375, -0.115278
309.347900390625, 0.023393
309.3779296875, -0.108345
309.407958984375, 0.016459
309.43798828125, -0.149946
309.468017578125, 0.078861
309.498046875, -0.052876
309.528076171875, 0.051127
309.55810546875, 0.002592
309.587890625, 0.002592
309.617919921875, 0.030326
309.64794921875, 0.023393
309.677978515625, -0.122212
309.7080078125, -0.045943
309.738037109375, -0.129145
309.76806640625, -0.004341
309.798095703125, 0.03726
309.827880859375, 0.071928
309.85791015625, 0.120463
309.887939453125, 0.03726
309.91796875, -0.045943
309.947998046875, 0.064994
309.97802734375, 0.023393
310.008056640625, 0.085795
310.0380859375, -0.143012
310.068115234375, -0.045943
310.097900390625, 0.023393
310.1279296875, 0.078861
310.157958984375, -0.129145
310.18798828125, -0.018208
310.218017578125, 0.009526
310.248046875, 0.023393
310.278076171875, 0.044194
310.30810546875, 0.009526
310.337890625, -0.212348
310.367919921875, -0.108345
310.39794921875, 0.058061
310.427978515625, -0.025142
310.4580078125, 0.078861
310.488037109375, 0.030326
310.51806640625, 0.009526
310.548095703125, 0.058061
310.578125, 0.023393
310.60791015625, 0.058061
310.637939453125, -0.073677
310.66796875, -0.004341
310.697998046875, 0.051127
310.72802734375, -0.032076
310.758056640625, -0.149946
310.7880859375, -0.108345
310.818115234375, 0.016459
310.847900390625, 0.002592
310.8779296875, 0.099662
310.907958984375, 0.078861
310.93798828125, 0.03726
310.968017578125, 0.002592
310.998046875, -0.122212
311.028076171875, 0.106596
311.05810546875, 0.071928
311.087890625, 0.03726
311.117919921875, 0.092728
311.14794921875, -0.108345
311.177978515625, -0.05981
311.2080078125, -0.032076
311.238037109375, -0.052876
311.26806640625, 0.15513
311.298095703125, -0.045943
311.328125, 0.051127
311.35791015625, -0.045943
311.387939453125, 0.071928
311.41796875, 0.071928
311.447998046875, 0.009526
311.47802734375, -0.018208
311.508056640625, -0.052876
311.5380859375, 0.016459
311.568115234375, -0.066743
311.597900390625, 0.030326
311.6279296875, -0.052876
311.657958984375, 0.023393
311.68798828125, -0.136079
311.718017578125, 0.210599
311.748046875, -0.108345
311.778076171875, -0.08061
311.80810546875, -0.018208
311.838134765625, -0.163813
311.867919921875, -0.018208
311.89794921875, 0.023393
311.927978515625, 0.051127
311.9580078125, 0.092728
311.988037109375, 0.064994
312.01806640625, -0.052876
312.048095703125, 0.03726
312.078125, 0.009526
312.10791015625, 0.085795
312.137939453125, -0.094478
312.16796875, 0.078861
312.197998046875, -0.073677
312.22802734375, -0.108345
312.258056640625, 0.141263
312.2880859375, -0.129145
312.318115234375, -0.052876
312.347900390625, 0.03726
312.3779296875, 0.078861
312.407958984375, -0.05981
312.43798828125, -0.163813
312.468017578125, -0.004341
312.498046875, 0.064994
312.528076171875, 0.078861
312.55810546875, 0.002592
312.588134765625, -0.032076
312.617919921875, 0.023393
312.64794921875, -0.115278
312.677978515625, -0.025142
312.7080078125, 0.03726
312.738037109375, 0.058061
312.76806640625, -0.045943
312.798095703125, 0.051127
312.828125, 0.044194
312.85791015625, -0.073677
312.887939453125, 0.016459
312.91796875, 0.099662
312.947998046875, 0.03726
312.97802734375, -0.025142
313.008056640625, 0.120463
313.0380859375, 0.016459
313.068115234375, -0.108345
313.09814453125, -0.115278
313.1279296875, 0.009526
313.157958984375, -0.143012
313.18798828125, 0.051127
313.218017578125, -0.05981
313.248046875, 0.016459
313.278076171875, -0.122212
313.30810546875, -0.108345
313.338134765625, -0.08061
313.367919921875, 0.044194
313.39794921875, 0.071928
313.427978515625, -0.032076
313.4580078125, -0.136079
313.488037109375, 0.099662
313.51806640625, -0.011275
313.548095703125, 0.030326
313.578125, -0.094478
313.608154296875, 0.023393
313.637939453125, 0.168998
313.66796875, 0.016459
313.697998046875, 0.002592
313.72802734375, 0.030326
313.758056640625, 0.044194
313.7880859375, -0.011275
313.818115234375, 0.064994
313.84814453125, 0.058061
313.8779296875, 0.058061
313.907958984375, 0.078861
313.93798828125, 0.071928
313.968017578125, 0.078861
313.998046875, -0.004341
314.028076171875, 0.051127
314.05810546875, -0.05981
314.088134765625, -0.066743
314.117919921875, 0.023393
314.14794921875, -0.15688
314.177978515625, -0.05981
314.2080078125, 0.023393
314.238037109375, -0.032076
314.26806640625, -0.004341
314.298095703125, 0.113529
314.328125, 0.030326
314.358154296875, -0.011275
314.387939453125, 0.092728
314.41796875, -0.094478
314.447998046875, 0.168998
314.47802734375, 0.023393
314.508056640625, 0.051127
314.5380859375, -0.052876
314.568115234375, 0.092728
314.59814453125, -0.032076
314.6279296875, 0.058061
314.657958984375, 0.002592
314.68798828125, 0.030326
314.718017578125, -0.004341
314.748046875, 0.051127
314.778076171875, -0.052876
314.80810546875, -0.032076
314.838134765625, 0.002592
314.8681640625, -0.08061
314.89794921875, 0.106596
314.927978515625, -0.066743
314.9580078125, -0.073677
314.988037109375, 0.217532
315.01806640625, 0.196732
315.048095703125, 0.030326
315.078125, -0.101411
315.108154296875, -0.032076
315.137939453125, 0.002592
315.16796875, 0.030326
315.197998046875, 0.099662
315.22802734375, -0.073677
315.258056640625, 0.016459
315.2880859375, 0.016459
315.318115234375, 0.051127
315.34814453125, -0.025142
315.378173828125, 0.071928
315.407958984375, 0.03726
315.43798828125, -0.004341
315.468017578125, 0.009526
315.498046875, -0.052876
315.528076171875, -0.004341
315.55810546875, 0.058061
315.588134765625, -0.018208
315.6181640625, -0.032076
315.64794921875, -0.039009
315.677978515625, 0.058061
315.7080078125, 0.030326
315.738037109375, 0.078861
315.76806640625, -0.05981
315.798095703125, -0.094478
315.828125, 0.030326
315.858154296875, 0.009526
315.887939453125, -0.045943
315.91796875, 0.092728
315.947998046875, -0.018208
315.97802734375, -0.066743
316.008056640625, 0.009526
316.0380859375, 0.030326
316.068115234375, -0.108345
316.09814453125, -0.094478
316.128173828125, -0.073677
316.157958984375, 0.113529
316.18798828125, -0.025142
316.218017578125, 0.224466
316.248046875, 0.016459
316.278076171875, -0.05981
316.30810546875, 0.030326
316.338134765625, 0.071928
316.3681640625, -0.170747
316.39794921875, -0.066743
316.427978515625, 0.03726
316.4580078125, 0.044194
316.488037109375, 0.071928
316.51806640625, 0.106596
316.548095703125, 0.030326
316.578125, 0.002592
316.608154296875, 0.064994
316.63818359375, -0.011275
316.66796875, 0.03726
316.697998046875, -0.045943
316.72802734375, -0.094478
316.758056640625, -0.143012
316.7880859375, -0.025142
316.818115234375, 0.106596
316.84814453125, -0.045943
316.878173828125, 0.092728
316.907958984375, 0.071928
316.93798828125, 0.002592
316.968017578125, 0.030326
316.998046875, -0.045943
317.028076171875, -0.004341
317.05810546875, 0.092728
317.088134765625, -0.05981
317.1181640625, 0.051127
317.14794921875, 0.030326
317.177978515625, 0.051127
317.2080078125, -0.045943
317.238037109375, 0.058061
317.26806640625, -0.205414
317.298095703125, 0.085795
317.328125, -0.011275
317.358154296875, 0.023393
317.38818359375, -0.08061
317.41796875, -0.018208
317.447998046875, -0.073677
317.47802734375, 0.002592
317.508056640625, 0.016459
317.5380859375, -0.039009
317.568115234375, -0.004341
317.59814453125, 0.058061
317.628173828125, -0.08061
317.657958984375, 0.058061
317.68798828125, 0.016459
317.718017578125, 0.016459
317.748046875, -0.045943
317.778076171875, -0.018208
317.80810546875, 0.023393
317.838134765625, -0.025142
317.8681640625, 0.085795
317.898193359375, -0.05981
317.927978515625, 0.023393
317.9580078125, 0.023393
317.988037109375, 0.030326
318.01806640625, -0.025142
318.048095703125, -0.073677
318.078125, 0.044194
318.108154296875, 0.099662
318.13818359375, 0.009526
318.16796875, -0.045943
318.197998046875, -0.066743
318.22802734375, 0.113529
318.258056640625, 0.023393
318.2880859375, 0.099662
318.318115234375, 0.051127
318.34814453125, 0.113529
318.378173828125, -0.05981
318.408203125, -0.045943
318.43798828125, 0.071928
318.468017578125, 0.009526
318.498046875, 0.016459
318.528076171875, -0.039009
318.55810546875, -0.045943
318.588134765625, 0.03726
318.6181640625, -0.143012
318.648193359375, -0.149946
318.677978515625, -0.032076
318.7080078125, -0.032076
318.738037109375, 0.058061
318.76806640625, -0.032076
318.798095703125, -0.101411
318.828125, 0.182865
318.858154296875, -0.129145
318.88818359375, 0.071928
318.91796875, 0.071928
318.947998046875, -0.052876
318.97802734375, 0.148197
319.008056640625, -0.163813
319.0380859375, 0.051127
319.068115234375, 0.058061
319.09814453125, 0.023393
319.128173828125, -0.018208
319.158203125, 0.002592
319.18798828125, -0.052876
319.218017578125, 0.099662
319.248046875, 0.051127
319.278076171875, -0.039009
319.30810546875, 0.002592
319.338134765625, 0.044194
319.3681640625, 0.023393
319.398193359375, 0.113529
319.427978515625, -0.052876
319.4580078125, 0.009526
319.488037109375, -0.039009
319.51806640625, 0.058061
319.548095703125, -0.039009
319.578125, -0.094478
319.608154296875, 0.002592
319.63818359375, 0.092728
319.668212890625, 0.058061
319.697998046875, -0.032076
319.72802734375, 0.064994
319.758056640625, 0.13433
319.7880859375, -0.08061
319.818115234375, -0.045943
319.84814453125, -0.045943
319.878173828125, 0.044194
319.908203125, 0.106596
319.93798828125, -0.149946
319.968017578125, 0.016459
319.998046875, -0.066743
320.028076171875, 0.064994
320.05810546875, -0.032076
320.088134765625, 0.009526
320.1181640625, 0.03726
320.148193359375, 0.002592
320.177978515625, 0.058061
320.2080078125, -0.039009
320.238037109375, -0.018208
320.26806640625, 0.044194
320.298095703125, -0.011275
320.328125, -0.025142
320.358154296875, 0.058061
320.38818359375, 0.099662
320.418212890625, 0.099662
320.447998046875, 0.023393
320.47802734375, -0.129145
320.508056640625, -0.087544
320.5380859375, 0.078861
320.568115234375, 0.058061
320.59814453125, -0.05981
320.628173828125, -0.143012
320.658203125, -0.025142
320.68798828125, 0.044194
320.718017578125, 0.064994
320.748046875, -0.018208
320.778076171875, -0.05981
320.80810546875, 0.023393
320.838134765625, -0.045943
320.8681640625, 0.120463
320.898193359375, 0.009526
320.92822265625, -0.15688
320.9580078125, -0.087544
320.988037109375, -0.045943
321.01806640625, 0.058061
321.048095703125, -0.039009
321.078125, -0.018208
321.108154296875, 0.175931
321.13818359375, -0.101411
321.168212890625, 0.058061
321.197998046875, -0.045943
321.22802734375, 0.064994
321.258056640625, -0.15688
321.2880859375, 0.002592
321.318115234375, 0.071928
321.34814453125, -0.05981
321.378173828125, 0.002592
321.408203125, 0.002592
321.438232421875, 0.044194
321.468017578125, -0.066743
321.498046875, 0.058061
321.528076171875, -0.004341
321.55810546875, -0.115278
321.588134765625, -0.004341
321.6181640625, 0.071928
321.648193359375, -0.032076
321.67822265625, -0.039009
321.7080078125, 0.009526
321.738037109375, -0.08061
321.76806640625, -0.032076
321.798095703125, -0.052876
321.828125, 0.175931
321.858154296875, 0.168998
321.88818359375, -0.094478
321.918212890625, -0.032076
321.947998046875, -0.018208
321.97802734375, 0.009526
322.008056640625, 0.092728
322.0380859375, 0.002592
322.068115234375, 0.162064
322.09814453125, 0.016459
322.128173828125, 0.064994
322.158203125, -0.066743
322.188232421875, -0.011275
322.218017578125, 0.016459
322.248046875, 0.03726
322.278076171875, 0.092728
322.30810546875, -0.05981
322.338134765625, 0.016459
322.3681640625, 0.002592
322.398193359375, -0.004341
322.42822265625, -0.073677
322.4580078125, -0.004341
322.488037109375, 0.141263
322.51806640625, -0.115278
322.548095703125, -0.073677
322.578125, -0.108345
322.608154296875, -0.045943
322.63818359375, 0.03726
322.668212890625, -0.066743
322.6982421875, 0.030326
322.72802734375, -0.004341
322.758056640625, 0.030326
322.7880859375, -0.045943
322.818115234375, -0.163813
322.84814453125, 0.023393
322.878173828125, 0.03726
322.908203125, 0.03726
322.938232421875, -0.045943
322.968017578125, 0.023393
322.998046875, 0.044194
323.028076171875, 0.009526
323.05810546875, 0.002592
323.088134765625, 0.051127
323.1181640625, -0.018208
323.148193359375, 0.092728
323.17822265625, 0.141263
323.208251953125, -0.073677
323.238037109375, 0.058061
323.26806640625, -0.025142
323.298095703125, 0.03726
323.328125, 0.071928
323.358154296875, -0.004341
323.38818359375, 0.058061
323.418212890625, -0.08061
323.4482421875, 0.064994
323.47802734375, -0.032076
323.508056640625, 0.071928
323.5380859375, -0.025142
323.568115234375, 0.009526
323.59814453125, 0.064994
323.628173828125, -0.032076
323.658203125, -0.004341
323.688232421875, -0.101411
323.718017578125, -0.032076
323.748046875, -0.05981
323.778076171875, 0.092728
323.80810546875, 0.127396
323.838134765625, -0.073677
323.8681640625, 0.127396
323.898193359375, 0.127396
323.92822265625, 0.030326
323.958251953125, 0.016459
323.988037109375, 0.009526
324.01806640625, 0.044194
324.048095703125, -0.066743
324.078125, -0.032076
324.108154296875, 0.13433
324.13818359375, 0.030326
324.168212890625, -0.032076
324.1982421875, 0.023393
324.22802734375, -0.018208
324.258056640625, 0.092728
324.2880859375, 0.044194
324.318115234375, 0.023393
324.34814453125, 0.113529
324.378173828125, 0.03726
324.408203125, 0.168998
324.438232421875, 0.078861
324.46826171875, 0.148197
324.498046875, 0.002592
324.528076171875, -0.073677
324.55810546875, -0.011275
324.588134765625, 0.023393
324.6181640625, -0.011275
324.648193359375, -0.004341
324.67822265625, -0.045943
324.708251953125, -0.066743
324.738037109375, -0.045943
324.76806640625, 0.016459
324.798095703125, -0.032076
324.828125, -0.073677
324.858154296875, 0.023393
324.88818359375, -0.087544
324.918212890625, 0.051127
324.9482421875, -0.045943
324.97802734375, -0.129145
325.008056640625, 0.002592
325.0380859375, -0.05981
325.068115234375, -0.039009
325.09814453125, -0.004341
325.128173828125, 0.044194
325.158203125, -0.05981
325.188232421875, 0.058061
325.21826171875, -0.018208
325.248046875, -0.136079
325.278076171875, -0.004341
325.30810546875, 0.009526
325.338134765625, 0.058061
325.3681640625, 0.106596
325.398193359375, 0.099662
325.42822265625, -0.08061
325.458251953125, -0.032076
325.488037109375, 0.030326
325.51806640625, -0.066743
325.548095703125, -0.08061
325.578125, 0.078861
325.608154296875, -0.004341
325.63818359375, -0.05981
325.668212890625, 0.085795
325.6982421875, 0.051127
325.728271484375, -0.101411
325.758056640625, -0.066743
325.7880859375, -0.05981
325.818115234375, 0.009526
325.84814453125, 0.030326
325.878173828125, -0.039009
325.908203125, 0.13433
325.938232421875, -0.066743
325.96826171875, -0.025142
325.998046875, -0.115278
326.028076171875, 0.120463
326.05810546875, -0.115278
326.088134765625, 0.03726
326.1181640625, 0.044194
326.148193359375, 0.016459
326.17822265625, -0.045943
326.208251953125, 0.002592
326.23828125, 0.051127
326.26806640625, 0.092728
326.298095703125, 0.03726
326.328125, 0.051127
326.358154296875, -0.045943
326.38818359375, -0.05981
326.418212890625, 0.023393
326.4482421875, -0.025142
326.478271484375, -0.025142
326.508056640625, 0.064994
326.5380859375, 0.002592
326.568115234375, 0.044194
326.59814453125, 0.106596
326.628173828125, -0.004341
326.658203125, -0.032076
326.688232421875, 0.071928
326.71826171875, -0.004341
326.748046875, 0.016459
326.778076171875, 0.064994
326.80810546875, -0.011275
326.838134765625, 0.064994
326.8681640625, 0.099662
326.898193359375, -0.122212
326.92822265625, -0.052876
326.958251953125, -0.011275
326.98828125, -0.122212
327.01806640625, -0.032076
327.048095703125, 0.03726
327.078125, -0.066743
327.108154296875, 0.078861
327.13818359375, -0.101411
327.168212890625, -0.05981
327.1982421875, 0.162064
327.228271484375, 0.030326
327.258056640625, -0.004341
327.2880859375, -0.045943
327.318115234375, -0.149946
327.34814453125, 0.127396
327.378173828125, 0.009526
327.408203125, -0.05981
327.438232421875, 0.113529
327.46826171875, -0.045943
327.498291015625, -0.011275
327.528076171875, 0.092728
327.55810546875, 0.058061
327.588134765625, -0.08061
327.6181640625, 0.113529
327.648193359375, 0.002592
327.67822265625, 0.002592
327.708251953125, 0.044194
327.73828125, -0.129145
327.76806640625, 0.078861
327.798095703125, 0.009526
327.828125, 0.016459
327.858154296875, 0.044194
327.88818359375, 0.030326
327.918212890625, 0.092728
327.9482421875, -0.087544
327.978271484375, -0.018208
328.008056640625, -0.143012
328.0380859375, 0.162064
328.068115234375, -0.05981
328.09814453125, -0.039009
328.128173828125, -0.004341
328.158203125, -0.039009
328.188232421875, -0.108345
328.21826171875, -0.004341
328.248291015625, -0.045943
328.278076171875, -0.066743
328.30810546875, -0.011275
328.338134765625, -0.129145
328.3681640625, -0.05981
328.398193359375, 0.210599
328.42822265625, 0.13433
328.458251953125, 0.099662
328.48828125, 0.044194
328.51806640625, -0.143012
328.548095703125, -0.052876
328.578125, 0.002592
328.608154296875, -0.087544
328.63818359375, -0.032076
328.668212890625, -0.108345
328.6982421875, -0.184614
328.728271484375, -0.011275
328.75830078125, -0.08061
328.7880859375, 0.009526
328.818115234375, 0.016459
328.84814453125, 0.023393
328.878173828125, 0.023393
328.908203125, 0.009526
328.938232421875, -0.094478
328.96826171875, -0.011275
328.998291015625, 0.023393
329.028076171875, 0.092728
329.05810546875, 0.071928
329.088134765625, -0.011275
329.1181640625, 0.106596
329.148193359375, 0.016459
329.17822265625, -0.045943
329.208251953125, 0.023393
329.23828125, 0.03726
329.268310546875, 0.085795
329.298095703125, 0.002592
329.328125, 0.002592
329.358154296875, 0.016459
329.38818359375, 0.15513
329.418212890625, 0.023393
329.4482421875, 0.023393
329.478271484375, 0.002592
329.50830078125, -0.011275
329.5380859375, 0.051127
329.568115234375, -0.011275
329.59814453125, -0.08061
329.628173828125, -0.066743
329.658203125, 0.064994
329.688232421875, -0.004341
329.71826171875, 0.016459
329.748291015625, 0.071928
329.778076171875, 0.099662
329.80810546875, -0.039009
329.838134765625, -0.115278
329.8681640625, 0.009526
329.898193359375, 0.016459
329.92822265625, -0.004341
329.958251953125, 0.016459
329.98828125, 0.023393
330.018310546875, 0.127396
330.048095703125, -0.032076
330.078125, 0.030326
330.108154296875, 0.009526
330.13818359375, 0.085795
330.168212890625, 0.030326
330.1982421875, 0.044194
330.228271484375, -0.018208
330.25830078125, -0.039009
330.2880859375, -0.025142
330.318115234375, 0.058061
330.34814453125, 0.023393
330.378173828125, -0.039009
330.408203125, 0.058061
330.438232421875, 0.009526
330.46826171875, 0.03726
330.498291015625, -0.045943
330.5283203125, 0.058061
330.55810546875, -0.025142
330.588134765625, -0.032076
330.6181640625, -0.018208
330.648193359375, 0.085795
330.67822265625, -0.018208
330.708251953125, 0.030326
330.73828125, 0.071928
330.768310546875, -0.018208
330.798095703125, -0.052876
330.828125, -0.108345
330.858154296875, 0.099662
330.88818359375, 0.051127
330.918212890625, -0.011275
330.9482421875, -0.066743
330.978271484375, 0.016459
331.00830078125, 0.15513
331.038330078125, -0.115278
331.068115234375, 0.03726
331.09814453125, 0.030326
331.128173828125, 0.071928
331.158203125, -0.066743
331.188232421875, -0.05981
331.21826171875, -0.136079
331.248291015625, 0.03726
331.2783203125, -0.066743
331.30810546875, 0.03726
331.338134765625, 0.016459
331.3681640625, -0.045943
331.398193359375, 0.044194
331.42822265625, 0.064994
331.458251953125, 0.016459
331.48828125, -0.087544
331.518310546875, 0.051127
331.548095703125, 0.016459
331.578125, 0.009526
331.608154296875, 0.023393
331.63818359375, -0.101411
331.668212890625, 0.023393
331.6982421875, -0.05981
331.728271484375, -0.025142
331.75830078125, 0.002592
331.788330078125, -0.115278
331.818115234375, 0.002592
331.84814453125, 0.058061
331.878173828125, 0.030326
331.908203125, -0.004341
331.938232421875, -0.05981
331.96826171875, -0.066743
331.998291015625, -0.004341
332.0283203125, -0.004341
332.05810546875, 0.051127
332.088134765625, -0.101411
332.1181640625, -0.011275
332.148193359375, 0.113529
332.17822265625, 0.127396
332.208251953125, -0.025142
332.23828125, 0.064994
332.268310546875, -0.087544
332.29833984375, 0.058061
332.328125, 0.030326
332.358154296875, -0.039009
332.38818359375, 0.127396
332.418212890625, 0.141263
332.4482421875, 0.085795
332.478271484375, -0.039009
332.50830078125, 0.044194
332.538330078125, -0.025142
332.568115234375, -0.101411
332.59814453125, 0.023393
332.628173828125, 0.051127
332.658203125, -0.073677
332.688232421875, 0.113529
332.71826171875, 0.044194
332.748291015625, 0.023393
332.7783203125, -0.018208
332.80810546875, -0.039009
332.838134765625, 0.016459
332.8681640625, 0.085795
332.898193359375, -0.066743
332.92822265625, 0.002592
332.958251953125, 0.009526
332.98828125, -0.08061
333.018310546875, -0.025142
333.04833984375, 0.023393
333.078125, -0.018208
333.108154296875, -0.004341
333.13818359375, -0.163813
333.168212890625, -0.163813
333.1982421875, 0.03726
333.228271484375, 0.009526
333.25830078125, -0.094478
333.288330078125, 0.023393
333.318115234375, -0.045943
333.34814453125, -0.011275
333.378173828125, 0.023393
333.408203125, 0.009526
333.438232421875, 0.106596
333.46826171875, -0.066743
333.498291015625, 0.023393
333.5283203125, 0.016459
333.558349609375, 0.120463
333.588134765625, -0.032076
333.6181640625, 0.071928
333.648193359375, 0.023393
333.67822265625, -0.018208
333.708251953125, 0.030326
333.73828125, 0.016459
333.768310546875, -0.045943
333.79833984375, 0.078861
333.828125, 0.044194
333.858154296875, 0.023393
333.88818359375, 0.120463
333.918212890625, 0.044194
333.9482421875, 0.113529
333.978271484375, 0.044194
334.00830078125, 0.085795
334.038330078125, 0.009526
334.068359375, 0.002592
334.09814453125, 0.009526
334.128173828125, 0.016459
334.158203125, -0.05981
334.188232421875, 0.092728
334.21826171875, 0.182865
334.248291015625, -0.018208
334.2783203125, 0.044194
334.308349609375, 0.002592
334.338134765625, -0.094478
334.3681640625, 0.044194
334.398193359375, -0.004341
334.42822265625, 0.058061
334.458251953125, 0.044194
334.48828125, 0.106596
334.518310546875, -0.052876
334.54833984375, -0.025142
334.578125, 0.002592
334.608154296875, 0.009526
334.63818359375, 0.058061
334.668212890625, 0.127396
334.6982421875, -0.018208
334.728271484375, 0.162064
334.75830078125, 0.023393
334.788330078125, 0.023393
334.818359375, -0.025142
334.84814453125, -0.032076
334.878173828125, -0.052876
334.908203125, 0.120463
334.938232421875, 0.03726
334.96826171875, -0.101411
334.998291015625, 0.085795
335.0283203125, 0.113529
335.058349609375, 0.023393
335.088134765625, 0.071928
335.1181640625, -0.066743
335.148193359375, 0.058061
335.17822265625, -0.032076
335.208251953125, -0.032076
335.23828125, 0.002592
335.268310546875, 0.078861
335.29833984375, -0.073677
335.328369140625, -0.045943
335.358154296875, 0.023393
335.38818359375, -0.032076
335.418212890625, 0.03726
335.4482421875, -0.087544
335.478271484375, -0.004341
335.50830078125, 0.058061
335.538330078125, 0.078861
335.568359375, -0.05981
335.59814453125, -0.122212
335.628173828125, -0.045943
335.658203125, -0.066743
335.688232421875, -0.032076
335.71826171875, 0.051127
335.748291015625, 0.002592
335.7783203125, -0.039009
335.808349609375, 0.13433
335.838134765625, 0.217532
335.8681640625, 0.023393
335.898193359375, 0.148197
335.92822265625, 0.030326
335.958251953125, -0.073677
335.98828125, 0.016459
336.018310546875, -0.045943
336.04833984375, -0.039009
336.078369140625, -0.05981
336.108154296875, 0.092728
336.13818359375, -0.045943
336.168212890625, 0.002592
336.1982421875, 0.127396
336.228271484375, -0.129145
336.25830078125, 0.071928
336.288330078125, -0.025142
336.318359375, -0.045943
336.34814453125, -0.018208
336.378173828125, 0.051127
336.408203125, -0.032076
336.438232421875, -0.08061
336.46826171875, -0.129145
336.498291015625, -0.066743
336.5283203125, -0.08061
336.558349609375, -0.004341
336.58837890625, -0.136079
336.6181640625, 0.064994
336.648193359375, 0.009526
336.67822265625, 0.168998
336.708251953125, 0.03726
336.73828125, 0.023393
336.768310546875, -0.198481
336.79833984375, 0.002592
336.828369140625, -0.240082
336.858154296875, -0.115278
336.88818359375, 0.023393
336.918212890625, 0.078861
336.9482421875, 0.168998
336.978271484375, 0.058061
337.00830078125, -0.045943
337.038330078125, -0.004341
337.068359375, 0.002592
337.098388671875, 0.023393
337.128173828125, 0.023393
337.158203125, 0.099662
337.188232421875, -0.08061
337.21826171875, 0.078861
337.248291015625, 0.016459
337.2783203125, 0.044194
337.308349609375, -0.094478
337.33837890625, -0.087544
337.3681640625, -0.045943
337.398193359375, 0.023393
337.42822265625, -0.018208
337.458251953125, -0.05981
337.48828125, -0.032076
337.518310546875, 0.016459
337.54833984375, 0.127396
337.578369140625, -0.122212
337.608154296875, -0.018208
337.63818359375, 0.016459
337.668212890625, -0.032076
337.6982421875, 0.002592
337.728271484375, -0.087544
337.75830078125, 0.002592
337.788330078125, 0.044194
337.818359375, -0.032076
337.848388671875, 0.071928
337.878173828125, -0.094478
337.908203125, 0.092728
337.938232421875, -0.191547
337.96826171875, 0.058061
337.998291015625, 0.058061
338.0283203125, 0.148197
338.058349609375, 0.148197
338.08837890625, 0.099662
338.1181640625, 0.051127
338.148193359375, -0.073677
338.17822265625, -0.05981
338.208251953125, 0.092728
338.23828125, -0.115278
338.268310546875, -0.018208
338.29833984375, -0.045943
338.328369140625, -0.052876
338.3583984375, 0.03726
338.38818359375, -0.045943
338.418212890625, -0.039009
338.4482421875, 0.016459
338.478271484375, -0.066743
338.50830078125, 0.023393
338.538330078125, -0.018208
338.568359375, -0.011275
338.598388671875, -0.011275
338.628173828125, 0.002592
338.658203125, 0.023393
338.688232421875, 0.044194
338.71826171875, -0.004341
338.748291015625, 0.064994
338.7783203125, 0.016459
338.808349609375, 0.002592
338.83837890625, 0.078861
338.868408203125, 0.092728
338.898193359375, -0.08061
338.92822265625, 0.085795
338.958251953125, -0.066743
338.98828125, 0.009526
339.018310546875, -0.011275
339.04833984375, 0.016459
339.078369140625, 0.009526
339.1083984375, 0.078861
339.13818359375, -0.087544
339.168212890625, -0.004341
339.1982421875, -0.066743
339.228271484375, 0.141263
339.25830078125, -0.143012
339.288330078125, 0.120463
339.318359375, -0.045943
339.348388671875, 0.03726
339.378173828125, -0.018208
339.408203125, 0.002592
339.438232421875, -0.039009
339.46826171875, -0.066743
339.498291015625, -0.066743
339.5283203125, -0.039009
339.558349609375, 0.030326
339.58837890625, -0.094478
339.618408203125, 0.071928
339.648193359375, 0.106596
339.67822265625, 0.058061
339.708251953125, -0.094478
339.73828125, 0.030326
339.768310546875, -0.05981
339.79833984375, -0.094478
339.828369140625, 0.092728
339.8583984375, -0.011275
339.88818359375, -0.073677
339.918212890625, 0.078861
339.9482421875, -0.025142
339.978271484375, -0.08061
340.00830078125, -0.052876
340.038330078125, 0.030326
340.068359375, -0.08061
340.098388671875, 0.051127
340.12841796875, 0.002592
340.158203125, 0.141263
340.188232421875, -0.045943
340.21826171875, -0.018208
340.248291015625, -0.066743
340.2783203125, 0.120463
340.308349609375, -0.032076
340.33837890625, 0.002592
340.368408203125, -0.004341
340.398193359375, 0.009526
340.42822265625, 0.009526
340.458251953125, 0.044194
340.48828125, 0.064994
340.518310546875, -0.045943
340.54833984375, -0.045943
340.578369140625, 0.051127
340.6083984375, -0.052876
340.63818359375, -0.039009
340.668212890625, -0.039009
340.6982421875, 0.009526
340.728271484375, -0.052876
340.75830078125, 0.023393
340.788330078125, 0.002592
340.818359375, -0.08061
340.848388671875, 0.051127
340.87841796875, 0.016459
340.908203125, 0.023393
340.938232421875, 0.016459
340.96826171875, 0.002592
340.998291015625, -0.004341
341.0283203125, 0.023393
341.058349609375, 0.016459
341.08837890625, -0.025142
341.118408203125, 0.051127
341.148193359375, -0.05981
341.17822265625, -0.025142
341.208251953125, 0.058061
341.23828125, -0.039009
341.268310546875, -0.045943
341.29833984375, 0.182865
341.328369140625, -0.004341
341.3583984375, 0.002592
341.388427734375, -0.05981
341.418212890625, -0.05981
341.4482421875, 0.071928
341.478271484375, 0.175931
341.50830078125, -0.05981
341.538330078125, -0.011275
341.568359375, -0.039009
341.598388671875, 0.044194
341.62841796875, 0.023393
341.658203125, 0.002592
341.688232421875, 0.078861
341.71826171875, -0.087544
341.748291015625, 0.092728
341.7783203125, 0.030326
341.808349609375, -0.066743
341.83837890625, 0.058061
341.868408203125, 0.175931
341.8984375, -0.087544
341.92822265625, -0.205414
341.958251953125, -0.018208
341.98828125, 0.141263
342.018310546875, 0.023393
342.04833984375, 0.092728
342.078369140625, 0.03726
342.1083984375, -0.15688
342.138427734375, -0.129145
342.168212890625, 0.016459
342.1982421875, 0.016459
342.228271484375, -0.122212
342.25830078125, 0.148197
342.288330078125, -0.052876
342.318359375, 0.009526
342.348388671875, -0.115278
342.37841796875, -0.039009
342.408203125, 0.044194
342.438232421875, 0.009526
342.46826171875, 0.002592
342.498291015625, 0.030326
342.5283203125, -0.108345
342.558349609375, 0.030326
342.58837890625, 0.023393
342.618408203125, -0.045943
342.6484375, -0.011275
342.67822265625, 0.071928
342.708251953125, 0.002592
342.73828125, 0.030326
342.768310546875, -0.149946
342.79833984375, 0.106596
342.828369140625, -0.025142
342.8583984375, 0.030326
342.888427734375, 0.016459
342.918212890625, 0.085795
342.9482421875, -0.045943
342.978271484375, 0.113529
343.00830078125, -0.004341
343.038330078125, 0.030326
343.068359375, -0.025142
343.098388671875, 0.071928
343.12841796875, -0.025142
343.158447265625, -0.052876
343.188232421875, -0.039009
343.21826171875, 0.071928
343.248291015625, 0.002592
343.2783203125, -0.025142
343.308349609375, 0.009526
343.33837890625, -0.087544
343.368408203125, 0.044194
343.3984375, -0.011275
343.42822265625, -0.05981
343.458251953125, -0.045943
343.48828125, 0.009526
343.518310546875, 0.009526
343.54833984375, -0.233149
343.578369140625, 0.051127
343.6083984375, 0.044194
343.638427734375, -0.045943
343.668212890625, -0.032076
343.6982421875, -0.004341
343.728271484375, 0.064994
343.75830078125, -0.011275
343.788330078125, -0.004341
343.818359375, 0.023393
343.848388671875, 0.023393
343.87841796875, 0.023393
343.908447265625, 0.002592
343.938232421875, -0.004341
343.96826171875, 0.106596
343.998291015625, 0.044194
344.0283203125, -0.032076
344.058349609375, 0.03726
344.08837890625, 0.058061
344.118408203125, -0.045943
344.1484375, -0.073677
344.17822265625, -0.004341
344.208251953125, 0.120463
344.23828125, -0.052876
344.268310546875, -0.073677
344.29833984375, 0.009526
344.328369140625, -0.108345
344.3583984375, -0.143012
344.388427734375, -0.129145
344.41845703125, 0.058061
344.4482421875, -0.08061
344.478271484375, -0.08061
344.50830078125, -0.143012
344.538330078125, 0.023393
344.568359375, -0.170747
344.598388671875, -0.05981
344.62841796875, -0.108345
344.658447265625, -0.045943
344.688232421875, 0.009526
344.71826171875, -0.004341
344.748291015625, 0.016459
344.7783203125, 0.016459
344.808349609375, -0.05981
344.83837890625, -0.025142
344.868408203125, 0.085795
344.8984375, 0.224466
344.928466796875, 0.002592
344.958251953125, -0.101411
344.98828125, 0.051127
345.018310546875, -0.073677
345.04833984375, 0.051127
345.078369140625, -0.039009
345.1083984375, 0.002592
345.138427734375, 0.023393
345.16845703125, -0.004341
345.1982421875, 0.099662
345.228271484375, -0.073677
345.25830078125, -0.045943
345.288330078125, 0.051127
345.318359375, 0.009526
345.348388671875, 0.030326
345.37841796875, 0.002592
345.408447265625, 0.051127
345.438232421875, -0.05981
345.46826171875, 0.085795
345.498291015625, -0.011275
345.5283203125, 0.030326
345.558349609375, 0.009526
345.58837890625, -0.087544
345.618408203125, -0.039009
345.6484375, 0.03726
345.678466796875, -0.122212
345.708251953125, 0.099662
345.73828125, 0.13433
345.768310546875, -0.004341
345.79833984375, -0.045943
345.828369140625, 0.092728
345.8583984375, -0.066743
345.888427734375, -0.05981
345.91845703125, -0.17768
345.9482421875, 0.099662
345.978271484375, -0.045943
346.00830078125, 0.085795
346.038330078125, -0.066743
346.068359375, 0.023393
346.098388671875, -0.025142
346.12841796875, -0.011275
346.158447265625, 0.058061
346.1884765625, -0.032076
346.21826171875, 0.03726
346.248291015625, 0.113529
346.2783203125, -0.025142
346.308349609375, -0.025142
346.33837890625, 0.051127
346.368408203125, 0.071928
346.3984375, -0.045943
346.428466796875, 0.002592
346.458251953125, -0.004341
346.48828125, -0.073677
346.518310546875, 0.03726
346.54833984375, -0.170747
346.578369140625, 0.058061
346.6083984375, 0.127396
346.638427734375, 0.044194
346.66845703125, -0.011275
346.698486328125, 0.03726
346.728271484375, 0.092728
346.75830078125, 0.044194
346.788330078125, -0.073677
346.818359375, 0.002592
346.848388671875, -0.05981
346.87841796875, 0.044194
346.908447265625, -0.073677
346.9384765625, -0.018208
346.96826171875, 0.03726
346.998291015625, 0.064994
347.0283203125, 0.064994
347.058349609375, -0.025142
347.08837890625, -0.032076
347.118408203125, -0.018208
347.1484375, 0.051127
347.178466796875, -0.011275
347.208251953125, -0.05981
347.23828125, -0.087544
347.268310546875, -0.011275
347.29833984375, 0.023393
347.328369140625, 0.030326
347.3583984375, -0.052876
347.388427734375, 0.148197
347.41845703125, -0.004341
347.448486328125, -0.039009
347.478271484375, 0.127396
347.50830078125, 0.078861
347.538330078125, 0.064994
347.568359375, 0.030326
347.598388671875, -0.129145
347.62841796875, -0.018208
347.658447265625, -0.08061
347.6884765625, 0.085795
347.71826171875, 0.058061
347.748291015625, 0.058061
347.7783203125, 0.106596
347.808349609375, 0.085795
347.83837890625, 0.058061
347.868408203125, 0.002592
347.8984375, -0.087544
347.928466796875, 0.058061
347.95849609375, -0.039009
347.98828125, 0.127396
348.018310546875, 0.058061
348.04833984375, 0.051127
348.078369140625, 0.120463
348.1083984375, 0.058061
348.138427734375, 0.023393
348.16845703125, 0.113529
348.198486328125, -0.08061
348.228271484375, 0.03726
348.25830078125, -0.05981
348.288330078125, -0.05981
348.318359375, 0.13433
348.348388671875, -0.094478
348.37841796875, 0.030326
348.408447265625, 0.009526
348.4384765625, -0.004341
348.46826171875, 0.092728
348.498291015625, -0.018208
348.5283203125, -0.011275
348.558349609375, 0.009526
348.58837890625, 0.030326
348.618408203125, -0.004341
348.6484375, 0.023393
348.678466796875, -0.094478
348.70849609375, -0.170747
348.73828125, 0.113529
348.768310546875, -0.018208
348.79833984375, -0.15688
348.828369140625, 0.141263
348.8583984375, -0.073677
348.888427734375, 0.058061
348.91845703125, -0.039009
348.948486328125, 0.009526
348.978271484375, -0.136079
349.00830078125, -0.052876
349.038330078125, 0.009526
349.068359375, 0.064994
349.098388671875, 0.127396
349.12841796875, -0.05981
349.158447265625, 0.051127
349.1884765625, 0.058061
349.218505859375, 0.078861
349.248291015625, -0.004341
349.2783203125, -0.129145
349.308349609375, -0.05981
349.33837890625, 0.064994
349.368408203125, 0.044194
349.3984375, 0.051127
349.428466796875, -0.025142
349.45849609375, 0.03726
349.48828125, -0.17768
349.518310546875, -0.011275
349.54833984375, -0.045943
349.578369140625, 0.064994
349.6083984375, 0.13433
349.638427734375, 0.106596
349.66845703125, -0.122212
349.698486328125, -0.025142
349.728515625, 0.071928
349.75830078125, 0.009526
349.788330078125, -0.039009
349.818359375, 0.071928
349.848388671875, -0.226215
349.87841796875, 0.148197
349.908447265625, -0.05981
349.9384765625, 0.162064
349.968505859375, 0.030326
349.998291015625, -0.094478
350.0283203125, -0.136079
350.058349609375, -0.011275
350.08837890625, 0.044194
350.118408203125, 0.044194
350.1484375, -0.045943
350.178466796875, 0.064994
350.20849609375, -0.087544
350.23828125, -0.087544
350.268310546875, -0.066743
350.29833984375, -0.094478
350.328369140625, -0.011275
350.3583984375, -0.101411
350.388427734375, 0.051127
350.41845703125, -0.039009
350.448486328125, -0.136079
350.478515625, 0.009526
350.50830078125, 0.016459
350.538330078125, -0.039009
350.568359375, 0.120463
350.598388671875, -0.101411
350.62841796875, -0.039009
350.658447265625, 0.106596
350.6884765625, 0.085795
350.718505859375, 0.023393
350.748291015625, 0.03726
350.7783203125, 0.148197
350.808349609375, 0.002592
350.83837890625, -0.018208
350.868408203125, 0.051127
350.8984375, -0.045943
350.928466796875, 0.044194
350.95849609375, -0.004341
350.988525390625, -0.025142
351.018310546875, 0.113529
351.04833984375, -0.066743
351.078369140625, 0.002592
351.1083984375, 0.085795
351.138427734375, -0.025142
351.16845703125, -0.011275
351.198486328125, 0.023393
351.228515625, -0.018208
351.25830078125, 0.030326
351.288330078125, 0.016459
351.318359375, -0.039009
351.348388671875, 0.058061
351.37841796875, 0.03726
351.408447265625, 0.023393
351.4384765625, 0.085795
351.468505859375, 0.044194
351.49853515625, 0.002592
351.5283203125, -0.004341
351.558349609375, -0.101411
351.58837890625, 0.092728
351.618408203125, 0.044194
351.6484375, 0.030326
351.678466796875, 0.127396
351.70849609375, 0.030326
351.738525390625, 0.106596
351.768310546875, -0.025142
351.79833984375, -0.018208
351.828369140625, 0.13433
351.8583984375, -0.066743
351.888427734375, -0.004341
351.91845703125, 0.002592
351.948486328125, -0.025142
351.978515625, 0.009526
352.00830078125, 0.030326
352.038330078125, 0.078861
352.068359375, 0.002592
352.098388671875, -0.08061
352.12841796875, 0.064994
352.158447265625, 0.182865
352.1884765625, 0.064994
352.218505859375, 0.064994
352.24853515625, 0.078861
352.2783203125, -0.122212
352.308349609375, 0.085795
352.33837890625, -0.094478
352.368408203125, -0.018208
352.3984375, 0.044194
352.428466796875, -0.143012
352.45849609375, -0.032076
352.488525390625, 0.058061
352.518310546875, 0.113529
352.54833984375, -0.039009
352.578369140625, -0.05981
352.6083984375, 0.078861
352.638427734375, -0.066743
352.66845703125, -0.039009
352.698486328125, -0.08061
352.728515625, 0.023393
352.758544921875, 0.106596
352.788330078125, 0.092728
352.818359375, 0.051127
352.848388671875, 0.016459
352.87841796875, -0.08061
352.908447265625, 0.085795
352.9384765625, 0.030326
352.968505859375, 0.023393
352.99853515625, 0.071928
353.0283203125, 0.044194
353.058349609375, -0.129145
353.08837890625, 0.030326
353.118408203125, 0.009526
353.1484375, 0.058061
353.178466796875, -0.087544
353.20849609375, -0.066743
353.238525390625, -0.025142
353.268310546875, 0.016459
353.29833984375, -0.045943
353.328369140625, 0.009526
353.3583984375, 0.03726
353.388427734375, 0.106596
353.41845703125, -0.032076
353.448486328125, 0.127396
353.478515625, 0.030326
353.508544921875, -0.004341
353.538330078125, -0.025142
353.568359375, -0.025142
353.598388671875, 0.002592
353.62841796875, 0.044194
353.658447265625, 0.044194
353.6884765625, 0.030326
353.718505859375, -0.045943
353.74853515625, -0.205414
353.7783203125, 0.092728
353.808349609375, -0.039009
353.83837890625, 0.023393
353.868408203125, 0.078861
353.8984375, 0.030326
353.928466796875, 0.064994
353.95849609375, -0.011275
353.988525390625, 0.016459
354.0185546875, -0.05981
354.04833984375, -0.004341
354.078369140625, -0.004341
354.1083984375, -0.066743
354.138427734375, -0.066743
354.16845703125, 0.002592
354.198486328125, -0.025142
354.228515625, -0.073677
354.258544921875, -0.004341
354.288330078125, -0.018208
354.318359375, 0.092728
354.348388671875, 0.106596
354.37841796875, -0.073677
354.408447265625, -0.108345
354.4384765625, -0.05981
354.468505859375, 0.127396
354.49853515625, 0.106596
354.528564453125, 0.023393
354.558349609375, 0.03726
354.58837890625, 0.106596
354.618408203125, -0.004341
354.6484375, 0.127396
354.678466796875, 0.03726
354.70849609375, -0.032076
354.738525390625, 0.071928
354.7685546875, 0.044194
354.79833984375, -0.018208
354.828369140625, 0.009526
354.8583984375, 0.044194
354.888427734375, 0.148197
354.91845703125, 0.141263
354.948486328125, -0.004341
354.978515625, 0.078861
355.008544921875, 0.162064
355.038330078125, 0.071928
355.068359375, -0.032076
355.098388671875, -0.122212
355.12841796875, -0.004341
355.158447265625, 0.023393
355.1884765625, -0.018208
355.218505859375, -0.039009
355.24853515625, 0.071928
355.278564453125, 0.078861
355.308349609375, -0.122212
355.33837890625, 0.016459
355.368408203125, -0.108345
355.3984375, -0.045943
355.428466796875, -0.073677
355.45849609375, 0.113529
355.488525390625, 0.023393
355.5185546875, 0.064994
