Tag, Descricao, Modulo, Fase, Grandeza, IdSensor, Frequencia_Amostragem, Timestamp
M1IOCB1, I OPENING COIL B, 1, B, I, 1, 33333.0, 1747944058.3585627

tempos, dados
0.01953125, 0.019336
0.049560546875, -0.064233
0.079345703125, 0.082014
0.109375, 0.033265
0.139404296875, -0.015484
0.16943359375, 0.040229
0.199462890625, 0.0263
0.2294921875, -0.015484
0.259521484375, 0.012372
0.28955078125, -0.050305
0.3193359375, 0.075049
0.349365234375, 0.005408
0.37939453125, 0.012372
0.409423828125, -0.043341
0.439453125, -0.015484
0.469482421875, 0.047193
0.49951171875, 0.019336
0.529541015625, -0.00852
0.5595703125, -0.099054
0.58935546875, -0.022449
0.619384765625, -0.09209
0.6494140625, -0.029413
0.679443359375, 0.019336
0.70947265625, 0.054157
0.739501953125, 0.033265
0.76953125, -0.001556
0.799560546875, 0.047193
0.829345703125, 0.0263
0.859375, 0.012372
0.889404296875, -0.147803
0.91943359375, 0.0263
0.949462890625, -0.001556
0.9794921875, -0.106018
1.009521484375, 0.10987
1.03955078125, 0.068085
1.069580078125, 0.068085
1.099365234375, 0.102906
1.12939453125, 0.040229
1.159423828125, 0.054157
1.189453125, 0.005408
1.219482421875, 0.165583
1.24951171875, 0.019336
1.279541015625, 0.005408
1.3095703125, 0.102906
1.33935546875, 0.061121
1.369384765625, 0.047193
1.3994140625, 0.179511
1.429443359375, -0.147803
1.45947265625, -0.078162
1.489501953125, 0.054157
1.51953125, -0.029413
1.549560546875, 0.012372
1.57958984375, -0.043341
1.609375, 0.102906
1.639404296875, 0.116834
1.66943359375, -0.140839
1.699462890625, 0.047193
1.7294921875, -0.057269
1.759521484375, 0.061121
1.78955078125, -0.001556
1.819580078125, 0.012372
1.849365234375, -0.106018
1.87939453125, 0.19344
1.909423828125, 0.033265
1.939453125, -0.057269
1.969482421875, 0.095942
1.99951171875, -0.015484
2.029541015625, -0.064233
2.0595703125, 0.10987
2.08935546875, -0.050305
2.119384765625, -0.050305
2.1494140625, 0.200404
2.179443359375, -0.00852
2.20947265625, -0.064233
2.239501953125, 0.123798
2.26953125, 0.047193
2.299560546875, 0.019336
2.32958984375, 0.068085
2.359375, 0.040229
2.389404296875, 0.005408
2.41943359375, -0.078162
2.449462890625, 0.088978
2.4794921875, 0.005408
2.509521484375, -0.001556
2.53955078125, 0.068085
2.569580078125, -0.106018
2.599365234375, 0.019336
2.62939453125, -0.00852
2.659423828125, -0.09209
2.689453125, 0.102906
2.719482421875, 0.012372
2.74951171875, -0.050305
2.779541015625, -0.001556
2.8095703125, 0.095942
2.839599609375, 0.102906
2.869384765625, 0.012372
2.8994140625, 0.179511
2.929443359375, -0.022449
2.95947265625, 0.082014
2.989501953125, 0.088978
3.01953125, 0.012372
3.049560546875, 0.054157
3.07958984375, -0.015484
3.109375, -0.029413
3.139404296875, -0.043341
3.16943359375, 0.102906
3.199462890625, 0.144691
3.2294921875, 0.075049
3.259521484375, -0.050305
3.28955078125, -0.196552
3.319580078125, 0.012372
3.349609375, -0.071198
3.37939453125, 0.033265
3.409423828125, 0.068085
3.439453125, 0.165583
3.469482421875, 0.005408
3.49951171875, -0.001556
3.529541015625, 0.040229
3.5595703125, -0.015484
3.589599609375, -0.022449
3.619384765625, 0.033265
3.6494140625, -0.036377
3.679443359375, 0.054157
3.70947265625, 0.033265
3.739501953125, -0.001556
3.76953125, 0.068085
3.799560546875, -0.043341
3.82958984375, 0.082014
3.859375, 0.075049
3.889404296875, 0.040229
3.91943359375, -0.001556
3.949462890625, -0.09209
3.9794921875, 0.082014
4.009521484375, 0.075049
4.03955078125, -0.001556
4.069580078125, 0.047193
4.099609375, 0.054157
4.12939453125, -0.022449
4.159423828125, 0.019336
4.189453125, 0.10987
4.219482421875, -0.015484
4.24951171875, -0.133875
4.279541015625, -0.119947
4.3095703125, 0.10987
4.339599609375, 0.102906
4.369384765625, 0.054157
4.3994140625, -0.00852
4.429443359375, 0.116834
4.45947265625, 0.054157
4.489501953125, 0.082014
4.51953125, 0.019336
4.549560546875, 0.075049
4.57958984375, -0.064233
4.609619140625, 0.054157
4.639404296875, 0.012372
4.66943359375, 0.040229
4.699462890625, -0.057269
4.7294921875, -0.126911
4.759521484375, -0.043341
4.78955078125, 0.040229
4.819580078125, 0.012372
4.849609375, 0.033265
4.87939453125, 0.151655
4.909423828125, 0.033265
4.939453125, 0.123798
4.969482421875, 0.019336
4.99951171875, 0.130762
5.029541015625, 0.040229
5.0595703125, 0.054157
5.089599609375, 0.0263
5.119384765625, -0.106018
5.1494140625, -0.043341
5.179443359375, 0.054157
5.20947265625, -0.001556
5.239501953125, -0.112982
5.26953125, 0.151655
5.299560546875, -0.189588
5.32958984375, 0.012372
5.359619140625, 0.123798
5.389404296875, 0.005408
5.41943359375, 0.068085
5.449462890625, 0.068085
5.4794921875, -0.078162
5.509521484375, -0.126911
5.53955078125, 0.047193
5.569580078125, -0.147803
5.599609375, -0.001556
5.62939453125, -0.078162
5.659423828125, -0.00852
5.689453125, -0.085126
5.719482421875, -0.085126
5.74951171875, 0.040229
5.779541015625, -0.168695
5.8095703125, 0.075049
5.839599609375, -0.057269
5.86962890625, -0.036377
5.8994140625, -0.022449
5.929443359375, -0.09209
5.95947265625, 0.123798
5.989501953125, 0.033265
6.01953125, 0.082014
6.049560546875, 0.047193
6.07958984375, 0.061121
6.109619140625, 0.005408
6.139404296875, 0.012372
6.16943359375, 0.054157
6.199462890625, 0.005408
6.2294921875, -0.106018
6.259521484375, -0.036377
6.28955078125, -0.015484
6.319580078125, 0.158619
6.349609375, 0.130762
6.379638671875, 0.10987
6.409423828125, -0.064233
6.439453125, -0.078162
6.469482421875, 0.054157
6.49951171875, -0.00852
6.529541015625, 0.0263
6.5595703125, 0.116834
6.589599609375, -0.043341
6.61962890625, -0.050305
6.6494140625, 0.075049
6.679443359375, 0.061121
6.70947265625, 0.095942
6.739501953125, -0.064233
6.76953125, 0.0263
6.799560546875, -0.043341
6.82958984375, 0.165583
6.859619140625, -0.00852
6.889404296875, -0.09209
6.91943359375, -0.043341
6.949462890625, -0.126911
6.9794921875, -0.064233
7.009521484375, -0.057269
7.03955078125, -0.064233
7.069580078125, 0.054157
7.099609375, 0.0263
7.129638671875, 0.019336
7.159423828125, -0.029413
7.189453125, -0.001556
7.219482421875, 0.005408
7.24951171875, -0.015484
7.279541015625, -0.112982
7.3095703125, 0.040229
7.339599609375, 0.075049
7.36962890625, 0.130762
7.3994140625, -0.029413
7.429443359375, 0.040229
7.45947265625, 0.221296
7.489501953125, 0.019336
7.51953125, 0.137727
7.549560546875, -0.015484
7.57958984375, -0.00852
7.609619140625, 0.116834
7.6396484375, -0.022449
7.66943359375, 0.019336
7.699462890625, -0.00852
7.7294921875, -0.015484
7.759521484375, 0.088978
7.78955078125, 0.054157
7.819580078125, -0.09209
7.849609375, -0.133875
7.879638671875, -0.106018
7.909423828125, 0.130762
7.939453125, 0.047193
7.969482421875, 0.061121
7.99951171875, 0.068085
8.029541015625, 0.095942
8.0595703125, 0.095942
8.089599609375, -0.015484
8.11962890625, 0.10987
8.1494140625, 0.068085
8.179443359375, 0.054157
8.20947265625, -0.001556
8.239501953125, 0.116834
8.26953125, 0.061121
8.299560546875, 0.040229
8.32958984375, 0.116834
8.359619140625, 0.012372
8.3896484375, -0.057269
8.41943359375, 0.144691
8.449462890625, 0.012372
8.4794921875, 0.10987
8.509521484375, -0.133875
8.53955078125, 0.047193
8.569580078125, -0.050305
8.599609375, 0.012372
8.629638671875, 0.040229
8.659423828125, 0.040229
8.689453125, 0.005408
8.719482421875, -0.057269
8.74951171875, -0.001556
8.779541015625, 0.061121
8.8095703125, -0.00852
8.839599609375, -0.022449
8.86962890625, 0.123798
8.899658203125, 0.075049
8.929443359375, -0.015484
8.95947265625, -0.119947
8.989501953125, 0.095942
9.01953125, 0.082014
9.049560546875, 0.165583
9.07958984375, 0.012372
9.109619140625, 0.012372
9.1396484375, 0.075049
9.16943359375, -0.071198
9.199462890625, -0.022449
9.2294921875, 0.179511
9.259521484375, 0.019336
9.28955078125, -0.001556
9.319580078125, -0.001556
9.349609375, -0.043341
9.379638671875, -0.078162
9.40966796875, -0.015484
9.439453125, 0.082014
9.469482421875, -0.106018
9.49951171875, 0.054157
9.529541015625, -0.00852
9.5595703125, 0.054157
9.589599609375, 0.123798
9.61962890625, 0.0263
9.649658203125, -0.119947
9.679443359375, 0.075049
9.70947265625, -0.043341
9.739501953125, 0.137727
9.76953125, 0.012372
9.799560546875, 0.054157
9.82958984375, -0.00852
9.859619140625, 0.033265
9.8896484375, -0.168695
9.91943359375, -0.09209
9.949462890625, 0.033265
9.9794921875, -0.057269
10.009521484375, 0.0263
10.03955078125, 0.019336
10.069580078125, -0.140839
10.099609375, -0.001556
10.129638671875, 0.0263
10.15966796875, 0.019336
10.189453125, 0.047193
10.219482421875, 0.040229
10.24951171875, -0.057269
10.279541015625, -0.057269
10.3095703125, 0.005408
10.339599609375, -0.050305
10.36962890625, 0.144691
10.399658203125, 0.040229
10.429443359375, 0.095942
10.45947265625, 0.179511
10.489501953125, 0.221296
10.51953125, 0.061121
10.549560546875, -0.036377
10.57958984375, 0.012372
10.609619140625, 0.061121
10.6396484375, -0.029413
10.669677734375, 0.0263
10.699462890625, -0.036377
10.7294921875, 0.033265
10.759521484375, 0.040229
10.78955078125, -0.119947
10.819580078125, 0.005408
10.849609375, 0.061121
10.879638671875, 0.033265
10.90966796875, 0.172547
10.939453125, -0.029413
10.969482421875, 0.0263
10.99951171875, 0.235225
11.029541015625, -0.043341
11.0595703125, 0.054157
11.089599609375, 0.082014
11.11962890625, 0.054157
11.149658203125, -0.043341
11.1796875, -0.119947
11.20947265625, -0.001556
11.239501953125, 0.082014
11.26953125, 0.082014
11.299560546875, -0.001556
11.32958984375, -0.050305
11.359619140625, -0.085126
11.3896484375, -0.099054
11.419677734375, -0.057269
11.449462890625, -0.015484
11.4794921875, 0.095942
11.509521484375, 0.075049
11.53955078125, 0.033265
11.569580078125, 0.019336
11.599609375, -0.043341
11.629638671875, 0.082014
11.65966796875, 0.005408
11.689453125, 0.068085
11.719482421875, -0.043341
11.74951171875, 0.040229
11.779541015625, -0.029413
11.8095703125, 0.116834
11.839599609375, 0.005408
11.86962890625, 0.144691
11.899658203125, 0.054157
11.9296875, -0.064233
11.95947265625, 0.137727
11.989501953125, -0.001556
12.01953125, -0.064233
12.049560546875, 0.10987
12.07958984375, -0.00852
12.109619140625, 0.033265
12.1396484375, -0.029413
12.169677734375, 0.082014
12.199462890625, -0.106018
12.2294921875, -0.085126
12.259521484375, 0.019336
12.28955078125, 0.082014
12.319580078125, 0.019336
12.349609375, -0.015484
12.379638671875, -0.029413
12.40966796875, -0.043341
12.439697265625, -0.00852
12.469482421875, 0.040229
12.49951171875, -0.050305
12.529541015625, 0.137727
12.5595703125, -0.029413
12.589599609375, 0.172547
12.61962890625, 0.054157
12.649658203125, -0.119947
12.6796875, 0.137727
12.70947265625, -0.085126
12.739501953125, 0.047193
12.76953125, 0.151655
12.799560546875, 0.165583
12.82958984375, -0.071198
12.859619140625, 0.054157
12.8896484375, -0.015484
12.919677734375, 0.095942
12.949462890625, 0.082014
12.9794921875, 0.144691
13.009521484375, 0.061121
13.03955078125, -0.029413
13.069580078125, 0.040229
13.099609375, -0.001556
13.129638671875, -0.015484
13.15966796875, 0.095942
13.189697265625, -0.022449
13.219482421875, -0.00852
13.24951171875, 0.040229
13.279541015625, 0.088978
13.3095703125, -0.036377
13.339599609375, 0.130762
13.36962890625, 0.0263
13.399658203125, 0.005408
13.4296875, -0.036377
13.45947265625, 0.040229
13.489501953125, 0.033265
13.51953125, 0.068085
13.549560546875, -0.099054
13.57958984375, 0.040229
13.609619140625, -0.015484
13.6396484375, 0.061121
13.669677734375, -0.071198
13.69970703125, -0.071198
13.7294921875, 0.012372
13.759521484375, 0.095942
13.78955078125, -0.001556
13.819580078125, 0.040229
13.849609375, -0.078162
13.879638671875, 0.0263
13.90966796875, -0.043341
13.939697265625, -0.126911
13.969482421875, 0.075049
13.99951171875, 0.040229
14.029541015625, -0.029413
14.0595703125, 0.033265
14.089599609375, 0.0263
14.11962890625, -0.036377
14.149658203125, 0.068085
14.1796875, -0.085126
14.209716796875, -0.09209
14.239501953125, 0.061121
14.26953125, 0.075049
14.299560546875, 0.019336
14.32958984375, -0.064233
14.359619140625, 0.137727
14.3896484375, 0.075049
14.419677734375, -0.050305
14.44970703125, 0.033265
14.4794921875, -0.001556
14.509521484375, 0.0263
14.53955078125, -0.001556
14.569580078125, -0.001556
14.599609375, 0.033265
14.629638671875, -0.071198
14.65966796875, -0.015484
14.689697265625, -0.00852
14.719482421875, -0.043341
14.74951171875, -0.022449
14.779541015625, 0.033265
14.8095703125, 0.068085
14.839599609375, 0.061121
14.86962890625, -0.064233
14.899658203125, 0.054157
14.9296875, -0.00852
14.959716796875, -0.043341
14.989501953125, 0.005408
15.01953125, 0.130762
15.049560546875, 0.082014
15.07958984375, 0.102906
15.109619140625, 0.040229
15.1396484375, -0.133875
15.169677734375, 0.130762
15.19970703125, 0.054157
15.2294921875, 0.054157
15.259521484375, -0.00852
15.28955078125, -0.231373
15.319580078125, 0.047193
15.349609375, 0.0263
15.379638671875, -0.00852
15.40966796875, -0.119947
15.439697265625, 0.075049
15.4697265625, -0.147803
15.49951171875, 0.082014
15.529541015625, -0.015484
15.5595703125, -0.029413
15.589599609375, 0.102906
15.61962890625, 0.012372
15.649658203125, -0.064233
15.6796875, -0.029413
15.709716796875, -0.064233
15.739501953125, 0.088978
15.76953125, -0.043341
15.799560546875, 0.019336
15.82958984375, -0.022449
15.859619140625, 0.068085
15.8896484375, -0.001556
15.919677734375, 0.068085
15.94970703125, 0.068085
15.9794921875, 0.088978
16.009521484375, 0.095942
16.03955078125, -0.043341
16.069580078125, 0.040229
16.099609375, -0.09209
16.129638671875, 0.165583
16.15966796875, 0.088978
16.189697265625, -0.050305
16.2197265625, -0.001556
16.24951171875, -0.015484
16.279541015625, 0.033265
16.3095703125, -0.029413
16.339599609375, 0.040229
16.36962890625, 0.102906
16.399658203125, 0.005408
16.4296875, 0.10987
16.459716796875, -0.00852
16.489501953125, -0.099054
16.51953125, 0.082014
16.549560546875, 0.054157
16.57958984375, -0.106018
16.609619140625, 0.005408
16.6396484375, -0.015484
16.669677734375, 0.130762
16.69970703125, -0.015484
16.729736328125, 0.040229
16.759521484375, -0.112982
16.78955078125, 0.054157
16.819580078125, -0.001556
16.849609375, 0.033265
16.879638671875, 0.082014
16.90966796875, 0.068085
16.939697265625, 0.075049
16.9697265625, 0.047193
16.99951171875, 0.005408
17.029541015625, 0.0263
17.0595703125, 0.075049
17.089599609375, -0.043341
17.11962890625, 0.0263
17.149658203125, -0.140839
17.1796875, 0.040229
17.209716796875, -0.085126
17.23974609375, 0.040229
17.26953125, 0.068085
17.299560546875, 0.088978
17.32958984375, 0.005408
17.359619140625, -0.022449
17.3896484375, 0.068085
17.419677734375, 0.005408
17.44970703125, -0.057269
17.479736328125, -0.043341
17.509521484375, -0.00852
17.53955078125, -0.071198
17.569580078125, -0.036377
17.599609375, -0.029413
17.629638671875, 0.054157
17.65966796875, -0.029413
17.689697265625, 0.151655
17.7197265625, 0.005408
17.74951171875, -0.057269
17.779541015625, 0.0263
17.8095703125, 0.040229
17.839599609375, -0.078162
17.86962890625, 0.082014
17.899658203125, 0.082014
17.9296875, 0.005408
17.959716796875, -0.036377
17.98974609375, -0.161731
18.01953125, 0.0263
18.049560546875, 0.068085
18.07958984375, -0.057269
18.109619140625, -0.064233
18.1396484375, 0.047193
18.169677734375, 0.068085
18.19970703125, 0.047193
18.229736328125, 0.0263
18.259521484375, 0.10987
18.28955078125, 0.0263
18.319580078125, 0.012372
18.349609375, 0.047193
18.379638671875, -0.133875
18.40966796875, -0.00852
18.439697265625, 0.019336
18.4697265625, 0.019336
18.499755859375, -0.119947
18.529541015625, -0.029413
18.5595703125, -0.043341
18.589599609375, 0.012372
18.61962890625, 0.116834
18.649658203125, -0.001556
18.6796875, -0.001556
18.709716796875, 0.019336
18.73974609375, 0.102906
18.76953125, 0.088978
18.799560546875, -0.057269
18.82958984375, 0.165583
18.859619140625, 0.019336
18.8896484375, 0.033265
18.919677734375, -0.043341
18.94970703125, 0.088978
18.979736328125, -0.050305
19.009765625, 0.0263
19.03955078125, -0.071198
19.069580078125, 0.061121
19.099609375, -0.00852
19.129638671875, -0.050305
19.15966796875, -0.050305
19.189697265625, -0.09209
19.2197265625, -0.099054
19.249755859375, -0.029413
19.279541015625, 0.040229
19.3095703125, 0.082014
19.339599609375, 0.047193
19.36962890625, 0.019336
19.399658203125, 0.075049
19.4296875, 0.005408
19.459716796875, 0.095942
19.48974609375, 0.158619
19.51953125, -0.043341
19.549560546875, 0.075049
19.57958984375, 0.019336
19.609619140625, -0.050305
19.6396484375, 0.0263
19.669677734375, -0.00852
19.69970703125, -0.001556
19.729736328125, -0.064233
19.759765625, -0.050305
19.78955078125, 0.075049
19.819580078125, 0.033265
19.849609375, 0.088978
19.879638671875, 0.075049
19.90966796875, -0.001556
19.939697265625, 0.0263
19.9697265625, 0.005408
19.999755859375, 0.116834
20.029541015625, 0.123798
20.0595703125, -0.09209
20.089599609375, 0.130762
20.11962890625, -0.140839
20.149658203125, 0.019336
20.1796875, -0.140839
20.209716796875, 0.033265
20.23974609375, -0.050305
20.269775390625, 0.095942
20.299560546875, 0.005408
20.32958984375, -0.00852
20.359619140625, 0.019336
20.3896484375, -0.029413
20.419677734375, -0.057269
20.44970703125, 0.005408
20.479736328125, 0.019336
20.509765625, -0.036377
20.53955078125, -0.015484
20.569580078125, 0.040229
20.599609375, 0.033265
20.629638671875, -0.029413
20.65966796875, 0.068085
20.689697265625, 0.047193
20.7197265625, 0.116834
20.749755859375, 0.130762
20.779541015625, 0.012372
20.8095703125, -0.057269
20.839599609375, -0.050305
20.86962890625, 0.144691
20.899658203125, 0.061121
20.9296875, 0.082014
20.959716796875, -0.015484
20.98974609375, 0.068085
21.019775390625, -0.064233
21.049560546875, -0.071198
21.07958984375, 0.095942
21.109619140625, 0.054157
21.1396484375, -0.015484
21.169677734375, -0.085126
21.19970703125, -0.161731
21.229736328125, -0.147803
21.259765625, 0.061121
21.28955078125, -0.050305
21.319580078125, 0.075049
21.349609375, -0.001556
21.379638671875, 0.082014
21.40966796875, 0.068085
21.439697265625, 0.033265
21.4697265625, 0.082014
21.499755859375, -0.064233
21.52978515625, 0.040229
21.5595703125, 0.040229
21.589599609375, 0.047193
21.61962890625, 0.102906
21.649658203125, -0.029413
21.6796875, -0.099054
21.709716796875, 0.095942
21.73974609375, -0.126911
21.769775390625, -0.022449
21.799560546875, 0.0263
21.82958984375, 0.012372
21.859619140625, 0.033265
21.8896484375, 0.040229
21.919677734375, 0.033265
21.94970703125, 0.10987
21.979736328125, 0.068085
22.009765625, 0.054157
22.039794921875, -0.050305
22.069580078125, -0.099054
22.099609375, 0.019336
22.129638671875, -0.099054
22.15966796875, 0.123798
22.189697265625, 0.095942
22.2197265625, 0.075049
22.249755859375, 0.047193
22.27978515625, -0.064233
22.3095703125, -0.001556
22.339599609375, 0.047193
22.36962890625, -0.00852
22.399658203125, -0.064233
22.4296875, 0.0263
22.459716796875, -0.106018
22.48974609375, -0.036377
22.519775390625, 0.10987
22.549560546875, -0.036377
22.57958984375, 0.102906
22.609619140625, 0.019336
22.6396484375, 0.10987
22.669677734375, -0.015484
22.69970703125, -0.057269
22.729736328125, 0.012372
22.759765625, -0.015484
22.789794921875, -0.050305
22.819580078125, 0.005408
22.849609375, -0.022449
22.879638671875, 0.047193
22.90966796875, -0.015484
22.939697265625, 0.040229
22.9697265625, 0.012372
22.999755859375, 0.200404
23.02978515625, 0.116834
23.0595703125, 0.137727
23.089599609375, -0.043341
23.11962890625, 0.095942
23.149658203125, -0.09209
23.1796875, 0.019336
23.209716796875, -0.029413
23.23974609375, -0.022449
23.269775390625, -0.057269
23.2998046875, 0.040229
23.32958984375, -0.078162
23.359619140625, 0.123798
23.3896484375, 0.075049
23.419677734375, 0.040229
23.44970703125, 0.179511
23.479736328125, 0.054157
23.509765625, 0.040229
23.539794921875, 0.012372
23.569580078125, -0.064233
23.599609375, -0.00852
23.629638671875, 0.012372
23.65966796875, -0.112982
23.689697265625, 0.095942
23.7197265625, 0.019336
23.749755859375, 0.075049
23.77978515625, -0.015484
23.8095703125, -0.036377
23.839599609375, 0.095942
23.86962890625, 0.082014
23.899658203125, -0.050305
23.9296875, -0.071198
23.959716796875, 0.088978
23.98974609375, 0.10987
24.019775390625, -0.071198
24.0498046875, 0.033265
24.07958984375, -0.147803
24.109619140625, 0.068085
24.1396484375, -0.050305
24.169677734375, 0.082014
24.19970703125, -0.00852
24.229736328125, 0.019336
24.259765625, 0.0263
24.289794921875, -0.085126
24.319580078125, -0.043341
24.349609375, 0.005408
24.379638671875, -0.064233
24.40966796875, 0.005408
24.439697265625, 0.088978
24.4697265625, -0.036377
24.499755859375, 0.061121
24.52978515625, -0.064233
24.559814453125, 0.047193
24.589599609375, -0.00852
24.61962890625, -0.078162
24.649658203125, 0.047193
24.6796875, 0.068085
24.709716796875, 0.061121
24.73974609375, -0.036377
24.769775390625, -0.057269
24.7998046875, 0.137727
24.82958984375, 0.005408
24.859619140625, 0.012372
24.8896484375, 0.054157
24.919677734375, 0.040229
24.94970703125, -0.071198
24.979736328125, 0.088978
25.009765625, 0.005408
25.039794921875, -0.036377
25.06982421875, -0.099054
25.099609375, -0.09209
25.129638671875, 0.047193
25.15966796875, 0.054157
25.189697265625, 0.088978
25.2197265625, -0.050305
25.249755859375, 0.061121
25.27978515625, -0.057269
25.309814453125, -0.126911
25.339599609375, -0.001556
25.36962890625, 0.033265
25.399658203125, -0.085126
25.4296875, -0.078162
25.459716796875, 0.130762
25.48974609375, 0.151655
25.519775390625, 0.005408
25.5498046875, -0.085126
25.57958984375, -0.001556
25.609619140625, 0.088978
25.6396484375, -0.029413
25.669677734375, -0.015484
25.69970703125, -0.001556
25.729736328125, 0.012372
25.759765625, 0.054157
25.789794921875, 0.102906
25.81982421875, -0.029413
25.849609375, 0.005408
25.879638671875, 0.082014
25.90966796875, 0.116834
25.939697265625, 0.082014
25.9697265625, 0.033265
25.999755859375, 0.033265
26.02978515625, 0.033265
26.059814453125, 0.005408
26.089599609375, -0.050305
26.11962890625, 0.012372
26.149658203125, 0.019336
26.1796875, 0.186476
26.209716796875, 0.075049
26.23974609375, -0.00852
26.269775390625, -0.050305
26.2998046875, 0.012372
26.329833984375, -0.029413
26.359619140625, -0.099054
26.3896484375, 0.068085
26.419677734375, -0.001556
26.44970703125, -0.001556
26.479736328125, -0.036377
26.509765625, 0.054157
26.539794921875, 0.047193
26.56982421875, -0.112982
26.599609375, -0.00852
26.629638671875, -0.022449
26.65966796875, -0.078162
26.689697265625, -0.043341
26.7197265625, 0.075049
26.749755859375, 0.207368
26.77978515625, -0.057269
26.809814453125, 0.116834
26.83984375, -0.022449
26.86962890625, -0.029413
26.899658203125, -0.085126
26.9296875, 0.10987
26.959716796875, -0.043341
26.98974609375, -0.147803
27.019775390625, 0.0263
27.0498046875, 0.005408
27.079833984375, -0.085126
27.109619140625, 0.130762
27.1396484375, -0.057269
27.169677734375, 0.068085
27.19970703125, 0.012372
27.229736328125, 0.012372
27.259765625, -0.00852
27.289794921875, -0.022449
27.31982421875, -0.099054
27.349609375, 0.019336
27.379638671875, 0.061121
27.40966796875, -0.015484
27.439697265625, 0.012372
27.4697265625, -0.001556
27.499755859375, 0.130762
27.52978515625, 0.082014
27.559814453125, 0.033265
27.58984375, 0.075049
27.61962890625, -0.043341
27.649658203125, -0.029413
27.6796875, 0.088978
27.709716796875, 0.088978
27.73974609375, 0.082014
27.769775390625, -0.022449
27.7998046875, 0.005408
27.829833984375, -0.064233
27.859619140625, -0.022449
27.8896484375, -0.022449
27.919677734375, 0.075049
27.94970703125, -0.099054
27.979736328125, -0.022449
28.009765625, 0.082014
28.039794921875, 0.005408
28.06982421875, 0.088978
28.099853515625, -0.078162
28.129638671875, 0.040229
28.15966796875, 0.102906
28.189697265625, 0.088978
28.2197265625, -0.064233
28.249755859375, -0.050305
28.27978515625, 0.033265
28.309814453125, 0.116834
28.33984375, -0.015484
28.36962890625, -0.015484
28.399658203125, 0.10987
28.4296875, -0.064233
28.459716796875, -0.029413
28.48974609375, 0.019336
28.519775390625, -0.133875
28.5498046875, -0.147803
28.579833984375, -0.00852
28.609619140625, -0.015484
28.6396484375, 0.130762
28.669677734375, -0.050305
28.69970703125, 0.054157
28.729736328125, -0.00852
28.759765625, 0.082014
28.789794921875, -0.001556
28.81982421875, -0.057269
28.849853515625, 0.0263
28.879638671875, 0.068085
28.90966796875, -0.112982
28.939697265625, 0.054157
28.9697265625, 0.130762
28.999755859375, 0.054157
29.02978515625, 0.095942
29.059814453125, 0.047193
29.08984375, 0.054157
29.11962890625, -0.001556
29.149658203125, -0.071198
29.1796875, 0.144691
29.209716796875, -0.022449
29.23974609375, 0.068085
29.269775390625, 0.082014
29.2998046875, 0.005408
29.329833984375, 0.068085
29.35986328125, 0.10987
29.3896484375, 0.0263
29.419677734375, 0.088978
29.44970703125, -0.09209
29.479736328125, 0.005408
29.509765625, 0.047193
29.539794921875, 0.012372
29.56982421875, -0.00852
29.599853515625, -0.001556
29.629638671875, 0.102906
29.65966796875, -0.015484
29.689697265625, 0.047193
29.7197265625, -0.106018
29.749755859375, -0.001556
29.77978515625, -0.022449
29.809814453125, 0.019336
29.83984375, 0.144691
29.869873046875, -0.00852
29.899658203125, -0.078162
29.9296875, 0.012372
29.959716796875, 0.082014
29.98974609375, -0.078162
30.019775390625, 0.082014
30.0498046875, -0.036377
30.079833984375, -0.071198
30.10986328125, 0.012372
30.1396484375, 0.047193
30.169677734375, -0.078162
30.19970703125, -0.085126
30.229736328125, -0.043341
30.259765625, 0.0263
30.289794921875, 0.095942
30.31982421875, 0.061121
30.349853515625, -0.036377
30.379638671875, -0.043341
30.40966796875, 0.047193
30.439697265625, 0.102906
30.4697265625, 0.047193
30.499755859375, -0.001556
30.52978515625, -0.036377
30.559814453125, 0.005408
30.58984375, -0.015484
30.619873046875, -0.112982
30.649658203125, 0.130762
30.6796875, 0.047193
30.709716796875, -0.022449
30.73974609375, 0.012372
30.769775390625, -0.112982
30.7998046875, -0.029413
30.829833984375, 0.047193
30.85986328125, -0.015484
30.8896484375, 0.012372
30.919677734375, -0.064233
30.94970703125, 0.0263
30.979736328125, 0.075049
31.009765625, 0.005408
31.039794921875, 0.116834
31.06982421875, -0.057269
31.099853515625, 0.082014
31.1298828125, 0.075049
31.15966796875, 0.068085
31.189697265625, 0.047193
31.2197265625, 0.075049
31.249755859375, 0.040229
31.27978515625, 0.102906
31.309814453125, -0.036377
31.33984375, -0.036377
31.369873046875, 0.040229
31.399658203125, 0.054157
31.4296875, -0.196552
31.459716796875, 0.082014
31.48974609375, 0.040229
31.519775390625, 0.040229
31.5498046875, 0.088978
31.579833984375, 0.068085
31.60986328125, -0.036377
31.6396484375, 0.019336
31.669677734375, 0.123798
31.69970703125, 0.116834
31.729736328125, -0.09209
31.759765625, -0.112982
31.789794921875, 0.088978
31.81982421875, -0.029413
31.849853515625, -0.029413
31.8798828125, 0.047193
31.90966796875, 0.088978
31.939697265625, -0.099054
31.9697265625, 0.033265
31.999755859375, 0.116834
32.02978515625, -0.036377
32.059814453125, 0.012372
32.08984375, 0.151655
32.119873046875, 0.040229
32.149658203125, -0.057269
32.1796875, 0.033265
32.209716796875, 0.033265
32.23974609375, 0.130762
32.269775390625, 0.005408
32.2998046875, 0.082014
32.329833984375, -0.036377
32.35986328125, 0.040229
32.389892578125, -0.001556
32.419677734375, 0.082014
32.44970703125, 0.005408
32.479736328125, 0.130762
32.509765625, 0.012372
32.539794921875, 0.019336
32.56982421875, 0.075049
32.599853515625, 0.0263
32.6298828125, 0.082014
32.65966796875, 0.075049
32.689697265625, 0.019336
32.7197265625, 0.061121
32.749755859375, -0.029413
32.77978515625, 0.116834
32.809814453125, 0.165583
32.83984375, 0.144691
32.869873046875, 0.0263
32.89990234375, -0.099054
32.9296875, 0.088978
32.959716796875, -0.057269
32.98974609375, -0.022449
33.019775390625, 0.040229
33.0498046875, -0.015484
33.079833984375, -0.099054
33.10986328125, 0.172547
33.139892578125, 0.047193
33.169677734375, -0.085126
33.19970703125, 0.130762
33.229736328125, 0.082014
33.259765625, 0.040229
33.289794921875, 0.082014
33.31982421875, 0.075049
33.349853515625, -0.078162
33.3798828125, 0.088978
33.40966796875, 0.235225
33.439697265625, 0.033265
33.4697265625, 0.137727
33.499755859375, -0.119947
33.52978515625, 0.047193
33.559814453125, -0.00852
33.58984375, 0.019336
33.619873046875, -0.057269
33.64990234375, 0.040229
33.6796875, 0.0263
33.709716796875, 0.033265
33.73974609375, 0.102906
33.769775390625, -0.078162
33.7998046875, 0.061121
33.829833984375, -0.085126
33.85986328125, 0.033265
33.889892578125, -0.036377
33.919677734375, 0.102906
33.94970703125, 0.172547
33.979736328125, -0.036377
34.009765625, -0.001556
34.039794921875, 0.088978
34.06982421875, 0.033265
34.099853515625, 0.040229
34.1298828125, -0.015484
34.159912109375, 0.075049
34.189697265625, -0.022449
34.2197265625, -0.00852
34.249755859375, -0.050305
34.27978515625, 0.005408
34.309814453125, -0.001556
34.33984375, 0.10987
34.369873046875, 0.075049
34.39990234375, 0.123798
34.4296875, 0.033265
34.459716796875, 0.165583
34.48974609375, -0.064233
34.519775390625, 0.088978
34.5498046875, 0.040229
34.579833984375, 0.068085
34.60986328125, -0.022449
34.639892578125, -0.043341
34.669921875, -0.071198
34.69970703125, -0.036377
34.729736328125, 0.019336
34.759765625, 0.172547
34.789794921875, 0.019336
34.81982421875, 0.116834
34.849853515625, -0.043341
34.8798828125, -0.043341
34.909912109375, -0.057269
34.939697265625, -0.001556
34.9697265625, 0.033265
34.999755859375, 0.0263
35.02978515625, 0.061121
35.059814453125, 0.0263
35.08984375, 0.047193
35.119873046875, -0.022449
35.14990234375, 0.068085
35.1796875, -0.106018
35.209716796875, -0.057269
35.23974609375, 0.033265
35.269775390625, 0.061121
35.2998046875, 0.0263
35.329833984375, 0.040229
35.35986328125, -0.036377
35.389892578125, -0.029413
35.419921875, 0.033265
35.44970703125, -0.126911
35.479736328125, 0.0263
35.509765625, 0.144691
35.539794921875, -0.00852
35.56982421875, -0.022449
35.599853515625, -0.001556
35.6298828125, 0.082014
35.659912109375, -0.022449
35.689697265625, -0.001556
35.7197265625, 0.116834
35.749755859375, -0.001556
35.77978515625, -0.085126
35.809814453125, 0.068085
35.83984375, -0.064233
35.869873046875, 0.040229
35.89990234375, 0.054157
35.929931640625, -0.09209
35.959716796875, -0.022449
35.98974609375, -0.036377
36.019775390625, 0.075049
36.0498046875, 0.040229
36.079833984375, -0.036377
36.10986328125, 0.158619
36.139892578125, 0.186476
36.169921875, -0.064233
36.19970703125, 0.054157
36.229736328125, -0.09209
36.259765625, 0.0263
36.289794921875, -0.00852
36.31982421875, 0.095942
36.349853515625, 0.144691
36.3798828125, 0.075049
36.409912109375, 0.082014
36.439697265625, 0.130762
36.4697265625, -0.015484
36.499755859375, 0.068085
36.52978515625, 0.005408
36.559814453125, 0.10987
36.58984375, -0.050305
36.619873046875, -0.036377
36.64990234375, -0.071198
36.679931640625, 0.019336
36.709716796875, 0.102906
36.73974609375, 0.075049
36.769775390625, -0.085126
36.7998046875, -0.029413
36.829833984375, 0.116834
36.85986328125, 0.068085
36.889892578125, 0.054157
36.919921875, 0.019336
36.94970703125, 0.040229
36.979736328125, 0.012372
37.009765625, 0.047193
37.039794921875, 0.0263
37.06982421875, 0.10987
37.099853515625, 0.10987
37.1298828125, 0.088978
37.159912109375, -0.057269
37.18994140625, 0.005408
37.2197265625, -0.00852
37.249755859375, -0.099054
37.27978515625, -0.00852
37.309814453125, -0.064233
37.33984375, -0.015484
37.369873046875, 0.095942
37.39990234375, -0.022449
37.429931640625, -0.001556
37.459716796875, -0.133875
37.48974609375, -0.133875
37.519775390625, 0.165583
37.5498046875, -0.022449
37.579833984375, 0.040229
37.60986328125, 0.102906
37.639892578125, -0.022449
37.669921875, 0.082014
37.699951171875, -0.133875
37.729736328125, 0.005408
37.759765625, -0.001556
37.789794921875, -0.036377
37.81982421875, 0.040229
37.849853515625, 0.095942
37.8798828125, 0.088978
37.909912109375, 0.061121
37.93994140625, 0.068085
37.9697265625, 0.019336
37.999755859375, -0.112982
38.02978515625, 0.047193
38.059814453125, 0.054157
38.08984375, 0.054157
38.119873046875, -0.001556
38.14990234375, 0.033265
38.179931640625, -0.071198
38.209716796875, 0.068085
38.23974609375, -0.036377
38.269775390625, 0.061121
38.2998046875, 0.047193
38.329833984375, 0.165583
38.35986328125, 0.047193
38.389892578125, 0.061121
38.419921875, -0.001556
38.449951171875, -0.00852
38.479736328125, -0.001556
38.509765625, -0.043341
38.539794921875, 0.033265
38.56982421875, 0.040229
38.599853515625, -0.029413
38.6298828125, 0.10987
38.659912109375, 0.075049
38.68994140625, 0.088978
38.7197265625, -0.015484
38.749755859375, 0.123798
38.77978515625, 0.088978
38.809814453125, -0.00852
38.83984375, 0.005408
38.869873046875, 0.102906
38.89990234375, 0.047193
38.929931640625, 0.0263
38.9599609375, 0.047193
38.98974609375, 0.033265
39.019775390625, 0.116834
39.0498046875, 0.068085
39.079833984375, -0.085126
39.10986328125, 0.040229
39.139892578125, -0.00852
39.169921875, 0.095942
39.199951171875, 0.068085
39.229736328125, 0.095942
39.259765625, -0.09209
39.289794921875, 0.061121
39.31982421875, -0.00852
39.349853515625, -0.085126
39.3798828125, 0.165583
39.409912109375, 0.0263
39.43994140625, 0.061121
39.469970703125, -0.057269
39.499755859375, 0.088978
39.52978515625, 0.019336
39.559814453125, 0.033265
39.58984375, 0.054157
39.619873046875, 0.075049
39.64990234375, 0.019336
39.679931640625, 0.123798
39.7099609375, 0.019336
39.73974609375, -0.029413
39.769775390625, -0.029413
39.7998046875, 0.116834
39.829833984375, -0.099054
39.85986328125, -0.022449
39.889892578125, 0.005408
39.919921875, -0.022449
39.949951171875, 0.151655
39.979736328125, 0.033265
40.009765625, -0.015484
40.039794921875, -0.036377
40.06982421875, 0.221296
40.099853515625, 0.040229
40.1298828125, 0.012372
40.159912109375, -0.071198
40.18994140625, -0.064233
40.219970703125, 0.005408
40.249755859375, -0.036377
40.27978515625, -0.036377
40.309814453125, 0.137727
40.33984375, 0.047193
40.369873046875, 0.075049
40.39990234375, 0.047193
40.429931640625, 0.095942
40.4599609375, 0.019336
40.48974609375, 0.012372
40.519775390625, -0.078162
40.5498046875, -0.099054
40.579833984375, 0.054157
40.60986328125, 0.095942
40.639892578125, -0.057269
40.669921875, 0.061121
40.699951171875, 0.10987
40.72998046875, 0.005408
40.759765625, 0.061121
40.789794921875, -0.015484
40.81982421875, 0.061121
40.849853515625, -0.071198
40.8798828125, 0.075049
40.909912109375, -0.001556
40.93994140625, -0.182624
40.969970703125, 0.088978
40.999755859375, -0.001556
41.02978515625, 0.0263
41.059814453125, -0.022449
41.08984375, 0.088978
41.119873046875, 0.102906
41.14990234375, 0.061121
41.179931640625, 0.0263
41.2099609375, -0.078162
41.23974609375, 0.054157
41.269775390625, -0.00852
41.2998046875, 0.068085
41.329833984375, 0.082014
41.35986328125, 0.054157
41.389892578125, -0.036377
41.419921875, -0.119947
41.449951171875, -0.126911
41.47998046875, 0.019336
41.509765625, -0.015484
41.539794921875, 0.005408
41.56982421875, -0.078162
41.599853515625, 0.040229
41.6298828125, 0.082014
41.659912109375, 0.061121
41.68994140625, 0.047193
41.719970703125, 0.088978
41.749755859375, 0.061121
41.77978515625, 0.068085
41.809814453125, 0.088978
41.83984375, 0.082014
41.869873046875, -0.057269
41.89990234375, -0.126911
41.929931640625, 0.047193
41.9599609375, 0.068085
41.989990234375, 0.005408
42.019775390625, -0.015484
42.0498046875, 0.012372
42.079833984375, 0.123798
42.10986328125, 0.005408
42.139892578125, 0.075049
42.169921875, 0.0263
42.199951171875, 0.130762
42.22998046875, -0.043341
42.259765625, -0.043341
42.289794921875, 0.005408
42.31982421875, 0.012372
42.349853515625, -0.112982
42.3798828125, 0.040229
42.409912109375, -0.057269
42.43994140625, -0.064233
42.469970703125, -0.154767
42.5, -0.029413
42.52978515625, -0.015484
42.559814453125, 0.005408
42.58984375, 0.019336
42.619873046875, -0.029413
42.64990234375, 0.179511
42.679931640625, 0.207368
42.7099609375, 0.005408
42.739990234375, 0.019336
42.769775390625, -0.09209
42.7998046875, -0.085126
42.829833984375, -0.057269
42.85986328125, 0.0263
42.889892578125, -0.112982
42.919921875, 0.005408
42.949951171875, 0.040229
42.97998046875, 0.047193
43.009765625, 0.144691
43.039794921875, 0.019336
43.06982421875, 0.005408
43.099853515625, 0.075049
43.1298828125, -0.057269
43.159912109375, 0.137727
43.18994140625, -0.071198
43.219970703125, 0.179511
43.25, 0.061121
43.27978515625, 0.012372
43.309814453125, -0.001556
43.33984375, 0.068085
43.369873046875, -0.001556
43.39990234375, 0.088978
43.429931640625, 0.012372
43.4599609375, 0.047193
43.489990234375, 0.047193
43.519775390625, 0.061121
43.5498046875, 0.005408
43.579833984375, 0.179511
43.60986328125, 0.033265
43.639892578125, -0.064233
43.669921875, -0.015484
43.699951171875, -0.029413
43.72998046875, -0.043341
43.760009765625, 0.068085
43.789794921875, -0.00852
43.81982421875, -0.050305
43.849853515625, 0.151655
43.8798828125, -0.029413
43.909912109375, 0.005408
43.93994140625, -0.085126
43.969970703125, -0.029413
44.0, -0.015484
44.02978515625, 0.102906
44.059814453125, -0.022449
44.08984375, 0.054157
44.119873046875, 0.047193
44.14990234375, 0.019336
44.179931640625, 0.019336
44.2099609375, 0.061121
44.239990234375, -0.001556
44.269775390625, -0.001556
44.2998046875, 0.144691
44.329833984375, 0.186476
44.35986328125, -0.057269
44.389892578125, 0.186476
44.419921875, 0.116834
44.449951171875, -0.015484
44.47998046875, 0.082014
44.510009765625, 0.179511
44.539794921875, 0.012372
44.56982421875, 0.137727
44.599853515625, 0.068085
44.6298828125, -0.071198
44.659912109375, 0.082014
44.68994140625, 0.095942
44.719970703125, 0.068085
44.75, 0.0263
44.77978515625, 0.123798
44.809814453125, 0.047193
44.83984375, -0.050305
44.869873046875, -0.029413
44.89990234375, 0.256117
44.929931640625, -0.00852
44.9599609375, 0.095942
44.989990234375, -0.036377
45.02001953125, 0.033265
45.0498046875, 0.047193
45.079833984375, -0.001556
45.10986328125, 0.047193
45.139892578125, -0.022449
45.169921875, -0.043341
45.199951171875, -0.036377
45.22998046875, 0.082014
45.260009765625, 0.033265
45.289794921875, 0.179511
45.31982421875, 0.005408
45.349853515625, 0.047193
45.3798828125, 0.047193
45.409912109375, 0.047193
45.43994140625, 0.012372
45.469970703125, 0.047193
45.5, -0.17566
45.530029296875, 0.005408
45.559814453125, 0.040229
45.58984375, 0.088978
45.619873046875, 0.040229
45.64990234375, -0.057269
45.679931640625, -0.015484
45.7099609375, -0.050305
45.739990234375, 0.068085
45.77001953125, 0.082014
45.7998046875, 0.012372
45.829833984375, -0.043341
45.85986328125, 0.040229
45.889892578125, -0.022449
45.919921875, -0.029413
45.949951171875, 0.054157
45.97998046875, -0.064233
46.010009765625, 0.0263
46.039794921875, 0.068085
46.06982421875, 0.102906
46.099853515625, -0.036377
46.1298828125, -0.029413
46.159912109375, -0.071198
46.18994140625, 0.012372
46.219970703125, -0.085126
46.25, 0.054157
46.280029296875, 0.0263
46.309814453125, 0.082014
46.33984375, -0.022449
46.369873046875, 0.102906
46.39990234375, -0.154767
46.429931640625, 0.068085
46.4599609375, -0.057269
46.489990234375, 0.019336
46.52001953125, -0.001556
46.5498046875, -0.00852
46.579833984375, 0.054157
46.60986328125, -0.015484
46.639892578125, -0.022449
46.669921875, -0.064233
46.699951171875, 0.137727
46.72998046875, 0.054157
46.760009765625, 0.130762
46.7900390625, 0.005408
46.81982421875, -0.140839
46.849853515625, -0.071198
46.8798828125, 0.033265
46.909912109375, -0.022449
46.93994140625, 0.054157
46.969970703125, 0.005408
47.0, 0.061121
47.030029296875, 0.075049
47.059814453125, 0.158619
47.08984375, -0.00852
47.119873046875, -0.140839
47.14990234375, 0.0263
47.179931640625, -0.043341
47.2099609375, -0.001556
47.239990234375, 0.005408
47.27001953125, -0.022449
47.300048828125, 0.075049
47.329833984375, 0.047193
47.35986328125, 0.075049
47.389892578125, -0.09209
47.419921875, -0.050305
47.449951171875, -0.071198
47.47998046875, 0.144691
47.510009765625, -0.015484
47.5400390625, 0.012372
47.56982421875, -0.043341
47.599853515625, -0.133875
47.6298828125, 0.005408
47.659912109375, 0.095942
47.68994140625, 0.102906
47.719970703125, 0.137727
47.75, -0.099054
47.780029296875, -0.071198
47.809814453125, 0.130762
47.83984375, -0.015484
47.869873046875, 0.019336
47.89990234375, 0.005408
47.929931640625, 0.088978
47.9599609375, 0.116834
47.989990234375, 0.040229
48.02001953125, 0.019336
48.050048828125, 0.095942
48.079833984375, 0.10987
48.10986328125, -0.015484
48.139892578125, 0.005408
48.169921875, 0.033265
48.199951171875, 0.019336
48.22998046875, 0.088978
48.260009765625, -0.022449
48.2900390625, 0.068085
48.31982421875, 0.005408
48.349853515625, -0.00852
48.3798828125, 0.0263
48.409912109375, -0.050305
48.43994140625, -0.00852
48.469970703125, -0.036377
48.5, -0.168695
48.530029296875, -0.015484
48.56005859375, 0.068085
48.58984375, -0.00852
48.619873046875, -0.022449
48.64990234375, 0.033265
48.679931640625, 0.088978
48.7099609375, 0.10987
48.739990234375, 0.130762
48.77001953125, 0.061121
48.800048828125, 0.061121
48.829833984375, 0.123798
48.85986328125, 0.068085
48.889892578125, -0.064233
48.919921875, 0.033265
48.949951171875, -0.064233
48.97998046875, 0.061121
49.010009765625, -0.029413
49.0400390625, 0.019336
49.06982421875, 0.075049
49.099853515625, 0.012372
49.1298828125, 0.019336
49.159912109375, 0.033265
49.18994140625, -0.085126
49.219970703125, -0.022449
49.25, -0.099054
49.280029296875, 0.012372
49.31005859375, 0.033265
49.33984375, -0.029413
49.369873046875, -0.057269
49.39990234375, -0.078162
49.429931640625, -0.050305
49.4599609375, -0.085126
49.489990234375, 0.144691
49.52001953125, 0.047193
49.550048828125, 0.012372
49.579833984375, 0.102906
49.60986328125, 0.012372
49.639892578125, 0.130762
49.669921875, 0.033265
49.699951171875, -0.022449
49.72998046875, 0.068085
49.760009765625, 0.054157
49.7900390625, 0.019336
49.820068359375, 0.012372
49.849853515625, 0.019336
49.8798828125, 0.0263
49.909912109375, 0.019336
49.93994140625, 0.068085
49.969970703125, 0.005408
50.0, -0.057269
50.030029296875, 0.012372
50.06005859375, -0.036377
50.08984375, -0.022449
50.119873046875, 0.165583
50.14990234375, 0.012372
50.179931640625, -0.00852
50.2099609375, 0.012372
50.239990234375, 0.061121
50.27001953125, -0.015484
50.300048828125, -0.015484
50.330078125, -0.015484
50.35986328125, -0.064233
50.389892578125, 0.10987
50.419921875, -0.071198
50.449951171875, -0.00852
50.47998046875, 0.047193
50.510009765625, -0.09209
50.5400390625, 0.019336
50.570068359375, -0.09209
50.599853515625, 0.144691
50.6298828125, -0.071198
50.659912109375, 0.012372
50.68994140625, -0.029413
50.719970703125, -0.099054
50.75, 0.012372
50.780029296875, 0.005408
50.81005859375, -0.036377
50.83984375, -0.022449
50.869873046875, -0.043341
50.89990234375, -0.00852
50.929931640625, -0.036377
50.9599609375, 0.012372
50.989990234375, -0.126911
51.02001953125, 0.019336
51.050048828125, 0.137727
51.080078125, -0.050305
51.10986328125, -0.112982
51.139892578125, 0.0263
51.169921875, 0.130762
51.199951171875, -0.036377
51.22998046875, 0.047193
51.260009765625, 0.047193
51.2900390625, -0.00852
51.320068359375, 0.005408
51.349853515625, -0.112982
51.3798828125, -0.085126
51.409912109375, -0.015484
51.43994140625, 0.005408
51.469970703125, -0.140839
51.5, -0.112982
51.530029296875, -0.078162
51.56005859375, 0.068085
51.590087890625, -0.036377
51.619873046875, 0.040229
51.64990234375, -0.140839
51.679931640625, 0.061121
51.7099609375, -0.022449
51.739990234375, -0.00852
51.77001953125, -0.078162
51.800048828125, -0.064233
51.830078125, -0.022449
51.85986328125, -0.106018
51.889892578125, 0.095942
51.919921875, -0.022449
51.949951171875, 0.082014
51.97998046875, 0.040229
52.010009765625, -0.00852
52.0400390625, -0.029413
52.070068359375, 0.054157
52.099853515625, -0.099054
52.1298828125, 0.102906
52.159912109375, 0.082014
52.18994140625, 0.144691
52.219970703125, -0.00852
52.25, 0.005408
52.280029296875, -0.015484
52.31005859375, 0.033265
52.340087890625, -0.09209
52.369873046875, 0.061121
52.39990234375, -0.022449
52.429931640625, -0.085126
52.4599609375, 0.061121
52.489990234375, 0.019336
52.52001953125, 0.012372
52.550048828125, -0.147803
52.580078125, -0.057269
52.60986328125, -0.071198
52.639892578125, -0.00852
52.669921875, -0.00852
52.699951171875, 0.040229
52.72998046875, -0.085126
52.760009765625, -0.078162
52.7900390625, 0.088978
52.820068359375, -0.00852
52.85009765625, -0.133875
52.8798828125, -0.029413
52.909912109375, 0.249153
52.93994140625, 0.478969
52.969970703125, 0.534683
53.0, 0.680929
53.030029296875, 0.736643
53.06005859375, 0.820212
53.090087890625, 0.952531
53.119873046875, 1.20324
53.14990234375, 1.363415
53.179931640625, 1.377343
53.2099609375, 1.718586
53.239990234375, 1.697694
53.27001953125, 1.941439
53.300048828125, 1.92751
53.330078125, 2.122506
53.360107421875, 2.178219
53.389892578125, 2.226968
53.419921875, 2.268753
53.449951171875, 2.519462
53.47998046875, 2.651781
53.510009765625, 2.73535
53.5400390625, 2.749279
53.570068359375, 2.846777
53.60009765625, 2.798028
53.6298828125, 2.909454
53.659912109375, 3.055701
53.68994140625, 3.083557
53.719970703125, 3.181055
53.75, 3.215876
53.780029296875, 3.473549
53.81005859375, 3.369087
53.840087890625, 3.4248
53.869873046875, 3.529262
53.89990234375, 3.584975
53.929931640625, 3.38998
53.9599609375, 3.668545
53.989990234375, 3.731222
54.02001953125, 3.738186
54.050048828125, 3.717294
54.080078125, 3.633724
54.110107421875, 3.884433
54.139892578125, 3.856577
54.169921875, 3.898362
54.199951171875, 3.91229
54.22998046875, 3.919254
54.260009765625, 4.044609
54.2900390625, 4.107286
54.320068359375, 4.009788
54.35009765625, 4.162999
54.3798828125, 4.107286
54.409912109375, 4.065501
54.43994140625, 4.246569
54.469970703125, 4.225676
54.5, 4.162999
54.530029296875, 4.183891
54.56005859375, 4.162999
54.590087890625, 4.142107
54.6201171875, 4.135142
54.64990234375, 4.225676
54.679931640625, 4.23264
54.7099609375, 4.364959
54.739990234375, 4.413708
54.77001953125, 4.323174
54.800048828125, 4.378887
54.830078125, 4.337102
54.860107421875, 4.364959
54.889892578125, 4.413708
54.919921875, 4.378887
54.949951171875, 4.378887
54.97998046875, 4.344067
55.010009765625, 4.413708
55.0400390625, 4.330138
55.070068359375, 4.357995
55.10009765625, 4.385851
55.130126953125, 4.211748
55.159912109375, 4.406744
55.18994140625, 4.371923
55.219970703125, 4.309246
55.25, 4.337102
55.280029296875, 4.288353
55.31005859375, 4.302282
55.340087890625, 4.239604
55.3701171875, 4.100322
55.39990234375, 4.31621
55.429931640625, 4.364959
55.4599609375, 4.19782
55.489990234375, 4.190856
55.52001953125, 4.302282
55.550048828125, 4.162999
55.580078125, 4.260497
55.610107421875, 4.246569
55.639892578125, 4.142107
55.669921875, 4.142107
55.699951171875, 4.093358
55.72998046875, 4.135142
55.760009765625, 4.169963
55.7900390625, 4.058537
55.820068359375, 4.037644
55.85009765625, 4.009788
55.880126953125, 4.044609
55.909912109375, 3.954075
55.93994140625, 3.863541
55.969970703125, 3.91229
56.0, 3.898362
56.030029296875, 3.786935
56.06005859375, 3.954075
56.090087890625, 3.835684
56.1201171875, 3.842649
56.14990234375, 3.814792
56.179931640625, 3.821756
56.2099609375, 3.786935
56.239990234375, 3.863541
56.27001953125, 3.703366
56.300048828125, 4.044609
56.330078125, 3.724258
56.360107421875, 3.863541
56.39013671875, 3.898362
56.419921875, 4.051573
56.449951171875, 3.919254
56.47998046875, 4.037644
56.510009765625, 4.03068
56.5400390625, 4.107286
56.570068359375, 4.225676
56.60009765625, 4.093358
56.630126953125, 4.218712
56.659912109375, 4.072465
56.68994140625, 4.162999
56.719970703125, 4.288353
56.75, 4.302282
56.780029296875, 4.288353
56.81005859375, 4.156035
56.840087890625, 4.281389
56.8701171875, 4.246569
56.89990234375, 4.476385
56.929931640625, 4.490314
56.9599609375, 4.476385
56.989990234375, 4.392816
57.02001953125, 4.448529
57.050048828125, 4.420672
57.080078125, 4.532098
57.110107421875, 4.511206
57.14013671875, 4.497278
57.169921875, 4.546027
57.199951171875, 4.685309
57.22998046875, 4.532098
57.260009765625, 4.462457
57.2900390625, 4.546027
57.320068359375, 4.657453
57.35009765625, 4.559955
57.380126953125, 4.615668
57.409912109375, 4.594776
57.43994140625, 4.706202
57.469970703125, 4.768879
57.5, 4.678345
57.530029296875, 4.83852
57.56005859375, 4.734058
57.590087890625, 4.761915
57.6201171875, 4.664417
57.650146484375, 4.782807
57.679931640625, 4.936018
57.7099609375, 4.852449
57.739990234375, 4.908162
57.77001953125, 4.754951
57.800048828125, 4.845485
57.830078125, 4.887269
57.860107421875, 4.880305
57.89013671875, 4.796736
57.919921875, 4.936018
57.949951171875, 4.810664
57.97998046875, 4.817628
58.010009765625, 4.8037
58.0400390625, 4.908162
58.070068359375, 4.936018
58.10009765625, 4.650489
58.130126953125, 4.796736
58.16015625, 4.678345
58.18994140625, 4.754951
58.219970703125, 4.817628
58.25, 4.845485
58.280029296875, 4.984767
58.31005859375, 4.852449
58.340087890625, 4.761915
58.3701171875, 4.866377
58.400146484375, 4.845485
58.429931640625, 4.859413
58.4599609375, 4.8037
58.489990234375, 4.768879
58.52001953125, 4.942983
58.550048828125, 4.873341
58.580078125, 4.963875
58.610107421875, 4.949947
58.64013671875, 4.908162
58.669921875, 5.054409
58.699951171875, 4.775843
58.72998046875, 4.845485
58.760009765625, 4.894234
58.7900390625, 4.831556
58.820068359375, 4.810664
58.85009765625, 4.83852
58.880126953125, 4.845485
58.91015625, 4.908162
58.93994140625, 4.747987
58.969970703125, 4.963875
59.0, 4.949947
59.030029296875, 4.859413
59.06005859375, 4.768879
59.090087890625, 4.92209
59.1201171875, 4.894234
59.150146484375, 4.936018
59.179931640625, 5.026552
59.2099609375, 4.852449
59.239990234375, 4.887269
59.27001953125, 4.824592
59.300048828125, 4.866377
59.330078125, 4.845485
59.360107421875, 4.810664
59.39013671875, 5.00566
59.420166015625, 4.998696
59.449951171875, 4.852449
59.47998046875, 4.887269
59.510009765625, 4.824592
59.5400390625, 4.789771
59.570068359375, 4.782807
59.60009765625, 4.901198
59.630126953125, 4.713166
59.66015625, 4.936018
59.68994140625, 4.8037
59.719970703125, 4.83852
59.75, 4.747987
59.780029296875, 4.8037
59.81005859375, 4.706202
59.840087890625, 4.852449
59.8701171875, 4.852449
59.900146484375, 4.782807
59.929931640625, 4.894234
59.9599609375, 4.747987
59.989990234375, 4.845485
60.02001953125, 4.831556
60.050048828125, 4.810664
60.080078125, 4.824592
60.110107421875, 4.859413
60.14013671875, 4.741023
60.170166015625, 4.901198
60.199951171875, 4.817628
60.22998046875, 4.817628
60.260009765625, 4.936018
60.2900390625, 4.789771
60.320068359375, 4.775843
60.35009765625, 4.789771
60.380126953125, 5.019588
60.41015625, 4.92209
60.43994140625, 4.991732
60.469970703125, 4.942983
60.5, 4.894234
60.530029296875, 4.929054
60.56005859375, 4.880305
60.590087890625, 4.824592
60.6201171875, 4.754951
60.650146484375, 4.845485
60.68017578125, 4.831556
60.7099609375, 4.901198
60.739990234375, 4.768879
60.77001953125, 4.873341
60.800048828125, 4.880305
60.830078125, 4.977803
60.860107421875, 4.894234
60.89013671875, 4.880305
60.920166015625, 4.775843
60.949951171875, 4.866377
60.97998046875, 5.012624
61.010009765625, 4.901198
61.0400390625, 4.817628
61.070068359375, 4.824592
61.10009765625, 4.796736
61.130126953125, 4.796736
61.16015625, 4.956911
61.190185546875, 4.887269
61.219970703125, 4.866377
61.25, 4.782807
61.280029296875, 4.782807
61.31005859375, 4.859413
61.340087890625, 5.00566
61.3701171875, 4.824592
61.400146484375, 4.929054
61.43017578125, 4.789771
61.4599609375, 4.92209
61.489990234375, 4.845485
61.52001953125, 4.845485
61.550048828125, 4.92209
61.580078125, 4.824592
61.610107421875, 4.991732
61.64013671875, 4.901198
61.670166015625, 4.859413
61.699951171875, 4.915126
61.72998046875, 4.83852
61.760009765625, 4.810664
61.7900390625, 4.963875
61.820068359375, 4.901198
61.85009765625, 4.970839
61.880126953125, 4.831556
61.91015625, 5.033516
61.940185546875, 4.977803
61.969970703125, 5.00566
62.0, 4.963875
62.030029296875, 5.026552
62.06005859375, 4.92209
62.090087890625, 4.998696
62.1201171875, 4.956911
62.150146484375, 4.859413
62.18017578125, 5.04048
62.2099609375, 4.956911
62.239990234375, 4.894234
62.27001953125, 4.852449
62.300048828125, 4.956911
62.330078125, 5.054409
62.360107421875, 4.970839
62.39013671875, 4.915126
62.420166015625, 4.984767
62.4501953125, 5.04048
62.47998046875, 4.984767
62.510009765625, 4.866377
62.5400390625, 4.936018
62.570068359375, 5.096194
62.60009765625, 4.915126
62.630126953125, 4.929054
62.66015625, 4.991732
62.690185546875, 4.8037
62.719970703125, 4.83852
62.75, 4.970839
62.780029296875, 4.831556
62.81005859375, 4.887269
62.840087890625, 4.908162
62.8701171875, 4.956911
62.900146484375, 4.977803
62.93017578125, 4.956911
62.960205078125, 4.866377
62.989990234375, 4.796736
63.02001953125, 4.845485
63.050048828125, 4.894234
63.080078125, 4.782807
63.110107421875, 4.810664
63.14013671875, 4.984767
63.170166015625, 4.8037
63.2001953125, 4.873341
63.22998046875, 5.026552
63.260009765625, 4.92209
63.2900390625, 4.866377
63.320068359375, 4.741023
63.35009765625, 4.727094
63.380126953125, 4.727094
63.41015625, 4.810664
63.440185546875, 4.741023
63.469970703125, 4.72013
63.5, 4.650489
63.530029296875, 4.706202
63.56005859375, 4.546027
63.590087890625, 4.587811
63.6201171875, 4.539062
63.650146484375, 4.525134
63.68017578125, 4.685309
63.710205078125, 4.525134
63.739990234375, 4.476385
63.77001953125, 4.497278
63.800048828125, 4.4346
63.830078125, 4.462457
63.860107421875, 4.31621
63.89013671875, 4.218712
63.920166015625, 4.176927
63.9501953125, 4.086393
63.97998046875, 4.079429
64.010009765625, 3.891398
64.0400390625, 3.766043
64.070068359375, 3.529262
64.10009765625, 3.578011
64.130126953125, 3.466585
64.16015625, 3.327302
64.190185546875, 3.132306
64.22021484375, 3.055701
64.25, 2.874633
64.280029296875, 2.979095
64.31005859375, 2.881597
64.340087890625, 2.49857
64.3701171875, 2.428928
64.400146484375, 2.435892
64.43017578125, 2.303574
64.460205078125, 1.969295
64.489990234375, 1.948403
64.52001953125, 1.802156
64.550048828125, 1.718586
64.580078125, 1.635017
64.610107421875, 1.446985
64.64013671875, 1.217168
64.670166015625, 1.11967
64.7001953125, 0.820212
64.72998046875, 0.548611
64.760009765625, -0.085126
64.7900390625, -0.00852
64.820068359375, -0.029413
64.85009765625, -0.057269
64.880126953125, 0.005408
64.91015625, 0.012372
64.940185546875, -0.00852
64.97021484375, 0.0263
65.0, 0.144691
65.030029296875, 0.047193
65.06005859375, 0.012372
65.090087890625, -0.112982
65.1201171875, -0.022449
65.150146484375, 0.10987
65.18017578125, -0.00852
65.210205078125, 0.061121
65.239990234375, 0.172547
65.27001953125, 0.033265
65.300048828125, -0.050305
65.330078125, 0.088978
65.360107421875, 0.130762
65.39013671875, 0.088978
65.420166015625, -0.00852
65.4501953125, 0.005408
65.480224609375, -0.001556
65.510009765625, 0.047193
65.5400390625, 0.040229
65.570068359375, 0.019336
65.60009765625, -0.036377
65.630126953125, 0.137727
65.66015625, -0.043341
65.690185546875, 0.040229
65.72021484375, 0.068085
65.75, -0.00852
65.780029296875, -0.029413
65.81005859375, 0.047193
65.840087890625, 0.0263
65.8701171875, -0.015484
65.900146484375, -0.064233
65.93017578125, -0.00852
65.960205078125, 0.033265
65.990234375, 0.130762
66.02001953125, 0.040229
66.050048828125, 0.033265
66.080078125, 0.0263
66.110107421875, 0.095942
66.14013671875, 0.054157
66.170166015625, -0.036377
66.2001953125, -0.029413
66.230224609375, 0.040229
66.260009765625, -0.043341
66.2900390625, 0.137727
66.320068359375, 0.0263
66.35009765625, 0.137727
66.380126953125, 0.068085
66.41015625, -0.050305
66.440185546875, -0.015484
66.47021484375, -0.112982
66.5, -0.119947
66.530029296875, -0.022449
66.56005859375, -0.022449
66.590087890625, -0.001556
66.6201171875, 0.068085
66.650146484375, -0.154767
66.68017578125, -0.022449
66.710205078125, 0.165583
66.740234375, -0.022449
66.77001953125, 0.061121
66.800048828125, -0.043341
66.830078125, 0.137727
66.860107421875, 0.221296
66.89013671875, 0.040229
66.920166015625, 0.0263
66.9501953125, -0.09209
66.980224609375, -0.043341
67.010009765625, 0.068085
67.0400390625, 0.012372
67.070068359375, -0.022449
67.10009765625, 0.047193
67.130126953125, 0.005408
67.16015625, -0.071198
67.190185546875, -0.036377
67.22021484375, 0.054157
67.250244140625, -0.00852
67.280029296875, 0.095942
67.31005859375, 0.102906
67.340087890625, -0.196552
67.3701171875, 0.082014
67.400146484375, 0.123798
67.43017578125, -0.029413
67.460205078125, 0.068085
67.490234375, 0.005408
67.52001953125, 0.012372
67.550048828125, -0.119947
67.580078125, -0.036377
67.610107421875, -0.050305
67.64013671875, -0.022449
67.670166015625, 0.116834
67.7001953125, 0.012372
67.730224609375, -0.036377
67.760009765625, 0.012372
67.7900390625, 0.040229
67.820068359375, -0.00852
67.85009765625, 0.0263
67.880126953125, -0.071198
67.91015625, 0.068085
67.940185546875, 0.040229
67.97021484375, 0.061121
68.000244140625, 0.116834
68.030029296875, 0.054157
68.06005859375, 0.137727
68.090087890625, -0.015484
68.1201171875, -0.001556
68.150146484375, -0.09209
68.18017578125, -0.099054
68.210205078125, -0.043341
68.240234375, -0.036377
68.27001953125, 0.0263
68.300048828125, 0.082014
68.330078125, 0.047193
68.360107421875, -0.00852
68.39013671875, -0.071198
68.420166015625, 0.012372
68.4501953125, -0.071198
68.480224609375, -0.064233
68.51025390625, -0.071198
68.5400390625, -0.064233
68.570068359375, 0.033265
68.60009765625, -0.00852
68.630126953125, -0.050305
68.66015625, -0.126911
68.690185546875, -0.036377
68.72021484375, -0.064233
68.750244140625, -0.161731
68.780029296875, -0.001556
68.81005859375, -0.00852
68.840087890625, -0.078162
68.8701171875, 0.102906
68.900146484375, 0.019336
68.93017578125, -0.022449
68.960205078125, 0.075049
68.990234375, -0.057269
69.020263671875, 0.040229
69.050048828125, -0.001556
69.080078125, 0.123798
69.110107421875, -0.015484
69.14013671875, 0.061121
69.170166015625, -0.00852
69.2001953125, 0.054157
69.230224609375, -0.022449
69.26025390625, 0.088978
69.2900390625, 0.047193
69.320068359375, 0.10987
69.35009765625, 0.075049
69.380126953125, 0.047193
69.41015625, 0.047193
69.440185546875, -0.001556
69.47021484375, 0.082014
69.500244140625, -0.09209
69.530029296875, 0.061121
69.56005859375, 0.047193
69.590087890625, 0.033265
69.6201171875, 0.061121
69.650146484375, -0.00852
69.68017578125, 0.088978
69.710205078125, -0.00852
69.740234375, 0.033265
69.770263671875, 0.054157
69.800048828125, 0.005408
69.830078125, 0.116834
69.860107421875, -0.029413
69.89013671875, -0.064233
69.920166015625, -0.029413
69.9501953125, -0.133875
69.980224609375, -0.147803
70.01025390625, -0.050305
70.0400390625, -0.112982
70.070068359375, 0.137727
70.10009765625, -0.043341
70.130126953125, -0.057269
70.16015625, 0.061121
70.190185546875, -0.015484
70.22021484375, 0.095942
70.250244140625, 0.137727
70.2802734375, -0.078162
70.31005859375, 0.075049
70.340087890625, -0.036377
70.3701171875, 0.082014
70.400146484375, -0.119947
70.43017578125, 0.047193
70.460205078125, 0.095942
70.490234375, 0.054157
70.520263671875, -0.00852
70.550048828125, 0.158619
70.580078125, 0.095942
70.610107421875, -0.099054
70.64013671875, -0.071198
70.670166015625, -0.106018
70.7001953125, -0.071198
70.730224609375, -0.071198
70.76025390625, 0.033265
70.790283203125, 0.019336
70.820068359375, 0.019336
70.85009765625, -0.043341
70.880126953125, 0.033265
70.91015625, -0.036377
70.940185546875, 0.082014
70.97021484375, -0.085126
71.000244140625, -0.043341
71.0302734375, -0.00852
71.06005859375, -0.057269
71.090087890625, 0.095942
71.1201171875, -0.036377
71.150146484375, -0.071198
71.18017578125, -0.071198
71.210205078125, 0.005408
71.240234375, 0.144691
71.270263671875, -0.036377
71.300048828125, -0.071198
71.330078125, -0.00852
71.360107421875, -0.106018
71.39013671875, 0.116834
71.420166015625, 0.061121
71.4501953125, 0.012372
71.480224609375, 0.075049
71.51025390625, 0.082014
71.540283203125, -0.085126
71.570068359375, -0.140839
71.60009765625, 0.158619
71.630126953125, 0.033265
71.66015625, 0.047193
71.690185546875, 0.082014
71.72021484375, 0.172547
71.750244140625, -0.00852
71.7802734375, -0.001556
71.81005859375, -0.029413
71.840087890625, 0.144691
71.8701171875, -0.022449
71.900146484375, -0.043341
71.93017578125, -0.00852
71.960205078125, 0.102906
71.990234375, -0.00852
72.020263671875, 0.005408
72.05029296875, 0.0263
72.080078125, -0.112982
72.110107421875, 0.102906
72.14013671875, 0.019336
72.170166015625, 0.158619
72.2001953125, 0.151655
72.230224609375, 0.033265
72.26025390625, 0.054157
72.290283203125, -0.099054
72.320068359375, 0.082014
72.35009765625, -0.071198
72.380126953125, -0.050305
72.41015625, 0.095942
72.440185546875, 0.012372
72.47021484375, 0.033265
72.500244140625, -0.001556
72.5302734375, 0.102906
72.56005859375, 0.172547
72.590087890625, 0.151655
72.6201171875, -0.050305
72.650146484375, -0.057269
72.68017578125, -0.050305
72.710205078125, 0.047193
72.740234375, 0.158619
72.770263671875, -0.161731
72.80029296875, -0.057269
72.830078125, 0.005408
72.860107421875, -0.029413
72.89013671875, 0.061121
72.920166015625, -0.071198
72.9501953125, 0.068085
72.980224609375, 0.019336
73.01025390625, -0.147803
73.040283203125, 0.019336
73.070068359375, -0.00852
73.10009765625, 0.047193
73.130126953125, 0.075049
73.16015625, 0.137727
73.190185546875, 0.068085
73.22021484375, 0.033265
73.250244140625, 0.082014
73.2802734375, 0.061121
73.310302734375, 0.0263
73.340087890625, 0.040229
73.3701171875, 0.012372
73.400146484375, 0.012372
73.43017578125, 0.033265
73.460205078125, 0.005408
73.490234375, -0.050305
73.520263671875, 0.033265
73.55029296875, -0.140839
73.580078125, -0.036377
73.610107421875, 0.040229
73.64013671875, -0.085126
73.670166015625, -0.029413
73.7001953125, 0.033265
73.730224609375, -0.036377
73.76025390625, 0.214332
73.790283203125, 0.040229
73.8203125, 0.10987
73.85009765625, -0.00852
73.880126953125, 0.061121
73.91015625, -0.029413
73.940185546875, 0.019336
73.97021484375, -0.050305
74.000244140625, 0.061121
74.0302734375, -0.029413
74.060302734375, -0.050305
74.090087890625, 0.19344
74.1201171875, -0.050305
74.150146484375, 0.061121
74.18017578125, -0.022449
74.210205078125, 0.019336
74.240234375, 0.082014
74.270263671875, 0.040229
74.30029296875, -0.119947
74.330078125, 0.075049
74.360107421875, 0.019336
74.39013671875, 0.095942
74.420166015625, 0.054157
74.4501953125, -0.00852
74.480224609375, 0.130762
74.51025390625, -0.154767
74.540283203125, 0.0263
74.5703125, -0.015484
74.60009765625, -0.21048
74.630126953125, 0.0263
74.66015625, 0.082014
74.690185546875, -0.043341
74.72021484375, -0.106018
74.750244140625, 0.068085
74.7802734375, 0.040229
74.810302734375, 0.075049
74.840087890625, -0.09209
74.8701171875, 0.123798
74.900146484375, 0.047193
74.93017578125, 0.019336
74.960205078125, 0.102906
74.990234375, 0.0263
75.020263671875, -0.015484
75.05029296875, 0.0263
75.080322265625, 0.012372
75.110107421875, -0.00852
75.14013671875, 0.10987
75.170166015625, 0.061121
75.2001953125, -0.015484
75.230224609375, 0.047193
75.26025390625, -0.099054
75.290283203125, -0.043341
75.3203125, 0.019336
75.35009765625, 0.088978
75.380126953125, 0.054157
75.41015625, 0.005408
75.440185546875, 0.019336
75.47021484375, 0.0263
75.500244140625, 0.033265
75.5302734375, -0.001556
75.560302734375, 0.040229
75.590087890625, -0.015484
75.6201171875, 0.116834
75.650146484375, 0.095942
75.68017578125, 0.047193
75.710205078125, 0.082014
75.740234375, -0.015484
75.770263671875, -0.00852
75.80029296875, -0.001556
75.830322265625, 0.0263
75.860107421875, -0.029413
75.89013671875, 0.137727
75.920166015625, 0.012372
75.9501953125, -0.071198
75.980224609375, -0.001556
76.01025390625, 0.123798
76.040283203125, 0.054157
76.0703125, 0.082014
76.10009765625, 0.040229
76.130126953125, 0.061121
76.16015625, 0.068085
76.190185546875, 0.054157
76.22021484375, 0.088978
76.250244140625, -0.050305
76.2802734375, 0.221296
76.310302734375, 0.047193
76.34033203125, 0.068085
76.3701171875, 0.0263
76.400146484375, 0.158619
76.43017578125, -0.022449
76.460205078125, -0.09209
76.490234375, -0.057269
76.520263671875, 0.075049
76.55029296875, 0.095942
76.580322265625, 0.047193
76.610107421875, 0.033265
76.64013671875, 0.012372
76.670166015625, 0.054157
76.7001953125, 0.19344
76.730224609375, 0.068085
76.76025390625, -0.015484
76.790283203125, 0.012372
76.8203125, -0.015484
76.850341796875, -0.071198
76.880126953125, -0.09209
76.91015625, 0.095942
76.940185546875, 0.019336
76.97021484375, 0.033265
77.000244140625, -0.064233
77.0302734375, -0.043341
77.060302734375, -0.015484
77.09033203125, 0.10987
77.1201171875, -0.057269
77.150146484375, -0.001556
77.18017578125, 0.005408
77.210205078125, 0.116834
77.240234375, -0.071198
77.270263671875, 0.005408
77.30029296875, 0.061121
77.330322265625, 0.130762
77.360107421875, -0.064233
77.39013671875, 0.095942
77.420166015625, -0.050305
77.4501953125, 0.012372
77.480224609375, 0.040229
77.51025390625, -0.057269
77.540283203125, 0.0263
77.5703125, -0.022449
77.600341796875, -0.036377
77.630126953125, 0.130762
77.66015625, 0.123798
77.690185546875, 0.102906
77.72021484375, 0.068085
77.750244140625, -0.022449
77.7802734375, 0.012372
77.810302734375, 0.040229
77.84033203125, 0.012372
77.8701171875, -0.043341
77.900146484375, 0.033265
77.93017578125, 0.033265
77.960205078125, -0.071198
77.990234375, -0.00852
78.020263671875, -0.106018
78.05029296875, -0.036377
78.080322265625, 0.005408
78.1103515625, 0.0263
78.14013671875, -0.001556
78.170166015625, 0.040229
78.2001953125, 0.075049
78.230224609375, -0.112982
78.26025390625, 0.172547
78.290283203125, -0.029413
78.3203125, 0.10987
78.350341796875, 0.123798
78.380126953125, 0.068085
78.41015625, 0.005408
78.440185546875, 0.019336
78.47021484375, 0.061121
78.500244140625, -0.029413
78.5302734375, -0.057269
78.560302734375, 0.061121
78.59033203125, -0.022449
78.620361328125, 0.054157
78.650146484375, 0.102906
78.68017578125, -0.029413
78.710205078125, -0.064233
78.740234375, 0.040229
78.770263671875, 0.088978
78.80029296875, 0.054157
78.830322265625, 0.040229
78.8603515625, -0.015484
78.89013671875, -0.022449
78.920166015625, -0.09209
78.9501953125, -0.029413
78.980224609375, -0.154767
79.01025390625, 0.054157
79.040283203125, 0.040229
79.0703125, -0.050305
79.100341796875, -0.09209
79.130126953125, -0.022449
79.16015625, 0.277009
79.190185546875, 0.130762
79.22021484375, -0.057269
79.250244140625, 0.040229
79.2802734375, -0.106018
79.310302734375, 0.095942
79.34033203125, 0.012372
79.370361328125, 0.012372
79.400146484375, 0.102906
79.43017578125, -0.00852
79.460205078125, 0.040229
79.490234375, 0.144691
79.520263671875, -0.133875
79.55029296875, -0.029413
79.580322265625, 0.165583
79.6103515625, -0.050305
79.64013671875, 0.033265
79.670166015625, -0.022449
79.7001953125, -0.001556
79.730224609375, -0.099054
79.76025390625, 0.075049
79.790283203125, 0.082014
79.8203125, 0.019336
79.850341796875, 0.054157
79.88037109375, 0.082014
79.91015625, 0.075049
79.940185546875, 0.0263
79.97021484375, -0.036377
80.000244140625, -0.00852
80.0302734375, -0.00852
80.060302734375, 0.033265
80.09033203125, 0.075049
80.120361328125, -0.057269
80.150146484375, 0.033265
80.18017578125, -0.119947
80.210205078125, 0.068085
80.240234375, -0.036377
80.270263671875, 0.040229
80.30029296875, 0.061121
80.330322265625, 0.061121
80.3603515625, 0.012372
80.39013671875, 0.0263
80.420166015625, -0.09209
80.4501953125, -0.022449
80.480224609375, 0.040229
80.51025390625, 0.158619
80.540283203125, -0.015484
80.5703125, -0.022449
80.600341796875, -0.057269
80.63037109375, 0.054157
80.66015625, 0.019336
80.690185546875, -0.029413
80.72021484375, -0.036377
80.750244140625, -0.001556
80.7802734375, 0.012372
80.810302734375, 0.088978
80.84033203125, -0.001556
80.870361328125, 0.019336
80.900146484375, -0.00852
80.93017578125, -0.029413
80.960205078125, 0.047193
80.990234375, 0.082014
81.020263671875, -0.078162
81.05029296875, 0.0263
81.080322265625, -0.001556
81.1103515625, 0.102906
81.140380859375, 0.082014
81.170166015625, 0.033265
81.2001953125, -0.050305
81.230224609375, 0.061121
81.26025390625, 0.0263
81.290283203125, 0.075049
81.3203125, 0.068085
81.350341796875, -0.022449
81.38037109375, 0.061121
81.41015625, -0.050305
81.440185546875, -0.001556
81.47021484375, -0.043341
81.500244140625, -0.015484
81.5302734375, -0.071198
81.560302734375, 0.054157
81.59033203125, 0.012372
81.620361328125, -0.043341
81.650390625, 0.095942
81.68017578125, 0.005408
81.710205078125, 0.102906
81.740234375, 0.040229
81.770263671875, 0.033265
81.80029296875, 0.0263
81.830322265625, 0.012372
81.8603515625, -0.140839
81.890380859375, 0.033265
81.920166015625, 0.068085
81.9501953125, 0.054157
81.980224609375, 0.061121
82.01025390625, 0.10987
82.040283203125, 0.047193
82.0703125, 0.012372
82.100341796875, 0.040229
82.13037109375, -0.064233
82.16015625, 0.047193
82.190185546875, -0.022449
82.22021484375, -0.043341
82.250244140625, 0.054157
82.2802734375, -0.078162
82.310302734375, 0.151655
82.34033203125, 0.005408
82.370361328125, 0.040229
82.400390625, 0.075049
82.43017578125, 0.005408
82.460205078125, -0.001556
82.490234375, 0.054157
82.520263671875, -0.071198
82.55029296875, -0.015484
82.580322265625, 0.033265
82.6103515625, -0.036377
82.640380859375, -0.029413
82.670166015625, 0.033265
82.7001953125, -0.022449
82.730224609375, -0.029413
82.76025390625, 0.012372
82.790283203125, 0.088978
82.8203125, 0.047193
82.850341796875, -0.015484
82.88037109375, 0.123798
82.910400390625, 0.165583
82.940185546875, 0.10987
82.97021484375, 0.068085
83.000244140625, -0.147803
83.0302734375, 0.061121
83.060302734375, 0.082014
83.09033203125, 0.061121
83.120361328125, -0.078162
83.150390625, -0.050305
83.18017578125, 0.123798
83.210205078125, -0.106018
83.240234375, 0.054157
83.270263671875, -0.126911
83.30029296875, -0.099054
83.330322265625, 0.0263
83.3603515625, 0.012372
83.390380859375, 0.095942
83.42041015625, -0.112982
83.4501953125, 0.102906
83.480224609375, -0.064233
83.51025390625, -0.071198
83.540283203125, -0.085126
83.5703125, 0.068085
83.600341796875, -0.015484
83.63037109375, 0.088978
83.660400390625, -0.001556
83.690185546875, -0.057269
83.72021484375, 0.047193
83.750244140625, -0.099054
83.7802734375, -0.001556
83.810302734375, 0.10987
83.84033203125, 0.033265
83.870361328125, 0.033265
83.900390625, 0.054157
83.93017578125, 0.005408
83.960205078125, 0.019336
83.990234375, -0.029413
84.020263671875, -0.057269
84.05029296875, 0.116834
84.080322265625, 0.054157
84.1103515625, 0.158619
84.140380859375, 0.158619
84.17041015625, -0.112982
84.2001953125, 0.102906
84.230224609375, -0.099054
84.26025390625, 0.047193
84.290283203125, 0.0263
84.3203125, -0.029413
84.350341796875, 0.137727
84.38037109375, -0.001556
84.410400390625, 0.061121
84.440185546875, -0.029413
84.47021484375, 0.054157
84.500244140625, 0.088978
84.5302734375, -0.078162
84.560302734375, 0.102906
84.59033203125, -0.029413
84.620361328125, 0.061121
84.650390625, -0.00852
84.680419921875, 0.158619
84.710205078125, -0.099054
84.740234375, -0.015484
84.770263671875, -0.064233
84.80029296875, -0.036377
84.830322265625, -0.071198
84.8603515625, -0.015484
84.890380859375, 0.116834
84.92041015625, 0.151655
84.9501953125, 0.082014
84.980224609375, 0.102906
85.01025390625, 0.054157
85.040283203125, 0.019336
85.0703125, 0.0263
85.100341796875, 0.054157
85.13037109375, 0.130762
85.160400390625, -0.029413
85.190185546875, 0.040229
85.22021484375, -0.071198
85.250244140625, 0.047193
85.2802734375, 0.075049
85.310302734375, 0.047193
85.34033203125, 0.012372
85.370361328125, -0.036377
85.400390625, 0.095942
85.430419921875, -0.029413
85.460205078125, 0.0263
85.490234375, 0.144691
85.520263671875, 0.082014
85.55029296875, 0.012372
85.580322265625, 0.054157
85.6103515625, 0.116834
85.640380859375, -0.029413
85.67041015625, 0.019336
85.7001953125, -0.112982
85.730224609375, 0.033265
85.76025390625, -0.154767
85.790283203125, 0.005408
85.8203125, 0.0263
85.850341796875, -0.00852
85.88037109375, -0.106018
85.910400390625, 0.151655
85.9404296875, 0.116834
85.97021484375, 0.061121
86.000244140625, 0.158619
86.0302734375, 0.137727
86.060302734375, -0.112982
86.09033203125, 0.005408
86.120361328125, -0.085126
86.150390625, -0.078162
86.180419921875, 0.116834
86.210205078125, 0.102906
86.240234375, 0.012372
86.270263671875, -0.078162
86.30029296875, 0.005408
86.330322265625, -0.001556
86.3603515625, 0.054157
86.390380859375, -0.029413
86.42041015625, 0.200404
86.450439453125, 0.061121
86.480224609375, 0.068085
86.51025390625, 0.186476
86.540283203125, -0.057269
86.5703125, -0.050305
86.600341796875, 0.075049
86.63037109375, 0.095942
86.660400390625, 0.075049
86.6904296875, 0.047193
86.72021484375, -0.440297
86.750244140625, -0.203516
86.7802734375, -0.050305
86.810302734375, -0.043341
86.84033203125, -0.022449
86.870361328125, 0.054157
86.900390625, -0.029413
86.930419921875, -0.001556
86.960205078125, 0.088978
86.990234375, 0.123798
87.020263671875, -0.09209
87.05029296875, 0.019336
87.080322265625, -0.015484
87.1103515625, 0.005408
87.140380859375, 0.040229
87.17041015625, 0.0263
87.200439453125, 0.186476
87.230224609375, 0.102906
87.26025390625, -0.022449
87.290283203125, -0.036377
87.3203125, 0.005408
87.350341796875, 0.158619
87.38037109375, -0.015484
87.410400390625, 0.040229
87.4404296875, 0.158619
87.47021484375, 0.068085
87.500244140625, -0.015484
87.5302734375, -0.036377
87.560302734375, -0.043341
87.59033203125, -0.00852
87.620361328125, 0.075049
87.650390625, -0.147803
87.680419921875, 0.068085
87.71044921875, -0.015484
87.740234375, 0.019336
87.770263671875, 0.005408
87.80029296875, 0.123798
87.830322265625, 0.0263
87.8603515625, 0.033265
87.890380859375, 0.061121
87.92041015625, -0.015484
87.950439453125, 0.0263
87.980224609375, -0.085126
88.01025390625, -0.036377
88.040283203125, -0.057269
88.0703125, 0.102906
88.100341796875, -0.001556
88.13037109375, -0.029413
88.160400390625, -0.057269
88.1904296875, 0.068085
88.22021484375, -0.078162
88.250244140625, 0.005408
88.2802734375, -0.036377
88.310302734375, -0.001556
88.34033203125, 0.082014
88.370361328125, 0.019336
88.400390625, -0.085126
88.430419921875, 0.123798
88.46044921875, 0.082014
88.490234375, -0.036377
88.520263671875, 0.033265
88.55029296875, 0.033265
88.580322265625, -0.09209
88.6103515625, -0.078162
88.640380859375, 0.033265
88.67041015625, 0.005408
88.700439453125, -0.126911
88.730224609375, 0.186476
88.76025390625, -0.064233
88.790283203125, 0.019336
88.8203125, -0.029413
88.850341796875, 0.019336
88.88037109375, 0.019336
88.910400390625, 0.0263
88.9404296875, 0.088978
88.970458984375, -0.050305
89.000244140625, 0.054157
89.0302734375, -0.015484
89.060302734375, 0.068085
89.09033203125, -0.015484
89.120361328125, 0.005408
89.150390625, 0.054157
89.180419921875, 0.0263
89.21044921875, -0.022449
89.240234375, 0.075049
89.270263671875, 0.116834
89.30029296875, -0.09209
89.330322265625, 0.095942
89.3603515625, -0.022449
89.390380859375, 0.151655
89.42041015625, -0.043341
89.450439453125, 0.061121
89.48046875, 0.095942
89.51025390625, -0.036377
89.540283203125, 0.012372
89.5703125, 0.005408
89.600341796875, 0.0263
89.63037109375, -0.036377
89.660400390625, -0.085126
89.6904296875, -0.036377
89.720458984375, -0.015484
89.750244140625, 0.040229
89.7802734375, -0.015484
89.810302734375, -0.029413
89.84033203125, 0.102906
89.870361328125, -0.112982
89.900390625, -0.029413
89.930419921875, 0.0263
89.96044921875, -0.112982
89.990234375, -0.050305
90.020263671875, -0.00852
90.05029296875, 0.047193
90.080322265625, -0.119947
90.1103515625, 0.088978
90.140380859375, 0.012372
90.17041015625, 0.158619
90.200439453125, -0.015484
90.23046875, -0.001556
90.26025390625, -0.112982
90.290283203125, 0.137727
90.3203125, 0.061121
90.350341796875, -0.001556
90.38037109375, 0.005408
90.410400390625, 0.0263
90.4404296875, 0.047193
90.470458984375, 0.040229
90.500244140625, 0.019336
90.5302734375, -0.119947
90.560302734375, -0.09209
90.59033203125, 0.019336
90.620361328125, 0.033265
90.650390625, 0.005408
90.680419921875, 0.0263
90.71044921875, 0.130762
90.740478515625, -0.064233
90.770263671875, 0.047193
90.80029296875, -0.050305
90.830322265625, -0.057269
90.8603515625, 0.0263
90.890380859375, -0.001556
90.92041015625, -0.00852
90.950439453125, -0.043341
90.98046875, 0.0263
91.01025390625, 0.179511
91.040283203125, 0.040229
91.0703125, 0.019336
91.100341796875, -0.00852
91.13037109375, 0.116834
91.160400390625, 0.075049
91.1904296875, -0.099054
91.220458984375, 0.005408
91.25048828125, -0.022449
91.2802734375, -0.001556
91.310302734375, 0.116834
91.34033203125, -0.001556
91.370361328125, -0.00852
91.400390625, 0.144691
91.430419921875, 0.088978
91.46044921875, -0.022449
91.490478515625, -0.015484
91.520263671875, 0.005408
91.55029296875, 0.0263
91.580322265625, 0.061121
91.6103515625, 0.012372
91.640380859375, -0.078162
91.67041015625, 0.005408
91.700439453125, 0.158619
91.73046875, 0.047193
91.76025390625, 0.005408
91.790283203125, -0.022449
91.8203125, -0.043341
91.850341796875, -0.057269
91.88037109375, 0.102906
91.910400390625, -0.119947
91.9404296875, -0.015484
91.970458984375, 0.019336
92.00048828125, -0.036377
92.0302734375, -0.106018
92.060302734375, 0.116834
92.09033203125, -0.00852
92.120361328125, 0.033265
92.150390625, -0.09209
92.180419921875, -0.036377
92.21044921875, -0.043341
92.240478515625, 0.179511
92.270263671875, 0.033265
92.30029296875, 0.0263
92.330322265625, 0.123798
92.3603515625, 0.040229
92.390380859375, 0.144691
92.42041015625, 0.082014
92.450439453125, -0.217444
92.48046875, 0.0263
92.510498046875, -0.015484
92.540283203125, 0.061121
92.5703125, -0.064233
92.600341796875, 0.033265
92.63037109375, 0.005408
92.660400390625, -0.078162
92.6904296875, 0.151655
92.720458984375, 0.116834
92.75048828125, -0.057269
92.7802734375, -0.001556
92.810302734375, 0.061121
92.84033203125, -0.029413
92.870361328125, -0.001556
92.900390625, -0.00852
92.930419921875, 0.033265
92.96044921875, 0.0263
92.990478515625, 0.082014
93.020263671875, 0.102906
93.05029296875, -0.043341
93.080322265625, 0.054157
93.1103515625, -0.106018
93.140380859375, 0.0263
93.17041015625, -0.09209
93.200439453125, 0.040229
93.23046875, -0.071198
93.260498046875, 0.012372
93.290283203125, -0.126911
93.3203125, -0.001556
93.350341796875, -0.00852
93.38037109375, 0.005408
93.410400390625, -0.085126
93.4404296875, -0.015484
93.470458984375, -0.043341
93.50048828125, -0.00852
93.5302734375, 0.012372
93.560302734375, 0.061121
93.59033203125, -0.064233
93.620361328125, 0.061121
93.650390625, 0.054157
93.680419921875, 0.172547
93.71044921875, 0.075049
93.740478515625, 0.005408
93.7705078125, -0.057269
93.80029296875, 0.033265
93.830322265625, -0.029413
93.8603515625, 0.068085
93.890380859375, 0.068085
93.92041015625, 0.019336
93.950439453125, 0.10987
93.98046875, -0.022449
94.010498046875, 0.005408
94.040283203125, 0.033265
94.0703125, 0.102906
94.100341796875, -0.043341
94.13037109375, 0.088978
94.160400390625, -0.036377
94.1904296875, -0.064233
94.220458984375, -0.050305
94.25048828125, 0.040229
94.280517578125, -0.112982
94.310302734375, 0.088978
94.34033203125, 0.005408
94.370361328125, -0.001556
94.400390625, 0.040229
94.430419921875, 0.040229
94.46044921875, 0.165583
94.490478515625, -0.106018
94.5205078125, -0.001556
94.55029296875, -0.064233
94.580322265625, -0.036377
94.6103515625, 0.040229
94.640380859375, -0.064233
94.67041015625, 0.061121
94.700439453125, -0.064233
94.73046875, -0.001556
94.760498046875, -0.168695
94.790283203125, 0.033265
94.8203125, 0.005408
94.850341796875, -0.001556
94.88037109375, 0.130762
94.910400390625, -0.00852
94.9404296875, 0.040229
94.970458984375, -0.057269
95.00048828125, -0.022449
95.030517578125, 0.040229
95.060302734375, 0.033265
95.09033203125, 0.130762
95.120361328125, -0.043341
95.150390625, 0.10987
95.180419921875, 0.040229
95.21044921875, -0.078162
95.240478515625, -0.029413
95.2705078125, 0.068085
95.30029296875, -0.057269
95.330322265625, 0.033265
95.3603515625, 0.047193
95.390380859375, -0.057269
95.42041015625, -0.001556
95.450439453125, 0.033265
95.48046875, 0.019336
95.510498046875, 0.068085
95.54052734375, 0.095942
95.5703125, 0.075049
95.600341796875, -0.029413
95.63037109375, -0.057269
95.660400390625, -0.078162
95.6904296875, -0.015484
95.720458984375, -0.00852
95.75048828125, -0.140839
95.780517578125, -0.022449
95.810302734375, 0.082014
95.84033203125, -0.043341
95.870361328125, -0.022449
95.900390625, 0.095942
95.930419921875, 0.040229
95.96044921875, -0.064233
95.990478515625, 0.088978
96.0205078125, 0.095942
96.05029296875, -0.112982
96.080322265625, 0.012372
96.1103515625, -0.078162
96.140380859375, 0.068085
96.17041015625, -0.029413
96.200439453125, -0.036377
96.23046875, -0.064233
96.260498046875, -0.015484
96.29052734375, -0.00852
96.3203125, 0.082014
96.350341796875, 0.033265
96.38037109375, -0.00852
96.410400390625, -0.036377
96.4404296875, -0.057269
96.470458984375, -0.071198
96.50048828125, -0.09209
96.530517578125, 0.116834
96.560302734375, 0.061121
96.59033203125, 0.116834
96.620361328125, 0.012372
96.650390625, 0.0263
96.680419921875, 0.040229
96.71044921875, 0.019336
96.740478515625, 0.082014
96.7705078125, 0.137727
96.800537109375, 0.0263
96.830322265625, -0.00852
96.8603515625, 0.061121
96.890380859375, -0.00852
96.92041015625, 0.033265
96.950439453125, 0.033265
96.98046875, -0.140839
97.010498046875, 0.040229
97.04052734375, -0.106018
97.0703125, -0.119947
97.100341796875, -0.029413
97.13037109375, -0.015484
97.160400390625, -0.015484
97.1904296875, 0.130762
97.220458984375, -0.015484
97.25048828125, -0.001556
97.280517578125, 0.068085
97.310546875, -0.064233
97.34033203125, -0.119947
97.370361328125, 0.005408
97.400390625, 0.0263
97.430419921875, -0.022449
97.46044921875, -0.022449
97.490478515625, 0.095942
97.5205078125, 0.012372
97.550537109375, 0.068085
97.580322265625, 0.075049
97.6103515625, -0.085126
97.640380859375, 0.061121
97.67041015625, 0.075049
97.700439453125, 0.040229
97.73046875, -0.050305
97.760498046875, -0.064233
97.79052734375, -0.043341
97.8203125, -0.057269
97.850341796875, 0.061121
97.88037109375, 0.116834
97.910400390625, -0.022449
97.9404296875, 0.075049
97.970458984375, 0.005408
98.00048828125, -0.057269
98.030517578125, 0.186476
98.060546875, -0.00852
98.09033203125, 0.047193
98.120361328125, -0.050305
98.150390625, 0.033265
98.180419921875, 0.047193
98.21044921875, 0.054157
98.240478515625, -0.029413
98.2705078125, 0.075049
98.300537109375, -0.036377
98.330322265625, -0.133875
98.3603515625, 0.10987
98.390380859375, -0.099054
98.42041015625, 0.075049
98.450439453125, 0.061121
98.48046875, 0.054157
98.510498046875, 0.019336
98.54052734375, 0.10987
98.570556640625, 0.095942
98.600341796875, 0.012372
98.63037109375, 0.068085
98.660400390625, 0.0263
98.6904296875, 0.082014
98.720458984375, 0.075049
98.75048828125, 0.082014
98.780517578125, -0.071198
98.810546875, -0.099054
98.84033203125, 0.137727
98.870361328125, 0.075049
98.900390625, -0.029413
98.930419921875, -0.133875
98.96044921875, -0.022449
98.990478515625, -0.071198
99.0205078125, 0.054157
99.050537109375, 0.061121
99.08056640625, -0.126911
99.1103515625, -0.015484
99.140380859375, -0.029413
99.17041015625, -0.001556
99.200439453125, -0.057269
99.23046875, -0.00852
99.260498046875, 0.082014
99.29052734375, 0.012372
99.320556640625, 0.179511
99.350341796875, -0.126911
99.38037109375, 0.130762
99.410400390625, -0.00852
99.4404296875, -0.140839
99.470458984375, 0.005408
99.50048828125, 0.054157
99.530517578125, 0.165583
99.560546875, 0.082014
99.59033203125, 0.088978
99.620361328125, 0.054157
99.650390625, 0.10987
99.680419921875, -0.064233
99.71044921875, 0.054157
99.740478515625, -0.057269
99.7705078125, -0.00852
99.800537109375, 0.102906
99.83056640625, -0.133875
99.8603515625, 0.075049
99.890380859375, 0.082014
99.92041015625, 0.019336
99.950439453125, -0.071198
99.98046875, -0.071198
100.010498046875, -0.057269
100.04052734375, 0.088978
100.070556640625, 0.019336
100.100341796875, -0.043341
100.13037109375, -0.015484
100.160400390625, 0.019336
100.1904296875, 0.0263
100.220458984375, -0.043341
100.25048828125, 0.10987
100.280517578125, 0.068085
100.310546875, 0.137727
100.340576171875, -0.050305
100.370361328125, -0.119947
100.400390625, 0.068085
100.430419921875, 0.19344
100.46044921875, 0.075049
100.490478515625, -0.050305
100.5205078125, 0.102906
100.550537109375, -0.043341
100.58056640625, 0.10987
100.6103515625, 0.005408
100.640380859375, -0.015484
100.67041015625, 0.054157
100.700439453125, -0.043341
100.73046875, 0.130762
100.760498046875, 0.137727
100.79052734375, -0.043341
100.820556640625, -0.015484
100.850341796875, 0.061121
100.88037109375, -0.022449
100.910400390625, -0.085126
100.9404296875, 0.075049
100.970458984375, -0.071198
101.00048828125, -0.106018
101.030517578125, 0.116834
101.060546875, 0.033265
101.090576171875, -0.029413
101.120361328125, -0.00852
101.150390625, 0.061121
101.180419921875, -0.057269
101.21044921875, 0.0263
101.240478515625, 0.033265
101.2705078125, 0.075049
101.300537109375, -0.00852
101.33056640625, -0.071198
101.3603515625, 0.061121
101.390380859375, 0.033265
101.42041015625, -0.015484
101.450439453125, 0.005408
101.48046875, -0.043341
101.510498046875, 0.033265
101.54052734375, 0.061121
101.570556640625, 0.061121
101.6005859375, 0.054157
101.63037109375, -0.064233
101.660400390625, -0.09209
101.6904296875, 0.040229
101.720458984375, 0.0263
101.75048828125, -0.015484
101.780517578125, -0.106018
101.810546875, -0.001556
101.840576171875, 0.054157
101.870361328125, 0.019336
101.900390625, 0.082014
101.930419921875, 0.123798
101.96044921875, 0.047193
101.990478515625, -0.085126
102.0205078125, -0.064233
102.050537109375, 0.033265
102.08056640625, -0.043341
102.110595703125, 0.0263
102.140380859375, 0.047193
102.17041015625, 0.061121
102.200439453125, 0.019336
102.23046875, -0.078162
102.260498046875, 0.012372
102.29052734375, 0.005408
102.320556640625, -0.022449
102.3505859375, 0.10987
102.38037109375, 0.061121
102.410400390625, 0.082014
102.4404296875, 0.082014
102.470458984375, 0.061121
102.50048828125, 0.158619
102.530517578125, 0.054157
102.560546875, -0.001556
102.590576171875, -0.001556
102.620361328125, 0.040229
102.650390625, -0.057269
102.680419921875, -0.001556
102.71044921875, -0.050305
102.740478515625, 0.075049
102.7705078125, 0.054157
102.800537109375, 0.151655
102.83056640625, -0.078162
102.860595703125, -0.043341
102.890380859375, 0.019336
102.92041015625, -0.071198
102.950439453125, 0.047193
102.98046875, 0.047193
103.010498046875, 0.130762
103.04052734375, -0.001556
103.070556640625, 0.075049
103.1005859375, 0.040229
103.13037109375, 0.061121
103.160400390625, -0.029413
103.1904296875, 0.012372
103.220458984375, -0.036377
103.25048828125, 0.123798
103.280517578125, 0.019336
103.310546875, -0.001556
103.340576171875, 0.061121
103.37060546875, 0.10987
103.400390625, -0.099054
103.430419921875, 0.082014
103.46044921875, -0.029413
103.490478515625, -0.015484
103.5205078125, 0.054157
103.550537109375, 0.012372
103.58056640625, -0.057269
103.610595703125, -0.119947
103.640380859375, 0.040229
103.67041015625, -0.043341
103.700439453125, -0.036377
103.73046875, 0.019336
103.760498046875, 0.040229
103.79052734375, 0.0263
103.820556640625, -0.099054
103.8505859375, -0.036377
103.88037109375, 0.10987
103.910400390625, 0.095942
103.9404296875, -0.022449
103.970458984375, -0.043341
104.00048828125, -0.09209
104.030517578125, 0.005408
104.060546875, -0.085126
104.090576171875, 0.047193
104.12060546875, 0.012372
104.150390625, 0.019336
104.180419921875, 0.068085
104.21044921875, -0.036377
104.240478515625, 0.054157
104.2705078125, 0.082014
104.300537109375, 0.068085
104.33056640625, 0.137727
104.360595703125, -0.057269
104.390380859375, 0.047193
104.42041015625, 0.0263
104.450439453125, -0.022449
104.48046875, 0.068085
104.510498046875, 0.088978
104.54052734375, 0.095942
104.570556640625, 0.054157
104.6005859375, 0.019336
104.630615234375, -0.036377
104.660400390625, 0.102906
104.6904296875, 0.012372
104.720458984375, 0.116834
104.75048828125, 0.040229
104.780517578125, 0.179511
104.810546875, -0.057269
104.840576171875, 0.033265
104.87060546875, -0.036377
104.900390625, -0.064233
104.930419921875, 0.040229
104.96044921875, 0.116834
104.990478515625, 0.123798
105.0205078125, -0.050305
105.050537109375, 0.137727
105.08056640625, 0.0263
105.110595703125, 0.082014
105.140625, 0.054157
105.17041015625, 0.179511
105.200439453125, 0.047193
105.23046875, -0.071198
105.260498046875, 0.047193
105.29052734375, 0.130762
105.320556640625, 0.005408
105.3505859375, -0.043341
105.380615234375, -0.133875
105.410400390625, -0.203516
105.4404296875, 0.068085
105.470458984375, 0.068085
105.50048828125, -0.064233
105.530517578125, 0.095942
105.560546875, -0.00852
105.590576171875, -0.161731
105.62060546875, -0.029413
105.650390625, -0.022449
105.680419921875, -0.071198
105.71044921875, -0.078162
105.740478515625, 0.0263
105.7705078125, 0.165583
105.800537109375, -0.001556
105.83056640625, 0.0263
105.860595703125, 0.012372
105.890625, 0.0263
105.92041015625, 0.054157
105.950439453125, 0.054157
105.98046875, 0.165583
106.010498046875, 0.0263
106.04052734375, -0.078162
106.070556640625, -0.001556
106.1005859375, 0.061121
106.130615234375, -0.133875
106.160400390625, 0.047193
106.1904296875, -0.161731
106.220458984375, 0.0263
106.25048828125, -0.064233
106.280517578125, 0.033265
106.310546875, 0.068085
106.340576171875, 0.137727
106.37060546875, -0.043341
106.400634765625, 0.005408
106.430419921875, -0.015484
106.46044921875, 0.040229
106.490478515625, 0.165583
106.5205078125, -0.00852
106.550537109375, 0.082014
106.58056640625, -0.099054
106.610595703125, 0.0263
106.640625, -0.071198
106.67041015625, 0.040229
106.700439453125, 0.033265
106.73046875, 0.068085
106.760498046875, -0.00852
106.79052734375, -0.00852
106.820556640625, -0.001556
106.8505859375, -0.036377
106.880615234375, 0.200404
106.91064453125, 0.054157
106.9404296875, 0.019336
106.970458984375, 0.088978
107.00048828125, -0.00852
107.030517578125, 0.033265
107.060546875, 0.019336
107.090576171875, 0.095942
107.12060546875, 0.123798
107.150634765625, 0.088978
107.180419921875, -0.064233
107.21044921875, 0.012372
107.240478515625, 0.012372
107.2705078125, 0.151655
107.300537109375, -0.057269
107.33056640625, 0.116834
107.360595703125, 0.005408
107.390625, 0.116834
107.42041015625, -0.064233
107.450439453125, -0.022449
107.48046875, 0.10987
107.510498046875, 0.0263
107.54052734375, -0.071198
107.570556640625, -0.001556
107.6005859375, -0.001556
107.630615234375, -0.001556
107.66064453125, 0.0263
107.6904296875, 0.061121
107.720458984375, 0.0263
107.75048828125, -0.057269
107.780517578125, 0.019336
107.810546875, 0.033265
107.840576171875, 0.040229
107.87060546875, 0.068085
107.900634765625, 0.200404
107.930419921875, -0.029413
107.96044921875, 0.040229
107.990478515625, -0.112982
108.0205078125, 0.0263
108.050537109375, 0.075049
108.08056640625, -0.022449
108.110595703125, 0.033265
108.140625, -0.064233
108.170654296875, 0.068085
108.200439453125, -0.154767
108.23046875, 0.082014
108.260498046875, 0.0263
108.29052734375, -0.001556
108.320556640625, 0.088978
108.3505859375, 0.047193
108.380615234375, -0.064233
108.41064453125, 0.0263
108.4404296875, 0.040229
108.470458984375, -0.182624
108.50048828125, -0.001556
108.530517578125, -0.043341
108.560546875, -0.057269
108.590576171875, 0.165583
108.62060546875, 0.061121
108.650634765625, 0.172547
108.680419921875, 0.012372
108.71044921875, 0.061121
108.740478515625, -0.00852
108.7705078125, 0.068085
108.800537109375, 0.033265
108.83056640625, 0.040229
108.860595703125, 0.012372
108.890625, -0.09209
108.920654296875, -0.043341
108.950439453125, 0.102906
108.98046875, 0.019336
109.010498046875, 0.012372
109.04052734375, -0.168695
109.070556640625, -0.043341
109.1005859375, 0.102906
109.130615234375, -0.057269
109.16064453125, -0.00852
109.1904296875, -0.00852
109.220458984375, 0.151655
109.25048828125, 0.005408
109.280517578125, -0.09209
109.310546875, -0.015484
109.340576171875, 0.061121
109.37060546875, -0.106018
109.400634765625, -0.119947
109.4306640625, 0.019336
109.46044921875, -0.015484
109.490478515625, -0.057269
109.5205078125, -0.001556
109.550537109375, 0.054157
109.58056640625, 0.088978
109.610595703125, -0.029413
109.640625, -0.029413
109.670654296875, 0.123798
109.700439453125, -0.022449
109.73046875, -0.022449
109.760498046875, 0.075049
109.79052734375, -0.00852
109.820556640625, 0.019336
109.8505859375, -0.099054
109.880615234375, 0.019336
109.91064453125, 0.054157
109.940673828125, 0.075049
109.970458984375, -0.099054
110.00048828125, -0.015484
110.030517578125, 0.116834
110.060546875, 0.019336
110.090576171875, 0.005408
110.12060546875, -0.147803
110.150634765625, 0.123798
110.1806640625, 0.068085
110.21044921875, 0.033265
110.240478515625, -0.050305
110.2705078125, 0.040229
110.300537109375, 0.005408
110.33056640625, -0.071198
110.360595703125, 0.075049
110.390625, 0.0263
110.420654296875, 0.047193
110.450439453125, 0.005408
110.48046875, 0.040229
110.510498046875, 0.033265
110.54052734375, 0.095942
110.570556640625, -0.043341
110.6005859375, -0.029413
110.630615234375, 0.061121
110.66064453125, -0.036377
110.690673828125, -0.064233
110.720458984375, -0.00852
110.75048828125, 0.075049
110.780517578125, -0.050305
110.810546875, 0.012372
110.840576171875, -0.071198
110.87060546875, 0.068085
110.900634765625, -0.036377
110.9306640625, 0.040229
110.96044921875, -0.071198
110.990478515625, -0.057269
111.0205078125, 0.019336
111.050537109375, 0.040229
111.08056640625, -0.022449
111.110595703125, -0.043341
111.140625, -0.09209
111.170654296875, -0.078162
111.20068359375, 0.0263
111.23046875, 0.047193
111.260498046875, -0.00852
111.29052734375, -0.043341
111.320556640625, -0.00852
111.3505859375, 0.040229
111.380615234375, -0.001556
111.41064453125, 0.047193
111.440673828125, 0.0263
111.470458984375, 0.068085
111.50048828125, -0.029413
111.530517578125, -0.001556
111.560546875, -0.029413
111.590576171875, -0.036377
111.62060546875, -0.022449
111.650634765625, -0.099054
111.6806640625, -0.036377
111.71044921875, 0.012372
111.740478515625, -0.001556
111.7705078125, 0.088978
111.800537109375, 0.172547
111.83056640625, -0.099054
111.860595703125, 0.061121
111.890625, -0.099054
111.920654296875, 0.061121
111.95068359375, -0.057269
111.98046875, 0.033265
112.010498046875, 0.054157
112.04052734375, -0.001556
112.070556640625, 0.054157
112.1005859375, -0.064233
112.130615234375, 0.088978
112.16064453125, 0.061121
112.190673828125, -0.022449
112.220458984375, 0.061121
112.25048828125, 0.137727
112.280517578125, -0.043341
112.310546875, 0.068085
112.340576171875, 0.005408
112.37060546875, -0.022449
112.400634765625, -0.071198
112.4306640625, -0.064233
112.460693359375, 0.054157
112.490478515625, -0.029413
112.5205078125, -0.00852
112.550537109375, -0.140839
112.58056640625, 0.088978
112.610595703125, 0.116834
112.640625, -0.029413
112.670654296875, -0.022449
112.70068359375, 0.095942
112.73046875, -0.022449
112.760498046875, 0.172547
112.79052734375, -0.043341
112.820556640625, 0.068085
112.8505859375, 0.102906
112.880615234375, -0.071198
112.91064453125, 0.102906
112.940673828125, -0.015484
112.970703125, 0.012372
113.00048828125, -0.078162
113.030517578125, -0.043341
113.060546875, -0.029413
113.090576171875, -0.043341
113.12060546875, -0.085126
113.150634765625, -0.00852
113.1806640625, -0.00852
113.210693359375, 0.040229
113.240478515625, 0.047193
113.2705078125, -0.071198
113.300537109375, -0.119947
113.33056640625, -0.085126
113.360595703125, -0.001556
113.390625, 0.102906
113.420654296875, -0.015484
113.45068359375, -0.071198
113.48046875, 0.137727
113.510498046875, 0.075049
113.54052734375, 0.207368
113.570556640625, 0.144691
113.6005859375, 0.061121
113.630615234375, 0.075049
113.66064453125, -0.036377
113.690673828125, 0.012372
113.720703125, 0.116834
113.75048828125, 0.068085
113.780517578125, 0.012372
113.810546875, -0.050305
113.840576171875, 0.095942
113.87060546875, 0.061121
113.900634765625, -0.099054
113.9306640625, -0.085126
113.960693359375, 0.082014
113.990478515625, 0.095942
114.0205078125, 0.068085
114.050537109375, 0.068085
114.08056640625, -0.050305
114.110595703125, -0.050305
114.140625, 0.012372
114.170654296875, -0.071198
114.20068359375, 0.123798
114.230712890625, 0.061121
114.260498046875, 0.012372
114.29052734375, -0.00852
114.320556640625, -0.050305
114.3505859375, 0.061121
114.380615234375, 0.10987
114.41064453125, 0.005408
114.440673828125, 0.102906
114.470703125, 0.0263
114.50048828125, 0.005408
114.530517578125, -0.001556
114.560546875, 0.061121
114.590576171875, -0.043341
114.62060546875, 0.0263
114.650634765625, 0.123798
114.6806640625, 0.116834
114.710693359375, 0.10987
114.74072265625, -0.022449
114.7705078125, -0.071198
114.800537109375, 0.0263
114.83056640625, 0.082014
114.860595703125, -0.050305
114.890625, 0.033265
114.920654296875, 0.061121
114.95068359375, 0.047193
114.980712890625, -0.168695
115.010498046875, 0.088978
115.04052734375, 0.033265
115.070556640625, 0.0263
115.1005859375, 0.040229
115.130615234375, -0.029413
115.16064453125, -0.00852
115.190673828125, -0.00852
115.220703125, -0.029413
115.25048828125, -0.112982
115.280517578125, 0.047193
115.310546875, -0.050305
115.340576171875, 0.047193
115.37060546875, -0.00852
115.400634765625, 0.061121
115.4306640625, 0.075049
115.460693359375, 0.054157
115.49072265625, -0.00852
115.5205078125, -0.00852
115.550537109375, 0.054157
115.58056640625, 0.012372
115.610595703125, 0.019336
115.640625, 0.047193
115.670654296875, 0.047193
115.70068359375, -0.043341
115.730712890625, 0.102906
115.760498046875, 0.0263
115.79052734375, -0.001556
115.820556640625, 0.047193
115.8505859375, 0.005408
115.880615234375, 0.040229
115.91064453125, 0.033265
115.940673828125, 0.0263
115.970703125, 0.088978
116.000732421875, -0.071198
116.030517578125, -0.161731
116.060546875, -0.022449
116.090576171875, -0.029413
116.12060546875, -0.015484
116.150634765625, 0.033265
116.1806640625, 0.033265
116.210693359375, 0.075049
116.24072265625, 0.012372
116.2705078125, 0.172547
116.300537109375, -0.050305
116.33056640625, 0.033265
116.360595703125, 0.165583
116.390625, 0.151655
116.420654296875, 0.040229
116.45068359375, 0.040229
116.480712890625, -0.071198
116.510498046875, -0.057269
116.54052734375, -0.015484
116.570556640625, -0.015484
116.6005859375, -0.015484
116.630615234375, 0.123798
116.66064453125, -0.001556
116.690673828125, -0.022449
116.720703125, -0.001556
116.750732421875, 0.116834
116.780517578125, 0.054157
116.810546875, 0.068085
116.840576171875, 0.005408
116.87060546875, 0.095942
116.900634765625, -0.106018
116.9306640625, 0.0263
116.960693359375, -0.071198
116.99072265625, 0.061121
117.0205078125, 0.068085
117.050537109375, -0.119947
117.08056640625, -0.043341
117.110595703125, -0.015484
117.140625, -0.015484
117.170654296875, 0.054157
117.20068359375, 0.068085
117.230712890625, 0.075049
117.2607421875, 0.054157
117.29052734375, -0.00852
117.320556640625, -0.015484
117.3505859375, 0.033265
117.380615234375, 0.123798
117.41064453125, -0.029413
117.440673828125, -0.001556
117.470703125, -0.043341
117.500732421875, 0.088978
117.530517578125, 0.054157
117.560546875, -0.078162
117.590576171875, 0.068085
117.62060546875, -0.015484
117.650634765625, 0.040229
117.6806640625, 0.068085
117.710693359375, -0.043341
117.74072265625, 0.040229
117.770751953125, -0.043341
117.800537109375, 0.130762
117.83056640625, 0.144691
117.860595703125, 0.012372
117.890625, 0.10987
117.920654296875, -0.001556
117.95068359375, -0.064233
117.980712890625, -0.00852
118.0107421875, -0.17566
118.04052734375, -0.015484
118.070556640625, 0.0263
118.1005859375, -0.078162
118.130615234375, 0.054157
118.16064453125, 0.047193
118.190673828125, 0.186476
118.220703125, -0.015484
118.250732421875, 0.075049
118.280517578125, -0.015484
118.310546875, 0.165583
118.340576171875, 0.130762
118.37060546875, -0.071198
118.400634765625, -0.001556
118.4306640625, 0.0263
118.460693359375, -0.00852
118.49072265625, 0.033265
118.520751953125, -0.015484
118.550537109375, -0.00852
118.58056640625, -0.050305
118.610595703125, -0.112982
118.640625, -0.029413
118.670654296875, -0.00852
118.70068359375, 0.005408
118.730712890625, 0.033265
118.7607421875, 0.0263
118.79052734375, 0.040229
118.820556640625, 0.061121
118.8505859375, 0.040229
118.880615234375, 0.0263
118.91064453125, 0.005408
118.940673828125, 0.075049
118.970703125, 0.123798
119.000732421875, 0.019336
119.03076171875, -0.050305
119.060546875, 0.075049
119.090576171875, 0.0263
119.12060546875, -0.119947
119.150634765625, 0.019336
119.1806640625, 0.095942
119.210693359375, -0.036377
119.24072265625, 0.123798
119.270751953125, 0.054157
119.300537109375, 0.047193
119.33056640625, 0.061121
119.360595703125, -0.057269
119.390625, 0.102906
119.420654296875, 0.054157
119.45068359375, 0.019336
119.480712890625, -0.09209
119.5107421875, 0.082014
119.54052734375, -0.015484
119.570556640625, 0.012372
119.6005859375, -0.050305
119.630615234375, 0.047193
119.66064453125, 0.082014
119.690673828125, 0.054157
119.720703125, -0.057269
119.750732421875, 0.012372
119.78076171875, -0.015484
119.810546875, 0.130762
119.840576171875, 0.082014
119.87060546875, 0.0263
119.900634765625, -0.099054
119.9306640625, 0.033265
119.960693359375, -0.050305
119.99072265625, 0.047193
120.020751953125, 0.068085
120.050537109375, 0.19344
120.08056640625, 0.116834
120.110595703125, 0.075049
120.140625, 0.0263
120.170654296875, -0.00852
120.20068359375, -0.00852
120.230712890625, 0.0263
120.2607421875, -0.099054
120.290771484375, 0.012372
120.320556640625, -0.057269
120.3505859375, -0.057269
120.380615234375, -0.071198
120.41064453125, 0.075049
120.440673828125, 0.005408
120.470703125, -0.015484
120.500732421875, 0.019336
120.53076171875, 0.088978
120.560546875, 0.137727
120.590576171875, -0.140839
120.62060546875, -0.001556
120.650634765625, -0.015484
120.6806640625, 0.005408
120.710693359375, 0.0263
120.74072265625, -0.078162
120.770751953125, -0.064233
120.80078125, 0.040229
120.83056640625, -0.029413
120.860595703125, 0.165583
120.890625, 0.165583
120.920654296875, 0.047193
120.95068359375, 0.005408
120.980712890625, 0.054157
121.0107421875, 0.019336
121.040771484375, 0.054157
121.070556640625, -0.064233
121.1005859375, -0.099054
121.130615234375, 0.012372
121.16064453125, 0.019336
121.190673828125, -0.043341
121.220703125, -0.064233
121.250732421875, -0.036377
121.28076171875, -0.043341
121.310546875, -0.001556
121.340576171875, 0.0263
121.37060546875, -0.189588
121.400634765625, 0.075049
121.4306640625, -0.015484
121.460693359375, -0.078162
121.49072265625, -0.00852
121.520751953125, 0.082014
121.55078125, -0.050305
121.58056640625, -0.057269
121.610595703125, -0.029413
121.640625, -0.154767
121.670654296875, 0.019336
121.70068359375, 0.005408
121.730712890625, -0.057269
121.7607421875, -0.09209
121.790771484375, -0.00852
121.820556640625, 0.040229
121.8505859375, -0.126911
121.880615234375, 0.005408
121.91064453125, -0.099054
121.940673828125, -0.036377
121.970703125, 0.088978
122.000732421875, -0.099054
122.03076171875, -0.029413
122.060791015625, -0.043341
122.090576171875, 0.061121
122.12060546875, -0.043341
122.150634765625, 0.033265
122.1806640625, 0.019336
122.210693359375, 0.061121
122.24072265625, -0.126911
122.270751953125, 0.10987
122.30078125, 0.019336
122.33056640625, 0.137727
122.360595703125, 0.186476
122.390625, 0.200404
122.420654296875, -0.036377
122.45068359375, 0.047193
122.480712890625, 0.179511
122.5107421875, -0.043341
122.540771484375, 0.088978
122.57080078125, -0.043341
122.6005859375, 0.061121
122.630615234375, 0.082014
122.66064453125, -0.071198
122.690673828125, -0.09209
122.720703125, 0.033265
122.750732421875, -0.064233
122.78076171875, -0.119947
122.810791015625, -0.154767
122.840576171875, 0.012372
122.87060546875, -0.126911
122.900634765625, 0.061121
122.9306640625, 0.061121
122.960693359375, 0.10987
122.99072265625, -0.085126
123.020751953125, -0.119947
123.05078125, 0.068085
123.08056640625, -0.050305
123.110595703125, 0.012372
123.140625, -0.036377
123.170654296875, -0.015484
123.20068359375, 0.130762
123.230712890625, -0.085126
123.2607421875, 0.012372
123.290771484375, -0.001556
123.32080078125, -0.043341
123.3505859375, -0.015484
123.380615234375, -0.043341
123.41064453125, 0.012372
123.440673828125, -0.029413
123.470703125, -0.00852
123.500732421875, 0.179511
123.53076171875, 0.075049
123.560791015625, 0.116834
123.590576171875, 0.075049
123.62060546875, 0.033265
123.650634765625, 0.0263
123.6806640625, -0.036377
123.710693359375, 0.005408
123.74072265625, 0.061121
123.770751953125, 0.088978
123.80078125, -0.09209
123.830810546875, 0.047193
123.860595703125, 0.068085
123.890625, 0.005408
123.920654296875, -0.029413
123.95068359375, -0.022449
123.980712890625, -0.043341
124.0107421875, 0.088978
124.040771484375, 0.019336
124.07080078125, 0.102906
124.1005859375, 0.102906
124.130615234375, 0.047193
124.16064453125, 0.095942
124.190673828125, 0.005408
124.220703125, 0.005408
124.250732421875, -0.00852
124.28076171875, 0.033265
124.310791015625, -0.029413
124.340576171875, -0.022449
124.37060546875, 0.068085
124.400634765625, 0.165583
124.4306640625, 0.088978
124.460693359375, -0.022449
124.49072265625, -0.099054
124.520751953125, 0.102906
124.55078125, 0.116834
124.580810546875, 0.012372
124.610595703125, 0.116834
124.640625, -0.050305
124.670654296875, -0.043341
124.70068359375, 0.019336
124.730712890625, -0.064233
124.7607421875, -0.050305
124.790771484375, 0.054157
124.82080078125, 0.0263
124.8505859375, 0.116834
124.880615234375, 0.040229
124.91064453125, -0.022449
124.940673828125, 0.012372
124.970703125, 0.012372
125.000732421875, -0.078162
125.03076171875, 0.075049
125.060791015625, 0.005408
125.0908203125, 0.040229
125.12060546875, -0.036377
125.150634765625, -0.001556
125.1806640625, 0.116834
125.210693359375, 0.033265
125.24072265625, 0.040229
125.270751953125, -0.022449
125.30078125, -0.050305
125.330810546875, 0.061121
125.360595703125, -0.078162
125.390625, -0.036377
125.420654296875, 0.130762
125.45068359375, -0.071198
125.480712890625, -0.022449
125.5107421875, -0.203516
125.540771484375, 0.088978
125.57080078125, -0.057269
125.600830078125, 0.012372
125.630615234375, -0.189588
125.66064453125, 0.005408
125.690673828125, 0.075049
125.720703125, 0.005408
125.750732421875, 0.040229
125.78076171875, -0.099054
125.810791015625, -0.147803
125.8408203125, 0.033265
125.87060546875, 0.075049
125.900634765625, -0.001556
125.9306640625, 0.012372
125.960693359375, 0.033265
125.99072265625, -0.029413
126.020751953125, 0.040229
126.05078125, -0.022449
126.080810546875, -0.022449
126.110595703125, 0.075049
126.140625, 0.130762
126.170654296875, -0.00852
126.20068359375, 0.088978
126.230712890625, 0.012372
126.2607421875, -0.071198
126.290771484375, -0.071198
126.32080078125, 0.095942
126.350830078125, 0.082014
126.380615234375, -0.001556
126.41064453125, 0.116834
126.440673828125, 0.075049
126.470703125, -0.043341
126.500732421875, 0.005408
126.53076171875, -0.043341
126.560791015625, 0.033265
126.5908203125, 0.033265
126.62060546875, -0.029413
126.650634765625, -0.00852
126.6806640625, 0.123798
126.710693359375, 0.10987
126.74072265625, 0.033265
126.770751953125, -0.064233
126.80078125, 0.102906
126.830810546875, -0.043341
126.86083984375, -0.029413
126.890625, -0.057269
126.920654296875, 0.068085
126.95068359375, -0.078162
126.980712890625, 0.061121
127.0107421875, -0.029413
127.040771484375, -0.112982
127.07080078125, -0.022449
127.100830078125, 0.061121
127.130615234375, 0.102906
127.16064453125, -0.022449
127.190673828125, -0.057269
127.220703125, 0.005408
127.250732421875, 0.137727
127.28076171875, 0.068085
127.310791015625, -0.00852
127.3408203125, 0.033265
127.370849609375, 0.158619
127.400634765625, -0.036377
127.4306640625, 0.054157
127.460693359375, 0.012372
127.49072265625, -0.099054
127.520751953125, -0.078162
127.55078125, 0.005408
127.580810546875, 0.116834
127.61083984375, -0.015484
127.640625, -0.00852
127.670654296875, -0.00852
127.70068359375, 0.068085
127.730712890625, 0.019336
127.7607421875, -0.085126
127.790771484375, 0.005408
127.82080078125, 0.102906
127.850830078125, 0.068085
127.880615234375, -0.064233
127.91064453125, 0.088978
127.940673828125, 0.005408
127.970703125, -0.029413
128.000732421875, 0.0263
128.03076171875, 0.088978
128.060791015625, 0.068085
128.0908203125, 0.082014
128.120849609375, -0.064233
128.150634765625, -0.043341
128.1806640625, -0.015484
128.210693359375, 0.137727
128.24072265625, 0.082014
128.270751953125, -0.133875
128.30078125, 0.095942
128.330810546875, 0.116834
128.36083984375, -0.00852
128.390625, -0.09209
128.420654296875, -0.00852
128.45068359375, -0.036377
128.480712890625, 0.0263
128.5107421875, -0.029413
128.540771484375, -0.064233
128.57080078125, 0.061121
128.600830078125, -0.064233
128.630859375, 0.047193
128.66064453125, 0.054157
128.690673828125, 0.116834
128.720703125, 0.088978
128.750732421875, -0.001556
128.78076171875, -0.147803
128.810791015625, -0.001556
128.8408203125, -0.022449
128.870849609375, 0.054157
128.900634765625, -0.106018
128.9306640625, 0.144691
128.960693359375, -0.00852
128.99072265625, 0.012372
129.020751953125, 0.033265
129.05078125, 0.061121
129.080810546875, 0.082014
129.11083984375, 0.235225
129.140625, 0.005408
129.170654296875, 0.047193
129.20068359375, 0.019336
129.230712890625, 0.061121
129.2607421875, 0.033265
129.290771484375, 0.033265
129.32080078125, -0.078162
129.350830078125, 0.012372
129.380859375, 0.116834
129.41064453125, 0.151655
129.440673828125, 0.068085
129.470703125, -0.099054
129.500732421875, -0.022449
129.53076171875, -0.050305
129.560791015625, -0.064233
129.5908203125, 0.068085
129.620849609375, -0.043341
129.650634765625, 0.075049
129.6806640625, 0.033265
129.710693359375, -0.036377
129.74072265625, -0.085126
129.770751953125, -0.00852
129.80078125, -0.057269
129.830810546875, -0.064233
129.86083984375, -0.022449
129.890869140625, 0.054157
129.920654296875, -0.029413
129.95068359375, 0.033265
129.980712890625, -0.09209
130.0107421875, -0.112982
130.040771484375, -0.071198
130.07080078125, 0.054157
130.100830078125, -0.154767
130.130859375, 0.082014
130.16064453125, 0.095942
130.190673828125, -0.036377
130.220703125, 0.130762
130.250732421875, 0.0263
130.28076171875, 0.047193
130.310791015625, -0.029413
130.3408203125, 0.088978
130.370849609375, 0.158619
130.40087890625, -0.043341
130.4306640625, -0.064233
130.460693359375, 0.068085
130.49072265625, 0.075049
130.520751953125, -0.071198
130.55078125, 0.047193
130.580810546875, -0.071198
130.61083984375, -0.071198
130.640869140625, 0.019336
130.670654296875, 0.102906
130.70068359375, 0.012372
130.730712890625, -0.022449
130.7607421875, 0.186476
130.790771484375, 0.047193
130.82080078125, -0.029413
130.850830078125, 0.033265
130.880859375, 0.061121
130.91064453125, -0.022449
130.940673828125, -0.182624
130.970703125, 0.0263
131.000732421875, -0.057269
131.03076171875, 0.040229
131.060791015625, -0.001556
131.0908203125, 0.019336
131.120849609375, -0.029413
131.15087890625, -0.085126
131.1806640625, 0.102906
131.210693359375, 0.012372
131.24072265625, -0.09209
131.270751953125, -0.112982
131.30078125, -0.022449
131.330810546875, 0.130762
131.36083984375, -0.043341
131.390869140625, 0.088978
131.420654296875, 0.047193
131.45068359375, 0.082014
131.480712890625, 0.040229
131.5107421875, -0.036377
131.540771484375, -0.09209
131.57080078125, 0.0263
131.600830078125, 0.088978
131.630859375, -0.001556
131.660888671875, -0.119947
131.690673828125, -0.001556
131.720703125, -0.154767
131.750732421875, -0.001556
131.78076171875, 0.019336
131.810791015625, -0.015484
131.8408203125, -0.022449
131.870849609375, 0.012372
131.90087890625, 0.088978
131.9306640625, -0.050305
131.960693359375, 0.088978
131.99072265625, -0.001556
132.020751953125, 0.033265
132.05078125, 0.047193
132.080810546875, -0.036377
132.11083984375, 0.019336
132.140869140625, 0.214332
132.170654296875, 0.005408
132.20068359375, -0.057269
132.230712890625, 0.068085
132.2607421875, 0.033265
132.290771484375, -0.043341
132.32080078125, -0.00852
132.350830078125, -0.119947
132.380859375, -0.022449
132.410888671875, 0.040229
132.440673828125, 0.165583
132.470703125, 0.082014
132.500732421875, 0.040229
132.53076171875, -0.015484
132.560791015625, -0.099054
132.5908203125, 0.130762
132.620849609375, -0.001556
132.65087890625, 0.068085
132.6806640625, 0.040229
132.710693359375, 0.075049
132.74072265625, 0.005408
132.770751953125, 0.068085
132.80078125, 0.151655
132.830810546875, 0.047193
132.86083984375, -0.015484
132.890869140625, 0.0263
132.9208984375, 0.158619
132.95068359375, -0.015484
132.980712890625, -0.00852
133.0107421875, 0.033265
133.040771484375, -0.015484
133.07080078125, 0.005408
133.100830078125, 0.005408
133.130859375, 0.033265
133.160888671875, 0.0263
133.190673828125, -0.029413
133.220703125, 0.158619
133.250732421875, 0.047193
133.28076171875, 0.040229
133.310791015625, 0.005408
133.3408203125, -0.050305
133.370849609375, -0.001556
133.40087890625, 0.088978
133.430908203125, 0.0263
133.460693359375, 0.068085
133.49072265625, 0.144691
133.520751953125, -0.050305
133.55078125, -0.001556
133.580810546875, -0.00852
133.61083984375, 0.005408
133.640869140625, 0.075049
133.6708984375, -0.078162
133.70068359375, -0.057269
133.730712890625, 0.047193
133.7607421875, -0.119947
133.790771484375, -0.133875
133.82080078125, 0.095942
133.850830078125, 0.082014
133.880859375, 0.082014
133.910888671875, 0.151655
133.940673828125, 0.005408
133.970703125, -0.106018
134.000732421875, -0.078162
134.03076171875, 0.061121
134.060791015625, -0.050305
134.0908203125, 0.012372
134.120849609375, -0.064233
134.15087890625, -0.015484
134.180908203125, -0.057269
134.210693359375, 0.179511
134.24072265625, -0.036377
134.270751953125, 0.165583
134.30078125, -0.078162
134.330810546875, 0.082014
134.36083984375, -0.071198
134.390869140625, 0.019336
134.4208984375, 0.012372
134.45068359375, 0.144691
134.480712890625, 0.033265
134.5107421875, 0.005408
134.540771484375, 0.005408
134.57080078125, 0.082014
134.600830078125, 0.10987
134.630859375, -0.001556
134.660888671875, -0.001556
134.69091796875, 0.0263
134.720703125, 0.005408
134.750732421875, 0.088978
134.78076171875, 0.005408
134.810791015625, -0.001556
134.8408203125, 0.172547
134.870849609375, 0.116834
134.90087890625, 0.061121
134.930908203125, 0.040229
134.960693359375, 0.040229
134.99072265625, 0.040229
135.020751953125, -0.099054
135.05078125, 0.068085
135.080810546875, 0.005408
135.11083984375, 0.054157
135.140869140625, 0.075049
135.1708984375, 0.082014
135.200927734375, -0.001556
135.230712890625, -0.057269
135.2607421875, 0.005408
135.290771484375, 0.088978
135.32080078125, -0.057269
135.350830078125, 0.130762
135.380859375, 0.130762
135.410888671875, 0.012372
135.44091796875, 0.047193
135.470703125, 0.151655
135.500732421875, 0.019336
135.53076171875, 0.047193
135.560791015625, 0.012372
135.5908203125, -0.00852
135.620849609375, -0.119947
135.65087890625, 0.005408
135.680908203125, 0.012372
135.710693359375, -0.112982
135.74072265625, -0.085126
135.770751953125, -0.001556
135.80078125, -0.064233
135.830810546875, -0.029413
135.86083984375, 0.005408
135.890869140625, 0.005408
135.9208984375, 0.0263
135.950927734375, -0.050305
135.980712890625, -0.015484
136.0107421875, -0.09209
136.040771484375, -0.022449
136.07080078125, -0.071198
136.100830078125, -0.126911
136.130859375, -0.00852
136.160888671875, 0.047193
136.19091796875, -0.036377
136.220703125, -0.078162
136.250732421875, -0.029413
136.28076171875, -0.001556
136.310791015625, 0.144691
136.3408203125, 0.214332
136.370849609375, -0.001556
136.40087890625, -0.001556
136.430908203125, 0.102906
136.4609375, -0.00852
136.49072265625, 0.102906
136.520751953125, -0.050305
136.55078125, 0.137727
136.580810546875, 0.033265
136.61083984375, -0.057269
136.640869140625, 0.068085
136.6708984375, -0.057269
136.700927734375, -0.064233
136.730712890625, 0.033265
136.7607421875, 0.068085
136.790771484375, 0.095942
136.82080078125, 0.123798
136.850830078125, 0.075049
136.880859375, -0.071198
136.910888671875, 0.137727
136.94091796875, 0.047193
136.970703125, 0.221296
137.000732421875, -0.001556
137.03076171875, -0.029413
137.060791015625, 0.040229
137.0908203125, 0.040229
137.120849609375, 0.082014
137.15087890625, -0.119947
137.180908203125, -0.029413
137.2109375, 0.0263
137.24072265625, -0.050305
137.270751953125, -0.133875
137.30078125, -0.029413
137.330810546875, -0.029413
137.36083984375, -0.057269
137.390869140625, 0.047193
137.4208984375, 0.082014
137.450927734375, 0.088978
137.480712890625, 0.137727
137.5107421875, -0.09209
137.540771484375, -0.029413
137.57080078125, 0.033265
137.600830078125, 0.102906
137.630859375, -0.00852
137.660888671875, -0.029413
137.69091796875, 0.068085
137.720947265625, 0.040229
137.750732421875, -0.001556
137.78076171875, -0.099054
137.810791015625, 0.047193
137.8408203125, 0.054157
137.870849609375, 0.040229
137.90087890625, 0.102906
137.930908203125, 0.033265
137.9609375, 0.005408
137.99072265625, 0.054157
138.020751953125, -0.015484
138.05078125, -0.057269
138.080810546875, 0.0263
138.11083984375, -0.043341
138.140869140625, 0.019336
138.1708984375, -0.064233
138.200927734375, -0.050305
138.23095703125, 0.0263
138.2607421875, 0.095942
138.290771484375, 0.095942
138.32080078125, 0.005408
138.350830078125, 0.0263
138.380859375, 0.075049
138.410888671875, -0.085126
138.44091796875, 0.054157
138.470947265625, -0.00852
138.500732421875, 0.0263
138.53076171875, 0.068085
138.560791015625, -0.099054
138.5908203125, 0.095942
138.620849609375, -0.001556
138.65087890625, -0.029413
138.680908203125, 0.019336
138.7109375, 0.158619
138.74072265625, 0.012372
138.770751953125, 0.012372
138.80078125, 0.047193
138.830810546875, 0.054157
138.86083984375, -0.001556
138.890869140625, -0.043341
138.9208984375, 0.061121
138.950927734375, -0.043341
138.98095703125, -0.09209
139.0107421875, -0.050305
139.040771484375, 0.095942
139.07080078125, -0.029413
139.100830078125, -0.078162
139.130859375, -0.043341
139.160888671875, 0.0263
139.19091796875, 0.054157
139.220947265625, 0.054157
139.250732421875, 0.040229
139.28076171875, 0.040229
139.310791015625, 0.019336
139.3408203125, 0.082014
139.370849609375, -0.036377
139.40087890625, 0.012372
139.430908203125, -0.036377
139.4609375, -0.043341
139.490966796875, -0.036377
139.520751953125, 0.088978
139.55078125, 0.054157
139.580810546875, -0.154767
139.61083984375, -0.015484
139.640869140625, 0.102906
139.6708984375, 0.082014
139.700927734375, 0.033265
139.73095703125, -0.071198
139.7607421875, 0.082014
139.790771484375, 0.102906
139.82080078125, -0.078162
139.850830078125, 0.068085
139.880859375, 0.012372
139.910888671875, -0.043341
139.94091796875, 0.151655
139.970947265625, -0.00852
140.000732421875, -0.050305
140.03076171875, -0.043341
140.060791015625, -0.001556
140.0908203125, 0.019336
140.120849609375, -0.022449
140.15087890625, 0.137727
140.180908203125, 0.0263
140.2109375, 0.088978
140.240966796875, -0.029413
140.270751953125, 0.144691
140.30078125, 0.033265
140.330810546875, 0.075049
140.36083984375, -0.064233
140.390869140625, 0.075049
140.4208984375, -0.168695
140.450927734375, 0.116834
140.48095703125, 0.019336
140.5107421875, 0.019336
140.540771484375, 0.116834
140.57080078125, 0.019336
140.600830078125, -0.099054
140.630859375, -0.015484
140.660888671875, 0.040229
140.69091796875, -0.09209
140.720947265625, 0.040229
140.7509765625, -0.029413
140.78076171875, -0.001556
140.810791015625, 0.040229
140.8408203125, -0.078162
140.870849609375, -0.001556
140.90087890625, 0.005408
140.930908203125, 0.040229
140.9609375, 0.0263
140.990966796875, 0.061121
141.020751953125, 0.10987
141.05078125, 0.144691
141.080810546875, -0.043341
141.11083984375, -0.085126
141.140869140625, 0.054157
141.1708984375, 0.040229
141.200927734375, 0.137727
141.23095703125, 0.019336
141.260986328125, -0.119947
141.290771484375, -0.036377
141.32080078125, -0.099054
141.350830078125, -0.099054
141.380859375, 0.019336
141.410888671875, 0.102906
141.44091796875, -0.106018
141.470947265625, 0.075049
141.5009765625, 0.075049
141.53076171875, -0.036377
141.560791015625, 0.012372
141.5908203125, 0.005408
141.620849609375, 0.005408
141.65087890625, -0.00852
141.680908203125, -0.022449
141.7109375, 0.095942
141.740966796875, 0.0263
141.770751953125, 0.068085
141.80078125, -0.112982
141.830810546875, -0.036377
141.86083984375, -0.050305
141.890869140625, 0.033265
141.9208984375, -0.029413
141.950927734375, 0.033265
141.98095703125, 0.019336
142.010986328125, 0.123798
142.040771484375, -0.050305
142.07080078125, 0.102906
142.100830078125, 0.054157
142.130859375, 0.0263
142.160888671875, 0.075049
142.19091796875, -0.001556
142.220947265625, -0.029413
142.2509765625, 0.012372
142.28076171875, 0.012372
142.310791015625, -0.126911
142.3408203125, 0.005408
142.370849609375, -0.106018
142.40087890625, 0.068085
142.430908203125, 0.012372
142.4609375, 0.061121
142.490966796875, -0.015484
142.52099609375, 0.033265
142.55078125, 0.082014
142.580810546875, 0.019336
142.61083984375, 0.033265
142.640869140625, -0.09209
142.6708984375, -0.140839
142.700927734375, 0.040229
142.73095703125, 0.123798
142.760986328125, -0.071198
142.790771484375, 0.033265
142.82080078125, -0.057269
142.850830078125, -0.036377
142.880859375, 0.061121
142.910888671875, 0.019336
142.94091796875, 0.005408
142.970947265625, 0.012372
143.0009765625, 0.061121
143.031005859375, -0.17566
143.060791015625, -0.022449
143.0908203125, 0.082014
143.120849609375, 0.005408
143.15087890625, -0.085126
143.180908203125, 0.012372
143.2109375, -0.043341
143.240966796875, -0.015484
143.27099609375, -0.043341
143.30078125, 0.005408
143.330810546875, -0.071198
143.36083984375, -0.085126
143.390869140625, 0.082014
143.4208984375, 0.033265
143.450927734375, -0.022449
143.48095703125, -0.071198
143.510986328125, 0.172547
143.540771484375, -0.050305
143.57080078125, -0.00852
143.600830078125, -0.057269
143.630859375, 0.019336
143.660888671875, 0.040229
143.69091796875, 0.054157
143.720947265625, 0.095942
143.7509765625, 0.054157
143.781005859375, 0.054157
143.810791015625, 0.012372
143.8408203125, -0.022449
143.870849609375, 0.068085
143.90087890625, -0.09209
143.930908203125, 0.068085
143.9609375, 0.033265
143.990966796875, -0.022449
144.02099609375, 0.075049
144.05078125, 0.095942
144.080810546875, 0.061121
144.11083984375, 0.005408
144.140869140625, 0.054157
144.1708984375, 0.054157
144.200927734375, -0.064233
144.23095703125, 0.151655
144.260986328125, 0.019336
144.291015625, -0.071198
144.32080078125, 0.012372
144.350830078125, 0.082014
144.380859375, 0.054157
144.410888671875, -0.022449
144.44091796875, 0.061121
144.470947265625, 0.10987
144.5009765625, 0.033265
144.531005859375, -0.057269
144.560791015625, 0.005408
144.5908203125, 0.130762
144.620849609375, 0.158619
144.65087890625, 0.061121
144.680908203125, -0.043341
144.7109375, -0.043341
144.740966796875, 0.095942
144.77099609375, 0.137727
144.80078125, 0.075049
144.830810546875, -0.078162
144.86083984375, -0.043341
144.890869140625, 0.123798
144.9208984375, -0.147803
144.950927734375, 0.040229
144.98095703125, -0.015484
145.010986328125, -0.043341
145.041015625, 0.061121
145.07080078125, 0.061121
145.100830078125, -0.043341
145.130859375, 0.033265
145.160888671875, -0.043341
145.19091796875, 0.040229
145.220947265625, 0.047193
145.2509765625, -0.001556
145.281005859375, -0.00852
145.310791015625, 0.061121
145.3408203125, 0.047193
145.370849609375, 0.130762
145.40087890625, 0.0263
145.430908203125, -0.168695
145.4609375, 0.144691
145.490966796875, 0.137727
145.52099609375, 0.082014
145.551025390625, -0.064233
145.580810546875, 0.095942
145.61083984375, 0.005408
145.640869140625, -0.015484
145.6708984375, 0.061121
145.700927734375, 0.068085
145.73095703125, -0.154767
145.760986328125, 0.075049
145.791015625, -0.022449
145.82080078125, -0.001556
145.850830078125, -0.001556
145.880859375, 0.005408
145.910888671875, 0.005408
145.94091796875, -0.036377
145.970947265625, -0.112982
146.0009765625, -0.001556
146.031005859375, -0.022449
146.06103515625, -0.036377
146.0908203125, 0.088978
146.120849609375, -0.050305
146.15087890625, -0.029413
146.180908203125, -0.00852
146.2109375, -0.071198
146.240966796875, -0.036377
146.27099609375, 0.047193
146.301025390625, 0.012372
146.330810546875, -0.029413
146.36083984375, 0.075049
146.390869140625, -0.099054
146.4208984375, 0.144691
146.450927734375, 0.144691
146.48095703125, 0.075049
146.510986328125, -0.015484
146.541015625, 0.054157
146.57080078125, 0.019336
146.600830078125, 0.040229
146.630859375, -0.085126
146.660888671875, -0.001556
146.69091796875, -0.029413
146.720947265625, 0.116834
146.7509765625, 0.061121
146.781005859375, 0.061121
146.81103515625, -0.022449
146.8408203125, -0.001556
146.870849609375, 0.082014
146.90087890625, 0.061121
146.930908203125, 0.005408
146.9609375, 0.012372
146.990966796875, 0.054157
147.02099609375, 0.061121
147.051025390625, 0.012372
147.080810546875, 0.130762
147.11083984375, 0.116834
147.140869140625, -0.015484
147.1708984375, 0.102906
147.200927734375, -0.022449
147.23095703125, 0.221296
147.260986328125, 0.144691
147.291015625, 0.116834
147.321044921875, 0.033265
147.350830078125, -0.106018
147.380859375, 0.0263
147.410888671875, 0.005408
147.44091796875, -0.00852
147.470947265625, 0.040229
147.5009765625, -0.001556
147.531005859375, -0.00852
147.56103515625, -0.050305
147.5908203125, -0.001556
147.620849609375, 0.095942
147.65087890625, -0.022449
147.680908203125, -0.078162
147.7109375, 0.054157
147.740966796875, -0.057269
147.77099609375, 0.012372
147.801025390625, 0.116834
147.830810546875, 0.10987
147.86083984375, 0.116834
147.890869140625, 0.130762
147.9208984375, 0.040229
147.950927734375, -0.029413
147.98095703125, -0.064233
148.010986328125, -0.022449
148.041015625, 0.040229
148.071044921875, 0.0263
148.100830078125, 0.0263
148.130859375, 0.0263
148.160888671875, -0.085126
148.19091796875, -0.078162
148.220947265625, -0.001556
148.2509765625, -0.050305
148.281005859375, -0.085126
148.31103515625, -0.043341
148.3408203125, -0.17566
148.370849609375, -0.00852
148.40087890625, 0.172547
148.430908203125, 0.061121
148.4609375, 0.033265
148.490966796875, 0.10987
148.52099609375, 0.012372
148.551025390625, -0.029413
148.5810546875, -0.071198
148.61083984375, 0.130762
148.640869140625, -0.043341
148.6708984375, -0.00852
148.700927734375, -0.071198
148.73095703125, -0.099054
148.760986328125, 0.040229
148.791015625, 0.088978
148.821044921875, -0.050305
148.850830078125, 0.116834
148.880859375, 0.033265
148.910888671875, -0.064233
148.94091796875, 0.0263
148.970947265625, -0.050305
149.0009765625, 0.012372
149.031005859375, 0.075049
149.06103515625, 0.130762
149.091064453125, 0.075049
149.120849609375, -0.022449
149.15087890625, -0.00852
149.180908203125, 0.040229
149.2109375, -0.015484
149.240966796875, 0.130762
149.27099609375, 0.075049
149.301025390625, -0.043341
149.3310546875, -0.133875
149.36083984375, -0.015484
149.390869140625, -0.015484
149.4208984375, -0.057269
149.450927734375, -0.029413
149.48095703125, 0.088978
149.510986328125, 0.075049
149.541015625, 0.137727
149.571044921875, 0.116834
149.600830078125, 0.0263
149.630859375, -0.036377
149.660888671875, -0.022449
149.69091796875, 0.158619
149.720947265625, 0.075049
149.7509765625, -0.00852
149.781005859375, 0.075049
149.81103515625, -0.036377
149.841064453125, 0.144691
149.870849609375, 0.151655
149.90087890625, -0.09209
149.930908203125, 0.040229
149.9609375, -0.050305
149.990966796875, 0.144691
150.02099609375, -0.071198
150.051025390625, 0.019336
150.0810546875, -0.050305
150.11083984375, -0.00852
150.140869140625, 0.012372
150.1708984375, 0.012372
150.200927734375, -0.036377
150.23095703125, -0.036377
150.260986328125, 0.040229
150.291015625, -0.015484
150.321044921875, -0.001556
150.35107421875, -0.00852
150.380859375, 0.186476
150.410888671875, 0.095942
150.44091796875, 0.047193
150.470947265625, -0.015484
150.5009765625, -0.043341
150.531005859375, -0.057269
150.56103515625, -0.050305
150.591064453125, -0.043341
150.620849609375, -0.001556
150.65087890625, 0.200404
150.680908203125, -0.00852
150.7109375, 0.047193
150.740966796875, 0.075049
150.77099609375, 0.019336
150.801025390625, -0.043341
150.8310546875, -0.00852
150.861083984375, -0.099054
150.890869140625, 0.019336
150.9208984375, 0.075049
150.950927734375, -0.022449
150.98095703125, 0.005408
151.010986328125, 0.068085
151.041015625, -0.022449
151.071044921875, 0.019336
151.10107421875, -0.050305
151.130859375, -0.001556
151.160888671875, 0.088978
151.19091796875, 0.068085
151.220947265625, -0.029413
151.2509765625, 0.054157
151.281005859375, -0.043341
151.31103515625, -0.112982
151.341064453125, 0.088978
151.370849609375, -0.036377
151.40087890625, 0.102906
151.430908203125, -0.001556
151.4609375, -0.071198
151.490966796875, 0.102906
151.52099609375, 0.061121
151.551025390625, -0.022449
151.5810546875, -0.036377
151.611083984375, -0.050305
151.640869140625, -0.015484
151.6708984375, -0.043341
151.700927734375, -0.022449
151.73095703125, -0.029413
151.760986328125, 0.088978
151.791015625, -0.21048
151.821044921875, -0.071198
151.85107421875, -0.00852
151.880859375, 0.068085
151.910888671875, 0.061121
151.94091796875, 0.207368
151.970947265625, 0.137727
152.0009765625, 0.137727
152.031005859375, 0.0263
152.06103515625, 0.061121
152.091064453125, -0.064233
152.12109375, 0.012372
152.15087890625, -0.050305
152.180908203125, 0.095942
152.2109375, -0.106018
152.240966796875, 0.012372
152.27099609375, 0.054157
152.301025390625, 0.068085
152.3310546875, -0.029413
152.361083984375, 0.012372
152.390869140625, 0.047193
152.4208984375, 0.0263
152.450927734375, 0.019336
152.48095703125, 0.0263
152.510986328125, 0.088978
152.541015625, 0.012372
152.571044921875, -0.064233
152.60107421875, -0.071198
152.630859375, 0.005408
152.660888671875, 0.130762
152.69091796875, -0.029413
152.720947265625, 0.019336
152.7509765625, -0.099054
152.781005859375, 0.075049
152.81103515625, 0.137727
152.841064453125, 0.0263
152.87109375, 0.061121
152.90087890625, 0.005408
152.930908203125, 0.061121
152.9609375, -0.09209
152.990966796875, -0.001556
153.02099609375, -0.043341
153.051025390625, 0.019336
153.0810546875, -0.029413
153.111083984375, 0.033265
153.140869140625, -0.001556
153.1708984375, -0.029413
153.200927734375, -0.001556
153.23095703125, -0.064233
153.260986328125, -0.029413
153.291015625, -0.078162
153.321044921875, -0.071198
153.35107421875, 0.019336
153.381103515625, 0.033265
153.410888671875, 0.005408
153.44091796875, 0.019336
153.470947265625, 0.0263
153.5009765625, 0.082014
153.531005859375, -0.00852
153.56103515625, -0.00852
153.591064453125, 0.0263
153.62109375, -0.119947
153.65087890625, -0.029413
153.680908203125, 0.033265
153.7109375, 0.061121
153.740966796875, 0.10987
153.77099609375, 0.179511
153.801025390625, 0.095942
153.8310546875, 0.10987
153.861083984375, 0.012372
153.89111328125, -0.001556
153.9208984375, 0.061121
153.950927734375, 0.102906
153.98095703125, -0.050305
154.010986328125, -0.015484
154.041015625, -0.036377
154.071044921875, -0.043341
154.10107421875, -0.050305
154.131103515625, 0.012372
154.160888671875, 0.019336
154.19091796875, 0.10987
154.220947265625, 0.158619
154.2509765625, -0.015484
154.281005859375, 0.144691
154.31103515625, 0.102906
154.341064453125, 0.130762
154.37109375, 0.005408
154.40087890625, -0.085126
154.430908203125, 0.123798
154.4609375, 0.0263
154.490966796875, 0.005408
154.52099609375, -0.043341
154.551025390625, 0.130762
154.5810546875, 0.130762
154.611083984375, 0.075049
154.64111328125, 0.054157
154.6708984375, 0.047193
154.700927734375, 0.0263
154.73095703125, 0.033265
154.760986328125, -0.112982
154.791015625, -0.022449
154.821044921875, -0.036377
154.85107421875, 0.054157
154.881103515625, 0.102906
154.910888671875, -0.022449
154.94091796875, 0.151655
154.970947265625, -0.078162
155.0009765625, 0.040229
155.031005859375, 0.082014
155.06103515625, 0.061121
155.091064453125, -0.00852
155.12109375, -0.015484
155.151123046875, 0.068085
155.180908203125, 0.082014
155.2109375, 0.075049
155.240966796875, 0.0263
155.27099609375, -0.036377
155.301025390625, 0.075049
155.3310546875, -0.00852
155.361083984375, -0.071198
155.39111328125, -0.161731
155.4208984375, 0.012372
155.450927734375, -0.043341
155.48095703125, -0.029413
155.510986328125, 0.116834
155.541015625, 0.005408
155.571044921875, -0.029413
155.60107421875, -0.00852
155.631103515625, 0.061121
155.660888671875, -0.057269
155.69091796875, -0.022449
155.720947265625, 0.102906
155.7509765625, 0.061121
155.781005859375, 0.088978
155.81103515625, 0.082014
155.841064453125, -0.029413
155.87109375, -0.022449
155.901123046875, -0.182624
155.930908203125, 0.19344
155.9609375, 0.068085
155.990966796875, -0.00852
156.02099609375, 0.151655
156.051025390625, 0.040229
156.0810546875, -0.168695
156.111083984375, 0.019336
156.14111328125, -0.119947
156.1708984375, 0.019336
156.200927734375, 0.088978
156.23095703125, -0.001556
156.260986328125, 0.033265
156.291015625, -0.126911
156.321044921875, 0.005408
156.35107421875, 0.10987
156.381103515625, -0.001556
156.4111328125, 0.012372
156.44091796875, 0.186476
156.470947265625, -0.015484
156.5009765625, -0.022449
156.531005859375, -0.071198
156.56103515625, 0.040229
156.591064453125, -0.078162
156.62109375, -0.057269
156.651123046875, -0.064233
156.680908203125, 0.019336
156.7109375, -0.036377
156.740966796875, -0.064233
156.77099609375, -0.085126
156.801025390625, -0.00852
156.8310546875, 0.075049
156.861083984375, 0.151655
156.89111328125, 0.047193
156.921142578125, -0.029413
156.950927734375, 0.061121
156.98095703125, -0.043341
157.010986328125, 0.102906
157.041015625, -0.001556
157.071044921875, 0.040229
157.10107421875, -0.043341
157.131103515625, -0.231373
157.1611328125, 0.005408
157.19091796875, -0.022449
157.220947265625, 0.012372
157.2509765625, -0.001556
157.281005859375, -0.036377
157.31103515625, 0.088978
157.341064453125, 0.186476
157.37109375, -0.022449
157.401123046875, -0.022449
157.430908203125, 0.040229
157.4609375, 0.040229
157.490966796875, 0.047193
157.52099609375, -0.112982
157.551025390625, -0.064233
157.5810546875, 0.068085
157.611083984375, -0.147803
157.64111328125, -0.001556
157.671142578125, -0.022449
157.700927734375, 0.082014
157.73095703125, 0.075049
157.760986328125, 0.158619
157.791015625, -0.064233
157.821044921875, 0.095942
157.85107421875, 0.0263
157.881103515625, 0.082014
157.9111328125, 0.116834
157.94091796875, -0.022449
157.970947265625, 0.005408
158.0009765625, -0.057269
158.031005859375, 0.095942
158.06103515625, -0.064233
158.091064453125, 0.061121
158.12109375, 0.047193
158.151123046875, 0.165583
158.18115234375, -0.112982
158.2109375, 0.005408
158.240966796875, 0.054157
158.27099609375, -0.001556
158.301025390625, 0.0263
158.3310546875, -0.00852
158.361083984375, 0.102906
158.39111328125, 0.068085
158.421142578125, -0.036377
158.450927734375, -0.050305
158.48095703125, -0.09209
158.510986328125, 0.005408
158.541015625, 0.207368
158.571044921875, 0.033265
158.60107421875, -0.015484
158.631103515625, 0.088978
158.6611328125, 0.10987
158.691162109375, -0.00852
158.720947265625, 0.0263
158.7509765625, 0.116834
158.781005859375, -0.078162
158.81103515625, -0.085126
158.841064453125, -0.015484
158.87109375, 0.0263
158.901123046875, 0.047193
158.93115234375, 0.0263
158.9609375, 0.075049
158.990966796875, -0.057269
159.02099609375, 0.137727
159.051025390625, -0.015484
159.0810546875, 0.082014
159.111083984375, 0.040229
159.14111328125, 0.061121
159.171142578125, -0.015484
159.200927734375, 0.033265
159.23095703125, 0.130762
159.260986328125, -0.071198
159.291015625, 0.061121
159.321044921875, 0.005408
159.35107421875, -0.09209
159.381103515625, 0.019336
159.4111328125, -0.161731
159.441162109375, 0.033265
159.470947265625, -0.09209
159.5009765625, 0.165583
159.531005859375, -0.043341
159.56103515625, 0.040229
159.591064453125, -0.078162
159.62109375, -0.078162
159.651123046875, 0.019336
159.68115234375, 0.068085
159.7109375, 0.102906
159.740966796875, 0.033265
159.77099609375, 0.123798
159.801025390625, 0.088978
159.8310546875, -0.064233
159.861083984375, -0.001556
159.89111328125, -0.09209
159.921142578125, 0.123798
159.951171875, 0.068085
159.98095703125, -0.099054
160.010986328125, -0.001556
160.041015625, -0.029413
160.071044921875, 0.19344
160.10107421875, -0.029413
160.131103515625, -0.112982
160.1611328125, -0.022449
160.191162109375, -0.001556
160.220947265625, -0.09209
160.2509765625, 0.130762
160.281005859375, 0.123798
160.31103515625, 0.144691
160.341064453125, 0.040229
160.37109375, 0.012372
160.401123046875, 0.054157
160.43115234375, -0.071198
160.4609375, 0.033265
160.490966796875, 0.005408
160.52099609375, -0.043341
160.551025390625, 0.158619
160.5810546875, 0.012372
160.611083984375, 0.082014
160.64111328125, 0.151655
160.671142578125, 0.019336
160.701171875, 0.061121
160.73095703125, -0.029413
160.760986328125, -0.00852
160.791015625, -0.050305
160.821044921875, 0.019336
160.85107421875, 0.165583
160.881103515625, 0.082014
160.9111328125, -0.085126
160.941162109375, 0.012372
160.970947265625, 0.019336
161.0009765625, -0.064233
161.031005859375, 0.005408
161.06103515625, 0.068085
161.091064453125, 0.019336
161.12109375, 0.0263
161.151123046875, 0.005408
161.18115234375, -0.140839
161.211181640625, -0.001556
161.240966796875, 0.061121
161.27099609375, -0.015484
161.301025390625, 0.019336
161.3310546875, -0.050305
161.361083984375, 0.165583
161.39111328125, 0.068085
161.421142578125, 0.005408
161.451171875, 0.130762
161.48095703125, 0.116834
161.510986328125, -0.015484
161.541015625, 0.123798
161.571044921875, 0.068085
161.60107421875, 0.054157
161.631103515625, -0.085126
161.6611328125, -0.071198
161.691162109375, -0.00852
161.72119140625, 0.061121
161.7509765625, 0.123798
161.781005859375, 0.005408
161.81103515625, 0.116834
161.841064453125, 0.116834
161.87109375, 0.0263
161.901123046875, -0.015484
161.93115234375, -0.015484
161.961181640625, 0.123798
161.990966796875, 0.005408
162.02099609375, 0.095942
162.051025390625, 0.075049
162.0810546875, -0.099054
162.111083984375, 0.005408
162.14111328125, 0.012372
162.171142578125, -0.119947
162.201171875, 0.019336
162.23095703125, 0.047193
162.260986328125, 0.082014
162.291015625, 0.005408
162.321044921875, 0.033265
162.35107421875, -0.043341
162.381103515625, 0.033265
162.4111328125, -0.112982
162.441162109375, 0.019336
162.47119140625, 0.054157
162.5009765625, -0.029413
162.531005859375, -0.022449
162.56103515625, 0.075049
162.591064453125, 0.033265
162.62109375, 0.019336
162.651123046875, -0.015484
162.68115234375, 0.012372
162.711181640625, -0.001556
162.740966796875, -0.00852
162.77099609375, 0.123798
162.801025390625, 0.012372
162.8310546875, -0.078162
162.861083984375, -0.029413
162.89111328125, -0.029413
162.921142578125, -0.015484
162.951171875, 0.019336
162.981201171875, 0.061121
163.010986328125, 0.095942
163.041015625, 0.005408
163.071044921875, 0.033265
163.10107421875, -0.064233
163.131103515625, -0.09209
163.1611328125, 0.0263
163.191162109375, 0.033265
163.22119140625, 0.054157
163.2509765625, -0.022449
163.281005859375, 0.10987
163.31103515625, -0.085126
163.341064453125, 0.061121
163.37109375, 0.012372
163.401123046875, -0.043341
163.43115234375, 0.116834
163.461181640625, -0.043341
163.4912109375, -0.057269
163.52099609375, 0.19344
163.551025390625, -0.00852
163.5810546875, -0.022449
163.611083984375, -0.001556
163.64111328125, 0.068085
163.671142578125, 0.012372
163.701171875, 0.033265
163.731201171875, 0.012372
163.760986328125, 0.0263
163.791015625, 0.012372
163.821044921875, 0.068085
163.85107421875, 0.054157
163.881103515625, 0.116834
163.9111328125, 0.137727
163.941162109375, 0.137727
163.97119140625, -0.050305
164.0009765625, 0.019336
164.031005859375, -0.00852
164.06103515625, 0.068085
164.091064453125, 0.012372
164.12109375, 0.040229
164.151123046875, -0.00852
164.18115234375, 0.012372
164.211181640625, 0.019336
164.2412109375, 0.005408
164.27099609375, -0.001556
164.301025390625, -0.022449
164.3310546875, -0.133875
164.361083984375, 0.019336
164.39111328125, 0.033265
164.421142578125, 0.040229
164.451171875, 0.033265
164.481201171875, 0.088978
164.510986328125, 0.005408
164.541015625, -0.106018
164.571044921875, 0.012372
164.60107421875, 0.130762
164.631103515625, -0.050305
164.6611328125, 0.102906
164.691162109375, -0.00852
164.72119140625, -0.015484
164.751220703125, 0.054157
164.781005859375, 0.019336
164.81103515625, -0.00852
164.841064453125, 0.088978
164.87109375, 0.075049
164.901123046875, 0.095942
164.93115234375, -0.029413
164.961181640625, -0.09209
164.9912109375, 0.019336
165.02099609375, 0.054157
165.051025390625, 0.061121
165.0810546875, 0.123798
165.111083984375, -0.001556
165.14111328125, -0.050305
165.171142578125, 0.137727
165.201171875, 0.068085
165.231201171875, 0.005408
165.260986328125, 0.123798
165.291015625, 0.075049
165.321044921875, -0.029413
165.35107421875, 0.054157
165.381103515625, 0.061121
165.4111328125, 0.061121
165.441162109375, 0.054157
165.47119140625, 0.165583
165.501220703125, 0.054157
165.531005859375, 0.047193
165.56103515625, -0.050305
165.591064453125, 0.012372
165.62109375, 0.040229
165.651123046875, 0.0263
165.68115234375, -0.001556
165.711181640625, -0.022449
165.7412109375, 0.144691
165.77099609375, 0.075049
165.801025390625, -0.00852
165.8310546875, 0.061121
165.861083984375, -0.119947
165.89111328125, -0.015484
165.921142578125, 0.068085
165.951171875, -0.036377
165.981201171875, -0.057269
166.01123046875, 0.082014
166.041015625, 0.061121
166.071044921875, -0.00852
166.10107421875, 0.040229
166.131103515625, -0.112982
166.1611328125, -0.036377
166.191162109375, 0.102906
166.22119140625, 0.068085
166.251220703125, 0.033265
166.281005859375, -0.022449
166.31103515625, 0.186476
166.341064453125, 0.061121
166.37109375, 0.005408
166.401123046875, 0.165583
166.43115234375, 0.075049
166.461181640625, 0.095942
166.4912109375, 0.158619
166.521240234375, -0.036377
166.551025390625, -0.043341
166.5810546875, -0.029413
166.611083984375, -0.001556
166.64111328125, 0.10987
166.671142578125, 0.0263
166.701171875, 0.061121
166.731201171875, -0.106018
166.76123046875, 0.068085
166.791015625, -0.043341
166.821044921875, -0.001556
166.85107421875, 0.068085
166.881103515625, -0.071198
166.9111328125, 0.10987
166.941162109375, 0.047193
166.97119140625, -0.043341
167.001220703125, -0.106018
167.031005859375, 0.102906
167.06103515625, -0.001556
167.091064453125, -0.078162
167.12109375, 0.095942
167.151123046875, -0.057269
167.18115234375, 0.0263
167.211181640625, 0.102906
167.2412109375, -0.022449
167.271240234375, -0.043341
167.301025390625, 0.012372
167.3310546875, 0.040229
167.361083984375, -0.036377
167.39111328125, 0.082014
167.421142578125, 0.0263
167.451171875, 0.075049
167.481201171875, 0.130762
167.51123046875, 0.054157
167.541015625, -0.17566
167.571044921875, -0.029413
167.60107421875, 0.158619
167.631103515625, -0.001556
167.6611328125, -0.036377
167.691162109375, -0.099054
167.72119140625, 0.012372
167.751220703125, 0.040229
167.78125, 0.033265
167.81103515625, 0.054157
167.841064453125, 0.040229
167.87109375, -0.029413
167.901123046875, 0.144691
167.93115234375, 0.054157
167.961181640625, 0.0263
167.9912109375, 0.033265
168.021240234375, 0.102906
168.051025390625, 0.0263
168.0810546875, -0.057269
168.111083984375, 0.088978
168.14111328125, 0.075049
168.171142578125, 0.137727
168.201171875, 0.019336
168.231201171875, 0.033265
168.26123046875, 0.0263
168.291015625, 0.040229
168.321044921875, 0.061121
168.35107421875, 0.095942
168.381103515625, -0.043341
168.4111328125, 0.012372
168.441162109375, 0.088978
168.47119140625, 0.012372
168.501220703125, -0.015484
168.53125, 0.054157
168.56103515625, 0.061121
168.591064453125, 0.012372
168.62109375, -0.050305
168.651123046875, 0.019336
168.68115234375, -0.099054
168.711181640625, 0.068085
168.7412109375, -0.043341
168.771240234375, 0.10987
168.801025390625, 0.088978
168.8310546875, 0.082014
168.861083984375, -0.078162
168.89111328125, 0.102906
168.921142578125, 0.019336
168.951171875, 0.116834
168.981201171875, 0.012372
169.01123046875, 0.033265
169.041259765625, 0.095942
169.071044921875, -0.050305
169.10107421875, 0.0263
169.131103515625, -0.00852
169.1611328125, 0.0263
169.191162109375, 0.116834
169.22119140625, 0.054157
169.251220703125, -0.00852
169.28125, 0.012372
169.31103515625, -0.112982
169.341064453125, 0.144691
169.37109375, 0.012372
169.401123046875, -0.001556
169.43115234375, -0.036377
169.461181640625, 0.019336
169.4912109375, 0.165583
169.521240234375, 0.040229
169.55126953125, 0.033265
169.5810546875, 0.012372
169.611083984375, -0.043341
169.64111328125, 0.040229
169.671142578125, 0.095942
169.701171875, -0.001556
169.731201171875, 0.0263
169.76123046875, 0.10987
169.791259765625, 0.054157
169.821044921875, 0.040229
169.85107421875, 0.102906
169.881103515625, 0.075049
169.9111328125, -0.001556
169.941162109375, 0.033265
169.97119140625, -0.085126
170.001220703125, -0.00852
170.03125, 0.033265
170.06103515625, -0.071198
170.091064453125, -0.112982
170.12109375, -0.09209
170.151123046875, -0.085126
170.18115234375, 0.068085
170.211181640625, 0.116834
170.2412109375, 0.019336
170.271240234375, -0.036377
170.30126953125, 0.088978
170.3310546875, -0.064233
170.361083984375, 0.019336
170.39111328125, 0.095942
170.421142578125, 0.054157
170.451171875, 0.054157
170.481201171875, 0.005408
170.51123046875, -0.015484
170.541259765625, 0.0263
170.571044921875, 0.075049
170.60107421875, 0.019336
170.631103515625, 0.033265
170.6611328125, -0.015484
170.691162109375, 0.095942
170.72119140625, -0.071198
170.751220703125, 0.095942
170.78125, 0.116834
170.811279296875, 0.061121
170.841064453125, 0.054157
170.87109375, 0.068085
170.901123046875, 0.054157
170.93115234375, 0.047193
170.961181640625, -0.09209
170.9912109375, -0.099054
171.021240234375, -0.050305
171.05126953125, -0.050305
171.0810546875, 0.10987
171.111083984375, 0.200404
171.14111328125, 0.102906
171.171142578125, 0.047193
171.201171875, -0.085126
171.231201171875, -0.00852
171.26123046875, 0.047193
171.291259765625, 0.172547
171.3212890625, -0.085126
171.35107421875, 0.005408
171.381103515625, 0.214332
171.4111328125, -0.085126
171.441162109375, 0.061121
171.47119140625, 0.019336
171.501220703125, -0.064233
171.53125, 0.088978
171.561279296875, -0.036377
171.591064453125, -0.043341
171.62109375, 0.082014
171.651123046875, 0.040229
171.68115234375, 0.019336
171.711181640625, -0.09209
171.7412109375, 0.0263
171.771240234375, -0.022449
171.80126953125, 0.019336
171.8310546875, -0.015484
171.861083984375, 0.012372
171.89111328125, -0.015484
171.921142578125, -0.064233
171.951171875, 0.040229
171.981201171875, -0.015484
172.01123046875, -0.029413
172.041259765625, 0.068085
172.0712890625, 0.137727
172.10107421875, 0.019336
172.131103515625, 0.005408
172.1611328125, 0.054157
172.191162109375, -0.09209
172.22119140625, -0.022449
172.251220703125, 0.047193
172.28125, -0.015484
172.311279296875, 0.054157
172.341064453125, -0.015484
172.37109375, 0.061121
172.401123046875, 0.0263
172.43115234375, -0.022449
172.461181640625, -0.00852
172.4912109375, 0.075049
172.521240234375, 0.012372
172.55126953125, -0.119947
172.581298828125, 0.0263
172.611083984375, 0.102906
172.64111328125, 0.040229
172.671142578125, 0.095942
172.701171875, -0.001556
172.731201171875, 0.095942
172.76123046875, 0.012372
172.791259765625, 0.116834
172.8212890625, -0.043341
172.85107421875, -0.015484
172.881103515625, 0.186476
172.9111328125, 0.012372
172.941162109375, -0.064233
172.97119140625, -0.001556
173.001220703125, 0.019336
173.03125, -0.057269
173.061279296875, 0.10987
173.091064453125, 0.068085
173.12109375, 0.033265
173.151123046875, -0.078162
173.18115234375, -0.001556
173.211181640625, -0.001556
173.2412109375, -0.099054
173.271240234375, -0.029413
173.30126953125, 0.047193
173.331298828125, 0.054157
173.361083984375, -0.00852
173.39111328125, -0.106018
173.421142578125, -0.036377
173.451171875, 0.054157
173.481201171875, -0.029413
173.51123046875, 0.075049
173.541259765625, -0.071198
173.5712890625, 0.061121
173.60107421875, 0.005408
173.631103515625, 0.082014
173.6611328125, 0.012372
173.691162109375, -0.154767
173.72119140625, -0.050305
173.751220703125, 0.012372
173.78125, -0.057269
173.811279296875, 0.047193
173.84130859375, 0.130762
173.87109375, 0.123798
173.901123046875, 0.033265
173.93115234375, -0.015484
173.961181640625, -0.085126
173.9912109375, 0.061121
174.021240234375, 0.068085
174.05126953125, 0.10987
174.081298828125, -0.078162
174.111083984375, 0.0263
174.14111328125, -0.147803
174.171142578125, -0.099054
174.201171875, -0.057269
174.231201171875, -0.00852
174.26123046875, 0.012372
174.291259765625, -0.001556
174.3212890625, 0.040229
174.351318359375, 0.130762
174.381103515625, 0.012372
174.4111328125, 0.075049
174.441162109375, 0.102906
174.47119140625, 0.116834
174.501220703125, -0.036377
174.53125, -0.147803
174.561279296875, 0.054157
174.59130859375, 0.082014
174.62109375, 0.040229
174.651123046875, 0.054157
174.68115234375, -0.029413
174.711181640625, 0.012372
174.7412109375, 0.012372
174.771240234375, 0.151655
174.80126953125, 0.151655
174.831298828125, -0.106018
174.861083984375, -0.015484
174.89111328125, -0.022449
174.921142578125, -0.015484
174.951171875, 0.102906
174.981201171875, -0.001556
175.01123046875, -0.029413
175.041259765625, -0.050305
175.0712890625, -0.057269
175.101318359375, 0.012372
175.131103515625, 0.005408
175.1611328125, -0.078162
175.191162109375, -0.036377
175.22119140625, -0.050305
175.251220703125, 0.033265
175.28125, -0.057269
175.311279296875, 0.102906
175.34130859375, -0.071198
175.37109375, -0.064233
175.401123046875, -0.099054
175.43115234375, 0.102906
175.461181640625, -0.001556
175.4912109375, 0.033265
175.521240234375, 0.012372
175.55126953125, 0.033265
175.581298828125, 0.019336
175.611328125, 0.088978
175.64111328125, -0.078162
175.671142578125, -0.057269
175.701171875, 0.005408
175.731201171875, 0.012372
175.76123046875, 0.095942
175.791259765625, 0.151655
175.8212890625, 0.137727
175.851318359375, 0.137727
175.881103515625, 0.040229
175.9111328125, -0.022449
175.941162109375, -0.078162
175.97119140625, -0.071198
176.001220703125, 0.082014
176.03125, -0.043341
176.061279296875, 0.095942
176.09130859375, 0.123798
176.12109375, -0.078162
176.151123046875, 0.144691
176.18115234375, 0.033265
176.211181640625, 0.158619
176.2412109375, -0.043341
176.271240234375, 0.019336
176.30126953125, -0.00852
176.331298828125, 0.102906
176.361328125, 0.047193
176.39111328125, -0.029413
176.421142578125, 0.005408
176.451171875, 0.019336
176.481201171875, -0.029413
176.51123046875, 0.179511
176.541259765625, 0.033265
176.5712890625, -0.029413
176.601318359375, -0.029413
176.631103515625, 0.123798
176.6611328125, 0.005408
176.691162109375, 0.040229
176.72119140625, 0.068085
176.751220703125, -0.043341
176.78125, -0.036377
176.811279296875, 0.116834
176.84130859375, 0.012372
176.871337890625, -0.043341
176.901123046875, -0.099054
176.93115234375, -0.106018
176.961181640625, -0.071198
176.9912109375, 0.019336
177.021240234375, -0.022449
177.05126953125, -0.126911
177.081298828125, -0.015484
177.111328125, 0.005408
177.14111328125, 0.221296
177.171142578125, -0.050305
177.201171875, 0.047193
177.231201171875, 0.047193
177.26123046875, 0.116834
177.291259765625, 0.061121
177.3212890625, -0.064233
177.351318359375, -0.154767
177.38134765625, -0.057269
177.4111328125, 0.047193
177.441162109375, 0.102906
177.47119140625, 0.019336
177.501220703125, 0.061121
177.53125, 0.075049
177.561279296875, -0.064233
177.59130859375, 0.054157
177.621337890625, -0.09209
177.651123046875, 0.061121
177.68115234375, 0.012372
177.711181640625, 0.033265
177.7412109375, -0.036377
177.771240234375, -0.043341
177.80126953125, 0.061121
177.831298828125, 0.068085
177.861328125, -0.001556
177.89111328125, -0.015484
177.921142578125, -0.029413
177.951171875, -0.00852
177.981201171875, 0.095942
178.01123046875, -0.133875
178.041259765625, 0.137727
178.0712890625, -0.00852
178.101318359375, -0.001556
178.13134765625, -0.154767
178.1611328125, -0.00852
178.191162109375, 0.0263
178.22119140625, -0.043341
178.251220703125, 0.005408
178.28125, 0.033265
178.311279296875, 0.005408
178.34130859375, -0.001556
178.371337890625, -0.085126
178.401123046875, -0.154767
178.43115234375, 0.019336
178.461181640625, 0.221296
178.4912109375, 0.005408
178.521240234375, 0.033265
178.55126953125, 0.047193
178.581298828125, 0.144691
178.611328125, 0.019336
178.641357421875, -0.106018
178.671142578125, -0.015484
178.701171875, 0.0263
178.731201171875, 0.123798
178.76123046875, 0.005408
178.791259765625, -0.147803
178.8212890625, 0.005408
178.851318359375, 0.047193
178.88134765625, 0.116834
178.9111328125, -0.078162
178.941162109375, 0.130762
178.97119140625, -0.015484
179.001220703125, 0.0263
179.03125, -0.015484
179.061279296875, -0.078162
179.09130859375, -0.071198
179.121337890625, 0.033265
179.1513671875, -0.00852
179.18115234375, -0.00852
179.211181640625, -0.050305
179.2412109375, -0.00852
179.271240234375, 0.123798
179.30126953125, 0.102906
179.331298828125, 0.061121
179.361328125, 0.054157
179.391357421875, 0.082014
179.421142578125, -0.015484
179.451171875, 0.088978
179.481201171875, 0.151655
179.51123046875, 0.040229
179.541259765625, -0.078162
179.5712890625, -0.015484
179.601318359375, -0.071198
179.63134765625, -0.09209
179.6611328125, 0.054157
179.691162109375, -0.022449
179.72119140625, -0.057269
179.751220703125, -0.050305
179.78125, 0.082014
179.811279296875, 0.047193
179.84130859375, -0.022449
179.871337890625, 0.179511
179.9013671875, -0.043341
179.93115234375, -0.022449
179.961181640625, 0.019336
179.9912109375, 0.040229
180.021240234375, 0.075049
180.05126953125, -0.154767
180.081298828125, -0.078162
180.111328125, 0.095942
180.141357421875, 0.068085
180.171142578125, 0.088978
180.201171875, -0.015484
180.231201171875, 0.137727
180.26123046875, 0.137727
180.291259765625, 0.012372
180.3212890625, 0.082014
180.351318359375, -0.071198
180.38134765625, -0.043341
180.411376953125, 0.033265
180.441162109375, -0.050305
180.47119140625, -0.015484
180.501220703125, -0.064233
180.53125, 0.082014
180.561279296875, 0.040229
180.59130859375, 0.061121
180.621337890625, -0.064233
180.6513671875, 0.095942
180.68115234375, 0.061121
180.711181640625, -0.036377
180.7412109375, -0.022449
180.771240234375, -0.029413
180.80126953125, 0.047193
180.831298828125, 0.082014
180.861328125, 0.075049
180.891357421875, 0.151655
180.921142578125, 0.144691
180.951171875, 0.061121
180.981201171875, -0.043341
181.01123046875, 0.019336
181.041259765625, 0.054157
181.0712890625, -0.00852
181.101318359375, 0.075049
181.13134765625, 0.144691
181.161376953125, 0.012372
181.191162109375, 0.040229
181.22119140625, 0.054157
181.251220703125, 0.047193
181.28125, 0.005408
181.311279296875, 0.047193
181.34130859375, 0.033265
181.371337890625, -0.029413
181.4013671875, -0.029413
181.43115234375, 0.151655
181.461181640625, 0.033265
181.4912109375, -0.119947
181.521240234375, -0.064233
181.55126953125, -0.029413
181.581298828125, 0.075049
181.611328125, 0.019336
181.641357421875, -0.09209
181.67138671875, 0.054157
181.701171875, 0.054157
181.731201171875, 0.012372
181.76123046875, 0.130762
181.791259765625, 0.012372
181.8212890625, -0.071198
181.851318359375, -0.057269
181.88134765625, 0.005408
181.911376953125, 0.123798
181.941162109375, 0.0263
181.97119140625, 0.088978
182.001220703125, 0.005408
182.03125, -0.078162
182.061279296875, 0.158619
182.09130859375, 0.040229
182.121337890625, -0.001556
182.1513671875, -0.050305
182.181396484375, 0.054157
182.211181640625, 0.054157
182.2412109375, 0.033265
182.271240234375, 0.012372
182.30126953125, 0.0263
182.331298828125, 0.005408
182.361328125, -0.085126
182.391357421875, -0.057269
182.42138671875, -0.043341
182.451171875, 0.019336
182.481201171875, 0.040229
182.51123046875, 0.019336
182.541259765625, 0.047193
182.5712890625, 0.158619
182.601318359375, 0.040229
182.63134765625, -0.057269
182.661376953125, -0.001556
182.691162109375, -0.099054
182.72119140625, -0.036377
182.751220703125, -0.064233
182.78125, -0.057269
182.811279296875, 0.061121
182.84130859375, 0.10987
182.871337890625, 0.075049
182.9013671875, -0.050305
182.931396484375, 0.0263
182.961181640625, -0.001556
182.9912109375, -0.099054
183.021240234375, 0.019336
183.05126953125, -0.036377
183.081298828125, 0.082014
183.111328125, 0.116834
183.141357421875, 0.047193
183.17138671875, 0.054157
183.201171875, 0.207368
183.231201171875, -0.022449
183.26123046875, -0.043341
183.291259765625, 0.033265
183.3212890625, 0.123798
183.351318359375, -0.071198
183.38134765625, 0.005408
183.411376953125, 0.012372
183.44140625, -0.001556
183.47119140625, 0.102906
183.501220703125, 0.088978
183.53125, 0.116834
183.561279296875, -0.043341
183.59130859375, 0.019336
183.621337890625, 0.10987
183.6513671875, -0.00852
183.681396484375, 0.054157
183.711181640625, -0.085126
183.7412109375, 0.075049
183.771240234375, 0.172547
183.80126953125, -0.057269
183.831298828125, 0.005408
183.861328125, -0.057269
183.891357421875, -0.071198
183.92138671875, -0.126911
183.951171875, -0.001556
183.981201171875, -0.001556
184.01123046875, -0.043341
184.041259765625, 0.005408
184.0712890625, 0.061121
184.101318359375, -0.00852
184.13134765625, -0.043341
184.161376953125, 0.033265
184.19140625, 0.10987
184.22119140625, 0.123798
184.251220703125, 0.019336
184.28125, -0.085126
184.311279296875, -0.015484
184.34130859375, -0.050305
184.371337890625, 0.005408
184.4013671875, -0.022449
184.431396484375, -0.085126
184.461181640625, 0.019336
184.4912109375, 0.075049
184.521240234375, 0.068085
184.55126953125, -0.022449
184.581298828125, 0.012372
184.611328125, 0.047193
184.641357421875, 0.102906
184.67138671875, -0.064233
184.701416015625, 0.0263
184.731201171875, -0.064233
184.76123046875, -0.099054
184.791259765625, 0.054157
184.8212890625, -0.022449
184.851318359375, -0.022449
184.88134765625, -0.071198
184.911376953125, -0.00852
184.94140625, 0.005408
184.97119140625, 0.033265
185.001220703125, -0.09209
185.03125, -0.029413
185.061279296875, 0.054157
185.09130859375, 0.047193
185.121337890625, 0.040229
185.1513671875, 0.130762
185.181396484375, 0.005408
185.21142578125, -0.036377
185.2412109375, 0.033265
185.271240234375, -0.168695
185.30126953125, 0.012372
185.331298828125, 0.095942
185.361328125, 0.040229
185.391357421875, 0.082014
185.42138671875, 0.033265
185.451416015625, 0.012372
185.481201171875, 0.102906
185.51123046875, 0.102906
185.541259765625, -0.085126
185.5712890625, 0.137727
185.601318359375, 0.005408
185.63134765625, 0.005408
185.661376953125, 0.082014
185.69140625, -0.071198
185.72119140625, 0.061121
185.751220703125, -0.022449
185.78125, 0.116834
185.811279296875, -0.036377
185.84130859375, 0.158619
185.871337890625, 0.012372
185.9013671875, -0.064233
185.931396484375, -0.057269
185.96142578125, -0.043341
185.9912109375, -0.050305
186.021240234375, 0.075049
186.05126953125, -0.015484
186.081298828125, -0.119947
186.111328125, -0.029413
186.141357421875, -0.140839
186.17138671875, 0.075049
186.201416015625, -0.147803
186.231201171875, -0.106018
186.26123046875, 0.095942
186.291259765625, -0.085126
186.3212890625, 0.061121
186.351318359375, -0.050305
186.38134765625, 0.165583
186.411376953125, 0.123798
186.44140625, -0.064233
186.471435546875, 0.082014
186.501220703125, -0.022449
186.53125, -0.057269
186.561279296875, -0.015484
186.59130859375, 0.116834
186.621337890625, -0.043341
186.6513671875, 0.019336
186.681396484375, 0.088978
186.71142578125, 0.040229
186.7412109375, 0.068085
186.771240234375, -0.09209
186.80126953125, -0.036377
186.831298828125, 0.082014
186.861328125, 0.10987
186.891357421875, 0.061121
186.92138671875, 0.012372
186.951416015625, -0.085126
186.9814453125, 0.040229
187.01123046875, 0.012372
187.041259765625, -0.015484
187.0712890625, 0.033265
187.101318359375, -0.036377
187.13134765625, -0.015484
187.161376953125, 0.040229
187.19140625, -0.001556
187.221435546875, 0.151655
187.251220703125, -0.001556
187.28125, -0.036377
187.311279296875, 0.061121
187.34130859375, 0.012372
187.371337890625, 0.144691
187.4013671875, 0.172547
187.431396484375, 0.165583
187.46142578125, 0.054157
187.4912109375, 0.075049
187.521240234375, -0.015484
187.55126953125, -0.064233
187.581298828125, 0.012372
187.611328125, 0.005408
187.641357421875, 0.061121
187.67138671875, 0.047193
187.701416015625, 0.088978
187.7314453125, -0.029413
187.76123046875, 0.054157
187.791259765625, 0.005408
187.8212890625, 0.123798
187.851318359375, 0.102906
187.88134765625, -0.00852
187.911376953125, -0.099054
187.94140625, -0.078162
187.971435546875, 0.10987
188.001220703125, -0.00852
188.03125, 0.033265
188.061279296875, -0.071198
188.09130859375, 0.019336
188.121337890625, -0.064233
188.1513671875, -0.015484
188.181396484375, -0.050305
188.21142578125, -0.00852
188.241455078125, -0.001556
188.271240234375, -0.015484
188.30126953125, -0.029413
188.331298828125, 0.019336
188.361328125, 0.019336
188.391357421875, 0.019336
188.42138671875, -0.022449
188.451416015625, 0.0263
188.4814453125, 0.082014
188.51123046875, -0.071198
188.541259765625, -0.036377
188.5712890625, 0.033265
188.601318359375, -0.029413
188.63134765625, 0.088978
188.661376953125, -0.050305
188.69140625, 0.0263
188.721435546875, 0.075049
188.751220703125, 0.151655
188.78125, 0.102906
188.811279296875, 0.012372
188.84130859375, -0.022449
188.871337890625, 0.0263
188.9013671875, 0.054157
188.931396484375, -0.029413
188.96142578125, 0.123798
188.991455078125, 0.116834
189.021240234375, 0.061121
189.05126953125, 0.068085
189.081298828125, 0.040229
189.111328125, -0.09209
189.141357421875, -0.029413
189.17138671875, 0.151655
189.201416015625, 0.040229
189.2314453125, 0.095942
189.26123046875, -0.001556
189.291259765625, 0.012372
189.3212890625, -0.057269
189.351318359375, -0.085126
189.38134765625, 0.075049
189.411376953125, 0.082014
189.44140625, -0.022449
189.471435546875, -0.140839
189.50146484375, -0.001556
189.53125, -0.00852
189.561279296875, 0.012372
189.59130859375, 0.123798
189.621337890625, -0.106018
189.6513671875, 0.082014
189.681396484375, 0.005408
189.71142578125, -0.029413
189.741455078125, -0.064233
189.771240234375, 0.019336
189.80126953125, -0.015484
189.831298828125, 0.061121
189.861328125, 0.095942
189.891357421875, 0.005408
189.92138671875, 0.019336
189.951416015625, -0.001556
189.9814453125, 0.068085
190.011474609375, 0.130762
190.041259765625, 0.061121
190.0712890625, 0.040229
190.101318359375, -0.036377
190.13134765625, 0.005408
190.161376953125, 0.088978
190.19140625, 0.082014
190.221435546875, 0.061121
190.25146484375, -0.029413
190.28125, 0.047193
190.311279296875, 0.068085
190.34130859375, -0.001556
190.371337890625, 0.082014
190.4013671875, 0.019336
190.431396484375, 0.144691
190.46142578125, 0.012372
190.491455078125, 0.0263
190.521240234375, 0.040229
190.55126953125, -0.09209
190.581298828125, -0.112982
190.611328125, 0.165583
190.641357421875, 0.102906
190.67138671875, 0.054157
190.701416015625, -0.168695
190.7314453125, -0.043341
190.761474609375, -0.036377
190.791259765625, 0.061121
190.8212890625, 0.088978
190.851318359375, 0.116834
190.88134765625, -0.133875
190.911376953125, 0.054157
190.94140625, 0.047193
190.971435546875, 0.047193
191.00146484375, -0.238337
191.03125, 0.005408
191.061279296875, 0.130762
191.09130859375, 0.068085
191.121337890625, -0.001556
191.1513671875, 0.165583
191.181396484375, 0.047193
191.21142578125, 0.047193
191.241455078125, 0.054157
191.271484375, 0.040229
191.30126953125, -0.078162
191.331298828125, 0.040229
191.361328125, -0.015484
191.391357421875, -0.029413
191.42138671875, -0.043341
191.451416015625, -0.050305
191.4814453125, 0.061121
191.511474609375, 0.095942
191.541259765625, -0.043341
191.5712890625, 0.033265
191.601318359375, -0.050305
191.63134765625, 0.095942
191.661376953125, -0.015484
191.69140625, 0.144691
191.721435546875, -0.119947
191.75146484375, 0.047193
191.78125, 0.012372
191.811279296875, 0.0263
191.84130859375, -0.022449
191.871337890625, 0.061121
191.9013671875, 0.061121
191.931396484375, 0.012372
191.96142578125, 0.033265
191.991455078125, -0.112982
192.021484375, 0.10987
192.05126953125, 0.061121
192.081298828125, 0.10987
192.111328125, 0.033265
192.141357421875, -0.043341
192.17138671875, 0.130762
192.201416015625, 0.137727
192.2314453125, -0.071198
192.261474609375, 0.012372
192.291259765625, 0.082014
192.3212890625, -0.029413
192.351318359375, 0.054157
192.38134765625, -0.029413
192.411376953125, 0.054157
192.44140625, 0.075049
192.471435546875, 0.095942
192.50146484375, -0.064233
192.531494140625, 0.033265
192.561279296875, 0.075049
192.59130859375, 0.082014
192.621337890625, -0.071198
192.6513671875, -0.106018
192.681396484375, 0.068085
192.71142578125, -0.029413
192.741455078125, 0.116834
192.771484375, 0.102906
192.80126953125, 0.088978
192.831298828125, 0.075049
192.861328125, -0.057269
192.891357421875, -0.022449
192.92138671875, -0.001556
192.951416015625, -0.106018
192.9814453125, 0.088978
193.011474609375, -0.043341
193.04150390625, 0.123798
193.0712890625, 0.165583
193.101318359375, -0.050305
193.13134765625, -0.064233
193.161376953125, -0.00852
193.19140625, 0.102906
193.221435546875, -0.078162
193.25146484375, -0.029413
193.281494140625, 0.019336
193.311279296875, 0.012372
193.34130859375, -0.036377
193.371337890625, 0.040229
193.4013671875, 0.040229
193.431396484375, -0.140839
193.46142578125, 0.075049
193.491455078125, -0.043341
193.521484375, -0.071198
193.55126953125, 0.040229
193.581298828125, 0.047193
193.611328125, -0.126911
193.641357421875, 0.054157
193.67138671875, -0.029413
193.701416015625, 0.012372
193.7314453125, 0.0263
193.761474609375, 0.095942
193.79150390625, 0.0263
193.8212890625, -0.043341
193.851318359375, -0.099054
193.88134765625, 0.019336
193.911376953125, -0.001556
193.94140625, 0.054157
193.971435546875, -0.043341
194.00146484375, 0.019336
194.031494140625, 0.019336
194.061279296875, 0.019336
194.09130859375, -0.036377
194.121337890625, -0.064233
194.1513671875, 0.061121
194.181396484375, 0.005408
194.21142578125, 0.054157
194.241455078125, 0.088978
194.271484375, 0.040229
194.301513671875, 0.040229
194.331298828125, 0.075049
194.361328125, -0.001556
194.391357421875, 0.144691
194.42138671875, -0.00852
194.451416015625, -0.057269
194.4814453125, 0.040229
194.511474609375, 0.068085
194.54150390625, -0.043341
194.5712890625, -0.00852
194.601318359375, -0.064233
194.63134765625, 0.0263
194.661376953125, -0.140839
194.69140625, -0.071198
194.721435546875, 0.075049
194.75146484375, -0.106018
194.781494140625, 0.033265
194.8115234375, 0.033265
194.84130859375, -0.182624
194.871337890625, -0.106018
194.9013671875, -0.099054
194.931396484375, 0.033265
194.96142578125, 0.075049
194.991455078125, -0.001556
195.021484375, 0.088978
195.051513671875, -0.099054
195.081298828125, 0.214332
195.111328125, 0.082014
195.141357421875, 0.0263
195.17138671875, 0.040229
195.201416015625, 0.116834
195.2314453125, -0.119947
195.261474609375, 0.088978
195.29150390625, 0.116834
195.3212890625, -0.022449
195.351318359375, 0.082014
195.38134765625, 0.054157
195.411376953125, -0.112982
195.44140625, 0.019336
195.471435546875, 0.040229
195.50146484375, 0.061121
195.531494140625, 0.054157
195.5615234375, 0.033265
195.59130859375, 0.075049
195.621337890625, -0.022449
195.6513671875, 0.0263
195.681396484375, 0.130762
195.71142578125, 0.075049
195.741455078125, 0.068085
195.771484375, 0.033265
195.801513671875, -0.036377
195.831298828125, 0.040229
195.861328125, 0.068085
195.891357421875, -0.001556
195.92138671875, 0.075049
195.951416015625, 0.019336
195.9814453125, 0.0263
196.011474609375, -0.036377
196.04150390625, 0.040229
196.071533203125, 0.0263
196.101318359375, 0.005408
196.13134765625, 0.102906
196.161376953125, 0.095942
196.19140625, 0.082014
196.221435546875, -0.00852
196.25146484375, -0.029413
196.281494140625, 0.012372
196.3115234375, -0.00852
196.34130859375, -0.057269
196.371337890625, 0.144691
196.4013671875, 0.0263
196.431396484375, 0.0263
196.46142578125, -0.00852
196.491455078125, 0.033265
196.521484375, -0.015484
196.551513671875, -0.057269
196.581298828125, -0.00852
196.611328125, 0.068085
196.641357421875, 0.040229
196.67138671875, 0.012372
196.701416015625, 0.068085
196.7314453125, 0.068085
196.761474609375, -0.001556
196.79150390625, 0.068085
196.821533203125, 0.116834
196.851318359375, 0.019336
196.88134765625, -0.057269
196.911376953125, -0.085126
196.94140625, 0.033265
196.971435546875, -0.022449
197.00146484375, 0.005408
197.031494140625, -0.022449
197.0615234375, 0.137727
197.09130859375, -0.029413
197.121337890625, -0.001556
197.1513671875, -0.085126
197.181396484375, 0.144691
197.21142578125, 0.075049
197.241455078125, 0.082014
197.271484375, -0.029413
197.301513671875, 0.012372
197.33154296875, 0.033265
197.361328125, -0.043341
197.391357421875, 0.047193
197.42138671875, 0.040229
197.451416015625, 0.068085
197.4814453125, 0.033265
197.511474609375, 0.005408
197.54150390625, -0.085126
197.571533203125, 0.054157
197.601318359375, 0.033265
197.63134765625, 0.054157
197.661376953125, 0.019336
197.69140625, -0.043341
197.721435546875, 0.102906
197.75146484375, -0.043341
197.781494140625, -0.050305
197.8115234375, -0.022449
197.841552734375, 0.005408
197.871337890625, 0.061121
197.9013671875, 0.082014
197.931396484375, 0.040229
197.96142578125, -0.001556
197.991455078125, 0.005408
198.021484375, -0.064233
198.051513671875, -0.099054
198.08154296875, -0.064233
198.111328125, -0.106018
198.141357421875, -0.064233
198.17138671875, 0.144691
198.201416015625, 0.158619
198.2314453125, 0.068085
198.261474609375, 0.130762
198.29150390625, 0.179511
198.321533203125, 0.158619
198.351318359375, 0.0263
198.38134765625, -0.147803
198.411376953125, 0.061121
198.44140625, 0.0263
198.471435546875, 0.102906
198.50146484375, 0.088978
198.531494140625, 0.116834
198.5615234375, 0.116834
198.591552734375, -0.099054
198.621337890625, 0.116834
198.6513671875, -0.057269
198.681396484375, -0.050305
198.71142578125, 0.005408
198.741455078125, 0.088978
198.771484375, -0.043341
198.801513671875, -0.09209
198.83154296875, -0.001556
198.861328125, -0.057269
198.891357421875, -0.078162
198.92138671875, 0.061121
198.951416015625, -0.050305
198.9814453125, 0.061121
199.011474609375, -0.106018
199.04150390625, 0.137727
199.071533203125, 0.054157
199.1015625, 0.0263
199.13134765625, -0.036377
199.161376953125, 0.095942
199.19140625, -0.064233
199.221435546875, -0.036377
199.25146484375, 0.005408
199.281494140625, -0.064233
199.3115234375, -0.036377
199.341552734375, 0.033265
199.371337890625, -0.154767
199.4013671875, 0.005408
199.431396484375, -0.00852
199.46142578125, 0.012372
199.491455078125, -0.064233
199.521484375, -0.00852
199.551513671875, 0.061121
199.58154296875, 0.047193
199.611328125, 0.088978
199.641357421875, 0.179511
199.67138671875, 0.054157
199.701416015625, -0.036377
199.7314453125, -0.001556
199.761474609375, 0.040229
199.79150390625, -0.00852
199.821533203125, -0.09209
199.8515625, -0.015484
199.88134765625, 0.005408
199.911376953125, -0.050305
199.94140625, 0.214332
199.971435546875, 0.054157
200.00146484375, -0.050305
200.031494140625, -0.064233
200.0615234375, -0.036377
200.091552734375, 0.012372
200.121337890625, -0.015484
200.1513671875, 0.102906
200.181396484375, 0.061121
200.21142578125, 0.068085
200.241455078125, -0.064233
200.271484375, 0.040229
200.301513671875, 0.075049
200.33154296875, 0.0263
200.361572265625, -0.029413
200.391357421875, 0.040229
200.42138671875, 0.151655
200.451416015625, -0.057269
200.4814453125, 0.019336
200.511474609375, 0.040229
200.54150390625, -0.099054
200.571533203125, 0.054157
200.6015625, -0.126911
200.63134765625, 0.061121
200.661376953125, 0.075049
200.69140625, -0.071198
200.721435546875, 0.005408
200.75146484375, 0.012372
200.781494140625, 0.040229
200.8115234375, 0.040229
200.841552734375, -0.057269
200.87158203125, 0.186476
200.9013671875, 0.123798
200.931396484375, 0.033265
200.96142578125, 0.054157
200.991455078125, -0.015484
201.021484375, -0.022449
201.051513671875, -0.00852
201.08154296875, -0.071198
201.111572265625, 0.047193
201.141357421875, -0.043341
201.17138671875, 0.054157
201.201416015625, -0.064233
201.2314453125, 0.019336
201.261474609375, 0.0263
201.29150390625, 0.158619
201.321533203125, 0.0263
201.3515625, -0.00852
201.38134765625, 0.012372
201.411376953125, -0.057269
201.44140625, 0.0263
201.471435546875, -0.036377
201.50146484375, 0.0263
201.531494140625, 0.0263
201.5615234375, 0.061121
201.591552734375, 0.130762
201.62158203125, -0.015484
201.6513671875, 0.130762
201.681396484375, 0.019336
201.71142578125, -0.015484
201.741455078125, 0.0263
201.771484375, -0.036377
201.801513671875, 0.095942
201.83154296875, 0.019336
201.861572265625, 0.095942
201.891357421875, 0.095942
201.92138671875, -0.036377
201.951416015625, 0.005408
201.9814453125, -0.17566
202.011474609375, 0.033265
202.04150390625, -0.015484
202.071533203125, -0.071198
202.1015625, 0.068085
202.131591796875, 0.033265
202.161376953125, 0.102906
202.19140625, 0.10987
202.221435546875, 0.075049
202.25146484375, 0.012372
202.281494140625, 0.054157
202.3115234375, 0.033265
202.341552734375, 0.151655
202.37158203125, 0.095942
202.4013671875, 0.19344
202.431396484375, -0.09209
202.46142578125, -0.071198
202.491455078125, 0.012372
202.521484375, -0.09209
202.551513671875, 0.082014
202.58154296875, 0.082014
202.611572265625, -0.022449
202.6416015625, -0.001556
202.67138671875, -0.085126
202.701416015625, 0.033265
202.7314453125, -0.00852
202.761474609375, -0.015484
202.79150390625, -0.029413
202.821533203125, 0.123798
202.8515625, -0.029413
202.881591796875, 0.151655
202.911376953125, 0.005408
202.94140625, 0.0263
202.971435546875, -0.00852
203.00146484375, 0.075049
203.031494140625, 0.054157
203.0615234375, 0.116834
203.091552734375, 0.054157
203.12158203125, 0.005408
203.1513671875, 0.033265
203.181396484375, 0.075049
203.21142578125, 0.082014
203.241455078125, 0.088978
203.271484375, -0.029413
203.301513671875, 0.137727
203.33154296875, 0.040229
203.361572265625, 0.095942
203.3916015625, 0.033265
203.42138671875, 0.061121
203.451416015625, 0.047193
203.4814453125, -0.022449
203.511474609375, -0.085126
203.54150390625, 0.061121
203.571533203125, 0.123798
203.6015625, -0.064233
203.631591796875, 0.116834
203.661376953125, 0.054157
203.69140625, 0.088978
203.721435546875, -0.057269
203.75146484375, -0.015484
203.781494140625, -0.119947
203.8115234375, -0.036377
203.841552734375, 0.040229
203.87158203125, 0.102906
203.901611328125, -0.071198
203.931396484375, -0.126911
203.96142578125, -0.119947
203.991455078125, 0.075049
204.021484375, -0.071198
204.051513671875, 0.012372
204.08154296875, -0.043341
204.111572265625, -0.043341
204.1416015625, 0.019336
204.17138671875, -0.001556
204.201416015625, -0.133875
204.2314453125, 0.012372
204.261474609375, -0.001556
204.29150390625, 0.0263
204.321533203125, 0.116834
204.3515625, 0.068085
204.381591796875, 0.068085
204.411376953125, 0.040229
204.44140625, 0.012372
204.471435546875, 0.075049
204.50146484375, -0.071198
204.531494140625, -0.112982
204.5615234375, -0.00852
204.591552734375, 0.095942
204.62158203125, 0.012372
204.651611328125, 0.061121
204.681396484375, 0.102906
204.71142578125, 0.095942
204.741455078125, 0.061121
204.771484375, 0.123798
204.801513671875, -0.078162
204.83154296875, -0.085126
204.861572265625, 0.0263
204.8916015625, 0.0263
204.92138671875, 0.0263
204.951416015625, 0.054157
204.9814453125, -0.022449
205.011474609375, -0.064233
205.04150390625, -0.050305
205.071533203125, -0.057269
205.1015625, 0.061121
205.131591796875, -0.078162
205.16162109375, -0.043341
205.19140625, 0.040229
205.221435546875, 0.0263
205.25146484375, 0.012372
205.281494140625, 0.005408
205.3115234375, 0.0263
205.341552734375, 0.075049
205.37158203125, 0.019336
205.401611328125, 0.061121
205.431396484375, 0.123798
205.46142578125, 0.054157
205.491455078125, -0.09209
205.521484375, 0.012372
205.551513671875, -0.071198
205.58154296875, -0.106018
205.611572265625, -0.09209
205.6416015625, 0.061121
205.671630859375, -0.050305
205.701416015625, -0.050305
205.7314453125, 0.068085
205.761474609375, -0.015484
205.79150390625, -0.029413
205.821533203125, -0.168695
205.8515625, 0.040229
205.881591796875, -0.029413
205.91162109375, -0.050305
205.94140625, 0.012372
205.971435546875, -0.022449
206.00146484375, 0.10987
206.031494140625, 0.047193
206.0615234375, -0.029413
206.091552734375, 0.082014
206.12158203125, 0.019336
206.151611328125, 0.123798
206.181396484375, 0.116834
206.21142578125, -0.015484
206.241455078125, -0.106018
206.271484375, 0.061121
206.301513671875, 0.075049
206.33154296875, 0.019336
206.361572265625, -0.071198
206.3916015625, 0.082014
206.421630859375, 0.033265
206.451416015625, -0.071198
206.4814453125, 0.088978
206.511474609375, 0.137727
206.54150390625, -0.057269
206.571533203125, 0.130762
206.6015625, -0.064233
206.631591796875, 0.088978
206.66162109375, 0.075049
206.69140625, 0.033265
206.721435546875, 0.019336
206.75146484375, 0.151655
206.781494140625, -0.015484
206.8115234375, 0.137727
206.841552734375, 0.088978
206.87158203125, -0.078162
206.901611328125, 0.019336
206.931640625, 0.0263
206.96142578125, 0.095942
206.991455078125, 0.061121
207.021484375, 0.165583
207.051513671875, 0.068085
207.08154296875, -0.057269
207.111572265625, -0.071198
207.1416015625, -0.00852
207.171630859375, -0.071198
207.201416015625, 0.005408
207.2314453125, 0.033265
207.261474609375, 0.130762
207.29150390625, 0.047193
207.321533203125, 0.095942
207.3515625, -0.050305
207.381591796875, 0.116834
207.41162109375, -0.029413
207.441650390625, 0.088978
207.471435546875, 0.0263
207.50146484375, -0.022449
207.531494140625, -0.057269
207.5615234375, 0.0263
207.591552734375, -0.064233
207.62158203125, -0.071198
207.651611328125, 0.054157
207.681640625, -0.015484
207.71142578125, -0.126911
207.741455078125, -0.036377
207.771484375, 0.005408
207.801513671875, -0.043341
207.83154296875, 0.10987
207.861572265625, 0.047193
207.8916015625, -0.078162
207.921630859375, -0.078162
207.951416015625, 0.040229
207.9814453125, 0.054157
208.011474609375, -0.071198
208.04150390625, 0.019336
208.071533203125, -0.126911
208.1015625, -0.022449
208.131591796875, 0.075049
208.16162109375, 0.0263
208.191650390625, 0.144691
208.221435546875, -0.050305
208.25146484375, 0.005408
208.281494140625, -0.015484
208.3115234375, -0.043341
208.341552734375, -0.022449
208.37158203125, 0.0263
208.401611328125, 0.061121
208.431640625, -0.043341
208.46142578125, -0.00852
208.491455078125, 0.123798
208.521484375, -0.057269
208.551513671875, 0.200404
208.58154296875, -0.001556
208.611572265625, -0.036377
208.6416015625, 0.165583
208.671630859375, 0.019336
208.70166015625, -0.112982
208.7314453125, -0.029413
208.761474609375, 0.012372
208.79150390625, 0.082014
208.821533203125, 0.144691
208.8515625, 0.054157
208.881591796875, 0.019336
208.91162109375, 0.040229
208.941650390625, 0.005408
208.971435546875, 0.012372
209.00146484375, 0.012372
209.031494140625, -0.001556
209.0615234375, -0.00852
209.091552734375, 0.123798
209.12158203125, 0.054157
209.151611328125, -0.043341
209.181640625, -0.064233
209.21142578125, 0.102906
209.241455078125, 0.061121
209.271484375, 0.095942
209.301513671875, 0.040229
209.33154296875, -0.050305
209.361572265625, -0.022449
209.3916015625, -0.036377
209.421630859375, 0.012372
209.45166015625, 0.019336
209.4814453125, 0.012372
209.511474609375, 0.047193
209.54150390625, -0.036377
209.571533203125, 0.012372
209.6015625, 0.068085
209.631591796875, -0.050305
209.66162109375, 0.075049
209.691650390625, 0.102906
209.721435546875, -0.036377
209.75146484375, 0.075049
209.781494140625, 0.0263
209.8115234375, -0.106018
209.841552734375, 0.005408
209.87158203125, 0.0263
209.901611328125, 0.123798
209.931640625, 0.088978
209.961669921875, 0.012372
209.991455078125, -0.085126
210.021484375, 0.130762
210.051513671875, 0.012372
210.08154296875, 0.061121
210.111572265625, -0.029413
210.1416015625, 0.047193
210.171630859375, -0.029413
210.20166015625, -0.001556
210.2314453125, -0.036377
210.261474609375, 0.005408
210.29150390625, -0.036377
210.321533203125, 0.10987
210.3515625, -0.015484
210.381591796875, 0.144691
210.41162109375, -0.001556
210.441650390625, -0.001556
210.4716796875, 0.130762
210.50146484375, 0.088978
210.531494140625, 0.0263
210.5615234375, -0.043341
210.591552734375, -0.00852
210.62158203125, 0.040229
210.651611328125, -0.001556
210.681640625, 0.130762
210.711669921875, 0.005408
210.741455078125, 0.0263
210.771484375, 0.040229
210.801513671875, 0.012372
210.83154296875, -0.001556
210.861572265625, 0.130762
210.8916015625, -0.029413
210.921630859375, 0.075049
210.95166015625, 0.040229
210.9814453125, -0.078162
211.011474609375, 0.040229
211.04150390625, 0.0263
211.071533203125, 0.0263
211.1015625, -0.00852
211.131591796875, 0.061121
211.16162109375, -0.029413
211.191650390625, -0.015484
211.2216796875, 0.033265
211.25146484375, -0.085126
211.281494140625, 0.088978
211.3115234375, 0.047193
211.341552734375, 0.005408
211.37158203125, 0.061121
211.401611328125, 0.047193
211.431640625, -0.119947
211.461669921875, 0.186476
211.491455078125, 0.0263
211.521484375, 0.137727
211.551513671875, 0.068085
211.58154296875, 0.095942
211.611572265625, 0.061121
211.6416015625, 0.10987
211.671630859375, 0.005408
211.70166015625, -0.036377
211.731689453125, 0.082014
211.761474609375, -0.09209
211.79150390625, 0.012372
211.821533203125, -0.001556
211.8515625, 0.061121
211.881591796875, 0.082014
211.91162109375, 0.047193
211.941650390625, -0.057269
211.9716796875, 0.047193
212.00146484375, -0.106018
212.031494140625, -0.085126
212.0615234375, 0.019336
212.091552734375, 0.116834
212.12158203125, 0.088978
212.151611328125, 0.033265
212.181640625, -0.126911
212.211669921875, -0.071198
212.241455078125, -0.001556
212.271484375, 0.088978
212.301513671875, 0.123798
212.33154296875, 0.054157
212.361572265625, 0.068085
212.3916015625, 0.151655
212.421630859375, -0.043341
212.45166015625, 0.033265
212.481689453125, 0.068085
212.511474609375, -0.057269
212.54150390625, 0.054157
212.571533203125, -0.022449
212.6015625, -0.119947
212.631591796875, -0.029413
212.66162109375, 0.061121
212.691650390625, -0.057269
212.7216796875, -0.022449
212.75146484375, -0.029413
212.781494140625, 0.116834
212.8115234375, 0.005408
212.841552734375, 0.068085
212.87158203125, -0.099054
212.901611328125, -0.09209
212.931640625, -0.036377
212.961669921875, 0.151655
212.99169921875, 0.005408
213.021484375, -0.029413
213.051513671875, 0.102906
213.08154296875, -0.029413
213.111572265625, -0.133875
213.1416015625, 0.088978
213.171630859375, -0.099054
213.20166015625, -0.078162
213.231689453125, 0.082014
213.261474609375, 0.10987
213.29150390625, -0.001556
213.321533203125, 0.012372
213.3515625, 0.082014
213.381591796875, -0.022449
213.41162109375, 0.088978
213.441650390625, 0.033265
213.4716796875, 0.123798
213.501708984375, -0.050305
213.531494140625, -0.001556
213.5615234375, 0.075049
213.591552734375, -0.015484
213.62158203125, -0.09209
213.651611328125, 0.151655
213.681640625, -0.015484
213.711669921875, -0.001556
213.74169921875, 0.123798
213.771484375, -0.029413
213.801513671875, -0.043341
213.83154296875, 0.005408
213.861572265625, -0.036377
213.8916015625, 0.075049
213.921630859375, -0.085126
213.95166015625, 0.040229
213.981689453125, -0.001556
214.011474609375, 0.0263
214.04150390625, -0.043341
214.071533203125, 0.005408
214.1015625, 0.054157
214.131591796875, 0.012372
214.16162109375, 0.054157
214.191650390625, 0.054157
214.2216796875, 0.0263
214.251708984375, -0.043341
214.281494140625, 0.061121
214.3115234375, 0.102906
214.341552734375, 0.040229
214.37158203125, 0.165583
214.401611328125, -0.078162
214.431640625, 0.033265
214.461669921875, 0.040229
214.49169921875, -0.029413
214.521484375, -0.09209
214.551513671875, -0.085126
214.58154296875, 0.005408
214.611572265625, 0.095942
214.6416015625, 0.137727
214.671630859375, -0.015484
214.70166015625, 0.061121
214.731689453125, 0.082014
214.76171875, -0.064233
214.79150390625, -0.078162
214.821533203125, 0.040229
214.8515625, 0.0263
214.881591796875, 0.082014
214.91162109375, -0.085126
214.941650390625, -0.09209
214.9716796875, 0.102906
215.001708984375, -0.015484
215.031494140625, -0.015484
215.0615234375, 0.005408
215.091552734375, 0.061121
215.12158203125, 0.040229
215.151611328125, -0.078162
215.181640625, -0.050305
215.211669921875, -0.057269
215.24169921875, 0.10987
215.271728515625, -0.050305
215.301513671875, -0.071198
215.33154296875, -0.078162
215.361572265625, 0.137727
215.3916015625, 0.019336
215.421630859375, 0.123798
215.45166015625, 0.019336
215.481689453125, 0.088978
215.51171875, 0.123798
215.54150390625, -0.015484
215.571533203125, -0.085126
215.6015625, 0.068085
215.631591796875, 0.061121
215.66162109375, -0.078162
215.691650390625, 0.054157
215.7216796875, 0.068085
215.751708984375, 0.123798
215.781494140625, 0.012372
215.8115234375, -0.022449
215.841552734375, -0.071198
215.87158203125, -0.099054
215.901611328125, 0.082014
215.931640625, 0.10987
215.961669921875, -0.064233
215.99169921875, 0.158619
216.021728515625, 0.075049
216.051513671875, -0.00852
216.08154296875, -0.099054
216.111572265625, -0.022449
216.1416015625, -0.057269
216.171630859375, 0.095942
216.20166015625, 0.033265
216.231689453125, -0.00852
216.26171875, 0.075049
216.29150390625, 0.040229
216.321533203125, -0.057269
216.3515625, 0.033265
216.381591796875, -0.00852
216.41162109375, -0.043341
216.441650390625, 0.088978
216.4716796875, -0.140839
216.501708984375, -0.064233
216.53173828125, 0.012372
216.5615234375, 0.0263
216.591552734375, 0.165583
216.62158203125, 0.012372
216.651611328125, -0.00852
216.681640625, 0.033265
216.711669921875, 0.088978
216.74169921875, -0.015484
216.771728515625, -0.00852
216.801513671875, 0.054157
216.83154296875, 0.082014
216.861572265625, -0.085126
216.8916015625, -0.022449
216.921630859375, 0.012372
216.95166015625, 0.012372
216.981689453125, 0.075049
217.01171875, 0.012372
217.04150390625, 0.123798
217.071533203125, -0.036377
217.1015625, -0.078162
217.131591796875, -0.001556
217.16162109375, -0.015484
217.191650390625, -0.015484
217.2216796875, -0.043341
217.251708984375, 0.165583
217.28173828125, 0.075049
217.3115234375, -0.022449
217.341552734375, 0.0263
217.37158203125, 0.019336
217.401611328125, -0.036377
217.431640625, 0.0263
217.461669921875, -0.043341
217.49169921875, -0.029413
217.521728515625, -0.001556
217.551513671875, 0.068085
217.58154296875, -0.09209
217.611572265625, 0.033265
217.6416015625, 0.082014
217.671630859375, 0.040229
217.70166015625, -0.022449
217.731689453125, 0.033265
217.76171875, 0.033265
217.791748046875, 0.033265
217.821533203125, -0.099054
217.8515625, 0.102906
217.881591796875, 0.054157
217.91162109375, 0.088978
217.941650390625, -0.015484
217.9716796875, 0.012372
218.001708984375, 0.033265
218.03173828125, 0.102906
218.0615234375, 0.054157
218.091552734375, 0.012372
218.12158203125, 0.061121
218.151611328125, 0.054157
218.181640625, 0.033265
218.211669921875, 0.123798
218.24169921875, 0.095942
218.271728515625, 0.033265
218.3017578125, 0.068085
218.33154296875, 0.040229
218.361572265625, -0.029413
218.3916015625, 0.102906
218.421630859375, 0.054157
218.45166015625, 0.0263
218.481689453125, 0.144691
218.51171875, 0.082014
218.541748046875, -0.022449
218.571533203125, 0.0263
218.6015625, 0.040229
218.631591796875, -0.050305
218.66162109375, 0.075049
218.691650390625, -0.099054
218.7216796875, -0.085126
218.751708984375, 0.068085
218.78173828125, 0.047193
218.8115234375, -0.099054
218.841552734375, 0.082014
218.87158203125, 0.012372
218.901611328125, 0.005408
218.931640625, -0.022449
218.961669921875, 0.0263
218.99169921875, 0.047193
219.021728515625, 0.005408
219.0517578125, 0.019336
219.08154296875, -0.015484
219.111572265625, 0.033265
219.1416015625, 0.054157
219.171630859375, 0.019336
219.20166015625, 0.116834
219.231689453125, 0.019336
219.26171875, 0.088978
219.291748046875, 0.047193
219.321533203125, 0.137727
219.3515625, -0.00852
219.381591796875, 0.0263
219.41162109375, -0.043341
219.441650390625, 0.040229
219.4716796875, 0.033265
219.501708984375, 0.005408
219.53173828125, 0.019336
219.561767578125, -0.001556
219.591552734375, -0.071198
219.62158203125, -0.106018
219.651611328125, 0.054157
219.681640625, 0.012372
219.711669921875, -0.043341
219.74169921875, 0.054157
219.771728515625, -0.106018
219.8017578125, 0.082014
219.83154296875, 0.095942
219.861572265625, -0.015484
219.8916015625, -0.085126
219.921630859375, 0.068085
219.95166015625, -0.064233
219.981689453125, 0.082014
220.01171875, 0.075049
220.041748046875, 0.116834
220.071533203125, 0.095942
220.1015625, -0.029413
220.131591796875, -0.099054
220.16162109375, 0.19344
220.191650390625, 0.005408
220.2216796875, -0.015484
220.251708984375, -0.071198
220.28173828125, 0.054157
220.311767578125, 0.082014
220.341552734375, -0.022449
220.37158203125, -0.015484
220.401611328125, -0.057269
220.431640625, 0.158619
220.461669921875, -0.029413
220.49169921875, 0.061121
220.521728515625, -0.022449
220.5517578125, -0.029413
220.58154296875, -0.00852
220.611572265625, 0.061121
220.6416015625, -0.057269
220.671630859375, 0.095942
220.70166015625, -0.00852
220.731689453125, -0.022449
220.76171875, 0.144691
220.791748046875, -0.029413
220.82177734375, -0.112982
220.8515625, 0.061121
220.881591796875, -0.064233
220.91162109375, -0.099054
220.941650390625, 0.088978
220.9716796875, 0.012372
221.001708984375, 0.068085
221.03173828125, -0.050305
221.061767578125, -0.001556
221.091552734375, 0.130762
221.12158203125, 0.130762
221.151611328125, -0.00852
221.181640625, 0.005408
221.211669921875, 0.061121
221.24169921875, -0.022449
221.271728515625, 0.033265
221.3017578125, -0.133875
221.331787109375, -0.071198
221.361572265625, 0.0263
221.3916015625, 0.088978
221.421630859375, 0.061121
221.45166015625, -0.057269
221.481689453125, 0.033265
221.51171875, -0.112982
221.541748046875, 0.012372
221.57177734375, 0.075049
221.6015625, 0.123798
221.631591796875, -0.057269
221.66162109375, -0.022449
221.691650390625, -0.029413
221.7216796875, 0.054157
221.751708984375, -0.00852
221.78173828125, 0.102906
221.811767578125, 0.040229
221.841552734375, -0.050305
221.87158203125, 0.0263
221.901611328125, -0.057269
221.931640625, 0.10987
221.961669921875, -0.071198
221.99169921875, 0.061121
222.021728515625, 0.019336
222.0517578125, -0.043341
222.081787109375, 0.033265
222.111572265625, -0.112982
222.1416015625, 0.047193
222.171630859375, 0.054157
222.20166015625, 0.061121
222.231689453125, 0.033265
222.26171875, 0.075049
222.291748046875, 0.061121
222.32177734375, 0.005408
222.3515625, 0.172547
222.381591796875, -0.071198
222.41162109375, 0.088978
222.441650390625, 0.102906
222.4716796875, 0.019336
222.501708984375, 0.158619
222.53173828125, 0.047193
222.561767578125, -0.015484
222.591796875, -0.036377
222.62158203125, 0.047193
222.651611328125, 0.040229
222.681640625, -0.050305
222.711669921875, -0.00852
222.74169921875, -0.029413
222.771728515625, 0.054157
222.8017578125, 0.019336
222.831787109375, 0.054157
222.861572265625, 0.102906
222.8916015625, 0.10987
222.921630859375, 0.075049
222.95166015625, 0.061121
222.981689453125, 0.054157
223.01171875, 0.088978
223.041748046875, 0.137727
223.07177734375, -0.029413
223.101806640625, -0.071198
223.131591796875, -0.196552
223.16162109375, 0.061121
223.191650390625, -0.071198
223.2216796875, 0.033265
223.251708984375, -0.022449
223.28173828125, -0.078162
223.311767578125, 0.040229
223.341796875, -0.078162
223.37158203125, -0.001556
223.401611328125, 0.068085
223.431640625, 0.0263
223.461669921875, 0.0263
223.49169921875, 0.116834
223.521728515625, -0.015484
223.5517578125, 0.0263
223.581787109375, 0.012372
223.611572265625, 0.068085
223.6416015625, 0.075049
223.671630859375, 0.075049
223.70166015625, -0.050305
223.731689453125, -0.022449
223.76171875, 0.012372
223.791748046875, -0.022449
223.82177734375, 0.061121
223.851806640625, 0.0263
223.881591796875, -0.119947
223.91162109375, 0.005408
223.941650390625, -0.022449
223.9716796875, 0.019336
224.001708984375, 0.040229
224.03173828125, 0.102906
224.061767578125, -0.001556
224.091796875, -0.071198
224.12158203125, 0.0263
224.151611328125, -0.071198
224.181640625, -0.196552
224.211669921875, 0.068085
224.24169921875, 0.116834
224.271728515625, -0.071198
224.3017578125, 0.012372
224.331787109375, 0.10987
224.36181640625, -0.085126
224.3916015625, 0.088978
224.421630859375, -0.029413
224.45166015625, 0.082014
224.481689453125, -0.001556
224.51171875, 0.116834
224.541748046875, 0.061121
224.57177734375, -0.015484
224.601806640625, 0.068085
224.631591796875, -0.085126
224.66162109375, 0.047193
224.691650390625, -0.064233
224.7216796875, 0.075049
224.751708984375, 0.061121
224.78173828125, 0.012372
224.811767578125, 0.054157
224.841796875, 0.054157
224.87158203125, -0.085126
224.901611328125, 0.19344
224.931640625, -0.001556
224.961669921875, -0.00852
224.99169921875, -0.015484
225.021728515625, 0.005408
225.0517578125, -0.036377
225.081787109375, 0.123798
225.11181640625, 0.047193
225.1416015625, -0.106018
225.171630859375, -0.057269
225.20166015625, -0.029413
225.231689453125, -0.09209
225.26171875, -0.057269
225.291748046875, -0.015484
225.32177734375, 0.116834
225.351806640625, -0.112982
225.381591796875, -0.015484
225.41162109375, 0.061121
225.441650390625, 0.123798
225.4716796875, -0.001556
225.501708984375, -0.154767
225.53173828125, 0.047193
225.561767578125, -0.043341
225.591796875, -0.099054
225.621826171875, 0.019336
225.651611328125, 0.061121
225.681640625, 0.0263
225.711669921875, 0.0263
225.74169921875, 0.033265
225.771728515625, 0.047193
225.8017578125, 0.116834
225.831787109375, -0.043341
225.86181640625, -0.00852
225.8916015625, -0.015484
225.921630859375, 0.054157
225.95166015625, 0.040229
225.981689453125, -0.112982
226.01171875, 0.0263
226.041748046875, 0.054157
226.07177734375, 0.061121
226.101806640625, -0.022449
226.1318359375, -0.029413
226.16162109375, -0.050305
226.191650390625, -0.001556
226.2216796875, 0.047193
226.251708984375, 0.047193
226.28173828125, 0.0263
226.311767578125, 0.144691
226.341796875, 0.207368
226.371826171875, -0.043341
226.401611328125, 0.019336
226.431640625, 0.172547
226.461669921875, -0.015484
226.49169921875, -0.043341
226.521728515625, 0.130762
226.5517578125, -0.022449
226.581787109375, -0.078162
226.61181640625, 0.116834
226.6416015625, 0.040229
226.671630859375, -0.001556
226.70166015625, 0.054157
226.731689453125, 0.012372
226.76171875, 0.012372
226.791748046875, -0.00852
226.82177734375, 0.116834
226.851806640625, -0.106018
226.8818359375, 0.012372
226.91162109375, 0.054157
226.941650390625, 0.075049
226.9716796875, 0.102906
227.001708984375, 0.019336
227.03173828125, 0.040229
227.061767578125, 0.130762
227.091796875, 0.054157
227.121826171875, 0.200404
227.151611328125, 0.019336
227.181640625, -0.029413
227.211669921875, -0.161731
227.24169921875, 0.040229
227.271728515625, 0.012372
227.3017578125, -0.00852
227.331787109375, -0.015484
227.36181640625, -0.147803
227.391845703125, -0.071198
227.421630859375, 0.012372
227.45166015625, 0.033265
227.481689453125, -0.189588
227.51171875, -0.050305
227.541748046875, 0.151655
227.57177734375, 0.082014
227.601806640625, -0.071198
227.6318359375, -0.029413
227.66162109375, -0.085126
227.691650390625, -0.015484
227.7216796875, 0.054157
227.751708984375, 0.137727
227.78173828125, -0.001556
227.811767578125, 0.137727
227.841796875, -0.112982
227.871826171875, -0.078162
227.901611328125, 0.102906
227.931640625, 0.012372
227.961669921875, 0.040229
227.99169921875, -0.022449
228.021728515625, 0.088978
228.0517578125, -0.050305
228.081787109375, -0.050305
228.11181640625, 0.061121
228.141845703125, 0.054157
228.171630859375, 0.151655
228.20166015625, -0.050305
228.231689453125, 0.054157
228.26171875, 0.102906
228.291748046875, -0.029413
228.32177734375, 0.012372
228.351806640625, -0.00852
228.3818359375, 0.123798
228.41162109375, 0.054157
228.441650390625, -0.043341
228.4716796875, -0.064233
228.501708984375, 0.116834
228.53173828125, 0.019336
228.561767578125, -0.022449
228.591796875, -0.140839
228.621826171875, 0.033265
228.65185546875, 0.116834
228.681640625, 0.075049
228.711669921875, -0.154767
228.74169921875, -0.015484
228.771728515625, -0.029413
228.8017578125, 0.075049
228.831787109375, 0.10987
228.86181640625, 0.151655
228.891845703125, -0.099054
228.921630859375, -0.050305
228.95166015625, 0.005408
228.981689453125, -0.09209
229.01171875, 0.054157
229.041748046875, -0.057269
229.07177734375, 0.186476
229.101806640625, 0.005408
229.1318359375, 0.10987
229.161865234375, -0.057269
229.191650390625, 0.005408
229.2216796875, 0.158619
229.251708984375, 0.221296
229.28173828125, 0.095942
229.311767578125, -0.029413
229.341796875, -0.064233
229.371826171875, -0.029413
229.40185546875, -0.043341
229.431640625, 0.172547
229.461669921875, -0.057269
229.49169921875, 0.061121
229.521728515625, -0.050305
229.5517578125, -0.00852
229.581787109375, 0.075049
229.61181640625, -0.022449
229.641845703125, -0.001556
229.671630859375, -0.022449
229.70166015625, -0.112982
229.731689453125, 0.10987
229.76171875, -0.043341
229.791748046875, 0.054157
229.82177734375, 0.019336
229.851806640625, 0.047193
229.8818359375, -0.00852
229.911865234375, 0.095942
229.941650390625, -0.022449
229.9716796875, 0.116834
230.001708984375, 0.033265
230.03173828125, -0.015484
230.061767578125, 0.019336
230.091796875, -0.036377
230.121826171875, 0.075049
230.15185546875, 0.012372
230.181640625, 0.068085
230.211669921875, 0.061121
230.24169921875, 0.088978
230.271728515625, 0.040229
230.3017578125, 0.075049
230.331787109375, 0.130762
230.36181640625, 0.012372
230.391845703125, -0.036377
230.421875, 0.019336
230.45166015625, 0.061121
230.481689453125, -0.022449
230.51171875, -0.099054
230.541748046875, -0.022449
230.57177734375, 0.047193
230.601806640625, 0.082014
230.6318359375, -0.036377
230.661865234375, 0.144691
230.691650390625, 0.0263
230.7216796875, 0.082014
230.751708984375, -0.078162
230.78173828125, -0.140839
230.811767578125, 0.130762
230.841796875, 0.033265
230.871826171875, 0.040229
230.90185546875, 0.068085
230.931884765625, 0.061121
230.961669921875, -0.078162
230.99169921875, -0.00852
231.021728515625, -0.071198
231.0517578125, -0.050305
231.081787109375, 0.012372
231.11181640625, -0.064233
231.141845703125, -0.057269
231.171875, -0.00852
231.20166015625, -0.029413
231.231689453125, 0.040229
231.26171875, 0.033265
231.291748046875, 0.130762
231.32177734375, 0.061121
231.351806640625, -0.015484
231.3818359375, -0.064233
231.411865234375, -0.00852
231.441650390625, 0.068085
231.4716796875, -0.015484
231.501708984375, 0.054157
231.53173828125, 0.012372
231.561767578125, 0.012372
231.591796875, -0.057269
231.621826171875, 0.054157
231.65185546875, 0.054157
231.681884765625, 0.033265
231.711669921875, 0.040229
231.74169921875, 0.082014
231.771728515625, 0.040229
231.8017578125, -0.015484
231.831787109375, -0.064233
231.86181640625, -0.099054
231.891845703125, 0.075049
231.921875, 0.10987
231.95166015625, 0.005408
231.981689453125, -0.036377
232.01171875, -0.057269
232.041748046875, -0.015484
232.07177734375, -0.119947
232.101806640625, -0.057269
232.1318359375, 0.054157
232.161865234375, -0.140839
232.19189453125, 0.082014
232.2216796875, 0.040229
232.251708984375, 0.102906
232.28173828125, 0.040229
232.311767578125, -0.036377
232.341796875, -0.106018
232.371826171875, 0.047193
232.40185546875, 0.040229
232.431884765625, 0.019336
232.461669921875, 0.012372
232.49169921875, 0.040229
232.521728515625, 0.075049
232.5517578125, 0.040229
232.581787109375, 0.123798
232.61181640625, 0.102906
232.641845703125, -0.001556
232.671875, 0.088978
232.70166015625, -0.036377
232.731689453125, 0.040229
232.76171875, -0.015484
232.791748046875, 0.061121
232.82177734375, -0.078162
232.851806640625, -0.015484
232.8818359375, 0.033265
232.911865234375, 0.005408
232.94189453125, -0.085126
232.9716796875, 0.088978
233.001708984375, 0.040229
233.03173828125, -0.071198
233.061767578125, 0.005408
233.091796875, 0.068085
233.121826171875, 0.0263
233.15185546875, -0.071198
233.181884765625, 0.200404
233.211669921875, -0.036377
233.24169921875, -0.022449
233.271728515625, 0.0263
233.3017578125, 0.075049
233.331787109375, -0.001556
233.36181640625, -0.015484
233.391845703125, 0.179511
233.421875, -0.119947
233.451904296875, 0.165583
233.481689453125, 0.019336
233.51171875, -0.015484
233.541748046875, 0.068085
233.57177734375, 0.102906
233.601806640625, 0.040229
233.6318359375, -0.057269
233.661865234375, 0.033265
233.69189453125, -0.015484
233.7216796875, 0.116834
233.751708984375, 0.102906
233.78173828125, 0.075049
233.811767578125, 0.047193
233.841796875, 0.082014
233.871826171875, -0.001556
233.90185546875, 0.005408
233.931884765625, 0.033265
233.9619140625, 0.019336
233.99169921875, -0.029413
234.021728515625, 0.033265
234.0517578125, -0.029413
234.081787109375, -0.022449
234.11181640625, 0.033265
234.141845703125, -0.09209
234.171875, 0.151655
234.201904296875, -0.050305
234.231689453125, -0.029413
234.26171875, 0.123798
234.291748046875, -0.057269
234.32177734375, 0.144691
234.351806640625, 0.040229
234.3818359375, 0.0263
234.411865234375, -0.064233
234.44189453125, -0.029413
234.4716796875, 0.075049
234.501708984375, 0.130762
234.53173828125, 0.033265
234.561767578125, 0.012372
234.591796875, -0.064233
234.621826171875, 0.019336
234.65185546875, 0.186476
234.681884765625, 0.019336
234.7119140625, 0.019336
234.74169921875, 0.068085
234.771728515625, 0.235225
234.8017578125, -0.057269
234.831787109375, 0.019336
234.86181640625, 0.082014
234.891845703125, -0.00852
234.921875, -0.015484
234.951904296875, -0.050305
234.981689453125, 0.088978
235.01171875, -0.071198
235.041748046875, 0.012372
235.07177734375, -0.001556
235.101806640625, -0.00852
235.1318359375, 0.130762
235.161865234375, 0.172547
235.19189453125, 0.068085
235.221923828125, 0.061121
235.251708984375, 0.061121
235.28173828125, 0.088978
235.311767578125, -0.00852
235.341796875, 0.033265
235.371826171875, -0.036377
235.40185546875, -0.00852
235.431884765625, 0.116834
235.4619140625, 0.005408
235.49169921875, -0.022449
235.521728515625, 0.123798
235.5517578125, 0.040229
235.581787109375, 0.179511
235.61181640625, -0.057269
235.641845703125, 0.005408
235.671875, 0.012372
235.701904296875, 0.179511
235.731689453125, 0.061121
235.76171875, 0.061121
235.791748046875, -0.057269
235.82177734375, 0.005408
235.851806640625, 0.040229
235.8818359375, 0.082014
235.911865234375, 0.012372
235.94189453125, -0.050305
235.971923828125, -0.043341
236.001708984375, 0.019336
236.03173828125, -0.09209
236.061767578125, -0.022449
236.091796875, -0.043341
236.121826171875, 0.165583
236.15185546875, 0.047193
236.181884765625, 0.082014
236.2119140625, 0.256117
236.24169921875, -0.057269
236.271728515625, 0.005408
236.3017578125, -0.001556
236.331787109375, -0.001556
236.36181640625, 0.0263
236.391845703125, 0.047193
236.421875, 0.019336
236.451904296875, 0.047193
236.48193359375, -0.064233
236.51171875, 0.012372
236.541748046875, -0.043341
236.57177734375, -0.043341
236.601806640625, -0.064233
236.6318359375, 0.033265
236.661865234375, -0.022449
236.69189453125, 0.012372
236.721923828125, 0.012372
236.751708984375, -0.099054
236.78173828125, 0.214332
236.811767578125, 0.144691
236.841796875, -0.126911
236.871826171875, -0.106018
236.90185546875, -0.050305
236.931884765625, 0.088978
236.9619140625, 0.012372
236.991943359375, 0.179511
237.021728515625, -0.036377
237.0517578125, 0.019336
237.081787109375, 0.005408
237.11181640625, 0.130762
237.141845703125, 0.068085
237.171875, 0.179511
237.201904296875, 0.172547
237.23193359375, -0.071198
237.26171875, 0.088978
237.291748046875, 0.123798
237.32177734375, 0.0263
237.351806640625, 0.047193
237.3818359375, -0.119947
237.411865234375, -0.147803
237.44189453125, -0.106018
237.471923828125, -0.085126
237.501708984375, -0.001556
237.53173828125, -0.057269
237.561767578125, 0.068085
237.591796875, -0.036377
237.621826171875, 0.047193
237.65185546875, 0.075049
237.681884765625, 0.047193
237.7119140625, 0.068085
237.741943359375, 0.054157
237.771728515625, -0.099054
237.8017578125, -0.112982
237.831787109375, 0.075049
237.86181640625, -0.043341
237.891845703125, 0.005408
237.921875, 0.054157
237.951904296875, -0.085126
237.98193359375, 0.137727
238.01171875, -0.00852
238.041748046875, -0.043341
238.07177734375, 0.054157
238.101806640625, 0.068085
238.1318359375, -0.022449
238.161865234375, -0.029413
238.19189453125, 0.116834
238.221923828125, -0.015484
238.251953125, 0.047193
238.28173828125, 0.10987
238.311767578125, 0.068085
238.341796875, 0.165583
238.371826171875, 0.068085
238.40185546875, 0.033265
238.431884765625, 0.005408
238.4619140625, 0.005408
238.491943359375, 0.040229
238.521728515625, 0.095942
238.5517578125, 0.054157
238.581787109375, 0.054157
238.61181640625, 0.200404
238.641845703125, 0.012372
238.671875, 0.040229
238.701904296875, -0.126911
238.73193359375, -0.050305
238.761962890625, 0.116834
238.791748046875, -0.029413
238.82177734375, 0.068085
238.851806640625, -0.071198
238.8818359375, -0.099054
238.911865234375, 0.047193
238.94189453125, -0.057269
238.971923828125, -0.057269
239.001953125, 0.0263
239.03173828125, 0.040229
239.061767578125, -0.00852
239.091796875, -0.085126
239.121826171875, 0.012372
239.15185546875, 0.102906
239.181884765625, 0.165583
239.2119140625, -0.015484
239.241943359375, 0.123798
239.271728515625, 0.068085
239.3017578125, 0.130762
239.331787109375, -0.022449
239.36181640625, 0.061121
239.391845703125, -0.050305
239.421875, -0.050305
239.451904296875, -0.099054
239.48193359375, 0.095942
239.511962890625, 0.019336
239.541748046875, 0.047193
239.57177734375, 0.033265
239.601806640625, 0.0263
239.6318359375, -0.09209
239.661865234375, -0.106018
239.69189453125, -0.015484
239.721923828125, 0.102906
239.751953125, -0.071198
239.78173828125, 0.033265
239.811767578125, -0.071198
239.841796875, -0.015484
239.871826171875, -0.043341
239.90185546875, 0.019336
239.931884765625, 0.082014
239.9619140625, -0.043341
239.991943359375, 0.165583
240.02197265625, 0.068085
240.0517578125, 0.005408
240.081787109375, 0.012372
240.11181640625, -0.015484
240.141845703125, -0.057269
240.171875, -0.043341
240.201904296875, -0.00852
240.23193359375, -0.064233
240.261962890625, -0.09209
240.291748046875, -0.022449
240.32177734375, 0.005408
240.351806640625, -0.036377
240.3818359375, 0.019336
240.411865234375, 0.158619
240.44189453125, 0.019336
240.471923828125, 0.012372
240.501953125, -0.036377
240.53173828125, 0.0263
240.561767578125, -0.022449
240.591796875, 0.061121
240.621826171875, 0.054157
240.65185546875, -0.106018
240.681884765625, -0.043341
240.7119140625, 0.005408
240.741943359375, -0.015484
240.77197265625, -0.078162
240.8017578125, 0.088978
240.831787109375, -0.001556
240.86181640625, -0.050305
240.891845703125, 0.0263
240.921875, 0.005408
240.951904296875, 0.116834
240.98193359375, 0.123798
241.011962890625, -0.001556
241.041748046875, 0.047193
241.07177734375, -0.133875
241.101806640625, -0.001556
241.1318359375, 0.005408
241.161865234375, -0.029413
241.19189453125, -0.057269
241.221923828125, 0.130762
241.251953125, 0.054157
241.281982421875, -0.029413
241.311767578125, 0.019336
241.341796875, 0.054157
241.371826171875, 0.068085
241.40185546875, 0.005408
241.431884765625, 0.0263
241.4619140625, 0.165583
241.491943359375, 0.179511
241.52197265625, -0.057269
241.5517578125, -0.154767
241.581787109375, -0.015484
241.61181640625, -0.078162
241.641845703125, 0.019336
241.671875, 0.116834
241.701904296875, 0.054157
241.73193359375, -0.09209
241.761962890625, 0.151655
241.7919921875, -0.00852
241.82177734375, 0.005408
241.851806640625, -0.126911
241.8818359375, -0.001556
241.911865234375, -0.043341
241.94189453125, -0.036377
241.971923828125, -0.029413
242.001953125, -0.029413
242.031982421875, 0.082014
242.061767578125, -0.09209
242.091796875, -0.029413
242.121826171875, -0.050305
242.15185546875, -0.015484
242.181884765625, -0.036377
242.2119140625, 0.088978
242.241943359375, 0.033265
242.27197265625, 0.10987
242.3017578125, 0.158619
242.331787109375, 0.040229
242.36181640625, -0.071198
242.391845703125, -0.036377
242.421875, -0.09209
242.451904296875, -0.00852
242.48193359375, 0.075049
242.511962890625, -0.036377
242.5419921875, 0.068085
242.57177734375, 0.116834
242.601806640625, -0.00852
242.6318359375, -0.001556
242.661865234375, 0.061121
242.69189453125, -0.112982
242.721923828125, 0.172547
242.751953125, 0.10987
242.781982421875, 0.095942
242.811767578125, -0.015484
242.841796875, -0.064233
242.871826171875, 0.158619
242.90185546875, -0.015484
242.931884765625, 0.005408
242.9619140625, 0.068085
242.991943359375, -0.064233
243.02197265625, 0.033265
243.052001953125, 0.033265
243.081787109375, -0.043341
243.11181640625, -0.043341
243.141845703125, -0.112982
243.171875, 0.095942
243.201904296875, 0.012372
243.23193359375, -0.112982
243.261962890625, -0.106018
243.2919921875, 0.082014
243.32177734375, 0.137727
243.351806640625, 0.005408
243.3818359375, 0.068085
243.411865234375, 0.075049
243.44189453125, 0.0263
243.471923828125, -0.001556
243.501953125, 0.075049
243.531982421875, 0.137727
243.561767578125, 0.047193
243.591796875, 0.088978
243.621826171875, -0.00852
243.65185546875, 0.0263
243.681884765625, -0.071198
243.7119140625, 0.033265
243.741943359375, 0.151655
243.77197265625, -0.001556
243.802001953125, 0.095942
243.831787109375, -0.029413
243.86181640625, 0.0263
243.891845703125, 0.054157
243.921875, 0.123798
243.951904296875, 0.075049
243.98193359375, -0.029413
244.011962890625, 0.012372
244.0419921875, 0.019336
244.07177734375, 0.068085
244.101806640625, 0.012372
244.1318359375, -0.078162
244.161865234375, 0.040229
244.19189453125, 0.012372
244.221923828125, 0.047193
244.251953125, -0.043341
244.281982421875, 0.075049
244.31201171875, 0.102906
244.341796875, 0.137727
244.371826171875, -0.015484
244.40185546875, 0.068085
244.431884765625, 0.012372
244.4619140625, 0.151655
244.491943359375, -0.001556
244.52197265625, 0.116834
244.552001953125, 0.088978
244.581787109375, -0.126911
244.61181640625, -0.154767
244.641845703125, -0.09209
244.671875, -0.133875
244.701904296875, -0.064233
244.73193359375, -0.112982
244.761962890625, -0.001556
244.7919921875, -0.001556
244.822021484375, -0.001556
244.851806640625, -0.00852
244.8818359375, 0.005408
244.911865234375, -0.001556
244.94189453125, 0.068085
244.971923828125, -0.00852
245.001953125, 0.095942
245.031982421875, 0.172547
245.06201171875, 0.068085
245.091796875, 0.102906
245.121826171875, -0.001556
245.15185546875, 0.10987
245.181884765625, 0.082014
245.2119140625, 0.047193
245.241943359375, 0.102906
245.27197265625, 0.068085
245.302001953125, 0.068085
245.331787109375, -0.071198
245.36181640625, -0.043341
245.391845703125, 0.130762
245.421875, -0.071198
245.451904296875, -0.057269
245.48193359375, -0.022449
245.511962890625, -0.036377
245.537353515625, 0.019336
245.5673828125, -0.161731
245.597412109375, 0.054157
245.62744140625, -0.022449
245.657470703125, 0.116834
245.687255859375, -0.071198
245.71728515625, -0.022449
245.747314453125, -0.00852
245.77734375, 0.047193
245.807373046875, -0.043341
245.83740234375, -0.036377
245.867431640625, -0.00852
245.8974609375, 0.200404
245.92724609375, 0.047193
245.957275390625, 0.040229
245.9873046875, -0.036377
246.017333984375, -0.099054
246.04736328125, 0.012372
246.077392578125, 0.088978
246.107421875, 0.102906
246.137451171875, 0.088978
246.16748046875, 0.0263
246.197265625, 0.033265
246.227294921875, 0.102906
246.25732421875, -0.078162
246.287353515625, 0.068085
246.3173828125, 0.033265
246.347412109375, 0.040229
246.37744140625, 0.033265
246.407470703125, 0.137727
246.437255859375, 0.10987
246.46728515625, 0.061121
246.497314453125, 0.033265
246.52734375, -0.001556
246.557373046875, 0.047193
246.58740234375, -0.001556
246.617431640625, -0.050305
246.6474609375, 0.047193
246.67724609375, 0.075049
246.707275390625, 0.054157
246.7373046875, 0.054157
246.767333984375, -0.057269
246.79736328125, -0.00852
246.827392578125, -0.015484
246.857421875, -0.043341
246.887451171875, -0.029413
246.91748046875, 0.10987
246.947265625, -0.001556
246.977294921875, -0.022449
247.00732421875, 0.054157
247.037353515625, 0.012372
247.0673828125, 0.088978
247.097412109375, 0.095942
247.12744140625, 0.047193
247.157470703125, 0.0263
247.187255859375, 0.0263
247.21728515625, 0.068085
247.247314453125, 0.144691
247.27734375, -0.00852
247.307373046875, 0.10987
247.33740234375, -0.022449
247.367431640625, -0.043341
247.3974609375, 0.054157
247.427490234375, 0.012372
247.457275390625, 0.0263
247.4873046875, 0.061121
247.517333984375, -0.043341
247.54736328125, 0.047193
247.577392578125, -0.029413
247.607421875, 0.019336
247.637451171875, -0.015484
247.66748046875, 0.033265
247.697265625, -0.078162
247.727294921875, -0.050305
247.75732421875, 0.005408
247.787353515625, 0.054157
247.8173828125, 0.047193
247.847412109375, 0.033265
247.87744140625, 0.033265
247.907470703125, 0.0263
247.937255859375, 0.088978
247.96728515625, 0.005408
247.997314453125, 0.019336
248.02734375, -0.043341
248.057373046875, 0.054157
248.08740234375, 0.040229
248.117431640625, 0.158619
248.1474609375, 0.088978
248.177490234375, 0.130762
248.207275390625, 0.054157
248.2373046875, 0.123798
248.267333984375, 0.151655
248.29736328125, -0.036377
248.327392578125, -0.168695
248.357421875, 0.040229
248.387451171875, -0.001556
248.41748046875, 0.130762
248.447265625, 0.033265
248.477294921875, -0.036377
248.50732421875, 0.047193
248.537353515625, 0.047193
248.5673828125, -0.057269
248.597412109375, 0.061121
248.62744140625, -0.015484
248.657470703125, 0.047193
248.6875, -0.09209
248.71728515625, 0.068085
248.747314453125, -0.147803
248.77734375, 0.054157
248.807373046875, 0.012372
248.83740234375, 0.005408
248.867431640625, -0.140839
248.8974609375, -0.036377
248.927490234375, 0.102906
248.957275390625, 0.179511
248.9873046875, 0.10987
249.017333984375, 0.088978
249.04736328125, 0.061121
249.077392578125, 0.019336
249.107421875, -0.057269
249.137451171875, 0.075049
249.16748046875, -0.071198
249.197509765625, 0.123798
249.227294921875, 0.061121
249.25732421875, 0.130762
249.287353515625, 0.082014
249.3173828125, 0.116834
249.347412109375, 0.137727
249.37744140625, 0.172547
249.407470703125, 0.10987
249.4375, -0.015484
249.46728515625, 0.082014
249.497314453125, 0.0263
249.52734375, -0.057269
249.557373046875, -0.106018
249.58740234375, 0.186476
249.617431640625, 0.102906
249.6474609375, -0.099054
249.677490234375, -0.064233
249.707275390625, 0.068085
249.7373046875, -0.133875
249.767333984375, -0.022449
249.79736328125, 0.137727
249.827392578125, 0.005408
249.857421875, -0.015484
249.887451171875, 0.116834
249.91748046875, 0.012372
249.947509765625, 0.068085
249.977294921875, -0.022449
250.00732421875, 0.005408
250.037353515625, -0.196552
250.0673828125, -0.064233
250.097412109375, 0.151655
250.12744140625, 0.061121
250.157470703125, 0.040229
250.1875, 0.019336
250.21728515625, 0.082014
250.247314453125, -0.029413
250.27734375, 0.082014
250.307373046875, -0.099054
250.33740234375, 0.075049
250.367431640625, 0.200404
250.3974609375, 0.082014
250.427490234375, 0.137727
250.45751953125, 0.082014
250.4873046875, 0.033265
250.517333984375, 0.054157
250.54736328125, 0.005408
250.577392578125, 0.019336
250.607421875, 0.137727
250.637451171875, 0.047193
250.66748046875, -0.085126
250.697509765625, -0.001556
250.727294921875, 0.130762
250.75732421875, -0.071198
250.787353515625, -0.099054
250.8173828125, -0.057269
250.847412109375, -0.001556
250.87744140625, 0.054157
250.907470703125, 0.137727
250.9375, 0.047193
250.967529296875, 0.068085
250.997314453125, -0.00852
251.02734375, -0.078162
251.057373046875, -0.00852
251.08740234375, -0.064233
251.117431640625, -0.050305
251.1474609375, 0.088978
251.177490234375, 0.186476
251.20751953125, -0.001556
251.2373046875, 0.005408
251.267333984375, -0.057269
251.29736328125, -0.001556
251.327392578125, 0.019336
251.357421875, 0.054157
251.387451171875, -0.057269
251.41748046875, -0.022449
251.447509765625, -0.099054
251.477294921875, 0.075049
251.50732421875, 0.0263
251.537353515625, -0.00852
251.5673828125, -0.029413
251.597412109375, 0.012372
251.62744140625, 0.095942
251.657470703125, -0.001556
251.6875, -0.043341
251.717529296875, -0.015484
251.747314453125, -0.015484
251.77734375, -0.140839
251.807373046875, 0.047193
251.83740234375, 0.068085
251.867431640625, -0.015484
251.8974609375, 0.012372
251.927490234375, 0.061121
251.95751953125, 0.068085
251.9873046875, 0.019336
252.017333984375, -0.064233
252.04736328125, 0.047193
252.077392578125, -0.043341
252.107421875, -0.112982
252.137451171875, 0.012372
252.16748046875, -0.064233
252.197509765625, 0.054157
252.2275390625, 0.068085
252.25732421875, -0.099054
252.287353515625, -0.119947
252.3173828125, -0.112982
252.347412109375, 0.116834
252.37744140625, 0.040229
252.407470703125, -0.00852
252.4375, 0.033265
252.467529296875, -0.015484
252.497314453125, -0.133875
252.52734375, -0.071198
252.557373046875, 0.068085
252.58740234375, -0.00852
252.617431640625, -0.050305
252.6474609375, -0.099054
252.677490234375, 0.068085
252.70751953125, -0.015484
252.7373046875, 0.186476
252.767333984375, -0.140839
252.79736328125, 0.033265
252.827392578125, -0.085126
252.857421875, -0.022449
252.887451171875, -0.036377
252.91748046875, -0.119947
252.947509765625, -0.106018
252.9775390625, 0.075049
253.00732421875, -0.00852
253.037353515625, 0.012372
253.0673828125, 0.033265
253.097412109375, -0.022449
253.12744140625, -0.043341
253.157470703125, -0.036377
253.1875, -0.001556
253.217529296875, 0.012372
253.247314453125, -0.071198
253.27734375, 0.095942
253.307373046875, -0.099054
253.33740234375, 0.047193
253.367431640625, -0.029413
253.3974609375, 0.019336
253.427490234375, -0.071198
253.45751953125, 0.061121
253.487548828125, -0.085126
253.517333984375, -0.00852
253.54736328125, 0.082014
253.577392578125, 0.012372
253.607421875, -0.022449
253.637451171875, 0.0263
253.66748046875, 0.068085
253.697509765625, 0.012372
253.7275390625, 0.068085
253.75732421875, -0.043341
253.787353515625, -0.00852
253.8173828125, -0.085126
253.847412109375, 0.088978
253.87744140625, 0.116834
253.907470703125, 0.033265
253.9375, 0.040229
253.967529296875, -0.126911
253.99755859375, 0.10987
254.02734375, 0.019336
254.057373046875, 0.200404
254.08740234375, 0.047193
254.117431640625, 0.075049
254.1474609375, -0.085126
254.177490234375, -0.015484
254.20751953125, 0.130762
254.237548828125, 0.033265
254.267333984375, 0.019336
254.29736328125, -0.015484
254.327392578125, 0.102906
254.357421875, 0.123798
254.387451171875, 0.116834
254.41748046875, -0.001556
254.447509765625, -0.022449
254.4775390625, -0.043341
254.50732421875, -0.057269
254.537353515625, 0.047193
254.5673828125, 0.012372
254.597412109375, 0.047193
254.62744140625, 0.033265
254.657470703125, -0.022449
254.6875, -0.085126
254.717529296875, -0.029413
254.74755859375, 0.082014
254.77734375, 0.0263
254.807373046875, 0.088978
254.83740234375, 0.0263
254.867431640625, 0.082014
254.8974609375, -0.078162
254.927490234375, -0.022449
254.95751953125, 0.012372
254.987548828125, -0.071198
255.017333984375, -0.00852
255.04736328125, 0.005408
255.077392578125, -0.133875
255.107421875, -0.043341
255.137451171875, -0.050305
255.16748046875, 0.047193
255.197509765625, 0.082014
255.2275390625, -0.217444
255.257568359375, 0.158619
255.287353515625, -0.071198
255.3173828125, 0.005408
255.347412109375, -0.064233
255.37744140625, 0.102906
255.407470703125, 0.054157
255.4375, 0.033265
255.467529296875, -0.022449
255.49755859375, 0.033265
255.52734375, 0.061121
255.557373046875, 0.054157
255.58740234375, 0.144691
255.617431640625, -0.022449
255.6474609375, 0.137727
255.677490234375, 0.054157
255.70751953125, 0.012372
255.737548828125, -0.064233
255.767333984375, 0.019336
255.79736328125, -0.015484
255.827392578125, -0.022449
255.857421875, -0.029413
255.887451171875, 0.061121
255.91748046875, -0.029413
255.947509765625, -0.050305
255.9775390625, -0.099054
256.007568359375, 0.082014
256.037353515625, 0.082014
256.0673828125, -0.00852
256.097412109375, 0.242189
256.12744140625, -0.064233
256.157470703125, 0.019336
256.1875, 0.116834
256.217529296875, 0.082014
256.24755859375, -0.071198
256.27734375, 0.019336
256.307373046875, 0.082014
256.33740234375, 0.075049
256.367431640625, -0.057269
256.3974609375, 0.054157
256.427490234375, -0.036377
256.45751953125, -0.057269
256.487548828125, 0.005408
256.517578125, 0.116834
256.54736328125, 0.19344
256.577392578125, -0.085126
256.607421875, -0.00852
256.637451171875, 0.082014
256.66748046875, 0.012372
256.697509765625, 0.186476
256.7275390625, -0.022449
256.757568359375, 0.061121
256.787353515625, -0.064233
256.8173828125, 0.116834
256.847412109375, 0.012372
256.87744140625, 0.040229
256.907470703125, 0.040229
256.9375, -0.050305
256.967529296875, 0.075049
256.99755859375, 0.0263
257.027587890625, 0.047193
257.057373046875, 0.116834
257.08740234375, 0.019336
257.117431640625, -0.036377
257.1474609375, 0.047193
257.177490234375, -0.057269
257.20751953125, 0.068085
257.237548828125, -0.057269
257.267578125, -0.050305
257.29736328125, 0.012372
257.327392578125, 0.005408
257.357421875, 0.054157
257.387451171875, 0.054157
257.41748046875, -0.085126
257.447509765625, 0.033265
257.4775390625, -0.050305
257.507568359375, 0.040229
257.537353515625, -0.078162
257.5673828125, 0.137727
257.597412109375, -0.133875
257.62744140625, 0.0263
257.657470703125, -0.133875
257.6875, -0.022449
257.717529296875, -0.043341
257.74755859375, 0.0263
257.777587890625, 0.005408
257.807373046875, 0.054157
257.83740234375, 0.005408
257.867431640625, -0.00852
257.8974609375, 0.095942
257.927490234375, -0.001556
257.95751953125, -0.022449
257.987548828125, -0.140839
258.017578125, -0.085126
258.04736328125, 0.075049
258.077392578125, -0.078162
258.107421875, -0.071198
258.137451171875, 0.054157
258.16748046875, 0.012372
258.197509765625, 0.012372
258.2275390625, -0.078162
258.257568359375, 0.054157
258.28759765625, 0.068085
258.3173828125, -0.029413
258.347412109375, 0.151655
258.37744140625, 0.130762
258.407470703125, 0.0263
258.4375, 0.0263
258.467529296875, 0.116834
258.49755859375, -0.064233
258.527587890625, -0.015484
258.557373046875, -0.001556
258.58740234375, 0.019336
258.617431640625, -0.001556
258.6474609375, 0.068085
258.677490234375, 0.165583
258.70751953125, 0.054157
258.737548828125, -0.071198
258.767578125, -0.085126
258.797607421875, 0.047193
258.827392578125, -0.154767
258.857421875, 0.012372
258.887451171875, -0.022449
258.91748046875, 0.019336
258.947509765625, 0.054157
258.9775390625, -0.043341
259.007568359375, -0.050305
259.03759765625, 0.0263
259.0673828125, -0.015484
259.097412109375, 0.116834
259.12744140625, 0.068085
259.157470703125, 0.054157
259.1875, 0.005408
259.217529296875, -0.022449
259.24755859375, -0.00852
259.277587890625, 0.082014
259.307373046875, 0.10987
259.33740234375, 0.0263
259.367431640625, 0.005408
259.3974609375, 0.116834
259.427490234375, 0.075049
259.45751953125, 0.068085
259.487548828125, 0.082014
259.517578125, -0.015484
259.547607421875, 0.047193
259.577392578125, 0.040229
259.607421875, 0.033265
259.637451171875, -0.09209
259.66748046875, -0.043341
259.697509765625, 0.040229
259.7275390625, -0.043341
259.757568359375, -0.057269
259.78759765625, 0.012372
259.8173828125, 0.200404
259.847412109375, -0.015484
259.87744140625, -0.071198
259.907470703125, 0.047193
259.9375, -0.001556
259.967529296875, -0.001556
259.99755859375, 0.054157
260.027587890625, 0.102906
260.0576171875, 0.019336
260.08740234375, -0.071198
260.117431640625, 0.061121
260.1474609375, 0.040229
260.177490234375, -0.015484
260.20751953125, 0.005408
260.237548828125, 0.068085
260.267578125, 0.095942
260.297607421875, -0.064233
260.327392578125, 0.054157
260.357421875, -0.043341
260.387451171875, 0.061121
260.41748046875, 0.054157
260.447509765625, 0.088978
260.4775390625, -0.029413
260.507568359375, 0.012372
260.53759765625, -0.036377
260.5673828125, -0.015484
260.597412109375, 0.061121
260.62744140625, -0.057269
260.657470703125, 0.012372
260.6875, 0.040229
260.717529296875, 0.095942
260.74755859375, -0.106018
260.777587890625, 0.249153
260.8076171875, 0.144691
260.83740234375, 0.151655
260.867431640625, -0.043341
260.8974609375, -0.043341
260.927490234375, -0.154767
260.95751953125, 0.144691
260.987548828125, 0.054157
261.017578125, 0.075049
261.047607421875, 0.158619
261.077392578125, 0.0263
261.107421875, 0.0263
261.137451171875, 0.012372
261.16748046875, -0.064233
261.197509765625, 0.040229
261.2275390625, -0.022449
261.257568359375, 0.088978
261.28759765625, 0.088978
261.317626953125, 0.012372
261.347412109375, 0.054157
261.37744140625, -0.050305
261.407470703125, -0.057269
261.4375, 0.068085
261.467529296875, 0.088978
261.49755859375, -0.057269
261.527587890625, -0.09209
261.5576171875, -0.043341
261.58740234375, -0.078162
261.617431640625, 0.040229
261.6474609375, 0.172547
261.677490234375, 0.054157
261.70751953125, 0.095942
261.737548828125, 0.019336
261.767578125, 0.005408
261.797607421875, 0.061121
261.82763671875, 0.137727
261.857421875, -0.022449
261.887451171875, -0.022449
261.91748046875, 0.075049
261.947509765625, -0.050305
261.9775390625, 0.040229
262.007568359375, 0.033265
262.03759765625, 0.012372
262.067626953125, 0.061121
262.097412109375, 0.082014
262.12744140625, 0.116834
262.157470703125, 0.019336
262.1875, -0.050305
262.217529296875, 0.054157
262.24755859375, 0.075049
262.277587890625, 0.102906
262.3076171875, 0.10987
262.33740234375, 0.054157
262.367431640625, -0.015484
262.3974609375, -0.029413
262.427490234375, 0.061121
262.45751953125, -0.126911
262.487548828125, 0.082014
262.517578125, 0.116834
262.547607421875, 0.0263
262.57763671875, 0.088978
262.607421875, 0.019336
262.637451171875, 0.033265
262.66748046875, -0.001556
262.697509765625, 0.068085
262.7275390625, 0.095942
262.757568359375, 0.0263
262.78759765625, 0.040229
262.817626953125, -0.043341
262.847412109375, -0.001556
262.87744140625, 0.102906
262.907470703125, -0.078162
262.9375, -0.078162
262.967529296875, 0.0263
262.99755859375, 0.019336
263.027587890625, -0.001556
263.0576171875, -0.09209
263.087646484375, 0.088978
263.117431640625, 0.061121
263.1474609375, 0.095942
263.177490234375, -0.001556
263.20751953125, 0.040229
263.237548828125, 0.088978
263.267578125, 0.012372
263.297607421875, -0.043341
263.32763671875, 0.10987
263.357421875, -0.022449
263.387451171875, -0.036377
263.41748046875, -0.064233
263.447509765625, 0.165583
263.4775390625, -0.036377
263.507568359375, -0.126911
263.53759765625, 0.054157
263.567626953125, 0.075049
263.597412109375, 0.116834
263.62744140625, 0.179511
263.657470703125, -0.00852
263.6875, 0.047193
263.717529296875, 0.0263
263.74755859375, 0.0263
263.777587890625, -0.015484
263.8076171875, -0.106018
263.837646484375, 0.047193
263.867431640625, 0.012372
263.8974609375, -0.00852
263.927490234375, 0.061121
263.95751953125, -0.106018
263.987548828125, 0.158619
264.017578125, -0.043341
264.047607421875, -0.029413
264.07763671875, 0.054157
264.107421875, 0.012372
264.137451171875, 0.10987
264.16748046875, 0.054157
264.197509765625, -0.036377
264.2275390625, 0.012372
264.257568359375, -0.022449
264.28759765625, 0.123798
264.317626953125, 0.005408
264.34765625, -0.064233
264.37744140625, 0.0263
264.407470703125, -0.064233
264.4375, 0.054157
264.467529296875, -0.00852
264.49755859375, 0.158619
264.527587890625, 0.088978
264.5576171875, 0.165583
264.587646484375, 0.047193
264.617431640625, 0.068085
264.6474609375, -0.043341
264.677490234375, -0.029413
264.70751953125, -0.140839
264.737548828125, -0.022449
264.767578125, 0.200404
264.797607421875, 0.040229
264.82763671875, -0.057269
264.857666015625, -0.064233
264.887451171875, -0.168695
264.91748046875, -0.015484
264.947509765625, 0.075049
264.9775390625, 0.137727
265.007568359375, 0.040229
265.03759765625, 0.040229
265.067626953125, -0.057269
265.09765625, -0.022449
265.12744140625, 0.116834
265.157470703125, 0.102906
265.1875, -0.057269
265.217529296875, 0.068085
265.24755859375, -0.112982
265.277587890625, 0.040229
265.3076171875, 0.012372
265.337646484375, -0.022449
265.367431640625, 0.102906
265.3974609375, 0.151655
265.427490234375, 0.0263
265.45751953125, 0.082014
265.487548828125, -0.022449
265.517578125, 0.102906
265.547607421875, 0.005408
265.57763671875, 0.012372
265.607666015625, 0.012372
265.637451171875, -0.036377
265.66748046875, -0.043341
265.697509765625, -0.036377
265.7275390625, 0.068085
265.757568359375, -0.133875
265.78759765625, 0.061121
265.817626953125, 0.088978
265.84765625, 0.012372
265.87744140625, 0.075049
265.907470703125, -0.085126
265.9375, 0.151655
265.967529296875, 0.061121
265.99755859375, 0.137727
266.027587890625, 0.061121
266.0576171875, 0.102906
266.087646484375, 0.047193
266.11767578125, 0.0263
266.1474609375, -0.057269
266.177490234375, 0.040229
266.20751953125, -0.001556
266.237548828125, 0.0263
266.267578125, -0.099054
266.297607421875, 0.005408
266.32763671875, 0.012372
266.357666015625, 0.047193
266.387451171875, 0.012372
266.41748046875, 0.012372
266.447509765625, 0.095942
266.4775390625, -0.001556
266.507568359375, 0.082014
266.53759765625, -0.099054
266.567626953125, 0.040229
266.59765625, 0.0263
266.627685546875, 0.151655
266.657470703125, 0.123798
266.6875, 0.033265
266.717529296875, -0.00852
266.74755859375, -0.001556
266.777587890625, -0.057269
266.8076171875, -0.00852
266.837646484375, -0.119947
266.86767578125, -0.00852
266.8974609375, 0.033265
266.927490234375, 0.040229
266.95751953125, 0.040229
266.987548828125, -0.112982
267.017578125, 0.10987
267.047607421875, 0.102906
267.07763671875, -0.00852
267.107666015625, -0.057269
267.137451171875, 0.0263
267.16748046875, 0.061121
267.197509765625, -0.064233
267.2275390625, 0.012372
267.257568359375, -0.036377
267.28759765625, 0.047193
267.317626953125, 0.0263
267.34765625, -0.078162
267.377685546875, 0.075049
267.407470703125, -0.036377
267.4375, 0.102906
267.467529296875, 0.061121
267.49755859375, 0.068085
267.527587890625, -0.085126
267.5576171875, 0.012372
267.587646484375, 0.012372
267.61767578125, -0.050305
267.6474609375, 0.033265
267.677490234375, 0.054157
267.70751953125, -0.043341
267.737548828125, 0.102906
267.767578125, -0.001556
267.797607421875, 0.005408
267.82763671875, -0.057269
267.857666015625, 0.0263
267.8876953125, -0.036377
267.91748046875, -0.022449
267.947509765625, 0.088978
267.9775390625, -0.168695
268.007568359375, 0.040229
268.03759765625, -0.022449
268.067626953125, -0.022449
268.09765625, 0.082014
268.127685546875, 0.068085
268.157470703125, 0.012372
268.1875, -0.022449
268.217529296875, 0.130762
268.24755859375, -0.050305
268.277587890625, -0.029413
268.3076171875, 0.019336
268.337646484375, 0.047193
268.36767578125, -0.085126
268.3974609375, -0.001556
268.427490234375, 0.068085
268.45751953125, -0.029413
268.487548828125, 0.102906
268.517578125, 0.040229
268.547607421875, -0.015484
268.57763671875, -0.057269
268.607666015625, 0.068085
268.6376953125, 0.082014
268.66748046875, -0.133875
268.697509765625, -0.022449
268.7275390625, -0.140839
268.757568359375, -0.043341
268.78759765625, 0.054157
268.817626953125, -0.064233
268.84765625, -0.085126
268.877685546875, 0.088978
268.907470703125, -0.119947
268.9375, -0.029413
268.967529296875, 0.061121
268.99755859375, 0.061121
269.027587890625, -0.036377
269.0576171875, -0.050305
269.087646484375, -0.17566
269.11767578125, 0.102906
269.147705078125, 0.165583
269.177490234375, 0.033265
269.20751953125, 0.10987
269.237548828125, -0.057269
269.267578125, -0.078162
269.297607421875, -0.196552
269.32763671875, -0.015484
269.357666015625, 0.158619
269.3876953125, 0.068085
269.41748046875, 0.123798
269.447509765625, 0.0263
269.4775390625, -0.001556
269.507568359375, -0.015484
269.53759765625, 0.151655
269.567626953125, 0.061121
269.59765625, 0.123798
269.627685546875, -0.022449
269.65771484375, 0.012372
269.6875, -0.015484
269.717529296875, -0.099054
269.74755859375, -0.022449
269.777587890625, 0.165583
269.8076171875, 0.075049
269.837646484375, 0.040229
269.86767578125, 0.054157
269.897705078125, -0.00852
269.927490234375, 0.10987
269.95751953125, -0.043341
269.987548828125, 0.068085
270.017578125, 0.061121
270.047607421875, 0.10987
270.07763671875, 0.095942
270.107666015625, 0.102906
270.1376953125, 0.10987
270.16748046875, -0.119947
270.197509765625, -0.029413
270.2275390625, 0.102906
270.257568359375, -0.001556
270.28759765625, -0.106018
270.317626953125, 0.012372
270.34765625, -0.036377
270.377685546875, 0.047193
270.40771484375, 0.102906
270.4375, 0.012372
270.467529296875, -0.001556
270.49755859375, -0.001556
270.527587890625, 0.054157
270.5576171875, 0.137727
270.587646484375, -0.106018
270.61767578125, 0.179511
270.647705078125, -0.015484
270.677490234375, 0.137727
270.70751953125, -0.036377
270.737548828125, 0.151655
270.767578125, -0.085126
270.797607421875, 0.033265
270.82763671875, -0.015484
270.857666015625, 0.019336
270.8876953125, -0.078162
270.917724609375, 0.082014
270.947509765625, 0.047193
270.9775390625, -0.001556
271.007568359375, -0.036377
271.03759765625, 0.012372
271.067626953125, 0.158619
271.09765625, 0.10987
271.127685546875, 0.0263
271.15771484375, 0.102906
271.1875, 0.012372
271.217529296875, 0.123798
271.24755859375, -0.043341
271.277587890625, 0.068085
271.3076171875, 0.082014
271.337646484375, -0.057269
271.36767578125, -0.050305
271.397705078125, 0.061121
271.427734375, 0.054157
271.45751953125, 0.144691
271.487548828125, 0.10987
271.517578125, -0.00852
271.547607421875, -0.085126
271.57763671875, -0.064233
271.607666015625, 0.033265
271.6376953125, -0.106018
271.667724609375, -0.029413
271.697509765625, 0.186476
271.7275390625, 0.033265
271.757568359375, 0.033265
271.78759765625, -0.029413
271.817626953125, 0.019336
271.84765625, 0.033265
271.877685546875, 0.033265
271.90771484375, 0.040229
271.9375, 0.0263
271.967529296875, -0.00852
271.99755859375, -0.071198
272.027587890625, 0.033265
272.0576171875, 0.158619
272.087646484375, 0.10987
272.11767578125, 0.10987
272.147705078125, 0.040229
272.177734375, 0.165583
272.20751953125, -0.001556
272.237548828125, 0.033265
272.267578125, 0.082014
272.297607421875, 0.137727
272.32763671875, -0.022449
272.357666015625, 0.075049
272.3876953125, -0.029413
272.417724609375, -0.043341
272.447509765625, 0.075049
272.4775390625, 0.054157
272.507568359375, -0.022449
272.53759765625, 0.137727
272.567626953125, 0.012372
272.59765625, -0.112982
272.627685546875, -0.00852
272.65771484375, -0.00852
272.687744140625, 0.033265
272.717529296875, 0.0263
272.74755859375, 0.040229
272.777587890625, -0.029413
272.8076171875, 0.005408
272.837646484375, -0.001556
272.86767578125, 0.151655
272.897705078125, 0.095942
272.927734375, 0.10987
272.95751953125, 0.144691
272.987548828125, 0.019336
273.017578125, 0.005408
273.047607421875, 0.144691
273.07763671875, 0.0263
273.107666015625, 0.040229
273.1376953125, 0.0263
273.167724609375, 0.10987
273.197509765625, 0.047193
273.2275390625, 0.040229
273.257568359375, -0.036377
273.28759765625, 0.200404
273.317626953125, -0.036377
273.34765625, 0.054157
273.377685546875, -0.036377
273.40771484375, -0.057269
273.437744140625, -0.112982
273.467529296875, -0.09209
273.49755859375, -0.036377
273.527587890625, -0.001556
273.5576171875, -0.043341
273.587646484375, 0.005408
273.61767578125, -0.057269
273.647705078125, -0.050305
273.677734375, 0.116834
273.70751953125, -0.00852
273.737548828125, 0.019336
273.767578125, -0.00852
273.797607421875, 0.068085
273.82763671875, 0.054157
273.857666015625, -0.112982
273.8876953125, -0.015484
273.917724609375, -0.050305
273.94775390625, -0.001556
273.9775390625, 0.22826
274.007568359375, 0.068085
274.03759765625, 0.040229
274.067626953125, 0.088978
274.09765625, -0.029413
274.127685546875, 0.10987
274.15771484375, 0.047193
274.187744140625, -0.064233
274.217529296875, 0.102906
274.24755859375, 0.061121
274.277587890625, -0.099054
274.3076171875, 0.061121
274.337646484375, 0.082014
274.36767578125, 0.012372
274.397705078125, -0.015484
274.427734375, -0.00852
274.457763671875, -0.015484
274.487548828125, -0.036377
274.517578125, 0.033265
274.547607421875, 0.088978
274.57763671875, 0.144691
274.607666015625, 0.019336
274.6376953125, 0.012372
274.667724609375, 0.047193
274.69775390625, -0.00852
274.7275390625, 0.061121
274.757568359375, -0.036377
274.78759765625, 0.005408
274.817626953125, 0.158619
274.84765625, 0.033265
274.877685546875, 0.0263
274.90771484375, 0.012372
274.937744140625, -0.00852
274.967529296875, -0.036377
274.99755859375, 0.075049
275.027587890625, 0.047193
275.0576171875, -0.09209
275.087646484375, 0.033265
275.11767578125, -0.071198
275.147705078125, 0.061121
275.177734375, -0.085126
275.207763671875, 0.061121
275.237548828125, -0.085126
275.267578125, -0.071198
275.297607421875, -0.064233
275.32763671875, -0.00852
275.357666015625, 0.123798
275.3876953125, 0.137727
275.417724609375, -0.09209
275.44775390625, 0.033265
275.4775390625, 0.005408
275.507568359375, -0.015484
275.53759765625, 0.047193
275.567626953125, -0.00852
275.59765625, 0.033265
275.627685546875, 0.082014
275.65771484375, 0.005408
275.687744140625, 0.040229
275.7177734375, 0.033265
275.74755859375, -0.036377
275.777587890625, 0.033265
275.8076171875, -0.029413
275.837646484375, -0.050305
275.86767578125, -0.043341
275.897705078125, 0.102906
275.927734375, -0.022449
275.957763671875, 0.033265
275.987548828125, 0.061121
276.017578125, -0.09209
276.047607421875, 0.130762
276.07763671875, 0.068085
276.107666015625, 0.165583
276.1376953125, 0.088978
276.167724609375, 0.068085
276.19775390625, 0.144691
276.2275390625, 0.0263
276.257568359375, 0.102906
276.28759765625, 0.068085
276.317626953125, 0.082014
276.34765625, -0.050305
276.377685546875, -0.057269
276.40771484375, 0.186476
276.437744140625, 0.068085
276.4677734375, 0.061121
276.49755859375, 0.151655
276.527587890625, -0.001556
276.5576171875, 0.061121
276.587646484375, 0.061121
276.61767578125, 0.165583
276.647705078125, 0.047193
276.677734375, -0.099054
276.707763671875, -0.071198
276.737548828125, 0.033265
276.767578125, -0.133875
276.797607421875, 0.095942
276.82763671875, -0.078162
276.857666015625, 0.123798
276.8876953125, -0.043341
276.917724609375, 0.061121
276.94775390625, 0.068085
276.977783203125, 0.005408
277.007568359375, -0.154767
277.03759765625, 0.068085
277.067626953125, -0.043341
277.09765625, -0.001556
277.127685546875, 0.068085
277.15771484375, -0.029413
277.187744140625, -0.029413
277.2177734375, 0.033265
277.24755859375, 0.068085
277.277587890625, -0.001556
277.3076171875, 0.005408
277.337646484375, 0.068085
277.36767578125, 0.019336
277.397705078125, 0.061121
277.427734375, -0.050305
277.457763671875, 0.130762
277.48779296875, 0.095942
277.517578125, -0.022449
277.547607421875, 0.075049
277.57763671875, -0.106018
277.607666015625, 0.061121
277.6376953125, 0.047193
277.667724609375, -0.036377
277.69775390625, 0.068085
277.727783203125, 0.005408
277.757568359375, 0.068085
277.78759765625, -0.071198
277.817626953125, 0.0263
277.84765625, 0.075049
277.877685546875, -0.00852
277.90771484375, -0.00852
277.937744140625, 0.061121
277.9677734375, 0.047193
277.99755859375, 0.10987
278.027587890625, -0.071198
278.0576171875, 0.033265
278.087646484375, 0.061121
278.11767578125, 0.068085
278.147705078125, 0.019336
278.177734375, -0.071198
278.207763671875, -0.001556
278.23779296875, 0.054157
278.267578125, 0.005408
278.297607421875, -0.00852
278.32763671875, 0.012372
278.357666015625, -0.119947
278.3876953125, 0.061121
278.417724609375, 0.137727
278.44775390625, 0.012372
278.477783203125, 0.088978
278.507568359375, 0.102906
278.53759765625, -0.001556
278.567626953125, 0.172547
278.59765625, -0.043341
278.627685546875, 0.033265
278.65771484375, 0.005408
278.687744140625, 0.068085
278.7177734375, 0.061121
278.747802734375, -0.085126
278.777587890625, -0.036377
278.8076171875, 0.005408
278.837646484375, 0.095942
278.86767578125, 0.095942
278.897705078125, 0.054157
278.927734375, 0.040229
278.957763671875, 0.0263
278.98779296875, 0.040229
279.017578125, 0.082014
279.047607421875, -0.022449
279.07763671875, 0.040229
279.107666015625, -0.00852
279.1376953125, -0.126911
279.167724609375, -0.071198
279.19775390625, -0.078162
279.227783203125, -0.078162
279.2578125, 0.068085
279.28759765625, 0.102906
279.317626953125, 0.10987
279.34765625, -0.022449
279.377685546875, 0.165583
279.40771484375, -0.00852
279.437744140625, -0.126911
279.4677734375, 0.061121
279.497802734375, -0.00852
279.527587890625, -0.071198
279.5576171875, -0.064233
279.587646484375, 0.088978
279.61767578125, -0.029413
279.647705078125, 0.005408
279.677734375, -0.057269
279.707763671875, 0.082014
279.73779296875, 0.207368
279.767578125, 0.012372
279.797607421875, 0.075049
279.82763671875, -0.022449
279.857666015625, -0.00852
279.8876953125, 0.040229
279.917724609375, 0.040229
279.94775390625, -0.112982
279.977783203125, -0.001556
280.0078125, -0.015484
280.03759765625, 0.0263
280.067626953125, -0.029413
280.09765625, 0.082014
280.127685546875, -0.029413
280.15771484375, -0.036377
280.187744140625, -0.057269
280.2177734375, 0.047193
280.247802734375, 0.005408
280.277587890625, -0.00852
280.3076171875, 0.019336
280.337646484375, 0.040229
280.36767578125, 0.068085
280.397705078125, -0.043341
280.427734375, -0.071198
280.457763671875, 0.054157
280.48779296875, 0.088978
280.517822265625, -0.050305
280.547607421875, 0.137727
280.57763671875, 0.033265
280.607666015625, 0.10987
280.6376953125, -0.001556
280.667724609375, -0.001556
280.69775390625, -0.057269
280.727783203125, 0.082014
280.7578125, 0.137727
280.78759765625, 0.088978
280.817626953125, 0.075049
280.84765625, 0.144691
280.877685546875, 0.075049
280.90771484375, -0.09209
280.937744140625, -0.043341
280.9677734375, 0.0263
280.997802734375, -0.112982
281.027587890625, -0.154767
281.0576171875, 0.005408
281.087646484375, 0.040229
281.11767578125, -0.00852
281.147705078125, 0.075049
281.177734375, -0.029413
281.207763671875, 0.033265
281.23779296875, 0.040229
281.267822265625, 0.172547
281.297607421875, -0.043341
281.32763671875, 0.088978
281.357666015625, -0.015484
281.3876953125, -0.001556
281.417724609375, -0.036377
281.44775390625, -0.057269
281.477783203125, 0.123798
281.5078125, -0.036377
281.53759765625, -0.029413
281.567626953125, 0.061121
281.59765625, 0.005408
281.627685546875, 0.012372
281.65771484375, 0.047193
281.687744140625, -0.00852
281.7177734375, 0.137727
281.747802734375, 0.005408
281.77783203125, -0.036377
281.8076171875, 0.047193
281.837646484375, -0.00852
281.86767578125, 0.0263
281.897705078125, 0.047193
281.927734375, 0.088978
281.957763671875, 0.158619
281.98779296875, -0.00852
282.017822265625, 0.061121
282.047607421875, 0.005408
282.07763671875, -0.043341
282.107666015625, 0.144691
282.1376953125, -0.09209
282.167724609375, -0.00852
282.19775390625, -0.050305
282.227783203125, 0.012372
282.2578125, 0.054157
282.287841796875, 0.102906
282.317626953125, -0.147803
282.34765625, -0.036377
282.377685546875, -0.057269
282.40771484375, 0.019336
282.437744140625, 0.095942
282.4677734375, -0.001556
282.497802734375, 0.047193
282.52783203125, 0.019336
282.5576171875, 0.005408
282.587646484375, -0.133875
282.61767578125, -0.00852
282.647705078125, 0.012372
282.677734375, 0.123798
282.707763671875, -0.036377
282.73779296875, 0.158619
282.767822265625, 0.040229
282.797607421875, 0.054157
282.82763671875, -0.015484
282.857666015625, 0.158619
282.8876953125, -0.022449
282.917724609375, 0.061121
282.94775390625, 0.054157
282.977783203125, 0.054157
283.0078125, 0.10987
283.037841796875, -0.071198
283.067626953125, 0.10987
283.09765625, 0.040229
283.127685546875, 0.068085
283.15771484375, -0.015484
283.187744140625, -0.043341
283.2177734375, 0.144691
283.247802734375, 0.088978
283.27783203125, 0.012372
283.3076171875, -0.119947
283.337646484375, 0.075049
283.36767578125, 0.061121
283.397705078125, -0.050305
283.427734375, -0.001556
283.457763671875, -0.119947
283.48779296875, 0.102906
283.517822265625, 0.151655
283.5478515625, 0.130762
283.57763671875, -0.022449
283.607666015625, -0.029413
283.6376953125, 0.137727
283.667724609375, -0.00852
283.69775390625, -0.071198
283.727783203125, -0.043341
283.7578125, 0.047193
283.787841796875, 0.019336
283.817626953125, 0.088978
283.84765625, -0.022449
283.877685546875, -0.001556
283.90771484375, -0.043341
283.937744140625, 0.012372
283.9677734375, -0.154767
283.997802734375, 0.033265
284.02783203125, 0.130762
284.0576171875, -0.015484
284.087646484375, 0.0263
284.11767578125, 0.0263
284.147705078125, 0.088978
284.177734375, 0.075049
284.207763671875, 0.033265
284.23779296875, 0.061121
284.267822265625, 0.116834
284.2978515625, -0.078162
284.32763671875, -0.168695
284.357666015625, -0.085126
284.3876953125, 0.033265
284.417724609375, -0.043341
284.44775390625, 0.061121
284.477783203125, -0.064233
284.5078125, 0.012372
284.537841796875, -0.00852
284.567626953125, -0.015484
284.59765625, 0.095942
284.627685546875, 0.040229
284.65771484375, -0.106018
284.687744140625, 0.040229
284.7177734375, 0.054157
284.747802734375, -0.085126
284.77783203125, 0.095942
284.807861328125, 0.088978
284.837646484375, -0.078162
284.86767578125, 0.012372
284.897705078125, 0.047193
284.927734375, -0.029413
284.957763671875, 0.061121
284.98779296875, -0.015484
285.017822265625, -0.057269
285.0478515625, -0.064233
285.07763671875, -0.001556
285.107666015625, 0.123798
285.1376953125, 0.012372
285.167724609375, 0.075049
285.19775390625, -0.09209
285.227783203125, 0.102906
285.2578125, -0.078162
285.287841796875, 0.012372
285.31787109375, -0.085126
285.34765625, 0.047193
285.377685546875, 0.033265
285.40771484375, -0.085126
285.437744140625, 0.061121
285.4677734375, -0.064233
285.497802734375, 0.082014
285.52783203125, 0.068085
285.557861328125, 0.088978
285.587646484375, 0.019336
285.61767578125, -0.126911
285.647705078125, 0.005408
285.677734375, -0.00852
285.707763671875, 0.040229
285.73779296875, 0.012372
285.767822265625, 0.088978
285.7978515625, 0.061121
285.82763671875, 0.040229
285.857666015625, 0.116834
285.8876953125, -0.043341
285.917724609375, 0.054157
285.94775390625, -0.085126
285.977783203125, -0.029413
286.0078125, 0.19344
286.037841796875, 0.012372
286.06787109375, -0.00852
286.09765625, 0.019336
286.127685546875, 0.130762
286.15771484375, 0.123798
286.187744140625, 0.082014
286.2177734375, -0.029413
286.247802734375, 0.095942
286.27783203125, 0.012372
286.307861328125, 0.082014
286.337646484375, 0.130762
286.36767578125, -0.00852
286.397705078125, -0.09209
286.427734375, 0.151655
286.457763671875, 0.019336
286.48779296875, 0.088978
286.517822265625, 0.033265
286.5478515625, -0.022449
286.577880859375, -0.099054
286.607666015625, -0.036377
286.6376953125, -0.00852
286.667724609375, -0.085126
286.69775390625, 0.040229
286.727783203125, -0.085126
286.7578125, -0.071198
286.787841796875, 0.019336
286.81787109375, 0.012372
286.84765625, 0.137727
286.877685546875, 0.061121
286.90771484375, 0.130762
286.937744140625, 0.047193
286.9677734375, 0.102906
286.997802734375, -0.043341
287.02783203125, -0.126911
287.057861328125, -0.112982
287.087890625, -0.106018
287.11767578125, -0.029413
287.147705078125, 0.005408
287.177734375, -0.001556
287.207763671875, -0.00852
287.23779296875, -0.154767
287.267822265625, -0.043341
287.2978515625, -0.029413
287.327880859375, -0.036377
287.357666015625, 0.047193
287.3876953125, 0.033265
287.417724609375, 0.186476
287.44775390625, -0.057269
287.477783203125, -0.036377
287.5078125, 0.054157
287.537841796875, -0.099054
287.56787109375, -0.085126
287.59765625, -0.015484
287.627685546875, -0.057269
287.65771484375, 0.0263
287.687744140625, -0.057269
287.7177734375, -0.022449
287.747802734375, 0.0263
287.77783203125, -0.001556
287.807861328125, -0.112982
287.837890625, 0.033265
287.86767578125, -0.057269
287.897705078125, 0.019336
287.927734375, -0.085126
287.957763671875, -0.001556
287.98779296875, -0.001556
288.017822265625, 0.012372
288.0478515625, 0.075049
288.077880859375, 0.088978
288.107666015625, -0.015484
288.1376953125, 0.033265
288.167724609375, 0.137727
288.19775390625, -0.015484
288.227783203125, 0.033265
288.2578125, -0.140839
288.287841796875, 0.088978
288.31787109375, -0.147803
288.347900390625, 0.005408
288.377685546875, -0.022449
288.40771484375, -0.057269
288.437744140625, 0.012372
288.4677734375, -0.09209
288.497802734375, -0.099054
288.52783203125, 0.075049
288.557861328125, 0.012372
288.587890625, 0.040229
288.61767578125, -0.043341
288.647705078125, 0.033265
288.677734375, -0.057269
288.707763671875, 0.095942
288.73779296875, 0.075049
288.767822265625, 0.054157
288.7978515625, 0.019336
288.827880859375, -0.001556
288.857666015625, -0.022449
288.8876953125, 0.10987
288.917724609375, -0.00852
288.94775390625, -0.022449
288.977783203125, 0.012372
289.0078125, -0.09209
289.037841796875, 0.005408
289.06787109375, 0.047193
289.097900390625, 0.0263
289.127685546875, 0.040229
289.15771484375, -0.029413
289.187744140625, -0.001556
289.2177734375, -0.043341
289.247802734375, 0.095942
289.27783203125, -0.112982
289.307861328125, 0.102906
289.337890625, 0.095942
289.36767578125, -0.001556
289.397705078125, -0.050305
289.427734375, 0.102906
289.457763671875, 0.075049
289.48779296875, 0.012372
289.517822265625, 0.047193
289.5478515625, 0.075049
289.577880859375, 0.061121
289.60791015625, -0.00852
289.6376953125, -0.126911
289.667724609375, 0.068085
289.69775390625, -0.050305
289.727783203125, 0.033265
289.7578125, -0.078162
289.787841796875, 0.088978
289.81787109375, 0.012372
289.847900390625, -0.071198
289.877685546875, 0.047193
289.90771484375, 0.061121
289.937744140625, 0.061121
289.9677734375, 0.123798
289.997802734375, 0.0263
290.02783203125, 0.054157
290.057861328125, 0.047193
290.087890625, -0.00852
290.117919921875, 0.061121
290.147705078125, -0.015484
290.177734375, 0.130762
290.207763671875, 0.047193
290.23779296875, 0.040229
290.267822265625, 0.040229
290.2978515625, -0.036377
290.327880859375, 0.088978
290.35791015625, -0.029413
290.3876953125, 0.068085
290.417724609375, 0.054157
290.44775390625, -0.036377
290.477783203125, 0.082014
290.5078125, 0.033265
290.537841796875, 0.040229
290.56787109375, -0.022449
290.597900390625, 0.012372
290.627685546875, -0.168695
290.65771484375, -0.00852
290.687744140625, 0.019336
290.7177734375, -0.029413
290.747802734375, 0.005408
290.77783203125, 0.012372
290.807861328125, 0.012372
290.837890625, 0.019336
290.867919921875, -0.036377
290.897705078125, -0.057269
290.927734375, 0.082014
290.957763671875, -0.043341
290.98779296875, 0.061121
291.017822265625, -0.043341
291.0478515625, -0.064233
291.077880859375, -0.001556
291.10791015625, -0.015484
291.1376953125, 0.012372
291.167724609375, -0.043341
291.19775390625, 0.012372
291.227783203125, 0.040229
291.2578125, 0.019336
291.287841796875, 0.075049
291.31787109375, 0.068085
291.347900390625, -0.099054
291.3779296875, -0.001556
291.40771484375, -0.00852
291.437744140625, -0.00852
291.4677734375, 0.082014
291.497802734375, 0.054157
291.52783203125, -0.001556
291.557861328125, -0.00852
291.587890625, 0.0263
291.617919921875, 0.040229
291.647705078125, 0.033265
291.677734375, -0.00852
291.707763671875, -0.029413
291.73779296875, 0.144691
291.767822265625, 0.047193
291.7978515625, 0.054157
291.827880859375, 0.033265
291.85791015625, 0.054157
291.8876953125, 0.061121
291.917724609375, 0.061121
291.94775390625, -0.001556
291.977783203125, 0.095942
292.0078125, -0.015484
292.037841796875, -0.036377
292.06787109375, 0.10987
292.097900390625, 0.040229
292.1279296875, 0.123798
292.15771484375, -0.00852
292.187744140625, 0.102906
292.2177734375, -0.050305
292.247802734375, -0.050305
292.27783203125, -0.085126
292.307861328125, 0.102906
292.337890625, 0.054157
292.367919921875, -0.015484
292.397705078125, -0.001556
292.427734375, 0.005408
292.457763671875, 0.068085
292.48779296875, 0.095942
292.517822265625, 0.10987
292.5478515625, 0.144691
292.577880859375, -0.126911
292.60791015625, 0.0263
292.637939453125, 0.123798
292.667724609375, 0.033265
292.69775390625, 0.068085
292.727783203125, -0.022449
292.7578125, 0.0263
292.787841796875, 0.061121
292.81787109375, -0.00852
292.847900390625, 0.040229
292.8779296875, -0.112982
292.90771484375, 0.068085
292.937744140625, 0.095942
292.9677734375, 0.095942
292.997802734375, 0.040229
293.02783203125, 0.095942
293.057861328125, 0.158619
293.087890625, 0.012372
293.117919921875, 0.054157
293.14794921875, 0.075049
293.177734375, 0.172547
293.207763671875, 0.088978
293.23779296875, 0.005408
293.267822265625, 0.144691
293.2978515625, -0.001556
293.327880859375, -0.00852
293.35791015625, -0.015484
293.387939453125, 0.10987
293.417724609375, 0.095942
293.44775390625, 0.102906
293.477783203125, 0.095942
293.5078125, -0.043341
293.537841796875, 0.033265
293.56787109375, -0.078162
293.597900390625, 0.033265
293.6279296875, -0.119947
293.65771484375, -0.022449
293.687744140625, 0.123798
293.7177734375, 0.0263
293.747802734375, 0.102906
293.77783203125, -0.043341
293.807861328125, 0.165583
293.837890625, 0.054157
293.867919921875, -0.071198
293.89794921875, 0.019336
293.927734375, 0.019336
293.957763671875, -0.064233
293.98779296875, 0.144691
294.017822265625, 0.054157
294.0478515625, -0.050305
294.077880859375, -0.085126
294.10791015625, -0.015484
294.137939453125, 0.0263
294.167724609375, 0.047193
294.19775390625, -0.022449
294.227783203125, 0.137727
294.2578125, -0.126911
294.287841796875, 0.019336
294.31787109375, 0.082014
294.347900390625, 0.019336
294.3779296875, 0.088978
294.407958984375, -0.050305
294.437744140625, 0.019336
294.4677734375, 0.116834
294.497802734375, 0.040229
294.52783203125, -0.036377
294.557861328125, -0.00852
294.587890625, 0.068085
294.617919921875, -0.036377
294.64794921875, -0.015484
294.677734375, 0.061121
294.707763671875, 0.068085
294.73779296875, -0.022449
294.767822265625, -0.126911
294.7978515625, -0.085126
294.827880859375, 0.179511
294.85791015625, 0.040229
294.887939453125, -0.022449
294.91796875, 0.005408
294.94775390625, -0.099054
294.977783203125, -0.043341
295.0078125, -0.00852
295.037841796875, 0.075049
295.06787109375, -0.029413
295.097900390625, -0.050305
295.1279296875, 0.005408
295.157958984375, -0.00852
295.187744140625, 0.068085
295.2177734375, -0.043341
295.247802734375, -0.001556
295.27783203125, -0.043341
295.307861328125, 0.061121
295.337890625, -0.00852
295.367919921875, -0.022449
295.39794921875, 0.123798
295.427734375, 0.130762
295.457763671875, 0.061121
295.48779296875, 0.165583
295.517822265625, 0.040229
295.5478515625, -0.029413
295.577880859375, -0.147803
295.60791015625, 0.137727
295.637939453125, 0.075049
295.66796875, -0.036377
295.69775390625, 0.130762
295.727783203125, 0.040229
295.7578125, -0.036377
295.787841796875, 0.040229
295.81787109375, 0.040229
295.847900390625, 0.047193
295.8779296875, 0.061121
295.907958984375, -0.17566
295.937744140625, 0.123798
295.9677734375, 0.151655
295.997802734375, 0.0263
296.02783203125, 0.012372
296.057861328125, -0.133875
296.087890625, -0.022449
296.117919921875, -0.099054
296.14794921875, 0.061121
296.177978515625, 0.040229
296.207763671875, -0.071198
296.23779296875, -0.00852
296.267822265625, 0.019336
296.2978515625, 0.10987
296.327880859375, -0.00852
296.35791015625, 0.047193
296.387939453125, 0.095942
296.41796875, 0.054157
296.44775390625, -0.036377
296.477783203125, 0.082014
296.5078125, -0.064233
296.537841796875, -0.015484
296.56787109375, 0.005408
296.597900390625, 0.047193
296.6279296875, 0.068085
296.657958984375, -0.001556
296.687744140625, 0.005408
296.7177734375, 0.165583
296.747802734375, 0.151655
296.77783203125, -0.036377
296.807861328125, 0.061121
296.837890625, 0.102906
296.867919921875, 0.054157
296.89794921875, -0.00852
296.927978515625, -0.050305
296.957763671875, -0.21048
296.98779296875, 0.186476
297.017822265625, -0.050305
297.0478515625, 0.075049
297.077880859375, 0.0263
297.10791015625, -0.001556
297.137939453125, 0.075049
297.16796875, -0.015484
297.19775390625, 0.019336
297.227783203125, -0.043341
297.2578125, 0.061121
297.287841796875, 0.068085
297.31787109375, -0.029413
297.347900390625, 0.061121
297.3779296875, -0.078162
297.407958984375, 0.047193
297.43798828125, -0.154767
297.4677734375, -0.085126
297.497802734375, -0.043341
297.52783203125, -0.064233
297.557861328125, 0.165583
297.587890625, -0.078162
297.617919921875, -0.064233
297.64794921875, -0.050305
297.677978515625, 0.130762
297.707763671875, -0.119947
297.73779296875, -0.029413
297.767822265625, 0.068085
297.7978515625, -0.043341
297.827880859375, 0.047193
297.85791015625, -0.126911
297.887939453125, -0.001556
297.91796875, -0.029413
297.947998046875, 0.088978
297.977783203125, 0.040229
298.0078125, -0.071198
298.037841796875, 0.033265
298.06787109375, 0.033265
298.097900390625, -0.09209
298.1279296875, 0.012372
298.157958984375, -0.154767
298.18798828125, -0.022449
298.2177734375, -0.022449
298.247802734375, 0.095942
298.27783203125, -0.022449
298.307861328125, 0.040229
298.337890625, 0.095942
298.367919921875, -0.071198
298.39794921875, 0.179511
298.427978515625, 0.061121
298.457763671875, 0.095942
298.48779296875, -0.126911
298.517822265625, -0.036377
298.5478515625, 0.012372
298.577880859375, 0.0263
298.60791015625, 0.088978
298.637939453125, 0.054157
298.66796875, 0.10987
298.697998046875, -0.00852
298.727783203125, 0.075049
298.7578125, -0.071198
298.787841796875, 0.033265
298.81787109375, 0.19344
298.847900390625, 0.130762
298.8779296875, 0.005408
298.907958984375, 0.151655
298.93798828125, -0.043341
298.9677734375, 0.019336
298.997802734375, -0.015484
299.02783203125, 0.151655
299.057861328125, 0.116834
299.087890625, 0.054157
299.117919921875, 0.012372
299.14794921875, 0.123798
299.177978515625, 0.047193
299.2080078125, -0.196552
299.23779296875, -0.119947
299.267822265625, 0.137727
299.2978515625, -0.064233
299.327880859375, -0.050305
299.35791015625, -0.029413
299.387939453125, -0.050305
299.41796875, 0.005408
299.447998046875, 0.040229
299.477783203125, -0.001556
299.5078125, 0.082014
299.537841796875, 0.019336
299.56787109375, 0.047193
299.597900390625, -0.022449
299.6279296875, 0.068085
299.657958984375, 0.019336
299.68798828125, -0.022449
299.7177734375, 0.082014
299.747802734375, 0.019336
299.77783203125, 0.075049
299.807861328125, 0.047193
299.837890625, 0.095942
299.867919921875, -0.106018
299.89794921875, 0.10987
299.927978515625, 0.005408
299.9580078125, -0.022449
299.98779296875, 0.005408
300.017822265625, 0.068085
300.0478515625, -0.050305
300.077880859375, 0.158619
300.10791015625, 0.005408
300.137939453125, -0.043341
300.16796875, -0.071198
300.197998046875, 0.061121
300.227783203125, 0.061121
300.2578125, 0.0263
300.287841796875, 0.040229
300.31787109375, 0.040229
300.347900390625, 0.068085
300.3779296875, 0.075049
300.407958984375, 0.054157
300.43798828125, -0.064233
300.468017578125, 0.040229
300.497802734375, 0.012372
300.52783203125, -0.022449
300.557861328125, -0.036377
300.587890625, 0.075049
300.617919921875, 0.10987
300.64794921875, -0.022449
300.677978515625, 0.054157
300.7080078125, 0.0263
300.73779296875, -0.001556
300.767822265625, -0.071198
300.7978515625, 0.137727
300.827880859375, -0.064233
300.85791015625, 0.075049
300.887939453125, 0.068085
300.91796875, 0.082014
300.947998046875, 0.012372
300.97802734375, -0.00852
301.0078125, 0.130762
301.037841796875, 0.082014
301.06787109375, -0.17566
301.097900390625, 0.005408
301.1279296875, -0.071198
301.157958984375, -0.099054
301.18798828125, 0.040229
301.218017578125, 0.005408
301.247802734375, -0.029413
301.27783203125, 0.054157
301.307861328125, 0.19344
301.337890625, -0.00852
301.367919921875, 0.095942
301.39794921875, -0.085126
301.427978515625, 0.019336
301.4580078125, 0.005408
301.48779296875, 0.005408
301.517822265625, -0.022449
301.5478515625, 0.088978
301.577880859375, 0.012372
301.60791015625, 0.054157
301.637939453125, -0.00852
301.66796875, 0.033265
301.697998046875, -0.064233
301.72802734375, 0.005408
301.7578125, 0.061121
301.787841796875, 0.137727
301.81787109375, 0.040229
301.847900390625, 0.033265
301.8779296875, -0.022449
301.907958984375, -0.099054
301.93798828125, 0.054157
301.968017578125, -0.043341
301.997802734375, -0.09209
302.02783203125, 0.088978
302.057861328125, -0.154767
302.087890625, -0.022449
302.117919921875, 0.012372
302.14794921875, 0.068085
302.177978515625, -0.050305
302.2080078125, 0.061121
302.238037109375, 0.054157
302.267822265625, 0.040229
302.2978515625, 0.019336
302.327880859375, 0.082014
302.35791015625, 0.047193
302.387939453125, 0.130762
302.41796875, 0.075049
302.447998046875, 0.012372
302.47802734375, 0.082014
302.5078125, -0.036377
302.537841796875, 0.130762
302.56787109375, -0.00852
302.597900390625, -0.001556
302.6279296875, -0.099054
302.657958984375, 0.137727
302.68798828125, 0.116834
302.718017578125, 0.019336
302.748046875, -0.022449
302.77783203125, 0.033265
302.807861328125, -0.022449
302.837890625, -0.085126
302.867919921875, -0.029413
302.89794921875, 0.061121
302.927978515625, 0.088978
302.9580078125, 0.054157
302.988037109375, 0.061121
303.017822265625, 0.019336
303.0478515625, -0.015484
303.077880859375, 0.0263
303.10791015625, -0.071198
303.137939453125, -0.015484
303.16796875, 0.061121
303.197998046875, 0.116834
303.22802734375, 0.054157
303.2578125, 0.10987
303.287841796875, 0.102906
303.31787109375, -0.043341
303.347900390625, 0.088978
303.3779296875, 0.068085
303.407958984375, -0.064233
303.43798828125, 0.054157
303.468017578125, 0.019336
303.498046875, 0.158619
303.52783203125, -0.001556
303.557861328125, -0.029413
303.587890625, -0.029413
303.617919921875, -0.050305
303.64794921875, 0.068085
303.677978515625, -0.036377
303.7080078125, 0.0263
303.738037109375, -0.029413
303.767822265625, 0.068085
303.7978515625, 0.040229
303.827880859375, 0.068085
303.85791015625, -0.078162
303.887939453125, 0.10987
303.91796875, 0.123798
303.947998046875, 0.075049
303.97802734375, 0.068085
304.008056640625, 0.088978
304.037841796875, 0.047193
304.06787109375, -0.015484
304.097900390625, -0.015484
304.1279296875, 0.033265
304.157958984375, -0.001556
304.18798828125, -0.09209
304.218017578125, 0.19344
304.248046875, -0.071198
304.27783203125, -0.043341
304.307861328125, 0.151655
304.337890625, 0.075049
304.367919921875, 0.165583
304.39794921875, -0.00852
304.427978515625, 0.012372
304.4580078125, -0.071198
304.488037109375, -0.085126
304.517822265625, 0.10987
304.5478515625, 0.0263
304.577880859375, 0.144691
304.60791015625, 0.054157
304.637939453125, -0.050305
304.66796875, 0.068085
304.697998046875, 0.005408
304.72802734375, 0.061121
304.758056640625, -0.057269
304.787841796875, -0.147803
304.81787109375, 0.019336
304.847900390625, 0.019336
304.8779296875, -0.078162
304.907958984375, 0.047193
304.93798828125, 0.061121
304.968017578125, -0.001556
304.998046875, 0.019336
305.02783203125, 0.0263
305.057861328125, -0.078162
305.087890625, 0.019336
305.117919921875, 0.019336
305.14794921875, 0.054157
305.177978515625, -0.022449
305.2080078125, 0.102906
305.238037109375, 0.040229
305.26806640625, 0.082014
305.2978515625, 0.10987
305.327880859375, -0.064233
305.35791015625, 0.047193
305.387939453125, -0.022449
305.41796875, 0.040229
305.447998046875, -0.029413
305.47802734375, -0.112982
305.508056640625, 0.068085
305.537841796875, -0.126911
305.56787109375, -0.015484
305.597900390625, 0.005408
305.6279296875, 0.068085
305.657958984375, -0.001556
305.68798828125, -0.09209
305.718017578125, -0.043341
305.748046875, -0.015484
305.778076171875, -0.015484
305.807861328125, -0.036377
305.837890625, 0.075049
305.867919921875, 0.075049
305.89794921875, -0.00852
305.927978515625, -0.071198
305.9580078125, -0.001556
305.988037109375, -0.029413
306.01806640625, 0.012372
306.0478515625, 0.0263
306.077880859375, -0.022449
306.10791015625, 0.054157
306.137939453125, 0.054157
306.16796875, 0.054157
306.197998046875, 0.068085
306.22802734375, -0.09209
306.258056640625, 0.047193
306.287841796875, 0.095942
306.31787109375, -0.00852
306.347900390625, 0.047193
306.3779296875, -0.022449
306.407958984375, 0.033265
306.43798828125, 0.102906
306.468017578125, -0.015484
306.498046875, 0.033265
306.528076171875, -0.043341
306.557861328125, -0.057269
306.587890625, -0.043341
306.617919921875, 0.179511
306.64794921875, 0.040229
306.677978515625, -0.029413
306.7080078125, -0.106018
306.738037109375, -0.078162
306.76806640625, -0.001556
306.7978515625, 0.061121
306.827880859375, 0.0263
306.85791015625, -0.085126
306.887939453125, 0.082014
306.91796875, 0.088978
306.947998046875, 0.088978
306.97802734375, 0.0263
307.008056640625, 0.033265
307.0380859375, -0.029413
307.06787109375, -0.022449
307.097900390625, 0.0263
307.1279296875, -0.001556
307.157958984375, -0.112982
307.18798828125, 0.005408
307.218017578125, 0.047193
307.248046875, -0.119947
307.278076171875, 0.047193
307.307861328125, 0.054157
307.337890625, -0.057269
307.367919921875, -0.001556
307.39794921875, -0.085126
307.427978515625, 0.054157
307.4580078125, 0.047193
307.488037109375, 0.123798
307.51806640625, 0.005408
307.5478515625, -0.001556
307.577880859375, 0.095942
307.60791015625, 0.047193
307.637939453125, 0.033265
307.66796875, -0.00852
307.697998046875, 0.068085
307.72802734375, -0.071198
307.758056640625, 0.088978
307.7880859375, -0.022449
307.81787109375, -0.00852
307.847900390625, 0.10987
307.8779296875, -0.050305
307.907958984375, -0.029413
307.93798828125, 0.040229
307.968017578125, -0.071198
307.998046875, 0.095942
308.028076171875, -0.022449
308.057861328125, 0.061121
308.087890625, -0.029413
308.117919921875, 0.172547
308.14794921875, 0.088978
308.177978515625, -0.085126
308.2080078125, -0.001556
308.238037109375, 0.158619
308.26806640625, 0.019336
308.298095703125, 0.040229
308.327880859375, 0.054157
308.35791015625, 0.047193
308.387939453125, 0.130762
308.41796875, 0.019336
308.447998046875, 0.047193
308.47802734375, 0.0263
308.508056640625, 0.005408
308.5380859375, 0.137727
308.56787109375, 0.019336
308.597900390625, -0.126911
308.6279296875, 0.012372
308.657958984375, -0.189588
308.68798828125, -0.022449
308.718017578125, 0.221296
308.748046875, 0.068085
308.778076171875, 0.270045
308.80810546875, -0.078162
308.837890625, -0.064233
308.867919921875, 0.123798
308.89794921875, -0.015484
308.927978515625, -0.064233
308.9580078125, 0.040229
308.988037109375, 0.040229
309.01806640625, -0.001556
309.048095703125, -0.036377
309.077880859375, 0.061121
309.10791015625, 0.033265
309.137939453125, 0.0263
309.16796875, 0.040229
309.197998046875, -0.050305
309.22802734375, 0.186476
309.258056640625, -0.071198
309.2880859375, 0.10987
309.31787109375, 0.033265
309.347900390625, 0.040229
309.3779296875, 0.088978
309.407958984375, 0.040229
309.43798828125, 0.068085
309.468017578125, -0.015484
309.498046875, 0.012372
309.528076171875, 0.054157
309.55810546875, -0.106018
309.587890625, 0.047193
309.617919921875, -0.140839
309.64794921875, 0.082014
309.677978515625, 0.075049
309.7080078125, -0.001556
309.738037109375, -0.043341
309.76806640625, 0.005408
309.798095703125, -0.043341
309.827880859375, 0.047193
309.85791015625, 0.068085
309.887939453125, 0.061121
309.91796875, -0.015484
309.947998046875, 0.005408
309.97802734375, 0.005408
310.008056640625, 0.102906
310.0380859375, 0.179511
310.068115234375, 0.012372
310.097900390625, -0.078162
310.1279296875, -0.099054
310.157958984375, 0.095942
310.18798828125, 0.047193
310.218017578125, -0.036377
310.248046875, 0.068085
310.278076171875, 0.012372
310.30810546875, 0.082014
310.337890625, 0.10987
310.367919921875, 0.040229
310.39794921875, 0.172547
310.427978515625, 0.116834
310.4580078125, 0.033265
310.488037109375, 0.075049
310.51806640625, 0.040229
310.548095703125, -0.036377
310.578125, 0.019336
310.60791015625, 0.012372
310.637939453125, -0.001556
310.66796875, 0.040229
310.697998046875, 0.068085
310.72802734375, 0.005408
310.758056640625, -0.057269
310.7880859375, -0.015484
310.818115234375, 0.033265
310.847900390625, -0.050305
310.8779296875, -0.057269
310.907958984375, 0.102906
310.93798828125, -0.029413
310.968017578125, 0.047193
310.998046875, 0.088978
311.028076171875, 0.130762
311.05810546875, 0.019336
311.087890625, -0.050305
311.117919921875, -0.022449
311.14794921875, 0.158619
311.177978515625, -0.071198
311.2080078125, -0.022449
311.238037109375, 0.047193
311.26806640625, 0.061121
311.298095703125, 0.040229
311.328125, -0.078162
311.35791015625, 0.10987
311.387939453125, -0.015484
311.41796875, 0.075049
311.447998046875, 0.075049
311.47802734375, -0.036377
311.508056640625, -0.029413
311.5380859375, -0.022449
311.568115234375, 0.088978
311.597900390625, 0.088978
311.6279296875, -0.00852
311.657958984375, -0.085126
311.68798828125, -0.140839
311.718017578125, 0.040229
311.748046875, 0.047193
311.778076171875, -0.071198
311.80810546875, 0.061121
311.838134765625, 0.10987
311.867919921875, -0.189588
311.89794921875, 0.144691
311.927978515625, -0.00852
311.9580078125, 0.116834
311.988037109375, 0.012372
312.01806640625, 0.054157
312.048095703125, 0.116834
312.078125, -0.022449
312.10791015625, 0.088978
312.137939453125, 0.061121
312.16796875, -0.001556
312.197998046875, 0.061121
312.22802734375, 0.040229
312.258056640625, -0.099054
312.2880859375, 0.005408
312.318115234375, -0.043341
312.347900390625, 0.019336
312.3779296875, -0.029413
312.407958984375, -0.126911
312.43798828125, -0.057269
312.468017578125, 0.123798
312.498046875, 0.019336
312.528076171875, -0.015484
312.55810546875, -0.071198
312.588134765625, -0.00852
312.617919921875, 0.0263
312.64794921875, 0.040229
312.677978515625, 0.061121
312.7080078125, 0.102906
312.738037109375, 0.19344
312.76806640625, 0.068085
312.798095703125, 0.047193
312.828125, 0.005408
312.85791015625, 0.005408
312.887939453125, -0.106018
312.91796875, -0.057269
312.947998046875, -0.043341
312.97802734375, -0.015484
313.008056640625, 0.130762
313.0380859375, 0.033265
313.068115234375, 0.033265
313.09814453125, -0.001556
313.1279296875, 0.102906
313.157958984375, -0.036377
313.18798828125, -0.09209
313.218017578125, -0.00852
313.248046875, -0.050305
313.278076171875, 0.116834
313.30810546875, 0.075049
313.338134765625, 0.061121
313.367919921875, 0.061121
313.39794921875, 0.033265
313.427978515625, 0.095942
313.4580078125, 0.047193
313.488037109375, 0.012372
313.51806640625, 0.040229
313.548095703125, 0.061121
313.578125, 0.033265
313.608154296875, -0.022449
313.637939453125, 0.005408
313.66796875, -0.00852
313.697998046875, -0.015484
313.72802734375, -0.133875
313.758056640625, -0.126911
313.7880859375, 0.0263
313.818115234375, 0.012372
313.84814453125, -0.147803
313.8779296875, 0.082014
313.907958984375, 0.095942
313.93798828125, -0.029413
313.968017578125, -0.029413
313.998046875, 0.033265
314.028076171875, -0.043341
314.05810546875, 0.033265
314.088134765625, -0.057269
314.117919921875, 0.088978
314.14794921875, 0.075049
314.177978515625, -0.015484
314.2080078125, -0.015484
314.238037109375, -0.015484
314.26806640625, 0.047193
314.298095703125, 0.033265
314.328125, 0.172547
314.358154296875, -0.112982
314.387939453125, -0.001556
314.41796875, -0.022449
314.447998046875, 0.082014
314.47802734375, 0.019336
314.508056640625, -0.001556
314.5380859375, 0.158619
314.568115234375, -0.057269
314.59814453125, 0.0263
314.6279296875, 0.012372
314.657958984375, 0.047193
314.68798828125, 0.151655
314.718017578125, 0.033265
314.748046875, 0.061121
314.778076171875, 0.012372
314.80810546875, -0.022449
314.838134765625, 0.158619
314.8681640625, 0.082014
314.89794921875, 0.151655
314.927978515625, 0.033265
314.9580078125, 0.082014
314.988037109375, 0.019336
315.01806640625, 0.012372
315.048095703125, -0.064233
315.078125, 0.0263
315.108154296875, -0.09209
315.137939453125, 0.040229
315.16796875, -0.001556
315.197998046875, -0.036377
315.22802734375, 0.095942
315.258056640625, 0.130762
315.2880859375, 0.047193
315.318115234375, 0.047193
315.34814453125, -0.029413
315.378173828125, -0.099054
315.407958984375, 0.005408
315.43798828125, 0.088978
315.468017578125, 0.061121
315.498046875, 0.033265
315.528076171875, -0.001556
315.55810546875, -0.015484
315.588134765625, 0.061121
315.6181640625, 0.088978
315.64794921875, -0.057269
315.677978515625, 0.0263
315.7080078125, 0.082014
315.738037109375, 0.0263
315.76806640625, 0.068085
315.798095703125, 0.088978
315.828125, 0.0263
315.858154296875, -0.078162
315.887939453125, 0.012372
315.91796875, -0.064233
315.947998046875, -0.022449
315.97802734375, 0.207368
316.008056640625, -0.099054
316.0380859375, 0.012372
316.068115234375, -0.050305
316.09814453125, -0.036377
316.128173828125, 0.012372
316.157958984375, 0.10987
316.18798828125, -0.050305
316.218017578125, 0.137727
316.248046875, 0.10987
316.278076171875, 0.061121
316.30810546875, 0.151655
316.338134765625, 0.144691
316.3681640625, 0.068085
316.39794921875, 0.130762
316.427978515625, -0.00852
316.4580078125, 0.10987
316.488037109375, 0.033265
316.51806640625, 0.221296
316.548095703125, 0.012372
316.578125, 0.005408
316.608154296875, -0.050305
316.63818359375, 0.019336
316.66796875, 0.075049
316.697998046875, 0.047193
316.72802734375, -0.064233
316.758056640625, 0.005408
316.7880859375, 0.019336
316.818115234375, -0.00852
316.84814453125, 0.061121
316.878173828125, 0.0263
316.907958984375, 0.200404
316.93798828125, -0.022449
316.968017578125, -0.043341
316.998046875, 0.075049
317.028076171875, 0.102906
317.05810546875, 0.012372
317.088134765625, -0.00852
317.1181640625, -0.043341
317.14794921875, -0.119947
317.177978515625, 0.221296
317.2080078125, 0.0263
317.238037109375, 0.082014
317.26806640625, 0.012372
317.298095703125, -0.00852
317.328125, -0.029413
317.358154296875, -0.015484
317.38818359375, -0.043341
317.41796875, -0.029413
317.447998046875, -0.015484
317.47802734375, -0.064233
317.508056640625, 0.054157
317.5380859375, 0.116834
317.568115234375, 0.165583
317.59814453125, 0.165583
317.628173828125, 0.123798
317.657958984375, 0.005408
317.68798828125, -0.064233
317.718017578125, 0.082014
317.748046875, 0.019336
317.778076171875, 0.075049
317.80810546875, 0.061121
317.838134765625, 0.005408
317.8681640625, 0.0263
317.898193359375, -0.106018
317.927978515625, 0.012372
317.9580078125, 0.012372
317.988037109375, 0.033265
318.01806640625, -0.001556
318.048095703125, 0.054157
318.078125, 0.158619
318.108154296875, 0.061121
318.13818359375, 0.123798
318.16796875, -0.029413
318.197998046875, -0.022449
318.22802734375, 0.033265
318.258056640625, 0.068085
318.2880859375, 0.033265
318.318115234375, 0.082014
318.34814453125, 0.088978
318.378173828125, 0.130762
318.408203125, 0.040229
318.43798828125, -0.126911
318.468017578125, 0.137727
318.498046875, 0.116834
318.528076171875, 0.061121
318.55810546875, 0.0263
318.588134765625, -0.022449
318.6181640625, -0.029413
318.648193359375, 0.075049
318.677978515625, -0.00852
318.7080078125, -0.029413
318.738037109375, -0.078162
318.76806640625, -0.119947
318.798095703125, 0.005408
318.828125, -0.029413
318.858154296875, -0.022449
318.88818359375, 0.082014
318.91796875, -0.015484
318.947998046875, 0.012372
318.97802734375, 0.005408
319.008056640625, -0.036377
319.0380859375, 0.033265
319.068115234375, -0.036377
319.09814453125, 0.061121
319.128173828125, 0.061121
319.158203125, 0.137727
319.18798828125, 0.082014
319.218017578125, 0.0263
319.248046875, 0.0263
319.278076171875, 0.005408
319.30810546875, 0.012372
319.338134765625, -0.015484
319.3681640625, -0.015484
319.398193359375, 0.172547
319.427978515625, -0.050305
319.4580078125, 0.186476
319.488037109375, 0.0263
319.51806640625, -0.015484
319.548095703125, -0.161731
319.578125, 0.0263
319.608154296875, -0.029413
319.63818359375, 0.012372
319.668212890625, 0.075049
319.697998046875, 0.088978
319.72802734375, 0.040229
319.758056640625, -0.00852
319.7880859375, -0.00852
319.818115234375, 0.172547
319.84814453125, -0.09209
319.878173828125, -0.119947
319.908203125, 0.054157
319.93798828125, -0.00852
319.968017578125, -0.099054
319.998046875, -0.057269
320.028076171875, 0.068085
320.05810546875, -0.043341
320.088134765625, -0.057269
320.1181640625, 0.165583
320.148193359375, 0.012372
320.177978515625, 0.116834
320.2080078125, -0.00852
320.238037109375, 0.130762
320.26806640625, 0.116834
320.298095703125, 0.040229
320.328125, -0.106018
320.358154296875, -0.015484
320.38818359375, 0.033265
320.418212890625, -0.00852
320.447998046875, 0.068085
320.47802734375, -0.022449
320.508056640625, 0.054157
320.5380859375, 0.242189
320.568115234375, 0.012372
320.59814453125, 0.040229
320.628173828125, 0.061121
320.658203125, 0.033265
320.68798828125, 0.012372
320.718017578125, -0.085126
320.748046875, 0.054157
320.778076171875, 0.116834
320.80810546875, 0.130762
320.838134765625, 0.123798
320.8681640625, 0.116834
320.898193359375, 0.054157
320.92822265625, -0.140839
320.9580078125, 0.054157
320.988037109375, 0.047193
321.01806640625, -0.001556
321.048095703125, 0.095942
321.078125, -0.057269
321.108154296875, -0.099054
321.13818359375, 0.088978
321.168212890625, -0.078162
321.197998046875, 0.075049
321.22802734375, -0.161731
321.258056640625, 0.019336
321.2880859375, 0.054157
321.318115234375, 0.019336
321.34814453125, -0.029413
321.378173828125, -0.071198
321.408203125, -0.085126
321.438232421875, 0.130762
321.468017578125, -0.043341
321.498046875, -0.036377
321.528076171875, -0.029413
321.55810546875, 0.054157
321.588134765625, 0.144691
321.6181640625, 0.054157
321.648193359375, -0.112982
321.67822265625, 0.075049
321.7080078125, 0.040229
321.738037109375, 0.095942
321.76806640625, -0.09209
321.798095703125, -0.029413
321.828125, 0.040229
321.858154296875, 0.061121
321.88818359375, -0.057269
321.918212890625, -0.057269
321.947998046875, 0.005408
321.97802734375, -0.029413
322.008056640625, 0.0263
322.0380859375, -0.015484
322.068115234375, 0.005408
322.09814453125, -0.001556
322.128173828125, 0.012372
322.158203125, 0.012372
322.188232421875, 0.130762
322.218017578125, -0.078162
322.248046875, 0.040229
322.278076171875, -0.043341
322.30810546875, 0.047193
322.338134765625, 0.137727
322.3681640625, 0.0263
322.398193359375, -0.147803
322.42822265625, 0.082014
322.4580078125, -0.064233
322.488037109375, -0.001556
322.51806640625, -0.126911
322.548095703125, 0.040229
322.578125, 0.061121
322.608154296875, 0.123798
322.63818359375, 0.019336
322.668212890625, -0.029413
322.6982421875, 0.165583
322.72802734375, 0.061121
322.758056640625, 0.0263
322.7880859375, -0.043341
322.818115234375, -0.015484
322.84814453125, 0.0263
322.878173828125, -0.015484
322.908203125, 0.012372
322.938232421875, 0.061121
322.968017578125, -0.050305
322.998046875, 0.214332
323.028076171875, -0.071198
323.05810546875, 0.123798
323.088134765625, 0.012372
323.1181640625, -0.064233
323.148193359375, -0.001556
323.17822265625, -0.050305
323.208251953125, -0.029413
323.238037109375, -0.064233
323.26806640625, 0.033265
323.298095703125, 0.116834
323.328125, -0.050305
323.358154296875, 0.047193
323.38818359375, 0.019336
323.418212890625, -0.043341
323.4482421875, 0.207368
323.47802734375, -0.022449
323.508056640625, -0.00852
323.5380859375, 0.0263
323.568115234375, 0.088978
323.59814453125, 0.088978
323.628173828125, -0.043341
323.658203125, 0.005408
323.688232421875, 0.151655
323.718017578125, -0.001556
323.748046875, 0.033265
323.778076171875, -0.015484
323.80810546875, -0.057269
323.838134765625, 0.019336
323.8681640625, 0.068085
323.898193359375, -0.029413
323.92822265625, 0.054157
323.958251953125, 0.054157
323.988037109375, 0.19344
324.01806640625, 0.082014
324.048095703125, 0.068085
324.078125, -0.078162
324.108154296875, 0.054157
324.13818359375, -0.015484
324.168212890625, -0.064233
324.1982421875, 0.068085
324.22802734375, 0.054157
324.258056640625, 0.061121
324.2880859375, -0.078162
324.318115234375, -0.001556
324.34814453125, 0.005408
324.378173828125, 0.054157
324.408203125, -0.09209
324.438232421875, 0.033265
324.46826171875, -0.071198
324.498046875, 0.172547
324.528076171875, -0.057269
324.55810546875, -0.001556
324.588134765625, 0.144691
324.6181640625, 0.033265
324.648193359375, -0.022449
324.67822265625, -0.099054
324.708251953125, -0.071198
324.738037109375, -0.00852
324.76806640625, 0.102906
324.798095703125, -0.00852
324.828125, 0.130762
324.858154296875, 0.088978
324.88818359375, -0.057269
324.918212890625, 0.10987
324.9482421875, -0.133875
324.97802734375, 0.019336
325.008056640625, -0.001556
325.0380859375, 0.061121
325.068115234375, -0.050305
325.09814453125, 0.075049
325.128173828125, -0.050305
325.158203125, 0.068085
325.188232421875, 0.0263
325.21826171875, -0.029413
325.248046875, 0.068085
325.278076171875, -0.043341
325.30810546875, -0.00852
325.338134765625, -0.050305
325.3681640625, 0.040229
325.398193359375, -0.029413
325.42822265625, 0.047193
325.458251953125, 0.088978
325.488037109375, -0.036377
325.51806640625, -0.022449
325.548095703125, 0.012372
325.578125, 0.040229
325.608154296875, 0.033265
325.63818359375, -0.00852
325.668212890625, -0.085126
325.6982421875, 0.179511
325.728271484375, 0.033265
325.758056640625, -0.050305
325.7880859375, -0.119947
325.818115234375, -0.050305
325.84814453125, 0.22826
325.878173828125, 0.123798
325.908203125, -0.00852
325.938232421875, 0.068085
325.96826171875, -0.029413
325.998046875, 0.068085
326.028076171875, -0.022449
326.05810546875, 0.019336
326.088134765625, 0.068085
326.1181640625, -0.001556
326.148193359375, 0.068085
326.17822265625, -0.029413
326.208251953125, 0.019336
326.23828125, 0.054157
326.26806640625, -0.071198
326.298095703125, 0.116834
326.328125, 0.012372
326.358154296875, -0.064233
326.38818359375, -0.050305
326.418212890625, 0.0263
326.4482421875, 0.054157
326.478271484375, 0.151655
326.508056640625, -0.029413
326.5380859375, -0.001556
326.568115234375, -0.078162
326.59814453125, 0.033265
326.628173828125, -0.022449
326.658203125, -0.015484
326.688232421875, -0.00852
326.71826171875, 0.068085
326.748046875, 0.068085
326.778076171875, 0.179511
326.80810546875, -0.147803
326.838134765625, 0.019336
326.8681640625, -0.099054
326.898193359375, -0.071198
326.92822265625, 0.082014
326.958251953125, 0.075049
326.98828125, 0.0263
327.01806640625, 0.123798
327.048095703125, 0.019336
327.078125, 0.033265
327.108154296875, 0.088978
327.13818359375, 0.068085
327.168212890625, 0.005408
327.1982421875, -0.126911
327.228271484375, 0.116834
327.258056640625, 0.047193
327.2880859375, -0.001556
327.318115234375, -0.09209
327.34814453125, 0.005408
327.378173828125, 0.151655
327.408203125, -0.064233
327.438232421875, -0.036377
327.46826171875, 0.186476
327.498291015625, 0.033265
327.528076171875, 0.005408
327.55810546875, 0.047193
327.588134765625, -0.057269
327.6181640625, 0.075049
327.648193359375, -0.057269
327.67822265625, 0.075049
327.708251953125, 0.095942
327.73828125, 0.088978
327.76806640625, -0.064233
327.798095703125, 0.033265
327.828125, 0.10987
327.858154296875, 0.0263
327.88818359375, -0.078162
327.918212890625, 0.068085
327.9482421875, 0.019336
327.978271484375, 0.088978
328.008056640625, -0.078162
328.0380859375, 0.123798
328.068115234375, -0.078162
328.09814453125, -0.015484
328.128173828125, -0.057269
328.158203125, 0.012372
328.188232421875, 0.123798
328.21826171875, 0.061121
328.248291015625, -0.064233
328.278076171875, 0.061121
328.30810546875, 0.088978
328.338134765625, 0.005408
328.3681640625, 0.005408
328.398193359375, -0.015484
328.42822265625, -0.022449
328.458251953125, 0.123798
328.48828125, 0.102906
328.51806640625, 0.040229
328.548095703125, -0.001556
328.578125, 0.088978
328.608154296875, 0.123798
328.63818359375, -0.106018
328.668212890625, 0.040229
328.6982421875, -0.154767
328.728271484375, -0.043341
328.75830078125, 0.061121
328.7880859375, 0.088978
328.818115234375, 0.0263
328.84814453125, -0.078162
328.878173828125, -0.00852
328.908203125, -0.21048
328.938232421875, -0.015484
328.96826171875, -0.00852
328.998291015625, -0.147803
329.028076171875, 0.005408
329.05810546875, -0.001556
329.088134765625, 0.061121
329.1181640625, 0.054157
329.148193359375, 0.082014
329.17822265625, 0.19344
329.208251953125, -0.126911
329.23828125, 0.172547
329.268310546875, 0.116834
329.298095703125, -0.001556
329.328125, -0.043341
329.358154296875, -0.001556
329.38818359375, 0.054157
329.418212890625, -0.043341
329.4482421875, 0.033265
329.478271484375, 0.19344
329.50830078125, -0.022449
329.5380859375, -0.029413
329.568115234375, 0.012372
329.59814453125, -0.022449
329.628173828125, -0.00852
329.658203125, -0.09209
329.688232421875, 0.054157
329.71826171875, -0.00852
329.748291015625, 0.179511
329.778076171875, -0.022449
329.80810546875, 0.075049
329.838134765625, 0.040229
329.8681640625, -0.064233
329.898193359375, 0.040229
329.92822265625, -0.078162
329.958251953125, -0.057269
329.98828125, 0.137727
330.018310546875, -0.036377
330.048095703125, 0.047193
330.078125, 0.0263
330.108154296875, 0.075049
330.13818359375, 0.047193
330.168212890625, 0.040229
330.1982421875, -0.029413
330.228271484375, 0.054157
330.25830078125, 0.130762
330.2880859375, 0.040229
330.318115234375, 0.0263
330.34814453125, -0.078162
330.378173828125, -0.043341
330.408203125, 0.061121
330.438232421875, -0.057269
330.46826171875, 0.068085
330.498291015625, -0.154767
330.5283203125, -0.036377
330.55810546875, 0.061121
330.588134765625, 0.0263
330.6181640625, 0.10987
330.648193359375, 0.10987
330.67822265625, 0.033265
330.708251953125, 0.165583
330.73828125, 0.179511
330.768310546875, 0.005408
330.798095703125, 0.130762
330.828125, 0.054157
330.858154296875, -0.001556
330.88818359375, -0.015484
330.918212890625, -0.085126
330.9482421875, 0.005408
330.978271484375, 0.061121
331.00830078125, 0.019336
331.038330078125, 0.082014
331.068115234375, -0.001556
331.09814453125, -0.015484
331.128173828125, -0.078162
331.158203125, 0.123798
331.188232421875, 0.012372
331.21826171875, 0.054157
331.248291015625, -0.17566
331.2783203125, 0.095942
331.30810546875, 0.082014
331.338134765625, 0.10987
331.3681640625, -0.043341
331.398193359375, -0.029413
331.42822265625, 0.095942
331.458251953125, 0.033265
331.48828125, 0.061121
331.518310546875, -0.050305
331.548095703125, 0.047193
331.578125, -0.036377
331.608154296875, -0.00852
331.63818359375, -0.029413
331.668212890625, 0.172547
331.6982421875, 0.005408
331.728271484375, 0.068085
331.75830078125, -0.050305
331.788330078125, -0.036377
331.818115234375, 0.088978
331.84814453125, 0.012372
331.878173828125, -0.015484
331.908203125, 0.054157
331.938232421875, -0.133875
331.96826171875, -0.036377
331.998291015625, 0.0263
332.0283203125, -0.057269
332.05810546875, 0.061121
332.088134765625, -0.085126
332.1181640625, 0.082014
332.148193359375, -0.00852
332.17822265625, -0.050305
332.208251953125, -0.071198
332.23828125, 0.088978
332.268310546875, -0.00852
332.29833984375, 0.054157
332.328125, 0.172547
332.358154296875, 0.019336
332.38818359375, -0.078162
332.418212890625, 0.0263
332.4482421875, 0.075049
332.478271484375, 0.0263
332.50830078125, -0.022449
332.538330078125, 0.068085
332.568115234375, 0.054157
332.59814453125, 0.005408
332.628173828125, 0.095942
332.658203125, -0.029413
332.688232421875, 0.054157
332.71826171875, 0.179511
332.748291015625, -0.015484
332.7783203125, 0.033265
332.80810546875, 0.165583
332.838134765625, -0.00852
332.8681640625, -0.043341
332.898193359375, 0.075049
332.92822265625, 0.172547
332.958251953125, -0.050305
332.98828125, 0.061121
333.018310546875, -0.001556
333.04833984375, 0.054157
333.078125, 0.116834
333.108154296875, -0.001556
333.13818359375, -0.064233
333.168212890625, 0.012372
333.1982421875, -0.154767
333.228271484375, 0.0263
333.25830078125, -0.112982
333.288330078125, 0.075049
333.318115234375, 0.012372
333.34814453125, 0.005408
333.378173828125, -0.09209
333.408203125, 0.012372
333.438232421875, 0.040229
333.46826171875, -0.085126
333.498291015625, 0.054157
333.5283203125, 0.047193
333.558349609375, 0.012372
333.588134765625, 0.19344
333.6181640625, -0.001556
333.648193359375, -0.057269
333.67822265625, 0.075049
333.708251953125, 0.082014
333.73828125, 0.019336
333.768310546875, 0.102906
333.79833984375, 0.054157
333.828125, -0.001556
333.858154296875, 0.123798
333.88818359375, 0.054157
333.918212890625, 0.116834
333.9482421875, 0.005408
333.978271484375, 0.033265
334.00830078125, 0.040229
334.038330078125, 0.054157
334.068359375, -0.036377
334.09814453125, 0.158619
334.128173828125, 0.0263
334.158203125, 0.075049
334.188232421875, 0.033265
334.21826171875, 0.033265
334.248291015625, -0.022449
334.2783203125, 0.130762
334.308349609375, -0.00852
334.338134765625, -0.078162
334.3681640625, 0.019336
334.398193359375, -0.036377
334.42822265625, 0.019336
334.458251953125, 0.012372
334.48828125, 0.102906
334.518310546875, -0.106018
334.54833984375, -0.015484
334.578125, 0.0263
334.608154296875, 0.0263
334.63818359375, -0.057269
334.668212890625, 0.047193
334.6982421875, 0.012372
334.728271484375, 0.082014
334.75830078125, 0.005408
334.788330078125, -0.071198
334.818359375, -0.001556
334.84814453125, -0.085126
334.878173828125, -0.099054
334.908203125, 0.054157
334.938232421875, 0.012372
334.96826171875, 0.040229
334.998291015625, 0.047193
335.0283203125, -0.099054
335.058349609375, -0.015484
335.088134765625, 0.082014
335.1181640625, 0.054157
335.148193359375, 0.0263
335.17822265625, -0.001556
335.208251953125, 0.151655
335.23828125, 0.012372
335.268310546875, 0.054157
335.29833984375, 0.144691
335.328369140625, -0.085126
335.358154296875, 0.165583
335.38818359375, -0.09209
335.418212890625, -0.09209
335.4482421875, -0.015484
335.478271484375, -0.015484
335.50830078125, 0.054157
335.538330078125, 0.005408
335.568359375, -0.078162
335.59814453125, 0.088978
335.628173828125, 0.102906
335.658203125, -0.126911
335.688232421875, 0.10987
335.71826171875, 0.047193
335.748291015625, 0.047193
335.7783203125, 0.102906
335.808349609375, -0.001556
335.838134765625, -0.036377
335.8681640625, 0.123798
335.898193359375, -0.112982
335.92822265625, 0.088978
335.958251953125, 0.068085
335.98828125, 0.082014
336.018310546875, -0.071198
336.04833984375, 0.061121
336.078369140625, 0.075049
336.108154296875, 0.019336
336.13818359375, -0.00852
336.168212890625, 0.012372
336.1982421875, -0.036377
336.228271484375, 0.075049
336.25830078125, 0.0263
336.288330078125, 0.005408
336.318359375, 0.172547
336.34814453125, 0.088978
336.378173828125, -0.015484
336.408203125, 0.130762
336.438232421875, -0.001556
336.46826171875, -0.106018
336.498291015625, -0.078162
336.5283203125, 0.047193
336.558349609375, 0.061121
336.58837890625, 0.075049
336.6181640625, -0.029413
336.648193359375, -0.022449
336.67822265625, 0.075049
336.708251953125, 0.012372
336.73828125, 0.0263
336.768310546875, -0.029413
336.79833984375, 0.047193
336.828369140625, 0.068085
336.858154296875, 0.054157
336.88818359375, 0.102906
336.918212890625, 0.0263
336.9482421875, -0.050305
336.978271484375, 0.102906
337.00830078125, 0.0263
337.038330078125, 0.123798
337.068359375, 0.130762
337.098388671875, 0.102906
337.128173828125, 0.047193
337.158203125, 0.040229
337.188232421875, 0.047193
337.21826171875, 0.200404
337.248291015625, 0.10987
337.2783203125, 0.012372
337.308349609375, -0.099054
337.33837890625, 0.095942
337.3681640625, 0.10987
337.398193359375, -0.029413
337.42822265625, -0.00852
337.458251953125, 0.012372
337.48828125, 0.005408
337.518310546875, 0.0263
337.54833984375, -0.078162
337.578369140625, 0.012372
337.608154296875, 0.075049
337.63818359375, -0.029413
337.668212890625, 0.10987
337.6982421875, -0.050305
337.728271484375, 0.040229
337.75830078125, -0.050305
337.788330078125, -0.015484
337.818359375, 0.144691
337.848388671875, 0.033265
337.878173828125, -0.09209
337.908203125, -0.043341
337.938232421875, 0.040229
337.96826171875, -0.057269
337.998291015625, -0.09209
338.0283203125, 0.012372
338.058349609375, 0.019336
338.08837890625, -0.001556
338.1181640625, -0.106018
338.148193359375, -0.085126
338.17822265625, -0.050305
338.208251953125, -0.085126
338.23828125, 0.116834
338.268310546875, 0.005408
338.29833984375, 0.179511
338.328369140625, -0.050305
338.3583984375, -0.09209
338.38818359375, -0.064233
338.418212890625, 0.012372
338.4482421875, 0.040229
338.478271484375, 0.116834
338.50830078125, 0.033265
338.538330078125, 0.054157
338.568359375, -0.106018
338.598388671875, 0.0263
338.628173828125, -0.015484
338.658203125, 0.061121
338.688232421875, 0.061121
338.71826171875, 0.068085
338.748291015625, 0.040229
338.7783203125, -0.036377
338.808349609375, -0.029413
338.83837890625, -0.036377
338.868408203125, 0.061121
338.898193359375, -0.099054
338.92822265625, 0.130762
338.958251953125, 0.10987
338.98828125, 0.102906
339.018310546875, 0.075049
339.04833984375, -0.001556
339.078369140625, 0.088978
339.1083984375, -0.015484
339.13818359375, 0.054157
339.168212890625, 0.082014
339.1982421875, 0.088978
339.228271484375, 0.061121
339.25830078125, 0.095942
339.288330078125, 0.075049
339.318359375, -0.022449
339.348388671875, 0.047193
339.378173828125, -0.00852
339.408203125, 0.123798
339.438232421875, -0.015484
339.46826171875, 0.033265
339.498291015625, 0.040229
339.5283203125, 0.144691
339.558349609375, -0.036377
339.58837890625, 0.137727
339.618408203125, 0.088978
339.648193359375, -0.064233
339.67822265625, 0.102906
339.708251953125, 0.040229
339.73828125, 0.033265
339.768310546875, -0.099054
339.79833984375, 0.012372
339.828369140625, -0.09209
339.8583984375, -0.043341
339.88818359375, 0.123798
339.918212890625, 0.088978
339.9482421875, 0.10987
339.978271484375, 0.130762
340.00830078125, -0.112982
340.038330078125, 0.012372
340.068359375, -0.189588
340.098388671875, 0.088978
340.12841796875, -0.09209
340.158203125, 0.0263
340.188232421875, 0.005408
340.21826171875, 0.040229
340.248291015625, 0.054157
340.2783203125, 0.165583
340.308349609375, -0.078162
340.33837890625, 0.082014
340.368408203125, -0.078162
340.398193359375, 0.047193
340.42822265625, 0.075049
340.458251953125, 0.054157
340.48828125, 0.061121
340.518310546875, 0.061121
340.54833984375, -0.029413
340.578369140625, 0.012372
340.6083984375, -0.015484
340.63818359375, -0.057269
340.668212890625, -0.057269
340.6982421875, -0.071198
340.728271484375, 0.047193
340.75830078125, 0.095942
340.788330078125, 0.005408
340.818359375, -0.112982
340.848388671875, 0.116834
340.87841796875, 0.040229
340.908203125, 0.054157
340.938232421875, -0.022449
340.96826171875, -0.036377
340.998291015625, 0.040229
341.0283203125, 0.123798
341.058349609375, 0.172547
341.08837890625, -0.00852
341.118408203125, -0.029413
341.148193359375, -0.001556
341.17822265625, -0.043341
341.208251953125, 0.082014
341.23828125, -0.057269
341.268310546875, -0.09209
341.29833984375, -0.001556
341.328369140625, 0.061121
341.3583984375, -0.071198
341.388427734375, 0.068085
341.418212890625, -0.043341
341.4482421875, 0.172547
341.478271484375, -0.085126
341.50830078125, -0.001556
341.538330078125, 0.075049
341.568359375, -0.022449
341.598388671875, 0.019336
341.62841796875, 0.0263
341.658203125, -0.09209
341.688232421875, 0.082014
341.71826171875, -0.099054
341.748291015625, -0.001556
341.7783203125, -0.029413
341.808349609375, 0.019336
341.83837890625, -0.022449
341.868408203125, 0.054157
341.8984375, 0.061121
341.92822265625, 0.040229
341.958251953125, 0.123798
341.98828125, 0.137727
342.018310546875, -0.036377
342.04833984375, 0.095942
342.078369140625, 0.019336
342.1083984375, -0.050305
342.138427734375, -0.071198
342.168212890625, -0.071198
342.1982421875, -0.133875
342.228271484375, -0.057269
342.25830078125, 0.054157
342.288330078125, 0.019336
342.318359375, -0.036377
342.348388671875, 0.005408
342.37841796875, 0.088978
342.408203125, 0.075049
342.438232421875, 0.054157
342.46826171875, 0.019336
342.498291015625, -0.00852
342.5283203125, 0.040229
342.558349609375, -0.099054
342.58837890625, 0.0263
342.618408203125, 0.116834
342.6484375, -0.001556
342.67822265625, 0.144691
342.708251953125, 0.033265
342.73828125, -0.022449
342.768310546875, 0.088978
342.79833984375, -0.064233
342.828369140625, 0.10987
342.8583984375, -0.036377
342.888427734375, -0.057269
342.918212890625, -0.064233
342.9482421875, -0.078162
342.978271484375, 0.242189
343.00830078125, -0.099054
343.038330078125, -0.161731
343.068359375, -0.029413
343.098388671875, 0.088978
343.12841796875, -0.036377
343.158447265625, 0.088978
343.188232421875, 0.005408
343.21826171875, -0.029413
343.248291015625, 0.033265
343.2783203125, 0.088978
343.308349609375, 0.088978
343.33837890625, -0.133875
343.368408203125, 0.033265
343.3984375, 0.033265
343.42822265625, 0.040229
343.458251953125, 0.040229
343.48828125, -0.036377
343.518310546875, 0.005408
343.54833984375, 0.047193
343.578369140625, -0.00852
343.6083984375, 0.068085
343.638427734375, -0.064233
343.668212890625, -0.126911
343.6982421875, 0.068085
343.728271484375, 0.061121
343.75830078125, 0.040229
343.788330078125, 0.005408
343.818359375, 0.102906
343.848388671875, 0.061121
343.87841796875, 0.082014
343.908447265625, 0.200404
343.938232421875, -0.043341
343.96826171875, -0.022449
343.998291015625, -0.001556
344.0283203125, 0.10987
344.058349609375, 0.019336
344.08837890625, -0.09209
344.118408203125, 0.047193
344.1484375, 0.033265
344.17822265625, 0.054157
344.208251953125, 0.040229
344.23828125, -0.015484
344.268310546875, 0.088978
344.29833984375, -0.029413
344.328369140625, 0.047193
344.3583984375, 0.012372
344.388427734375, -0.00852
344.41845703125, -0.001556
344.4482421875, 0.088978
344.478271484375, 0.033265
344.50830078125, 0.095942
344.538330078125, -0.029413
344.568359375, -0.029413
344.598388671875, -0.078162
344.62841796875, 0.151655
344.658447265625, -0.050305
344.688232421875, -0.133875
344.71826171875, 0.102906
344.748291015625, -0.09209
344.7783203125, 0.019336
344.808349609375, -0.064233
344.83837890625, 0.012372
344.868408203125, -0.126911
344.8984375, 0.033265
344.928466796875, 0.10987
344.958251953125, 0.0263
344.98828125, 0.235225
345.018310546875, 0.130762
345.04833984375, -0.022449
345.078369140625, -0.078162
345.1083984375, 0.075049
345.138427734375, -0.057269
345.16845703125, -0.099054
345.1982421875, 0.151655
345.228271484375, 0.012372
345.25830078125, -0.057269
345.288330078125, 0.005408
345.318359375, 0.088978
345.348388671875, 0.172547
345.37841796875, -0.036377
345.408447265625, 0.047193
345.438232421875, 0.047193
345.46826171875, 0.082014
345.498291015625, -0.022449
345.5283203125, -0.064233
345.558349609375, 0.012372
345.58837890625, 0.075049
345.618408203125, 0.075049
345.6484375, 0.005408
345.678466796875, -0.126911
345.708251953125, -0.085126
345.73828125, 0.005408
345.768310546875, 0.012372
345.79833984375, 0.054157
345.828369140625, -0.001556
345.8583984375, -0.126911
345.888427734375, -0.050305
345.91845703125, 0.068085
345.9482421875, 0.095942
345.978271484375, 0.082014
346.00830078125, 0.054157
346.038330078125, -0.057269
346.068359375, -0.112982
346.098388671875, 0.033265
346.12841796875, 0.047193
346.158447265625, 0.061121
346.1884765625, 0.102906
346.21826171875, 0.019336
346.248291015625, -0.071198
346.2783203125, -0.071198
346.308349609375, 0.033265
346.33837890625, -0.064233
346.368408203125, 0.082014
346.3984375, 0.088978
346.428466796875, 0.151655
346.458251953125, -0.015484
346.48828125, 0.040229
346.518310546875, -0.022449
346.54833984375, 0.075049
346.578369140625, 0.116834
346.6083984375, 0.116834
346.638427734375, 0.033265
346.66845703125, 0.012372
346.698486328125, 0.095942
346.728271484375, 0.075049
346.75830078125, 0.116834
346.788330078125, -0.057269
346.818359375, -0.043341
346.848388671875, -0.050305
346.87841796875, 0.040229
346.908447265625, -0.036377
346.9384765625, 0.088978
346.96826171875, 0.012372
346.998291015625, -0.022449
347.0283203125, 0.033265
347.058349609375, 0.047193
347.08837890625, 0.130762
347.118408203125, 0.123798
347.1484375, 0.033265
347.178466796875, 0.082014
347.208251953125, 0.054157
347.23828125, 0.130762
347.268310546875, 0.033265
347.29833984375, -0.015484
347.328369140625, -0.022449
347.3583984375, 0.130762
347.388427734375, 0.033265
347.41845703125, -0.043341
347.448486328125, -0.022449
347.478271484375, 0.061121
347.50830078125, -0.064233
347.538330078125, -0.057269
347.568359375, 0.075049
347.598388671875, -0.09209
347.62841796875, 0.054157
347.658447265625, 0.102906
347.6884765625, 0.151655
347.71826171875, 0.200404
347.748291015625, 0.061121
347.7783203125, 0.095942
347.808349609375, 0.095942
347.83837890625, -0.00852
347.868408203125, 0.054157
347.8984375, 0.047193
347.928466796875, -0.029413
347.95849609375, 0.082014
347.98828125, -0.036377
348.018310546875, -0.106018
348.04833984375, -0.050305
348.078369140625, 0.075049
348.1083984375, -0.00852
348.138427734375, -0.00852
348.16845703125, 0.075049
348.198486328125, 0.012372
348.228271484375, 0.012372
348.25830078125, 0.054157
348.288330078125, 0.075049
348.318359375, 0.054157
348.348388671875, 0.075049
348.37841796875, 0.068085
348.408447265625, -0.078162
348.4384765625, 0.033265
348.46826171875, -0.064233
348.498291015625, 0.172547
348.5283203125, -0.057269
348.558349609375, 0.033265
348.58837890625, 0.0263
348.618408203125, 0.061121
348.6484375, 0.068085
348.678466796875, -0.064233
348.70849609375, -0.043341
348.73828125, -0.022449
348.768310546875, -0.112982
348.79833984375, -0.119947
348.828369140625, -0.001556
348.8583984375, -0.085126
348.888427734375, 0.012372
348.91845703125, 0.061121
348.948486328125, -0.043341
348.978271484375, -0.043341
349.00830078125, -0.022449
349.038330078125, 0.033265
349.068359375, 0.082014
349.098388671875, 0.075049
349.12841796875, 0.033265
349.158447265625, 0.0263
349.1884765625, 0.047193
349.218505859375, -0.029413
349.248291015625, 0.019336
349.2783203125, 0.10987
349.308349609375, -0.078162
349.33837890625, -0.036377
349.368408203125, -0.133875
349.3984375, -0.043341
349.428466796875, 0.012372
349.45849609375, 0.068085
349.48828125, 0.054157
349.518310546875, 0.047193
349.54833984375, 0.095942
349.578369140625, -0.015484
349.6083984375, 0.054157
349.638427734375, 0.116834
349.66845703125, -0.085126
349.698486328125, 0.040229
349.728515625, -0.043341
349.75830078125, 0.068085
349.788330078125, -0.057269
349.818359375, 0.012372
349.848388671875, 0.123798
349.87841796875, 0.165583
349.908447265625, 0.019336
349.9384765625, -0.00852
349.968505859375, 0.033265
349.998291015625, 0.012372
350.0283203125, -0.078162
350.058349609375, 0.012372
350.08837890625, 0.012372
350.118408203125, -0.182624
350.1484375, 0.005408
350.178466796875, -0.015484
350.20849609375, -0.022449
350.23828125, -0.022449
350.268310546875, 0.075049
350.29833984375, 0.005408
350.328369140625, -0.112982
350.3583984375, 0.095942
350.388427734375, 0.0263
350.41845703125, -0.029413
350.448486328125, 0.088978
350.478515625, 0.033265
350.50830078125, 0.040229
350.538330078125, 0.082014
350.568359375, 0.130762
350.598388671875, -0.071198
350.62841796875, 0.012372
350.658447265625, 0.144691
350.6884765625, 0.061121
350.718505859375, 0.082014
350.748291015625, 0.061121
350.7783203125, 0.047193
350.808349609375, 0.088978
350.83837890625, -0.064233
350.868408203125, -0.071198
350.8984375, 0.0263
350.928466796875, -0.00852
350.95849609375, 0.095942
350.988525390625, 0.235225
351.018310546875, -0.022449
351.04833984375, 0.0263
351.078369140625, 0.061121
351.1083984375, 0.10987
351.138427734375, 0.054157
351.16845703125, -0.064233
351.198486328125, -0.001556
351.228515625, 0.151655
351.25830078125, 0.019336
351.288330078125, -0.015484
351.318359375, -0.043341
351.348388671875, -0.036377
351.37841796875, 0.047193
351.408447265625, -0.001556
351.4384765625, -0.00852
351.468505859375, 0.095942
351.49853515625, -0.022449
351.5283203125, 0.165583
351.558349609375, 0.033265
351.58837890625, -0.085126
351.618408203125, -0.057269
351.6484375, 0.102906
351.678466796875, 0.123798
351.70849609375, 0.075049
351.738525390625, -0.064233
351.768310546875, 0.061121
351.79833984375, 0.095942
351.828369140625, -0.057269
351.8583984375, 0.22826
351.888427734375, 0.040229
351.91845703125, -0.126911
351.948486328125, 0.068085
351.978515625, -0.09209
352.00830078125, 0.249153
352.038330078125, -0.064233
352.068359375, 0.144691
352.098388671875, -0.00852
352.12841796875, 0.033265
352.158447265625, 0.019336
352.1884765625, 0.061121
352.218505859375, -0.043341
352.24853515625, -0.057269
352.2783203125, 0.10987
352.308349609375, 0.075049
352.33837890625, 0.054157
352.368408203125, 0.088978
352.3984375, 0.047193
352.428466796875, -0.029413
352.45849609375, -0.050305
352.488525390625, 0.019336
352.518310546875, -0.126911
352.54833984375, 0.005408
352.578369140625, 0.005408
352.6083984375, -0.001556
352.638427734375, -0.043341
352.66845703125, 0.095942
352.698486328125, -0.064233
352.728515625, -0.00852
352.758544921875, -0.022449
352.788330078125, -0.078162
352.818359375, 0.088978
352.848388671875, 0.047193
352.87841796875, -0.057269
352.908447265625, -0.057269
352.9384765625, 0.095942
352.968505859375, 0.054157
352.99853515625, 0.10987
353.0283203125, 0.0263
353.058349609375, 0.095942
353.08837890625, 0.019336
353.118408203125, 0.0263
353.1484375, -0.057269
353.178466796875, 0.068085
353.20849609375, 0.0263
353.238525390625, 0.088978
353.268310546875, 0.061121
353.29833984375, -0.029413
353.328369140625, -0.064233
353.3583984375, 0.068085
353.388427734375, 0.200404
353.41845703125, 0.012372
353.448486328125, -0.050305
353.478515625, -0.050305
353.508544921875, -0.147803
353.538330078125, -0.071198
353.568359375, -0.112982
353.598388671875, 0.0263
353.62841796875, -0.106018
353.658447265625, 0.158619
353.6884765625, 0.082014
353.718505859375, -0.078162
353.74853515625, 0.0263
353.7783203125, 0.088978
353.808349609375, 0.075049
353.83837890625, -0.001556
353.868408203125, 0.047193
353.8984375, -0.036377
353.928466796875, -0.154767
353.95849609375, -0.036377
353.988525390625, -0.015484
354.0185546875, 0.047193
354.04833984375, 0.0263
354.078369140625, -0.057269
354.1083984375, 0.214332
354.138427734375, 0.088978
354.16845703125, 0.047193
354.198486328125, 0.019336
354.228515625, -0.00852
354.258544921875, 0.0263
354.288330078125, -0.015484
354.318359375, -0.112982
354.348388671875, 0.019336
354.37841796875, 0.019336
354.408447265625, 0.137727
354.4384765625, 0.019336
354.468505859375, -0.029413
354.49853515625, 0.047193
354.528564453125, 0.151655
354.558349609375, -0.036377
354.58837890625, -0.106018
354.618408203125, -0.057269
354.6484375, -0.022449
354.678466796875, -0.00852
354.70849609375, 0.061121
354.738525390625, -0.001556
354.7685546875, -0.001556
354.79833984375, 0.095942
354.828369140625, 0.033265
354.8583984375, 0.095942
354.888427734375, -0.022449
354.91845703125, -0.015484
354.948486328125, -0.057269
354.978515625, 0.054157
355.008544921875, 0.102906
355.038330078125, -0.099054
355.068359375, 0.130762
355.098388671875, 0.012372
355.12841796875, -0.133875
355.158447265625, 0.0263
355.1884765625, 0.088978
355.218505859375, 0.054157
355.24853515625, 0.040229
355.278564453125, 0.061121
355.308349609375, 0.047193
355.33837890625, 0.082014
355.368408203125, 0.075049
355.3984375, 0.012372
355.428466796875, 0.075049
355.45849609375, 0.068085
355.488525390625, -0.057269
355.5185546875, 0.137727
