Tag, Descricao, Modulo, Fase, Grandeza, IdSensor, Frequencia_Amostragem, Timestamp
M1IOCC1, I OPENING COIL C, 1, C, I, 1, 33333.0, 1747944058.3585627

tempos, dados
0.01953125, -0.074824
0.049560546875, 0.058
0.079345703125, 0.002074
0.109375, -0.032879
0.139404296875, -0.032879
0.16943359375, -0.03987
0.199462890625, 0.15587
0.2294921875, 0.078972
0.259521484375, 0.071981
0.28955078125, -0.123759
0.3193359375, -0.011907
0.349365234375, -0.067833
0.37939453125, 0.002074
0.409423828125, -0.025889
0.439453125, 0.002074
0.469482421875, -0.011907
0.49951171875, -0.158712
0.529541015625, -0.032879
0.5595703125, 0.037028
0.58935546875, 0.023046
0.619384765625, 0.051009
0.6494140625, 0.092954
0.679443359375, 0.044018
0.70947265625, 0.120916
0.739501953125, -0.067833
0.76953125, -0.03987
0.799560546875, 0.009065
0.829345703125, 0.092954
0.859375, 0.113926
0.889404296875, 0.051009
0.91943359375, 0.058
0.949462890625, -0.088805
0.9794921875, 0.030037
1.009521484375, 0.009065
1.03955078125, -0.067833
1.069580078125, -0.13075
1.099365234375, -0.046861
1.12939453125, 0.051009
1.159423828125, -0.081815
1.189453125, 0.071981
1.219482421875, 0.009065
1.24951171875, -0.067833
1.279541015625, 0.037028
1.3095703125, -0.053852
1.33935546875, -0.081815
1.369384765625, 0.190824
1.3994140625, 0.051009
1.429443359375, 0.002074
1.45947265625, 0.037028
1.489501953125, 0.002074
1.51953125, -0.004917
1.549560546875, -0.032879
1.57958984375, 0.023046
1.609375, -0.025889
1.639404296875, 0.037028
1.66943359375, -0.025889
1.699462890625, 0.113926
1.7294921875, -0.116768
1.759521484375, 0.044018
1.78955078125, 0.141889
1.819580078125, -0.011907
1.849365234375, 0.037028
1.87939453125, -0.060842
1.909423828125, 0.051009
1.939453125, -0.046861
1.969482421875, -0.03987
1.99951171875, -0.123759
2.029541015625, 0.064991
2.0595703125, -0.004917
2.08935546875, 0.002074
2.119384765625, 0.051009
2.1494140625, 0.078972
2.179443359375, -0.053852
2.20947265625, -0.004917
2.239501953125, -0.032879
2.26953125, 0.106935
2.299560546875, -0.03987
2.32958984375, 0.037028
2.359375, 0.127907
2.389404296875, -0.025889
2.41943359375, -0.081815
2.449462890625, -0.03987
2.4794921875, -0.025889
2.509521484375, 0.071981
2.53955078125, 0.078972
2.569580078125, 0.037028
2.599365234375, -0.081815
2.62939453125, -0.025889
2.659423828125, 0.002074
2.689453125, -0.088805
2.719482421875, 0.058
2.74951171875, 0.002074
2.779541015625, -0.03987
2.8095703125, 0.030037
2.839599609375, 0.023046
2.869384765625, -0.025889
2.8994140625, 0.030037
2.929443359375, -0.011907
2.95947265625, -0.053852
2.989501953125, -0.13774
3.01953125, 0.016056
3.049560546875, 0.099944
3.07958984375, 0.099944
3.109375, 0.120916
3.139404296875, -0.060842
3.16943359375, -0.032879
3.199462890625, -0.095796
3.2294921875, 0.064991
3.259521484375, 0.051009
3.28955078125, -0.018898
3.319580078125, 0.016056
3.349609375, 0.044018
3.37939453125, -0.004917
3.409423828125, -0.032879
3.439453125, -0.032879
3.469482421875, -0.018898
3.49951171875, 0.009065
3.529541015625, -0.011907
3.5595703125, 0.085963
3.589599609375, -0.053852
3.619384765625, -0.03987
3.6494140625, 0.030037
3.679443359375, -0.011907
3.70947265625, -0.074824
3.739501953125, 0.051009
3.76953125, -0.046861
3.799560546875, 0.134898
3.82958984375, 0.009065
3.859375, 0.071981
3.889404296875, 0.051009
3.91943359375, 0.190824
3.949462890625, -0.109777
3.9794921875, 0.106935
4.009521484375, 0.071981
4.03955078125, 0.15587
4.069580078125, 0.009065
4.099609375, -0.011907
4.12939453125, -0.025889
4.159423828125, 0.030037
4.189453125, 0.051009
4.219482421875, -0.025889
4.24951171875, -0.053852
4.279541015625, 0.058
4.3095703125, 0.037028
4.339599609375, 0.023046
4.369384765625, 0.016056
4.3994140625, 0.023046
4.429443359375, -0.109777
4.45947265625, -0.004917
4.489501953125, 0.016056
4.51953125, 0.030037
4.549560546875, -0.081815
4.57958984375, 0.009065
4.609619140625, 0.051009
4.639404296875, -0.081815
4.66943359375, 0.085963
4.699462890625, -0.109777
4.7294921875, -0.116768
4.759521484375, -0.03987
4.78955078125, 0.106935
4.819580078125, -0.046861
4.849609375, 0.085963
4.87939453125, 0.037028
4.909423828125, 0.051009
4.939453125, -0.025889
4.969482421875, 0.058
4.99951171875, -0.095796
5.029541015625, 0.099944
5.0595703125, 0.016056
5.089599609375, 0.092954
5.119384765625, -0.067833
5.1494140625, 0.051009
5.179443359375, 0.023046
5.20947265625, -0.018898
5.239501953125, -0.011907
5.26953125, -0.123759
5.299560546875, -0.004917
5.32958984375, 0.002074
5.359619140625, 0.051009
5.389404296875, -0.081815
5.41943359375, -0.018898
5.449462890625, -0.025889
5.4794921875, 0.064991
5.509521484375, -0.004917
5.53955078125, -0.074824
5.569580078125, 0.099944
5.599609375, 0.037028
5.62939453125, -0.151722
5.659423828125, -0.046861
5.689453125, 0.085963
5.719482421875, -0.13075
5.74951171875, -0.053852
5.779541015625, -0.053852
5.8095703125, 0.030037
5.839599609375, 0.016056
5.86962890625, -0.053852
5.8994140625, 0.071981
5.929443359375, 0.071981
5.95947265625, -0.081815
5.989501953125, 0.078972
6.01953125, 0.023046
6.049560546875, -0.03987
6.07958984375, 0.002074
6.109619140625, 0.044018
6.139404296875, 0.037028
6.16943359375, -0.151722
6.199462890625, 0.085963
6.2294921875, -0.074824
6.259521484375, 0.169852
6.28955078125, 0.030037
6.319580078125, -0.025889
6.349609375, -0.018898
6.379638671875, 0.002074
6.409423828125, 0.023046
6.439453125, 0.085963
6.469482421875, -0.018898
6.49951171875, 0.044018
6.529541015625, 0.037028
6.5595703125, 0.051009
6.589599609375, 0.030037
6.61962890625, 0.092954
6.6494140625, -0.032879
6.679443359375, -0.011907
6.70947265625, -0.03987
6.739501953125, 0.016056
6.76953125, -0.067833
6.799560546875, -0.067833
6.82958984375, -0.074824
6.859619140625, -0.011907
6.889404296875, -0.032879
6.91943359375, -0.13075
6.949462890625, 0.113926
6.9794921875, 0.106935
7.009521484375, 0.064991
7.03955078125, 0.058
7.069580078125, 0.002074
7.099609375, -0.060842
7.129638671875, -0.053852
7.159423828125, -0.018898
7.189453125, -0.053852
7.219482421875, -0.011907
7.24951171875, -0.032879
7.279541015625, -0.060842
7.3095703125, -0.074824
7.339599609375, 0.092954
7.36962890625, -0.032879
7.3994140625, -0.032879
7.429443359375, 0.023046
7.45947265625, -0.032879
7.489501953125, 0.15587
7.51953125, -0.088805
7.549560546875, 0.099944
7.57958984375, -0.088805
7.609619140625, -0.081815
7.6396484375, -0.060842
7.66943359375, -0.158712
7.699462890625, -0.025889
7.7294921875, 0.064991
7.759521484375, -0.13774
7.78955078125, 0.009065
7.819580078125, 0.016056
7.849609375, 0.016056
7.879638671875, -0.046861
7.909423828125, -0.025889
7.939453125, 0.078972
7.969482421875, 0.064991
7.99951171875, 0.064991
8.029541015625, 0.016056
8.0595703125, 0.044018
8.089599609375, 0.058
8.11962890625, -0.046861
8.1494140625, -0.095796
8.179443359375, -0.011907
8.20947265625, -0.102787
8.239501953125, 0.120916
8.26953125, -0.025889
8.299560546875, 0.037028
8.32958984375, -0.067833
8.359619140625, 0.030037
8.3896484375, -0.088805
8.41943359375, 0.009065
8.449462890625, -0.011907
8.4794921875, 0.030037
8.509521484375, 0.044018
8.53955078125, 0.037028
8.569580078125, -0.046861
8.599609375, 0.002074
8.629638671875, 0.009065
8.659423828125, 0.099944
8.689453125, 0.176842
8.719482421875, -0.060842
8.74951171875, 0.002074
8.779541015625, -0.060842
8.8095703125, 0.113926
8.839599609375, -0.109777
8.86962890625, 0.058
8.899658203125, 0.051009
8.929443359375, -0.03987
8.95947265625, 0.030037
8.989501953125, -0.053852
9.01953125, 0.009065
9.049560546875, 0.085963
9.07958984375, 0.051009
9.109619140625, 0.002074
9.1396484375, 0.092954
9.16943359375, 0.058
9.199462890625, -0.018898
9.2294921875, -0.053852
9.259521484375, 0.058
9.28955078125, 0.044018
9.319580078125, 0.162861
9.349609375, -0.004917
9.379638671875, -0.088805
9.40966796875, 0.120916
9.439453125, 0.044018
9.469482421875, -0.13075
9.49951171875, 0.092954
9.529541015625, 0.016056
9.5595703125, -0.13774
9.589599609375, -0.018898
9.61962890625, -0.011907
9.649658203125, 0.030037
9.679443359375, 0.037028
9.70947265625, 0.030037
9.739501953125, 0.051009
9.76953125, 0.058
9.799560546875, 0.099944
9.82958984375, 0.044018
9.859619140625, 0.002074
9.8896484375, -0.025889
9.91943359375, 0.023046
9.949462890625, 0.023046
9.9794921875, 0.071981
10.009521484375, -0.088805
10.03955078125, 0.113926
10.069580078125, 0.030037
10.099609375, -0.018898
10.129638671875, -0.046861
10.15966796875, -0.018898
10.189453125, 0.092954
10.219482421875, 0.016056
10.24951171875, 0.099944
10.279541015625, -0.004917
10.3095703125, -0.144731
10.339599609375, -0.018898
10.36962890625, -0.011907
10.399658203125, 0.023046
10.429443359375, 0.002074
10.45947265625, -0.032879
10.489501953125, 0.064991
10.51953125, 0.099944
10.549560546875, -0.179685
10.57958984375, -0.011907
10.609619140625, 0.120916
10.6396484375, -0.088805
10.669677734375, -0.025889
10.699462890625, 0.030037
10.7294921875, 0.030037
10.759521484375, 0.064991
10.78955078125, 0.009065
10.819580078125, -0.046861
10.849609375, -0.03987
10.879638671875, 0.085963
10.90966796875, 0.030037
10.939453125, 0.009065
10.969482421875, 0.023046
10.99951171875, -0.060842
11.029541015625, 0.009065
11.0595703125, 0.030037
11.089599609375, 0.002074
11.11962890625, -0.13075
11.149658203125, 0.099944
11.1796875, -0.095796
11.20947265625, -0.081815
11.239501953125, -0.018898
11.26953125, 0.113926
11.299560546875, -0.074824
11.32958984375, 0.016056
11.359619140625, 0.085963
11.3896484375, 0.023046
11.419677734375, 0.092954
11.449462890625, -0.046861
11.4794921875, 0.15587
11.509521484375, 0.058
11.53955078125, 0.058
11.569580078125, -0.03987
11.599609375, -0.03987
11.629638671875, 0.030037
11.65966796875, 0.127907
11.689453125, -0.018898
11.719482421875, -0.018898
11.74951171875, -0.03987
11.779541015625, 0.113926
11.8095703125, 0.064991
11.839599609375, -0.03987
11.86962890625, 0.141889
11.899658203125, -0.053852
11.9296875, 0.023046
11.95947265625, 0.148879
11.989501953125, -0.025889
12.01953125, 0.106935
12.049560546875, 0.064991
12.07958984375, -0.025889
12.109619140625, -0.03987
12.1396484375, 0.058
12.169677734375, 0.009065
12.199462890625, -0.053852
12.2294921875, -0.004917
12.259521484375, 0.078972
12.28955078125, 0.044018
12.319580078125, 0.044018
12.349609375, -0.165703
12.379638671875, -0.088805
12.40966796875, -0.053852
12.439697265625, -0.067833
12.469482421875, -0.095796
12.49951171875, -0.172694
12.529541015625, -0.011907
12.5595703125, -0.004917
12.589599609375, 0.037028
12.61962890625, -0.025889
12.649658203125, -0.025889
12.6796875, -0.025889
12.70947265625, 0.016056
12.739501953125, -0.081815
12.76953125, -0.025889
12.799560546875, 0.023046
12.82958984375, -0.081815
12.859619140625, -0.011907
12.8896484375, 0.064991
12.919677734375, 0.092954
12.949462890625, 0.044018
12.9794921875, 0.071981
13.009521484375, -0.060842
13.03955078125, -0.03987
13.069580078125, 0.085963
13.099609375, 0.037028
13.129638671875, 0.162861
13.15966796875, 0.044018
13.189697265625, -0.03987
13.219482421875, 0.106935
13.24951171875, 0.037028
13.279541015625, -0.004917
13.3095703125, -0.018898
13.339599609375, 0.120916
13.36962890625, 0.099944
13.399658203125, -0.011907
13.4296875, -0.13075
13.45947265625, 0.071981
13.489501953125, 0.016056
13.51953125, -0.025889
13.549560546875, -0.046861
13.57958984375, -0.060842
13.609619140625, -0.095796
13.6396484375, 0.071981
13.669677734375, 0.037028
13.69970703125, 0.085963
13.7294921875, -0.081815
13.759521484375, -0.011907
13.78955078125, 0.092954
13.819580078125, 0.078972
13.849609375, 0.016056
13.879638671875, 0.016056
13.90966796875, 0.037028
13.939697265625, -0.102787
13.969482421875, 0.016056
13.99951171875, -0.060842
14.029541015625, -0.018898
14.0595703125, -0.13774
14.089599609375, 0.023046
14.11962890625, -0.067833
14.149658203125, 0.002074
14.1796875, -0.053852
14.209716796875, 0.023046
14.239501953125, 0.037028
14.26953125, 0.106935
14.299560546875, 0.002074
14.32958984375, 0.030037
14.359619140625, 0.016056
14.3896484375, -0.018898
14.419677734375, 0.141889
14.44970703125, -0.095796
14.4794921875, -0.13774
14.509521484375, 0.113926
14.53955078125, 0.267722
14.569580078125, 0.058
14.599609375, 0.051009
14.629638671875, -0.046861
14.65966796875, -0.074824
14.689697265625, 0.030037
14.719482421875, -0.081815
14.74951171875, -0.011907
14.779541015625, -0.060842
14.8095703125, 0.009065
14.839599609375, 0.023046
14.86962890625, -0.046861
14.899658203125, -0.095796
14.9296875, -0.13075
14.959716796875, 0.016056
14.989501953125, 0.099944
15.01953125, 0.016056
15.049560546875, 0.071981
15.07958984375, 0.058
15.109619140625, -0.088805
15.1396484375, -0.025889
15.169677734375, 0.058
15.19970703125, -0.067833
15.2294921875, 0.113926
15.259521484375, -0.03987
15.28955078125, -0.053852
15.319580078125, -0.032879
15.349609375, 0.064991
15.379638671875, -0.025889
15.40966796875, 0.071981
15.439697265625, 0.023046
15.4697265625, 0.120916
15.49951171875, -0.018898
15.529541015625, 0.085963
15.5595703125, 0.002074
15.589599609375, -0.004917
15.61962890625, -0.018898
15.649658203125, 0.044018
15.6796875, 0.071981
15.709716796875, -0.032879
15.739501953125, 0.023046
15.76953125, 0.148879
15.799560546875, 0.071981
15.82958984375, 0.002074
15.859619140625, 0.037028
15.8896484375, -0.011907
15.919677734375, -0.13075
15.94970703125, 0.037028
15.9794921875, 0.044018
16.009521484375, -0.046861
16.03955078125, 0.030037
16.069580078125, -0.081815
16.099609375, 0.051009
16.129638671875, -0.067833
16.15966796875, 0.051009
16.189697265625, -0.053852
16.2197265625, 0.030037
16.24951171875, 0.120916
16.279541015625, -0.03987
16.3095703125, -0.074824
16.339599609375, -0.053852
16.36962890625, -0.095796
16.399658203125, 0.141889
16.4296875, -0.074824
16.459716796875, -0.116768
16.489501953125, 0.058
16.51953125, -0.018898
16.549560546875, 0.058
16.57958984375, -0.004917
16.609619140625, -0.03987
16.6396484375, 0.044018
16.669677734375, 0.002074
16.69970703125, -0.067833
16.729736328125, 0.113926
16.759521484375, -0.13075
16.78955078125, 0.058
16.819580078125, -0.060842
16.849609375, 0.030037
16.879638671875, -0.046861
16.90966796875, -0.011907
16.939697265625, -0.109777
16.9697265625, 0.051009
16.99951171875, -0.018898
17.029541015625, -0.03987
17.0595703125, 0.016056
17.089599609375, 0.016056
17.11962890625, 0.071981
17.149658203125, -0.018898
17.1796875, -0.060842
17.209716796875, -0.03987
17.23974609375, 0.037028
17.26953125, -0.060842
17.299560546875, 0.009065
17.32958984375, -0.151722
17.359619140625, 0.051009
17.3896484375, -0.011907
17.419677734375, 0.002074
17.44970703125, 0.030037
17.479736328125, -0.060842
17.509521484375, -0.095796
17.53955078125, 0.190824
17.569580078125, -0.004917
17.599609375, 0.099944
17.629638671875, 0.120916
17.65966796875, -0.046861
17.689697265625, 0.120916
17.7197265625, 0.030037
17.74951171875, -0.025889
17.779541015625, 0.009065
17.8095703125, 0.071981
17.839599609375, -0.109777
17.86962890625, 0.030037
17.899658203125, -0.018898
17.9296875, 0.099944
17.959716796875, -0.032879
17.98974609375, -0.095796
18.01953125, 0.085963
18.049560546875, -0.081815
18.07958984375, -0.067833
18.109619140625, -0.046861
18.1396484375, -0.088805
18.169677734375, 0.099944
18.19970703125, -0.011907
18.229736328125, 0.037028
18.259521484375, 0.044018
18.28955078125, 0.176842
18.319580078125, 0.051009
18.349609375, 0.016056
18.379638671875, -0.032879
18.40966796875, -0.081815
18.439697265625, 0.023046
18.4697265625, -0.046861
18.499755859375, 0.037028
18.529541015625, 0.092954
18.5595703125, -0.004917
18.589599609375, 0.023046
18.61962890625, 0.058
18.649658203125, 0.009065
18.6796875, -0.018898
18.709716796875, 0.002074
18.73974609375, 0.023046
18.76953125, -0.053852
18.799560546875, -0.109777
18.82958984375, 0.030037
18.859619140625, -0.004917
18.8896484375, 0.030037
18.919677734375, 0.176842
18.94970703125, 0.009065
18.979736328125, 0.002074
19.009765625, 0.078972
19.03955078125, -0.186675
19.069580078125, 0.071981
19.099609375, -0.03987
19.129638671875, 0.037028
19.15966796875, -0.032879
19.189697265625, 0.016056
19.2197265625, 0.120916
19.249755859375, 0.030037
19.279541015625, 0.009065
19.3095703125, -0.13075
19.339599609375, 0.051009
19.36962890625, 0.058
19.399658203125, -0.004917
19.4296875, -0.011907
19.459716796875, 0.127907
19.48974609375, -0.081815
19.51953125, 0.078972
19.549560546875, 0.078972
19.57958984375, 0.064991
19.609619140625, 0.044018
19.6396484375, -0.060842
19.669677734375, -0.004917
19.69970703125, 0.078972
19.729736328125, 0.106935
19.759765625, 0.009065
19.78955078125, -0.074824
19.819580078125, 0.092954
19.849609375, 0.044018
19.879638671875, 0.092954
19.90966796875, -0.025889
19.939697265625, 0.078972
19.9697265625, -0.053852
19.999755859375, -0.074824
20.029541015625, -0.053852
20.0595703125, 0.009065
20.089599609375, 0.016056
20.11962890625, -0.158712
20.149658203125, 0.002074
20.1796875, -0.004917
20.209716796875, 0.113926
20.23974609375, -0.088805
20.269775390625, -0.102787
20.299560546875, -0.095796
20.32958984375, -0.032879
20.359619140625, 0.023046
20.3896484375, 0.030037
20.419677734375, -0.144731
20.44970703125, 0.051009
20.479736328125, 0.037028
20.509765625, 0.030037
20.53955078125, 0.058
20.569580078125, 0.064991
20.599609375, 0.044018
20.629638671875, -0.018898
20.65966796875, -0.025889
20.689697265625, 0.030037
20.7197265625, 0.051009
20.749755859375, -0.046861
20.779541015625, -0.053852
20.8095703125, 0.085963
20.839599609375, -0.053852
20.86962890625, -0.067833
20.899658203125, -0.123759
20.9296875, 0.016056
20.959716796875, -0.109777
20.98974609375, 0.023046
21.019775390625, -0.004917
21.049560546875, 0.037028
21.07958984375, 0.016056
21.109619140625, -0.046861
21.1396484375, 0.030037
21.169677734375, -0.053852
21.19970703125, -0.018898
21.229736328125, 0.106935
21.259765625, 0.002074
21.28955078125, 0.044018
21.319580078125, 0.246749
21.349609375, 0.141889
21.379638671875, -0.046861
21.40966796875, 0.037028
21.439697265625, 0.099944
21.4697265625, -0.032879
21.499755859375, 0.002074
21.52978515625, 0.092954
21.5595703125, 0.016056
21.589599609375, 0.009065
21.61962890625, 0.009065
21.649658203125, -0.018898
21.6796875, 0.009065
21.709716796875, -0.088805
21.73974609375, -0.004917
21.769775390625, -0.088805
21.799560546875, -0.067833
21.82958984375, -0.025889
21.859619140625, -0.032879
21.8896484375, -0.081815
21.919677734375, 0.030037
21.94970703125, 0.016056
21.979736328125, 0.023046
22.009765625, -0.053852
22.039794921875, -0.011907
22.069580078125, -0.03987
22.099609375, -0.004917
22.129638671875, 0.113926
22.15966796875, 0.058
22.189697265625, 0.002074
22.2197265625, -0.081815
22.249755859375, 0.141889
22.27978515625, 0.037028
22.3095703125, 0.106935
22.339599609375, -0.004917
22.36962890625, 0.023046
22.399658203125, 0.085963
22.4296875, 0.071981
22.459716796875, 0.106935
22.48974609375, -0.074824
22.519775390625, -0.025889
22.549560546875, 0.058
22.57958984375, 0.092954
22.609619140625, 0.002074
22.6396484375, 0.009065
22.669677734375, 0.078972
22.69970703125, -0.032879
22.729736328125, -0.046861
22.759765625, 0.141889
22.789794921875, -0.102787
22.819580078125, 0.071981
22.849609375, -0.053852
22.879638671875, -0.004917
22.90966796875, 0.030037
22.939697265625, -0.067833
22.9697265625, 0.051009
22.999755859375, 0.016056
23.02978515625, -0.095796
23.0595703125, -0.067833
23.089599609375, 0.030037
23.11962890625, 0.106935
23.149658203125, 0.085963
23.1796875, -0.025889
23.209716796875, -0.060842
23.23974609375, -0.03987
23.269775390625, 0.023046
23.2998046875, 0.058
23.32958984375, 0.051009
23.359619140625, 0.085963
23.3896484375, -0.081815
23.419677734375, -0.074824
23.44970703125, -0.025889
23.479736328125, -0.067833
23.509765625, -0.067833
23.539794921875, 0.058
23.569580078125, -0.032879
23.599609375, -0.074824
23.629638671875, -0.123759
23.65966796875, -0.011907
23.689697265625, -0.151722
23.7197265625, -0.081815
23.749755859375, 0.030037
23.77978515625, -0.032879
23.8095703125, 0.078972
23.839599609375, 0.002074
23.86962890625, 0.023046
23.899658203125, 0.009065
23.9296875, 0.169852
23.959716796875, -0.004917
23.98974609375, 0.127907
24.019775390625, -0.011907
24.0498046875, 0.099944
24.07958984375, -0.011907
24.109619140625, 0.044018
24.1396484375, -0.081815
24.169677734375, 0.092954
24.19970703125, 0.002074
24.229736328125, 0.071981
24.259765625, 0.051009
24.289794921875, 0.078972
24.319580078125, 0.085963
24.349609375, -0.011907
24.379638671875, 0.051009
24.40966796875, 0.106935
24.439697265625, -0.032879
24.4697265625, 0.009065
24.499755859375, -0.046861
24.52978515625, 0.016056
24.559814453125, 0.058
24.589599609375, 0.037028
24.61962890625, -0.074824
24.649658203125, -0.158712
24.6796875, -0.025889
24.709716796875, 0.023046
24.73974609375, -0.067833
24.769775390625, -0.03987
24.7998046875, 0.064991
24.82958984375, 0.051009
24.859619140625, 0.064991
24.8896484375, -0.004917
24.919677734375, 0.169852
24.94970703125, -0.074824
24.979736328125, 0.078972
25.009765625, -0.025889
25.039794921875, -0.074824
25.06982421875, -0.011907
25.099609375, -0.011907
25.129638671875, -0.018898
25.15966796875, -0.053852
25.189697265625, -0.060842
25.2197265625, 0.120916
25.249755859375, 0.058
25.27978515625, 0.127907
25.309814453125, 0.064991
25.339599609375, 0.120916
25.36962890625, -0.004917
25.399658203125, 0.071981
25.4296875, 0.030037
25.459716796875, 0.023046
25.48974609375, 0.113926
25.519775390625, -0.025889
25.5498046875, -0.046861
25.57958984375, -0.053852
25.609619140625, -0.151722
25.6396484375, -0.095796
25.669677734375, -0.025889
25.69970703125, -0.03987
25.729736328125, -0.011907
25.759765625, 0.016056
25.789794921875, -0.102787
25.81982421875, 0.058
25.849609375, -0.018898
25.879638671875, 0.092954
25.90966796875, 0.044018
25.939697265625, -0.060842
25.9697265625, -0.018898
25.999755859375, 0.078972
26.02978515625, -0.158712
26.059814453125, 0.064991
26.089599609375, 0.023046
26.11962890625, 0.058
26.149658203125, -0.095796
26.1796875, 0.099944
26.209716796875, 0.058
26.23974609375, 0.127907
26.269775390625, 0.037028
26.2998046875, -0.004917
26.329833984375, 0.141889
26.359619140625, -0.025889
26.3896484375, -0.095796
26.419677734375, 0.113926
26.44970703125, -0.060842
26.479736328125, -0.03987
26.509765625, 0.071981
26.539794921875, -0.081815
26.56982421875, 0.071981
26.599609375, -0.011907
26.629638671875, 0.023046
26.65966796875, -0.011907
26.689697265625, -0.109777
26.7197265625, 0.051009
26.749755859375, 0.009065
26.77978515625, -0.053852
26.809814453125, 0.044018
26.83984375, -0.004917
26.86962890625, -0.011907
26.899658203125, 0.044018
26.9296875, 0.058
26.959716796875, 0.058
26.98974609375, 0.113926
27.019775390625, 0.064991
27.0498046875, 0.078972
27.079833984375, -0.011907
27.109619140625, -0.074824
27.1396484375, -0.032879
27.169677734375, -0.025889
27.19970703125, 0.030037
27.229736328125, -0.018898
27.259765625, -0.053852
27.289794921875, 0.064991
27.31982421875, 0.058
27.349609375, -0.025889
27.379638671875, 0.058
27.40966796875, 0.058
27.439697265625, 0.099944
27.4697265625, -0.011907
27.499755859375, -0.060842
27.52978515625, 0.016056
27.559814453125, -0.053852
27.58984375, -0.081815
27.61962890625, -0.060842
27.649658203125, -0.109777
27.6796875, 0.009065
27.709716796875, 0.058
27.73974609375, -0.025889
27.769775390625, 0.085963
27.7998046875, 0.030037
27.829833984375, -0.053852
27.859619140625, 0.002074
27.8896484375, -0.004917
27.919677734375, 0.162861
27.94970703125, 0.169852
27.979736328125, -0.004917
28.009765625, 0.058
28.039794921875, 0.009065
28.06982421875, 0.120916
28.099853515625, -0.060842
28.129638671875, 0.044018
28.15966796875, -0.018898
28.189697265625, 0.023046
28.2197265625, -0.011907
28.249755859375, 0.009065
28.27978515625, -0.123759
28.309814453125, -0.207648
28.33984375, -0.004917
28.36962890625, 0.127907
28.399658203125, 0.113926
28.4296875, -0.046861
28.459716796875, 0.051009
28.48974609375, 0.037028
28.519775390625, -0.03987
28.5498046875, 0.071981
28.579833984375, -0.074824
28.609619140625, -0.067833
28.6396484375, -0.032879
28.669677734375, 0.058
28.69970703125, 0.009065
28.729736328125, 0.058
28.759765625, 0.148879
28.789794921875, -0.025889
28.81982421875, 0.002074
28.849853515625, -0.060842
28.879638671875, 0.051009
28.90966796875, -0.095796
28.939697265625, -0.116768
28.9697265625, -0.025889
28.999755859375, -0.088805
29.02978515625, 0.169852
29.059814453125, 0.058
29.08984375, 0.134898
29.11962890625, -0.011907
29.149658203125, 0.009065
29.1796875, 0.071981
29.209716796875, 0.099944
29.23974609375, 0.058
29.269775390625, 0.002074
29.2998046875, 0.064991
29.329833984375, -0.081815
29.35986328125, 0.064991
29.3896484375, 0.15587
29.419677734375, 0.044018
29.44970703125, 0.071981
29.479736328125, 0.064991
29.509765625, 0.051009
29.539794921875, 0.030037
29.56982421875, 0.058
29.599853515625, 0.030037
29.629638671875, 0.016056
29.65966796875, -0.032879
29.689697265625, 0.044018
29.7197265625, -0.067833
29.749755859375, -0.03987
29.77978515625, 0.134898
29.809814453125, 0.023046
29.83984375, 0.030037
29.869873046875, -0.011907
29.899658203125, -0.025889
29.9296875, -0.004917
29.959716796875, 0.064991
29.98974609375, 0.023046
30.019775390625, 0.030037
30.0498046875, -0.067833
30.079833984375, 0.127907
30.10986328125, 0.071981
30.1396484375, 0.085963
30.169677734375, 0.051009
30.19970703125, -0.053852
30.229736328125, -0.03987
30.259765625, -0.025889
30.289794921875, 0.030037
30.31982421875, 0.058
30.349853515625, 0.099944
30.379638671875, -0.011907
30.40966796875, -0.053852
30.439697265625, -0.102787
30.4697265625, -0.060842
30.499755859375, -0.13075
30.52978515625, -0.018898
30.559814453125, -0.018898
30.58984375, -0.004917
30.619873046875, -0.151722
30.649658203125, -0.03987
30.6796875, 0.009065
30.709716796875, -0.011907
30.73974609375, 0.141889
30.769775390625, -0.018898
30.7998046875, 0.030037
30.829833984375, 0.120916
30.85986328125, 0.002074
30.8896484375, -0.214638
30.919677734375, -0.004917
30.94970703125, 0.099944
30.979736328125, 0.078972
31.009765625, 0.016056
31.039794921875, 0.127907
31.06982421875, 0.071981
31.099853515625, 0.064991
31.1298828125, -0.053852
31.15966796875, 0.030037
31.189697265625, 0.113926
31.2197265625, 0.085963
31.249755859375, -0.011907
31.27978515625, -0.095796
31.309814453125, -0.053852
31.33984375, -0.018898
31.369873046875, 0.071981
31.399658203125, 0.016056
31.4296875, -0.03987
31.459716796875, -0.018898
31.48974609375, -0.074824
31.519775390625, -0.123759
31.5498046875, 0.071981
31.579833984375, -0.053852
31.60986328125, 0.092954
31.6396484375, -0.165703
31.669677734375, 0.225777
31.69970703125, -0.081815
31.729736328125, 0.037028
31.759765625, 0.120916
31.789794921875, -0.13774
31.81982421875, 0.071981
31.849853515625, 0.023046
31.8798828125, -0.03987
31.90966796875, 0.044018
31.939697265625, -0.053852
31.9697265625, -0.067833
31.999755859375, 0.078972
32.02978515625, 0.044018
32.059814453125, 0.044018
32.08984375, -0.011907
32.119873046875, -0.032879
32.149658203125, -0.018898
32.1796875, -0.018898
32.209716796875, 0.037028
32.23974609375, 0.092954
32.269775390625, 0.169852
32.2998046875, 0.085963
32.329833984375, 0.071981
32.35986328125, 0.078972
32.389892578125, -0.081815
32.419677734375, 0.037028
32.44970703125, -0.060842
32.479736328125, -0.088805
32.509765625, -0.011907
32.539794921875, -0.046861
32.56982421875, 0.134898
32.599853515625, -0.067833
32.6298828125, 0.030037
32.65966796875, 0.051009
32.689697265625, -0.025889
32.7197265625, -0.03987
32.749755859375, 0.002074
32.77978515625, -0.011907
32.809814453125, 0.009065
32.83984375, 0.051009
32.869873046875, 0.037028
32.89990234375, 0.113926
32.9296875, 0.023046
32.959716796875, -0.060842
32.98974609375, -0.032879
33.019775390625, -0.032879
33.0498046875, -0.032879
33.079833984375, -0.053852
33.10986328125, 0.051009
33.139892578125, 0.058
33.169677734375, -0.032879
33.19970703125, 0.127907
33.229736328125, 0.051009
33.259765625, 0.009065
33.289794921875, 0.030037
33.31982421875, 0.051009
33.349853515625, -0.067833
33.3798828125, -0.158712
33.40966796875, 0.064991
33.439697265625, -0.088805
33.4697265625, 0.120916
33.499755859375, 0.037028
33.52978515625, 0.016056
33.559814453125, 0.092954
33.58984375, -0.13075
33.619873046875, -0.032879
33.64990234375, -0.004917
33.6796875, 0.016056
33.709716796875, -0.025889
33.73974609375, 0.058
33.769775390625, 0.058
33.7998046875, -0.053852
33.829833984375, 0.030037
33.85986328125, -0.053852
33.889892578125, 0.064991
33.919677734375, -0.004917
33.94970703125, -0.109777
33.979736328125, -0.025889
34.009765625, 0.023046
34.039794921875, 0.058
34.06982421875, 0.071981
34.099853515625, 0.037028
34.1298828125, -0.046861
34.159912109375, 0.044018
34.189697265625, 0.030037
34.2197265625, -0.004917
34.249755859375, 0.002074
34.27978515625, 0.058
34.309814453125, 0.044018
34.33984375, 0.092954
34.369873046875, 0.037028
34.39990234375, -0.074824
34.4296875, 0.037028
34.459716796875, -0.144731
34.48974609375, -0.046861
34.519775390625, 0.058
34.5498046875, 0.092954
34.579833984375, 0.120916
34.60986328125, 0.023046
34.639892578125, 0.002074
34.669921875, 0.064991
34.69970703125, -0.025889
34.729736328125, 0.051009
34.759765625, 0.099944
34.789794921875, -0.004917
34.81982421875, 0.002074
34.849853515625, 0.009065
34.8798828125, 0.009065
34.909912109375, 0.120916
34.939697265625, -0.032879
34.9697265625, 0.134898
34.999755859375, -0.032879
35.02978515625, -0.025889
35.059814453125, 0.141889
35.08984375, 0.071981
35.119873046875, -0.018898
35.14990234375, 0.009065
35.1796875, 0.106935
35.209716796875, 0.009065
35.23974609375, 0.078972
35.269775390625, 0.037028
35.2998046875, -0.053852
35.329833984375, -0.018898
35.35986328125, -0.053852
35.389892578125, -0.053852
35.419921875, 0.141889
35.44970703125, 0.071981
35.479736328125, 0.009065
35.509765625, -0.116768
35.539794921875, -0.060842
35.56982421875, 0.148879
35.599853515625, 0.044018
35.6298828125, 0.016056
35.659912109375, -0.03987
35.689697265625, 0.016056
35.7197265625, 0.058
35.749755859375, -0.018898
35.77978515625, 0.002074
35.809814453125, 0.023046
35.83984375, 0.134898
35.869873046875, 0.064991
35.89990234375, 0.085963
35.929931640625, 0.030037
35.959716796875, -0.067833
35.98974609375, 0.099944
36.019775390625, 0.148879
36.0498046875, -0.018898
36.079833984375, 0.030037
36.10986328125, 0.127907
36.139892578125, -0.053852
36.169921875, 0.044018
36.19970703125, -0.102787
36.229736328125, 0.085963
36.259765625, 0.009065
36.289794921875, 0.002074
36.31982421875, 0.016056
36.349853515625, 0.051009
36.3798828125, -0.004917
36.409912109375, -0.277555
36.439697265625, -0.03987
36.4697265625, 0.016056
36.499755859375, 0.064991
36.52978515625, 0.051009
36.559814453125, -0.004917
36.58984375, -0.011907
36.619873046875, -0.018898
36.64990234375, 0.009065
36.679931640625, 0.044018
36.709716796875, -0.03987
36.73974609375, 0.023046
36.769775390625, -0.018898
36.7998046875, 0.051009
36.829833984375, 0.058
36.85986328125, 0.030037
36.889892578125, 0.127907
36.919921875, -0.102787
36.94970703125, -0.102787
36.979736328125, 0.016056
37.009765625, 0.023046
37.039794921875, 0.113926
37.06982421875, -0.025889
37.099853515625, 0.099944
37.1298828125, 0.037028
37.159912109375, 0.009065
37.18994140625, -0.018898
37.2197265625, -0.088805
37.249755859375, -0.053852
37.27978515625, 0.120916
37.309814453125, -0.165703
37.33984375, -0.032879
37.369873046875, -0.025889
37.39990234375, -0.004917
37.429931640625, 0.141889
37.459716796875, 0.009065
37.48974609375, -0.102787
37.519775390625, 0.051009
37.5498046875, 0.106935
37.579833984375, 0.058
37.60986328125, -0.032879
37.639892578125, 0.071981
37.669921875, -0.13774
37.699951171875, -0.067833
37.729736328125, 0.071981
37.759765625, -0.011907
37.789794921875, 0.037028
37.81982421875, 0.016056
37.849853515625, 0.120916
37.8798828125, -0.011907
37.909912109375, 0.099944
37.93994140625, 0.002074
37.9697265625, 0.002074
37.999755859375, 0.016056
38.02978515625, 0.106935
38.059814453125, 0.071981
38.08984375, -0.074824
38.119873046875, 0.044018
38.14990234375, 0.078972
38.179931640625, 0.113926
38.209716796875, -0.116768
38.23974609375, -0.074824
38.269775390625, -0.116768
38.2998046875, -0.025889
38.329833984375, 0.044018
38.35986328125, -0.144731
38.389892578125, -0.025889
38.419921875, -0.081815
38.449951171875, -0.067833
38.479736328125, 0.071981
38.509765625, 0.078972
38.539794921875, 0.092954
38.56982421875, -0.102787
38.599853515625, 0.064991
38.6298828125, 0.044018
38.659912109375, 0.037028
38.68994140625, -0.144731
38.7197265625, -0.03987
38.749755859375, 0.009065
38.77978515625, 0.162861
38.809814453125, 0.15587
38.83984375, -0.116768
38.869873046875, -0.067833
38.89990234375, -0.004917
38.929931640625, 0.030037
38.9599609375, 0.064991
38.98974609375, 0.002074
39.019775390625, 0.030037
39.0498046875, 0.044018
39.079833984375, 0.002074
39.10986328125, 0.002074
39.139892578125, 0.197814
39.169921875, 0.023046
39.199951171875, 0.106935
39.229736328125, 0.016056
39.259765625, 0.085963
39.289794921875, 0.106935
39.31982421875, 0.064991
39.349853515625, -0.109777
39.3798828125, 0.044018
39.409912109375, 0.044018
39.43994140625, -0.046861
39.469970703125, -0.004917
39.499755859375, 0.016056
39.52978515625, -0.095796
39.559814453125, 0.113926
39.58984375, 0.037028
39.619873046875, -0.018898
39.64990234375, -0.13075
39.679931640625, -0.095796
39.7099609375, 0.134898
39.73974609375, 0.044018
39.769775390625, -0.046861
39.7998046875, 0.106935
39.829833984375, 0.127907
39.85986328125, 0.023046
39.889892578125, -0.074824
39.919921875, -0.025889
39.949951171875, -0.088805
39.979736328125, 0.002074
40.009765625, -0.095796
40.039794921875, -0.004917
40.06982421875, 0.099944
40.099853515625, 0.051009
40.1298828125, -0.025889
40.159912109375, -0.067833
40.18994140625, -0.123759
40.219970703125, 0.023046
40.249755859375, 0.044018
40.27978515625, 0.051009
40.309814453125, -0.011907
40.33984375, 0.002074
40.369873046875, 0.078972
40.39990234375, 0.141889
40.429931640625, 0.058
40.4599609375, -0.018898
40.48974609375, 0.016056
40.519775390625, 0.064991
40.5498046875, 0.016056
40.579833984375, -0.025889
40.60986328125, -0.060842
40.639892578125, 0.002074
40.669921875, 0.099944
40.699951171875, -0.025889
40.72998046875, 0.037028
40.759765625, 0.016056
40.789794921875, -0.032879
40.81982421875, 0.044018
40.849853515625, -0.109777
40.8798828125, -0.074824
40.909912109375, -0.081815
40.93994140625, 0.092954
40.969970703125, 0.044018
40.999755859375, -0.032879
41.02978515625, 0.058
41.059814453125, 0.044018
41.08984375, -0.018898
41.119873046875, 0.092954
41.14990234375, 0.002074
41.179931640625, -0.060842
41.2099609375, -0.011907
41.23974609375, -0.032879
41.269775390625, 0.016056
41.2998046875, -0.011907
41.329833984375, 0.037028
41.35986328125, 0.023046
41.389892578125, 0.009065
41.419921875, 0.044018
41.449951171875, 0.037028
41.47998046875, -0.004917
41.509765625, -0.025889
41.539794921875, -0.109777
41.56982421875, -0.046861
41.599853515625, 0.016056
41.6298828125, 0.002074
41.659912109375, -0.081815
41.68994140625, 0.099944
41.719970703125, 0.016056
41.749755859375, 0.058
41.77978515625, 0.030037
41.809814453125, -0.03987
41.83984375, 0.092954
41.869873046875, 0.002074
41.89990234375, 0.099944
41.929931640625, -0.011907
41.9599609375, 0.044018
41.989990234375, 0.120916
42.019775390625, -0.109777
42.0498046875, -0.004917
42.079833984375, 0.092954
42.10986328125, -0.004917
42.139892578125, 0.15587
42.169921875, -0.053852
42.199951171875, -0.011907
42.22998046875, 0.016056
42.259765625, 0.030037
42.289794921875, 0.071981
42.31982421875, 0.030037
42.349853515625, 0.058
42.3798828125, -0.053852
42.409912109375, 0.030037
42.43994140625, 0.064991
42.469970703125, 0.044018
42.5, 0.002074
42.52978515625, -0.018898
42.559814453125, -0.067833
42.58984375, 0.023046
42.619873046875, 0.085963
42.64990234375, 0.071981
42.679931640625, 0.162861
42.7099609375, -0.123759
42.739990234375, 0.085963
42.769775390625, -0.046861
42.7998046875, -0.03987
42.829833984375, -0.004917
42.85986328125, 0.030037
42.889892578125, 0.134898
42.919921875, 0.030037
42.949951171875, -0.172694
42.97998046875, -0.074824
43.009765625, 0.058
43.039794921875, 0.058
43.06982421875, 0.044018
43.099853515625, -0.011907
43.1298828125, 0.071981
43.159912109375, -0.03987
43.18994140625, 0.071981
43.219970703125, -0.03987
43.25, -0.011907
43.27978515625, 0.009065
43.309814453125, 0.009065
43.33984375, 0.002074
43.369873046875, 0.120916
43.39990234375, 0.002074
43.429931640625, -0.004917
43.4599609375, -0.032879
43.489990234375, 0.037028
43.519775390625, -0.060842
43.5498046875, 0.002074
43.579833984375, -0.067833
43.60986328125, 0.064991
43.639892578125, 0.099944
43.669921875, -0.088805
43.699951171875, -0.123759
43.72998046875, -0.179685
43.760009765625, -0.004917
43.789794921875, 0.037028
43.81982421875, 0.016056
43.849853515625, 0.009065
43.8798828125, 0.037028
43.909912109375, 0.092954
43.93994140625, 0.016056
43.969970703125, 0.134898
44.0, 0.162861
44.02978515625, -0.109777
44.059814453125, 0.009065
44.08984375, -0.081815
44.119873046875, 0.099944
44.14990234375, 0.071981
44.179931640625, -0.046861
44.2099609375, 0.023046
44.239990234375, 0.204805
44.269775390625, -0.060842
44.2998046875, 0.085963
44.329833984375, 0.127907
44.35986328125, 0.092954
44.389892578125, -0.172694
44.419921875, 0.037028
44.449951171875, 0.030037
44.47998046875, -0.053852
44.510009765625, 0.078972
44.539794921875, -0.03987
44.56982421875, 0.058
44.599853515625, 0.044018
44.6298828125, 0.071981
44.659912109375, -0.046861
44.68994140625, -0.053852
44.719970703125, -0.032879
44.75, -0.053852
44.77978515625, 0.044018
44.809814453125, -0.025889
44.83984375, 0.044018
44.869873046875, 0.106935
44.89990234375, 0.106935
44.929931640625, -0.004917
44.9599609375, -0.109777
44.989990234375, 0.099944
45.02001953125, -0.032879
45.0498046875, -0.011907
45.079833984375, -0.102787
45.10986328125, 0.071981
45.139892578125, 0.030037
45.169921875, 0.051009
45.199951171875, -0.088805
45.22998046875, -0.004917
45.260009765625, 0.078972
45.289794921875, 0.071981
45.31982421875, -0.116768
45.349853515625, -0.109777
45.3798828125, -0.011907
45.409912109375, 0.016056
45.43994140625, 0.030037
45.469970703125, 0.092954
45.5, -0.018898
45.530029296875, -0.018898
45.559814453125, -0.032879
45.58984375, -0.004917
45.619873046875, 0.134898
45.64990234375, -0.158712
45.679931640625, 0.002074
45.7099609375, 0.009065
45.739990234375, 0.15587
45.77001953125, 0.106935
45.7998046875, 0.15587
45.829833984375, 0.002074
45.85986328125, -0.018898
45.889892578125, 0.030037
45.919921875, -0.102787
45.949951171875, -0.018898
45.97998046875, 0.023046
46.010009765625, 0.016056
46.039794921875, 0.058
46.06982421875, -0.095796
46.099853515625, -0.081815
46.1298828125, -0.081815
46.159912109375, -0.165703
46.18994140625, -0.046861
46.219970703125, 0.064991
46.25, 0.044018
46.280029296875, 0.078972
46.309814453125, 0.051009
46.33984375, -0.081815
46.369873046875, 0.051009
46.39990234375, 0.030037
46.429931640625, -0.018898
46.4599609375, 0.064991
46.489990234375, -0.004917
46.52001953125, -0.018898
46.5498046875, 0.044018
46.579833984375, -0.053852
46.60986328125, -0.046861
46.639892578125, -0.13774
46.669921875, -0.032879
46.699951171875, -0.067833
46.72998046875, -0.095796
46.760009765625, 0.078972
46.7900390625, 0.016056
46.81982421875, 0.037028
46.849853515625, -0.088805
46.8798828125, 0.148879
46.909912109375, 0.092954
46.93994140625, -0.03987
46.969970703125, 0.044018
47.0, -0.032879
47.030029296875, 0.016056
47.059814453125, 0.044018
47.08984375, -0.109777
47.119873046875, 0.148879
47.14990234375, 0.037028
47.179931640625, 0.134898
47.2099609375, 0.071981
47.239990234375, -0.13774
47.27001953125, 0.092954
47.300048828125, 0.023046
47.329833984375, -0.032879
47.35986328125, 0.030037
47.389892578125, 0.016056
47.419921875, 0.009065
47.449951171875, 0.044018
47.47998046875, 0.085963
47.510009765625, -0.123759
47.5400390625, 0.044018
47.56982421875, 0.058
47.599853515625, 0.051009
47.6298828125, -0.018898
47.659912109375, -0.067833
47.68994140625, -0.025889
47.719970703125, -0.102787
47.75, -0.053852
47.780029296875, 0.183833
47.809814453125, -0.067833
47.83984375, -0.046861
47.869873046875, -0.018898
47.89990234375, -0.053852
47.929931640625, -0.004917
47.9599609375, -0.060842
47.989990234375, 0.044018
48.02001953125, -0.067833
48.050048828125, -0.025889
48.079833984375, 0.064991
48.10986328125, -0.081815
48.139892578125, 0.030037
48.169921875, -0.004917
48.199951171875, 0.058
48.22998046875, 0.023046
48.260009765625, 0.092954
48.2900390625, -0.03987
48.31982421875, -0.011907
48.349853515625, -0.151722
48.3798828125, 0.002074
48.409912109375, -0.053852
48.43994140625, -0.074824
48.469970703125, -0.03987
48.5, 0.078972
48.530029296875, 0.030037
48.56005859375, -0.074824
48.58984375, 0.071981
48.619873046875, -0.018898
48.64990234375, 0.113926
48.679931640625, 0.078972
48.7099609375, -0.025889
48.739990234375, 0.058
48.77001953125, 0.030037
48.800048828125, 0.051009
48.829833984375, -0.060842
48.85986328125, -0.109777
48.889892578125, -0.109777
48.919921875, 0.120916
48.949951171875, -0.025889
48.97998046875, 0.023046
49.010009765625, 0.058
49.0400390625, -0.102787
49.06982421875, 0.169852
49.099853515625, -0.004917
49.1298828125, -0.032879
49.159912109375, -0.109777
49.18994140625, -0.081815
49.219970703125, 0.023046
49.25, 0.030037
49.280029296875, 0.162861
49.31005859375, 0.099944
49.33984375, -0.088805
49.369873046875, 0.030037
49.39990234375, 0.037028
49.429931640625, -0.060842
49.4599609375, -0.060842
49.489990234375, 0.030037
49.52001953125, -0.046861
49.550048828125, 0.002074
49.579833984375, -0.095796
49.60986328125, 0.051009
49.639892578125, -0.03987
49.669921875, 0.009065
49.699951171875, -0.13075
49.72998046875, 0.009065
49.760009765625, -0.004917
49.7900390625, 0.099944
49.820068359375, 0.071981
49.849853515625, -0.067833
49.8798828125, 0.002074
49.909912109375, -0.004917
49.93994140625, 0.099944
49.969970703125, -0.004917
50.0, -0.025889
50.030029296875, -0.13075
50.06005859375, 0.113926
50.08984375, -0.109777
50.119873046875, 0.002074
50.14990234375, 0.064991
50.179931640625, 0.030037
50.2099609375, -0.011907
50.239990234375, -0.060842
50.27001953125, 0.009065
50.300048828125, 0.092954
50.330078125, -0.200657
50.35986328125, 0.002074
50.389892578125, 0.030037
50.419921875, 0.085963
50.449951171875, -0.025889
50.47998046875, 0.051009
50.510009765625, 0.044018
50.5400390625, 0.113926
50.570068359375, -0.109777
50.599853515625, -0.004917
50.6298828125, -0.018898
50.659912109375, -0.053852
50.68994140625, 0.064991
50.719970703125, -0.018898
50.75, 0.002074
50.780029296875, 0.030037
50.81005859375, 0.044018
50.83984375, 0.009065
50.869873046875, -0.018898
50.89990234375, -0.081815
50.929931640625, 0.002074
50.9599609375, -0.025889
50.989990234375, 0.030037
51.02001953125, 0.002074
51.050048828125, 0.044018
51.080078125, -0.060842
51.10986328125, -0.018898
51.139892578125, -0.067833
51.169921875, 0.197814
51.199951171875, -0.200657
51.22998046875, -0.011907
51.260009765625, -0.004917
51.2900390625, 0.099944
51.320068359375, 0.064991
51.349853515625, -0.018898
51.3798828125, 0.051009
51.409912109375, -0.060842
51.43994140625, 0.016056
51.469970703125, 0.030037
51.5, -0.060842
51.530029296875, 0.030037
51.56005859375, 0.002074
51.590087890625, 0.113926
51.619873046875, 0.078972
51.64990234375, 0.009065
51.679931640625, -0.102787
51.7099609375, 0.016056
51.739990234375, 0.190824
51.77001953125, -0.067833
51.800048828125, 0.002074
51.830078125, 0.002074
51.85986328125, 0.037028
51.889892578125, 0.078972
51.919921875, 0.002074
51.949951171875, 0.037028
51.97998046875, -0.151722
52.010009765625, -0.011907
52.0400390625, -0.095796
52.070068359375, -0.046861
52.099853515625, 0.099944
52.1298828125, -0.046861
52.159912109375, 0.071981
52.18994140625, -0.102787
52.219970703125, -0.053852
52.25, 0.078972
52.280029296875, 0.002074
52.31005859375, 0.051009
52.340087890625, -0.032879
52.369873046875, 0.211796
52.39990234375, 0.058
52.429931640625, 0.030037
52.4599609375, 0.030037
52.489990234375, 0.030037
52.52001953125, -0.046861
52.550048828125, -0.151722
52.580078125, 0.071981
52.60986328125, 0.051009
52.639892578125, -0.011907
52.669921875, 0.002074
52.699951171875, -0.074824
52.72998046875, 0.016056
52.760009765625, -0.018898
52.7900390625, -0.053852
52.820068359375, -0.046861
52.85009765625, -0.018898
52.8798828125, -0.03987
52.909912109375, 0.120916
52.93994140625, -0.018898
52.969970703125, -0.165703
53.0, 0.044018
53.030029296875, -0.067833
53.06005859375, -0.081815
53.090087890625, 0.009065
53.119873046875, -0.088805
53.14990234375, -0.172694
53.179931640625, -0.13075
53.2099609375, -0.123759
53.239990234375, 0.037028
53.27001953125, -0.011907
53.300048828125, 0.023046
53.330078125, -0.025889
53.360107421875, -0.081815
53.389892578125, 0.037028
53.419921875, -0.095796
53.449951171875, -0.011907
53.47998046875, -0.011907
53.510009765625, 0.023046
53.5400390625, 0.051009
53.570068359375, 0.051009
53.60009765625, -0.03987
53.6298828125, -0.011907
53.659912109375, -0.032879
53.68994140625, -0.13774
53.719970703125, -0.060842
53.75, -0.081815
53.780029296875, -0.046861
53.81005859375, -0.032879
53.840087890625, -0.067833
53.869873046875, 0.002074
53.89990234375, -0.179685
53.929931640625, -0.046861
53.9599609375, -0.018898
53.989990234375, -0.116768
54.02001953125, -0.046861
54.050048828125, 0.037028
54.080078125, -0.109777
54.110107421875, -0.088805
54.139892578125, -0.046861
54.169921875, -0.025889
54.199951171875, -0.046861
54.22998046875, -0.081815
54.260009765625, -0.074824
54.2900390625, 0.009065
54.320068359375, 0.037028
54.35009765625, 0.120916
54.3798828125, 0.044018
54.409912109375, -0.102787
54.43994140625, -0.03987
54.469970703125, -0.102787
54.5, -0.13774
54.530029296875, -0.200657
54.56005859375, -0.144731
54.590087890625, -0.018898
54.6201171875, -0.088805
54.64990234375, -0.13774
54.679931640625, -0.074824
54.7099609375, -0.179685
54.739990234375, -0.158712
54.77001953125, -0.081815
54.800048828125, 0.058
54.830078125, -0.074824
54.860107421875, 0.009065
54.889892578125, -0.03987
54.919921875, 0.071981
54.949951171875, -0.067833
54.97998046875, -0.095796
55.010009765625, 0.002074
55.0400390625, -0.102787
55.070068359375, 0.064991
55.10009765625, 0.037028
55.130126953125, 0.058
55.159912109375, -0.081815
55.18994140625, 0.051009
55.219970703125, 0.064991
55.25, -0.088805
55.280029296875, -0.03987
55.31005859375, 0.009065
55.340087890625, -0.025889
55.3701171875, -0.032879
55.39990234375, -0.011907
55.429931640625, -0.053852
55.4599609375, 0.009065
55.489990234375, -0.067833
55.52001953125, -0.074824
55.550048828125, -0.179685
55.580078125, 0.016056
55.610107421875, 0.25374
55.639892578125, 0.162861
55.669921875, 0.435499
55.699951171875, 0.645221
55.72998046875, 0.673184
55.760009765625, 0.847952
55.7900390625, 1.02272
55.820068359375, 1.21846
55.85009765625, 1.225451
55.880126953125, 1.31633
55.909912109375, 1.456145
55.93994140625, 1.561005
55.969970703125, 1.756746
56.0, 1.805681
56.030029296875, 1.938504
56.06005859375, 2.148226
56.090087890625, 1.938504
56.1201171875, 2.371929
56.14990234375, 2.329985
56.179931640625, 2.434846
56.2099609375, 2.490771
56.239990234375, 2.532716
56.27001953125, 2.658549
56.300048828125, 2.700493
56.330078125, 2.889243
56.360107421875, 2.938178
56.39013671875, 3.043039
56.419921875, 2.938178
56.449951171875, 3.259751
56.47998046875, 3.147899
56.510009765625, 3.168872
56.5400390625, 3.336649
56.570068359375, 3.294705
56.60009765625, 3.210816
56.630126953125, 3.406556
56.659912109375, 3.378593
56.68994140625, 3.525398
56.719970703125, 3.448501
56.75, 3.658222
56.780029296875, 3.658222
56.81005859375, 3.63725
56.840087890625, 3.714148
56.8701171875, 3.791046
56.89990234375, 3.881925
56.929931640625, 3.83299
56.9599609375, 4.035721
56.989990234375, 3.92387
57.02001953125, 3.867944
57.050048828125, 3.937851
57.080078125, 3.895907
57.110107421875, 3.944842
57.14013671875, 3.972805
57.169921875, 3.92387
57.199951171875, 3.888916
57.22998046875, 4.105628
57.260009765625, 3.958823
57.2900390625, 4.238452
57.320068359375, 4.154564
57.35009765625, 4.070675
57.380126953125, 4.091647
57.409912109375, 4.147573
57.43994140625, 4.252434
57.469970703125, 4.259424
57.5, 4.091647
57.530029296875, 4.126601
57.56005859375, 4.147573
57.590087890625, 4.189517
57.6201171875, 4.231461
57.650146484375, 4.224471
57.679931640625, 4.147573
57.7099609375, 4.077666
57.739990234375, 4.259424
57.77001953125, 4.224471
57.800048828125, 4.210489
57.830078125, 4.161554
57.860107421875, 4.147573
57.89013671875, 4.070675
57.919921875, 4.147573
57.949951171875, 4.11961
57.97998046875, 4.049703
58.010009765625, 4.070675
58.0400390625, 4.168545
58.070068359375, 4.098638
58.10009765625, 4.091647
58.130126953125, 3.965814
58.16015625, 3.993777
58.18994140625, 4.049703
58.219970703125, 3.965814
58.25, 4.070675
58.280029296875, 4.070675
58.31005859375, 3.951833
58.340087890625, 3.993777
58.3701171875, 3.902897
58.400146484375, 3.895907
58.429931640625, 3.972805
58.4599609375, 3.895907
58.489990234375, 3.986786
58.52001953125, 3.805027
58.550048828125, 3.867944
58.580078125, 3.826
58.610107421875, 3.791046
58.64013671875, 3.805027
58.669921875, 3.679194
58.699951171875, 3.798037
58.72998046875, 3.651231
58.760009765625, 3.693176
58.7900390625, 3.749102
58.820068359375, 3.644241
58.85009765625, 3.469473
58.880126953125, 3.532389
58.91015625, 3.595306
58.93994140625, 3.721139
58.969970703125, 3.770074
59.0, 3.798037
59.030029296875, 3.707157
59.06005859375, 3.819009
59.090087890625, 3.958823
59.1201171875, 3.846972
59.150146484375, 3.721139
59.179931640625, 3.916879
59.2099609375, 4.014749
59.239990234375, 3.902897
59.27001953125, 3.979795
59.300048828125, 3.972805
59.330078125, 4.02174
59.360107421875, 4.091647
59.39013671875, 4.168545
59.420166015625, 4.147573
59.449951171875, 4.035721
59.47998046875, 4.168545
59.510009765625, 4.210489
59.5400390625, 4.252434
59.570068359375, 4.21748
59.60009765625, 4.294378
59.630126953125, 4.224471
59.66015625, 4.336322
59.68994140625, 4.434192
59.719970703125, 4.441183
59.75, 4.378267
59.780029296875, 4.427202
59.81005859375, 4.567016
59.840087890625, 4.392248
59.8701171875, 4.532063
59.900146484375, 4.51109
59.929931640625, 4.455165
59.9599609375, 4.60197
59.989990234375, 4.525072
60.02001953125, 4.574007
60.050048828125, 4.532063
60.080078125, 4.5041
60.110107421875, 4.399239
60.14013671875, 4.462155
60.170166015625, 4.650905
60.199951171875, 4.734794
60.22998046875, 4.671877
60.260009765625, 4.622942
60.2900390625, 4.441183
60.320068359375, 4.671877
60.35009765625, 4.720812
60.380126953125, 4.748775
60.41015625, 4.727803
60.43994140625, 4.783729
60.469970703125, 4.706831
60.5, 4.657896
60.530029296875, 4.643914
60.56005859375, 4.741784
60.590087890625, 4.629933
60.6201171875, 4.727803
60.650146484375, 4.846645
60.68017578125, 4.748775
60.7099609375, 4.881599
60.739990234375, 4.713821
60.77001953125, 4.832664
60.800048828125, 4.916552
60.830078125, 4.853636
60.860107421875, 4.783729
60.89013671875, 4.783729
60.920166015625, 4.972478
60.949951171875, 4.741784
60.97998046875, 4.825673
61.010009765625, 4.944515
61.0400390625, 4.783729
61.070068359375, 4.825673
61.10009765625, 4.89558
61.130126953125, 4.846645
61.16015625, 4.818682
61.190185546875, 4.783729
61.219970703125, 4.958497
61.25, 4.909562
61.280029296875, 4.853636
61.31005859375, 4.79771
61.340087890625, 4.902571
61.3701171875, 4.804701
61.400146484375, 4.776738
61.43017578125, 4.965487
61.4599609375, 4.825673
61.489990234375, 4.874608
61.52001953125, 5.000441
61.550048828125, 4.89558
61.580078125, 4.846645
61.610107421875, 4.923543
61.64013671875, 4.846645
61.670166015625, 4.832664
61.699951171875, 4.951506
61.72998046875, 4.937524
61.760009765625, 4.972478
61.7900390625, 5.063357
61.820068359375, 4.832664
61.85009765625, 4.909562
61.880126953125, 4.860627
61.91015625, 5.014422
61.940185546875, 5.070348
61.969970703125, 4.853636
62.0, 4.804701
62.030029296875, 4.902571
62.06005859375, 4.888589
62.090087890625, 4.972478
62.1201171875, 4.867617
62.150146484375, 4.748775
62.18017578125, 4.944515
62.2099609375, 4.930534
62.239990234375, 4.888589
62.27001953125, 4.930534
62.300048828125, 4.923543
62.330078125, 4.881599
62.360107421875, 4.902571
62.39013671875, 4.888589
62.420166015625, 4.818682
62.4501953125, 4.881599
62.47998046875, 5.042385
62.510009765625, 4.846645
62.5400390625, 5.049376
62.570068359375, 4.89558
62.60009765625, 4.89558
62.630126953125, 4.888589
62.66015625, 4.944515
62.690185546875, 4.923543
62.719970703125, 5.08433
62.75, 4.916552
62.780029296875, 5.028404
62.81005859375, 4.923543
62.840087890625, 4.930534
62.8701171875, 4.916552
62.900146484375, 4.972478
62.93017578125, 5.028404
62.960205078125, 4.944515
62.989990234375, 4.944515
63.02001953125, 4.846645
63.050048828125, 4.958497
63.080078125, 4.790719
63.110107421875, 4.825673
63.14013671875, 4.951506
63.170166015625, 5.098311
63.2001953125, 4.902571
63.22998046875, 4.89558
63.260009765625, 4.909562
63.2900390625, 4.874608
63.320068359375, 4.839654
63.35009765625, 4.965487
63.380126953125, 4.937524
63.41015625, 5.063357
63.440185546875, 5.028404
63.469970703125, 5.014422
63.5, 5.000441
63.530029296875, 4.909562
63.56005859375, 5.035395
63.590087890625, 4.965487
63.6201171875, 4.902571
63.650146484375, 4.804701
63.68017578125, 4.909562
63.710205078125, 4.825673
63.739990234375, 4.965487
63.77001953125, 4.89558
63.800048828125, 4.909562
63.830078125, 4.937524
63.860107421875, 4.874608
63.89013671875, 4.979469
63.920166015625, 4.98646
63.9501953125, 4.958497
63.97998046875, 5.028404
64.010009765625, 4.98646
64.0400390625, 5.028404
64.070068359375, 4.874608
64.10009765625, 5.000441
64.130126953125, 5.049376
64.16015625, 5.049376
64.190185546875, 5.000441
64.22021484375, 5.070348
64.25, 4.839654
64.280029296875, 4.755766
64.31005859375, 5.035395
64.340087890625, 4.860627
64.3701171875, 5.021413
64.400146484375, 4.846645
64.43017578125, 4.902571
64.460205078125, 4.902571
64.489990234375, 4.972478
64.52001953125, 4.958497
64.550048828125, 4.89558
64.580078125, 5.021413
64.610107421875, 4.923543
64.64013671875, 5.105302
64.670166015625, 5.000441
64.7001953125, 5.042385
64.72998046875, 4.98646
64.760009765625, 5.049376
64.7900390625, 4.951506
64.820068359375, 4.909562
64.85009765625, 5.063357
64.880126953125, 4.832664
64.91015625, 4.902571
64.940185546875, 5.028404
64.97021484375, 4.944515
65.0, 5.049376
65.030029296875, 5.070348
65.06005859375, 4.972478
65.090087890625, 5.035395
65.1201171875, 5.035395
65.150146484375, 5.077339
65.18017578125, 5.035395
65.210205078125, 5.056367
65.239990234375, 5.007432
65.27001953125, 4.874608
65.300048828125, 4.867617
65.330078125, 4.762756
65.360107421875, 4.706831
65.39013671875, 4.734794
65.420166015625, 4.776738
65.4501953125, 4.79771
65.480224609375, 4.525072
65.510009765625, 4.636923
65.5400390625, 4.685858
65.570068359375, 4.629933
65.60009765625, 4.629933
65.630126953125, 4.629933
65.66015625, 4.685858
65.690185546875, 4.587988
65.72021484375, 4.476137
65.75, 4.350304
65.780029296875, 4.336322
65.81005859375, 4.203499
65.840087890625, 4.21748
65.8701171875, 4.112619
65.900146484375, 3.93086
65.93017578125, 4.014749
65.960205078125, 3.888916
65.990234375, 3.602296
66.02001953125, 3.693176
66.050048828125, 3.602296
66.080078125, 3.427528
66.110107421875, 3.427528
66.14013671875, 3.210816
66.170166015625, 3.15489
66.2001953125, 2.931187
66.230224609375, 2.826326
66.260009765625, 2.819335
66.2900390625, 2.644567
66.320068359375, 2.483781
66.35009765625, 2.546697
66.380126953125, 2.385911
66.41015625, 2.246096
66.440185546875, 2.127254
66.47021484375, 2.099291
66.5, 1.959477
66.530029296875, 1.763736
66.56005859375, 1.526052
66.590087890625, 1.623922
66.6201171875, 1.491098
66.650146484375, 1.463135
66.68017578125, 1.225451
66.710205078125, 1.113599
66.740234375, 0.875915
66.77001953125, 0.771054
66.800048828125, -0.011907
66.830078125, 0.016056
66.860107421875, 0.037028
66.89013671875, 0.085963
66.920166015625, 0.044018
66.9501953125, -0.046861
66.980224609375, -0.060842
67.010009765625, 0.016056
67.0400390625, 0.037028
67.070068359375, -0.011907
67.10009765625, -0.067833
67.130126953125, 0.009065
67.16015625, 0.016056
67.190185546875, 0.016056
67.22021484375, 0.092954
67.250244140625, -0.011907
67.280029296875, 0.127907
67.31005859375, -0.011907
67.340087890625, -0.151722
67.3701171875, -0.004917
67.400146484375, 0.023046
67.43017578125, 0.085963
67.460205078125, -0.060842
67.490234375, 0.037028
67.52001953125, -0.011907
67.550048828125, 0.030037
67.580078125, -0.060842
67.610107421875, 0.023046
67.64013671875, -0.081815
67.670166015625, -0.004917
67.7001953125, -0.053852
67.730224609375, 0.016056
67.760009765625, 0.009065
67.7900390625, -0.025889
67.820068359375, -0.102787
67.85009765625, 0.085963
67.880126953125, 0.085963
67.91015625, -0.004917
67.940185546875, 0.030037
67.97021484375, 0.071981
68.000244140625, 0.176842
68.030029296875, 0.037028
68.06005859375, -0.081815
68.090087890625, 0.016056
68.1201171875, 0.030037
68.150146484375, 0.085963
68.18017578125, 0.176842
68.210205078125, -0.025889
68.240234375, 0.120916
68.27001953125, 0.023046
68.300048828125, -0.004917
68.330078125, -0.032879
68.360107421875, -0.116768
68.39013671875, -0.004917
68.420166015625, 0.044018
68.4501953125, 0.148879
68.480224609375, 0.037028
68.51025390625, -0.011907
68.5400390625, 0.002074
68.570068359375, 0.016056
68.60009765625, 0.162861
68.630126953125, -0.060842
68.66015625, -0.03987
68.690185546875, -0.004917
68.72021484375, -0.018898
68.750244140625, 0.078972
68.780029296875, -0.088805
68.81005859375, 0.002074
68.840087890625, -0.03987
68.8701171875, -0.123759
68.900146484375, 0.044018
68.93017578125, 0.023046
68.960205078125, 0.058
68.990234375, -0.067833
69.020263671875, -0.060842
69.050048828125, 0.058
69.080078125, -0.088805
69.110107421875, 0.120916
69.14013671875, -0.011907
69.170166015625, -0.088805
69.2001953125, 0.134898
69.230224609375, 0.099944
69.26025390625, -0.046861
69.2900390625, 0.016056
69.320068359375, -0.018898
69.35009765625, 0.030037
69.380126953125, -0.03987
69.41015625, 0.099944
69.440185546875, -0.13075
69.47021484375, -0.03987
69.500244140625, 0.064991
69.530029296875, -0.025889
69.56005859375, -0.095796
69.590087890625, -0.074824
69.6201171875, 0.044018
69.650146484375, 0.002074
69.68017578125, 0.037028
69.710205078125, -0.046861
69.740234375, -0.03987
69.770263671875, 0.051009
69.800048828125, -0.032879
69.830078125, -0.032879
69.860107421875, 0.016056
69.89013671875, 0.023046
69.920166015625, -0.060842
69.9501953125, 0.051009
69.980224609375, 0.023046
70.01025390625, -0.032879
70.0400390625, 0.162861
70.070068359375, -0.060842
70.10009765625, -0.018898
70.130126953125, -0.03987
70.16015625, 0.058
70.190185546875, 0.002074
70.22021484375, 0.044018
70.250244140625, -0.095796
70.2802734375, 0.016056
70.31005859375, 0.064991
70.340087890625, -0.046861
70.3701171875, 0.106935
70.400146484375, -0.074824
70.43017578125, -0.032879
70.460205078125, 0.078972
70.490234375, 0.030037
70.520263671875, -0.03987
70.550048828125, 0.044018
70.580078125, -0.004917
70.610107421875, 0.002074
70.64013671875, 0.016056
70.670166015625, 0.148879
70.7001953125, -0.095796
70.730224609375, 0.085963
70.76025390625, -0.018898
70.790283203125, 0.044018
70.820068359375, -0.151722
70.85009765625, -0.116768
70.880126953125, -0.053852
70.91015625, -0.179685
70.940185546875, -0.018898
70.97021484375, 0.030037
71.000244140625, 0.064991
71.0302734375, -0.032879
71.06005859375, -0.060842
71.090087890625, 0.141889
71.1201171875, -0.123759
71.150146484375, -0.074824
71.18017578125, -0.088805
71.210205078125, -0.046861
71.240234375, -0.025889
71.270263671875, -0.151722
71.300048828125, -0.074824
71.330078125, -0.053852
71.360107421875, 0.064991
71.39013671875, -0.011907
71.420166015625, 0.051009
71.4501953125, -0.032879
71.480224609375, 0.120916
71.51025390625, 0.113926
71.540283203125, -0.018898
71.570068359375, -0.011907
71.60009765625, 0.044018
71.630126953125, 0.169852
71.66015625, -0.046861
71.690185546875, -0.102787
71.72021484375, 0.092954
71.750244140625, -0.032879
71.7802734375, 0.058
71.81005859375, 0.134898
71.840087890625, -0.088805
71.8701171875, 0.064991
71.900146484375, 0.085963
71.93017578125, 0.009065
71.960205078125, 0.106935
71.990234375, -0.004917
72.020263671875, 0.002074
72.05029296875, 0.044018
72.080078125, 0.099944
72.110107421875, 0.169852
72.14013671875, 0.016056
72.170166015625, 0.030037
72.2001953125, -0.018898
72.230224609375, 0.134898
72.26025390625, 0.044018
72.290283203125, 0.134898
72.320068359375, 0.009065
72.35009765625, 0.085963
72.380126953125, -0.13075
72.41015625, 0.092954
72.440185546875, 0.037028
72.47021484375, 0.016056
72.500244140625, 0.009065
72.5302734375, -0.074824
72.56005859375, -0.025889
72.590087890625, 0.058
72.6201171875, -0.004917
72.650146484375, 0.064991
72.68017578125, 0.127907
72.710205078125, -0.032879
72.740234375, -0.095796
72.770263671875, -0.13774
72.80029296875, -0.03987
72.830078125, -0.088805
72.860107421875, -0.011907
72.89013671875, 0.009065
72.920166015625, 0.016056
72.9501953125, -0.004917
72.980224609375, 0.092954
73.01025390625, 0.002074
73.040283203125, -0.081815
73.070068359375, 0.113926
73.10009765625, 0.078972
73.130126953125, 0.134898
73.16015625, 0.051009
73.190185546875, -0.025889
73.22021484375, 0.064991
73.250244140625, 0.016056
73.2802734375, 0.044018
73.310302734375, -0.074824
73.340087890625, -0.046861
73.3701171875, -0.032879
73.400146484375, -0.144731
73.43017578125, 0.127907
73.460205078125, 0.044018
73.490234375, 0.009065
73.520263671875, 0.016056
73.55029296875, -0.011907
73.580078125, -0.025889
73.610107421875, -0.03987
73.64013671875, 0.044018
73.670166015625, 0.016056
73.7001953125, 0.051009
73.730224609375, 0.092954
73.76025390625, 0.037028
73.790283203125, -0.067833
73.8203125, -0.109777
73.85009765625, -0.095796
73.880126953125, -0.032879
73.91015625, -0.046861
73.940185546875, -0.207648
73.97021484375, 0.044018
74.000244140625, 0.127907
74.0302734375, -0.088805
74.060302734375, 0.058
74.090087890625, 0.009065
74.1201171875, 0.064991
74.150146484375, -0.060842
74.18017578125, -0.067833
74.210205078125, -0.025889
74.240234375, 0.058
74.270263671875, -0.011907
74.30029296875, 0.037028
74.330078125, 0.002074
74.360107421875, 0.113926
74.39013671875, -0.032879
74.420166015625, -0.067833
74.4501953125, 0.016056
74.480224609375, -0.032879
74.51025390625, 0.030037
74.540283203125, 0.044018
74.5703125, -0.018898
74.60009765625, -0.193666
74.630126953125, 0.099944
74.66015625, -0.060842
74.690185546875, 0.023046
74.72021484375, 0.085963
74.750244140625, -0.088805
74.7802734375, -0.081815
74.810302734375, 0.030037
74.840087890625, 0.064991
74.8701171875, -0.060842
74.900146484375, 0.064991
74.93017578125, 0.044018
74.960205078125, 0.030037
74.990234375, -0.067833
75.020263671875, -0.032879
75.05029296875, 0.162861
75.080322265625, -0.081815
75.110107421875, -0.025889
75.14013671875, 0.058
75.170166015625, -0.053852
75.2001953125, 0.064991
75.230224609375, -0.018898
75.26025390625, 0.044018
75.290283203125, 0.044018
75.3203125, 0.016056
75.35009765625, -0.074824
75.380126953125, 0.016056
75.41015625, 0.016056
75.440185546875, 0.016056
75.47021484375, -0.046861
75.500244140625, -0.095796
75.5302734375, 0.064991
75.560302734375, 0.113926
75.590087890625, -0.13774
75.6201171875, -0.032879
75.650146484375, -0.074824
75.68017578125, -0.004917
75.710205078125, 0.037028
75.740234375, 0.071981
75.770263671875, -0.046861
75.80029296875, 0.064991
75.830322265625, 0.113926
75.860107421875, 0.002074
75.89013671875, -0.053852
75.920166015625, -0.081815
75.9501953125, -0.025889
75.980224609375, 0.099944
76.01025390625, 0.044018
76.040283203125, -0.123759
76.0703125, -0.011907
76.10009765625, 0.085963
76.130126953125, 0.002074
76.16015625, -0.018898
76.190185546875, -0.011907
76.22021484375, 0.044018
76.250244140625, -0.018898
76.2802734375, 0.002074
76.310302734375, 0.023046
76.34033203125, 0.127907
76.3701171875, -0.053852
76.400146484375, -0.046861
76.43017578125, -0.046861
76.460205078125, 0.106935
76.490234375, -0.102787
76.520263671875, -0.046861
76.55029296875, -0.03987
76.580322265625, 0.058
76.610107421875, 0.002074
76.64013671875, 0.058
76.670166015625, 0.009065
76.7001953125, -0.025889
76.730224609375, -0.018898
76.76025390625, 0.009065
76.790283203125, 0.225777
76.8203125, 0.009065
76.850341796875, -0.03987
76.880126953125, 0.113926
76.91015625, 0.023046
76.940185546875, -0.011907
76.97021484375, -0.018898
77.000244140625, -0.03987
77.0302734375, 0.023046
77.060302734375, -0.053852
77.09033203125, 0.002074
77.1201171875, 0.106935
77.150146484375, -0.032879
77.18017578125, -0.025889
77.210205078125, -0.060842
77.240234375, -0.018898
77.270263671875, -0.060842
77.30029296875, -0.004917
77.330322265625, -0.018898
77.360107421875, -0.011907
77.39013671875, -0.004917
77.420166015625, 0.051009
77.4501953125, 0.064991
77.480224609375, 0.030037
77.51025390625, -0.074824
77.540283203125, 0.092954
77.5703125, -0.053852
77.600341796875, -0.025889
77.630126953125, -0.109777
77.66015625, 0.037028
77.690185546875, 0.002074
77.72021484375, -0.03987
77.750244140625, -0.067833
77.7802734375, 0.016056
77.810302734375, -0.011907
77.84033203125, -0.032879
77.8701171875, 0.016056
77.900146484375, 0.085963
77.93017578125, 0.085963
77.960205078125, 0.044018
77.990234375, -0.074824
78.020263671875, 0.058
78.05029296875, -0.095796
78.080322265625, 0.058
78.1103515625, -0.03987
78.14013671875, -0.053852
78.170166015625, -0.060842
78.2001953125, -0.018898
78.230224609375, -0.067833
78.26025390625, 0.037028
78.290283203125, 0.002074
78.3203125, 0.148879
78.350341796875, -0.151722
78.380126953125, 0.044018
78.41015625, 0.051009
78.440185546875, 0.106935
78.47021484375, 0.037028
78.500244140625, 0.030037
78.5302734375, 0.078972
78.560302734375, -0.081815
78.59033203125, -0.074824
78.620361328125, -0.060842
78.650146484375, -0.004917
78.68017578125, 0.085963
78.710205078125, 0.037028
78.740234375, 0.044018
78.770263671875, -0.081815
78.80029296875, 0.002074
78.830322265625, -0.032879
78.8603515625, -0.060842
78.89013671875, -0.046861
78.920166015625, -0.144731
78.9501953125, -0.018898
78.980224609375, -0.186675
79.01025390625, 0.134898
79.040283203125, -0.03987
79.0703125, -0.144731
79.100341796875, 0.037028
79.130126953125, -0.074824
79.16015625, 0.078972
79.190185546875, -0.004917
79.22021484375, -0.004917
79.250244140625, 0.134898
79.2802734375, -0.046861
79.310302734375, -0.025889
79.34033203125, 0.002074
79.370361328125, 0.009065
79.400146484375, -0.053852
79.43017578125, 0.064991
79.460205078125, -0.067833
79.490234375, 0.051009
79.520263671875, -0.011907
79.55029296875, -0.053852
79.580322265625, 0.016056
79.6103515625, -0.102787
79.64013671875, 0.113926
79.670166015625, 0.030037
79.7001953125, 0.120916
79.730224609375, 0.058
79.76025390625, 0.016056
79.790283203125, -0.074824
79.8203125, 0.023046
79.850341796875, -0.074824
79.88037109375, -0.046861
79.91015625, 0.058
79.940185546875, 0.002074
79.97021484375, 0.058
80.000244140625, 0.030037
80.0302734375, -0.025889
80.060302734375, -0.081815
80.09033203125, -0.046861
80.120361328125, 0.002074
80.150146484375, 0.106935
80.18017578125, -0.053852
80.210205078125, 0.016056
80.240234375, 0.051009
80.270263671875, -0.123759
80.30029296875, -0.046861
80.330322265625, -0.025889
80.3603515625, 0.002074
80.39013671875, -0.004917
80.420166015625, -0.102787
80.4501953125, 0.127907
80.480224609375, 0.078972
80.51025390625, 0.099944
80.540283203125, -0.067833
80.5703125, 0.058
80.600341796875, 0.141889
80.63037109375, 0.037028
80.66015625, 0.009065
80.690185546875, -0.053852
80.72021484375, -0.032879
80.750244140625, -0.025889
80.7802734375, 0.127907
80.810302734375, 0.023046
80.84033203125, 0.016056
80.870361328125, 0.002074
80.900146484375, 0.044018
80.93017578125, 0.030037
80.960205078125, -0.186675
80.990234375, 0.030037
81.020263671875, 0.099944
81.05029296875, -0.032879
81.080322265625, -0.025889
81.1103515625, -0.046861
81.140380859375, 0.078972
81.170166015625, -0.053852
81.2001953125, 0.085963
81.230224609375, -0.053852
81.26025390625, 0.058
81.290283203125, -0.018898
81.3203125, 0.064991
81.350341796875, 0.099944
81.38037109375, -0.011907
81.41015625, -0.067833
81.440185546875, 0.016056
81.47021484375, -0.025889
81.500244140625, 0.064991
81.5302734375, -0.081815
81.560302734375, 0.15587
81.59033203125, -0.046861
81.620361328125, 0.044018
81.650390625, -0.109777
81.68017578125, -0.004917
81.710205078125, 0.030037
81.740234375, 0.030037
81.770263671875, -0.032879
81.80029296875, -0.067833
81.830322265625, 0.016056
81.8603515625, 0.044018
81.890380859375, -0.053852
81.920166015625, 0.023046
81.9501953125, 0.030037
81.980224609375, 0.204805
82.01025390625, -0.011907
82.040283203125, 0.023046
82.0703125, 0.051009
82.100341796875, -0.081815
82.13037109375, 0.085963
82.16015625, 0.099944
82.190185546875, 0.009065
82.22021484375, -0.088805
82.250244140625, -0.067833
82.2802734375, 0.085963
82.310302734375, 0.071981
82.34033203125, 0.044018
82.370361328125, -0.116768
82.400390625, -0.018898
82.43017578125, -0.109777
82.460205078125, 0.15587
82.490234375, 0.058
82.520263671875, -0.053852
82.55029296875, -0.053852
82.580322265625, -0.123759
82.6103515625, 0.016056
82.640380859375, 0.064991
82.670166015625, 0.092954
82.7001953125, 0.016056
82.730224609375, 0.037028
82.76025390625, -0.025889
82.790283203125, 0.071981
82.8203125, 0.009065
82.850341796875, 0.030037
82.88037109375, 0.085963
82.910400390625, 0.058
82.940185546875, 0.051009
82.97021484375, -0.011907
83.000244140625, 0.002074
83.0302734375, 0.106935
83.060302734375, 0.148879
83.09033203125, 0.023046
83.120361328125, -0.018898
83.150390625, 0.078972
83.18017578125, 0.204805
83.210205078125, -0.018898
83.240234375, -0.032879
83.270263671875, 0.064991
83.30029296875, -0.004917
83.330322265625, 0.009065
83.3603515625, -0.004917
83.390380859375, -0.03987
83.42041015625, 0.023046
83.4501953125, 0.078972
83.480224609375, 0.106935
83.51025390625, 0.030037
83.540283203125, 0.044018
83.5703125, -0.03987
83.600341796875, -0.13075
83.63037109375, 0.190824
83.660400390625, -0.13774
83.690185546875, 0.106935
83.72021484375, -0.018898
83.750244140625, -0.060842
83.7802734375, -0.004917
83.810302734375, 0.030037
83.84033203125, 0.092954
83.870361328125, 0.037028
83.900390625, 0.023046
83.93017578125, 0.023046
83.960205078125, -0.074824
83.990234375, -0.046861
84.020263671875, -0.074824
84.05029296875, 0.071981
84.080322265625, -0.03987
84.1103515625, 0.009065
84.140380859375, -0.004917
84.17041015625, 0.037028
84.2001953125, 0.106935
84.230224609375, 0.037028
84.26025390625, 0.044018
84.290283203125, -0.088805
84.3203125, -0.03987
84.350341796875, 0.106935
84.38037109375, -0.046861
84.410400390625, -0.144731
84.440185546875, 0.009065
84.47021484375, 0.037028
84.500244140625, -0.03987
84.5302734375, 0.030037
84.560302734375, 0.037028
84.59033203125, -0.060842
84.620361328125, 0.023046
84.650390625, 0.078972
84.680419921875, -0.011907
84.710205078125, 0.071981
84.740234375, -0.011907
84.770263671875, -0.018898
84.80029296875, 0.162861
84.830322265625, -0.067833
84.8603515625, 0.044018
84.890380859375, -0.025889
84.92041015625, -0.046861
84.9501953125, -0.081815
84.980224609375, -0.018898
85.01025390625, 0.030037
85.040283203125, -0.13075
85.0703125, 0.058
85.100341796875, 0.127907
85.13037109375, -0.116768
85.160400390625, -0.032879
85.190185546875, 0.064991
85.22021484375, -0.011907
85.250244140625, -0.060842
85.2802734375, -0.102787
85.310302734375, 0.016056
85.34033203125, 0.051009
85.370361328125, -0.158712
85.400390625, -0.046861
85.430419921875, 0.023046
85.460205078125, -0.046861
85.490234375, 0.023046
85.520263671875, 0.085963
85.55029296875, -0.053852
85.580322265625, 0.016056
85.6103515625, 0.058
85.640380859375, 0.016056
85.67041015625, -0.025889
85.7001953125, 0.051009
85.730224609375, 0.099944
85.76025390625, 0.044018
85.790283203125, -0.067833
85.8203125, 0.058
85.850341796875, 0.030037
85.88037109375, -0.018898
85.910400390625, 0.058
85.9404296875, -0.011907
85.97021484375, 0.064991
86.000244140625, -0.053852
86.0302734375, -0.095796
86.060302734375, -0.004917
86.09033203125, 0.106935
86.120361328125, -0.095796
86.150390625, 0.016056
86.180419921875, 0.085963
86.210205078125, -0.053852
86.240234375, -0.018898
86.270263671875, -0.018898
86.30029296875, 0.058
86.330322265625, -0.123759
86.3603515625, -0.025889
86.390380859375, 0.051009
86.42041015625, 0.099944
86.450439453125, -0.074824
86.480224609375, -0.046861
86.51025390625, 0.030037
86.540283203125, 0.002074
86.5703125, 0.030037
86.600341796875, -0.011907
86.63037109375, -0.102787
86.660400390625, -0.018898
86.6904296875, -0.172694
86.72021484375, 0.023046
86.750244140625, -0.004917
86.7802734375, 0.058
86.810302734375, -0.060842
86.84033203125, 0.058
86.870361328125, 0.030037
86.900390625, 0.071981
86.930419921875, -0.018898
86.960205078125, 0.002074
86.990234375, 0.044018
87.020263671875, -0.032879
87.05029296875, -0.053852
87.080322265625, 0.002074
87.1103515625, 0.023046
87.140380859375, 0.141889
87.17041015625, 0.071981
87.200439453125, -0.074824
87.230224609375, 0.016056
87.26025390625, 0.023046
87.290283203125, 0.148879
87.3203125, 0.037028
87.350341796875, 0.162861
87.38037109375, 0.030037
87.410400390625, 0.030037
87.4404296875, -0.053852
87.47021484375, 0.002074
87.500244140625, 0.044018
87.5302734375, -0.053852
87.560302734375, -0.060842
87.59033203125, -0.060842
87.620361328125, -0.053852
87.650390625, -0.116768
87.680419921875, -0.081815
87.71044921875, -0.081815
87.740234375, -0.004917
87.770263671875, 0.023046
87.80029296875, 0.113926
87.830322265625, -0.011907
87.8603515625, 0.023046
87.890380859375, -0.025889
87.92041015625, 0.002074
87.950439453125, 0.092954
87.980224609375, 0.016056
88.01025390625, 0.023046
88.040283203125, 0.078972
88.0703125, -0.025889
88.100341796875, 0.071981
88.13037109375, 0.092954
88.160400390625, 0.037028
88.1904296875, 0.113926
88.22021484375, 0.002074
88.250244140625, 0.071981
88.2802734375, 0.023046
88.310302734375, 0.016056
88.34033203125, -0.109777
88.370361328125, -0.060842
88.400390625, 0.051009
88.430419921875, 0.044018
88.46044921875, -0.032879
88.490234375, -0.053852
88.520263671875, -0.053852
88.55029296875, 0.134898
88.580322265625, -0.011907
88.6103515625, -0.116768
88.640380859375, -0.018898
88.67041015625, 0.120916
88.700439453125, 0.120916
88.730224609375, 0.071981
88.76025390625, -0.13075
88.790283203125, 0.127907
88.8203125, -0.074824
88.850341796875, -0.004917
88.88037109375, -0.095796
88.910400390625, 0.085963
88.9404296875, -0.011907
88.970458984375, 0.058
89.000244140625, 0.113926
89.0302734375, -0.018898
89.060302734375, -0.053852
89.09033203125, 0.044018
89.120361328125, -0.116768
89.150390625, -0.025889
89.180419921875, -0.081815
89.21044921875, 0.058
89.240234375, 0.078972
89.270263671875, 0.051009
89.30029296875, 0.064991
89.330322265625, 0.009065
89.3603515625, -0.081815
89.390380859375, 0.071981
89.42041015625, 0.009065
89.450439453125, -0.116768
89.48046875, 0.002074
89.51025390625, -0.214638
89.540283203125, -0.032879
89.5703125, 0.176842
89.600341796875, 0.092954
89.63037109375, 0.058
89.660400390625, 0.002074
89.6904296875, 0.009065
89.720458984375, 0.058
89.750244140625, 0.044018
89.7802734375, -0.018898
89.810302734375, 0.078972
89.84033203125, -0.025889
89.870361328125, 0.030037
89.900390625, -0.011907
89.930419921875, 0.009065
89.96044921875, -0.053852
89.990234375, -0.025889
90.020263671875, 0.023046
90.05029296875, 0.002074
90.080322265625, -0.060842
90.1103515625, -0.004917
90.140380859375, 0.106935
90.17041015625, -0.081815
90.200439453125, 0.044018
90.23046875, 0.030037
90.26025390625, 0.120916
90.290283203125, -0.03987
90.3203125, 0.002074
90.350341796875, -0.004917
90.38037109375, 0.023046
90.410400390625, 0.064991
90.4404296875, -0.032879
90.470458984375, 0.064991
90.500244140625, -0.060842
90.5302734375, 0.016056
90.560302734375, 0.051009
90.59033203125, 0.002074
90.620361328125, 0.051009
90.650390625, -0.011907
90.680419921875, 0.176842
90.71044921875, 0.085963
90.740478515625, 0.044018
90.770263671875, -0.004917
90.80029296875, -0.165703
90.830322265625, 0.023046
90.8603515625, -0.123759
90.890380859375, 0.030037
90.92041015625, -0.053852
90.950439453125, 0.051009
90.98046875, -0.088805
91.01025390625, 0.071981
91.040283203125, -0.03987
91.0703125, -0.060842
91.100341796875, -0.018898
91.13037109375, 0.092954
91.160400390625, -0.053852
91.1904296875, -0.018898
91.220458984375, -0.081815
91.25048828125, -0.025889
91.2802734375, -0.032879
91.310302734375, -0.03987
91.34033203125, 0.044018
91.370361328125, -0.004917
91.400390625, 0.064991
91.430419921875, -0.116768
91.46044921875, -0.074824
91.490478515625, -0.144731
91.520263671875, -0.018898
91.55029296875, 0.058
91.580322265625, 0.030037
91.6103515625, 0.002074
91.640380859375, -0.046861
91.67041015625, -0.018898
91.700439453125, 0.058
91.73046875, 0.002074
91.76025390625, -0.03987
91.790283203125, -0.060842
91.8203125, -0.109777
91.850341796875, 0.002074
91.88037109375, 0.092954
91.910400390625, 0.009065
91.9404296875, 0.051009
91.970458984375, 0.141889
92.00048828125, 0.085963
92.0302734375, -0.095796
92.060302734375, 0.002074
92.09033203125, 0.016056
92.120361328125, -0.011907
92.150390625, 0.064991
92.180419921875, 0.106935
92.21044921875, -0.025889
92.240478515625, 0.023046
92.270263671875, -0.060842
92.30029296875, 0.009065
92.330322265625, 0.106935
92.3603515625, 0.106935
92.390380859375, 0.030037
92.42041015625, 0.037028
92.450439453125, -0.03987
92.48046875, 0.030037
92.510498046875, -0.053852
92.540283203125, -0.018898
92.5703125, -0.032879
92.600341796875, -0.03987
92.63037109375, -0.011907
92.660400390625, -0.060842
92.6904296875, -0.046861
92.720458984375, 0.030037
92.75048828125, -0.088805
92.7802734375, 0.023046
92.810302734375, -0.004917
92.84033203125, 0.016056
92.870361328125, -0.025889
92.900390625, 0.044018
92.930419921875, -0.067833
92.96044921875, 0.071981
92.990478515625, -0.004917
93.020263671875, -0.03987
93.05029296875, -0.011907
93.080322265625, 0.023046
93.1103515625, 0.099944
93.140380859375, 0.023046
93.17041015625, 0.051009
93.200439453125, 0.106935
93.23046875, -0.032879
93.260498046875, 0.078972
93.290283203125, 0.051009
93.3203125, 0.023046
93.350341796875, 0.099944
93.38037109375, 0.064991
93.410400390625, 0.141889
93.4404296875, 0.051009
93.470458984375, 0.009065
93.50048828125, 0.009065
93.5302734375, -0.004917
93.560302734375, 0.204805
93.59033203125, 0.078972
93.620361328125, -0.032879
93.650390625, 0.092954
93.680419921875, -0.025889
93.71044921875, 0.037028
93.740478515625, 0.051009
93.7705078125, 0.023046
93.80029296875, 0.002074
93.830322265625, -0.067833
93.8603515625, -0.067833
93.890380859375, 0.002074
93.92041015625, -0.011907
93.950439453125, 0.009065
93.98046875, 0.037028
94.010498046875, -0.067833
94.040283203125, -0.032879
94.0703125, 0.141889
94.100341796875, -0.032879
94.13037109375, 0.002074
94.160400390625, 0.051009
94.1904296875, -0.109777
94.220458984375, -0.011907
94.25048828125, 0.190824
94.280517578125, -0.011907
94.310302734375, 0.099944
94.34033203125, 0.071981
94.370361328125, -0.032879
94.400390625, 0.037028
94.430419921875, 0.120916
94.46044921875, 0.085963
94.490478515625, 0.016056
94.5205078125, 0.009065
94.55029296875, -0.165703
94.580322265625, -0.025889
94.6103515625, 0.037028
94.640380859375, 0.037028
94.67041015625, 0.058
94.700439453125, -0.032879
94.73046875, -0.116768
94.760498046875, -0.025889
94.790283203125, -0.109777
94.8203125, 0.023046
94.850341796875, -0.053852
94.88037109375, -0.004917
94.910400390625, -0.116768
94.9404296875, 0.15587
94.970458984375, 0.058
95.00048828125, -0.046861
95.030517578125, 0.064991
95.060302734375, 0.113926
95.09033203125, 0.030037
95.120361328125, -0.004917
95.150390625, 0.085963
95.180419921875, -0.102787
95.21044921875, -0.025889
95.240478515625, 0.239759
95.2705078125, -0.053852
95.30029296875, -0.067833
95.330322265625, 0.051009
95.3603515625, 0.016056
95.390380859375, 0.044018
95.42041015625, 0.078972
95.450439453125, 0.002074
95.48046875, 0.016056
95.510498046875, 0.085963
95.54052734375, -0.032879
95.5703125, 0.023046
95.600341796875, -0.13774
95.63037109375, -0.102787
95.660400390625, -0.060842
95.6904296875, -0.109777
95.720458984375, -0.067833
95.75048828125, 0.064991
95.780517578125, -0.03987
95.810302734375, 0.009065
95.84033203125, -0.053852
95.870361328125, 0.071981
95.900390625, 0.106935
95.930419921875, -0.095796
95.96044921875, -0.123759
95.990478515625, 0.009065
96.0205078125, 0.023046
96.05029296875, 0.044018
96.080322265625, -0.011907
96.1103515625, -0.018898
96.140380859375, -0.095796
96.17041015625, -0.032879
96.200439453125, -0.03987
96.23046875, -0.025889
96.260498046875, 0.009065
96.29052734375, -0.074824
96.3203125, -0.025889
96.350341796875, 0.058
96.38037109375, 0.009065
96.410400390625, 0.058
96.4404296875, -0.004917
96.470458984375, -0.032879
96.50048828125, -0.060842
96.530517578125, -0.13075
96.560302734375, -0.018898
96.59033203125, 0.134898
96.620361328125, -0.004917
96.650390625, -0.088805
96.680419921875, -0.158712
96.71044921875, -0.032879
96.740478515625, 0.120916
96.7705078125, 0.037028
96.800537109375, -0.123759
96.830322265625, 0.044018
96.8603515625, -0.081815
96.890380859375, -0.060842
96.92041015625, -0.011907
96.950439453125, 0.127907
96.98046875, 0.064991
97.010498046875, 0.148879
97.04052734375, -0.088805
97.0703125, -0.060842
97.100341796875, -0.004917
97.13037109375, 0.030037
97.160400390625, -0.032879
97.1904296875, -0.018898
97.220458984375, 0.044018
97.25048828125, -0.03987
97.280517578125, 0.051009
97.310546875, 0.002074
97.34033203125, 0.002074
97.370361328125, -0.004917
97.400390625, -0.053852
97.430419921875, -0.074824
97.46044921875, -0.102787
97.490478515625, -0.053852
97.5205078125, 0.023046
97.550537109375, 0.064991
97.580322265625, 0.064991
97.6103515625, 0.064991
97.640380859375, -0.004917
97.67041015625, -0.095796
97.700439453125, -0.004917
97.73046875, -0.03987
97.760498046875, -0.046861
97.79052734375, 0.064991
97.8203125, -0.067833
97.850341796875, -0.067833
97.88037109375, -0.018898
97.910400390625, -0.074824
97.9404296875, 0.225777
97.970458984375, 0.106935
98.00048828125, 0.099944
98.030517578125, -0.004917
98.060546875, 0.023046
98.09033203125, 0.085963
98.120361328125, -0.053852
98.150390625, 0.085963
98.180419921875, 0.002074
98.21044921875, 0.037028
98.240478515625, -0.088805
98.2705078125, 0.044018
98.300537109375, -0.032879
98.330322265625, 0.078972
98.3603515625, 0.106935
98.390380859375, -0.046861
98.42041015625, -0.032879
98.450439453125, 0.030037
98.48046875, 0.092954
98.510498046875, 0.051009
98.54052734375, -0.011907
98.570556640625, -0.053852
98.600341796875, -0.081815
98.63037109375, -0.053852
98.660400390625, -0.004917
98.6904296875, -0.116768
98.720458984375, 0.058
98.75048828125, -0.095796
98.780517578125, -0.032879
98.810546875, -0.074824
98.84033203125, 0.016056
98.870361328125, -0.067833
98.900390625, 0.009065
98.930419921875, -0.13774
98.96044921875, 0.016056
98.990478515625, -0.032879
99.0205078125, -0.074824
99.050537109375, 0.141889
99.08056640625, -0.116768
99.1103515625, 0.106935
99.140380859375, 0.044018
99.17041015625, 0.009065
99.200439453125, 0.023046
99.23046875, 0.030037
99.260498046875, -0.067833
99.29052734375, -0.018898
99.320556640625, -0.095796
99.350341796875, 0.002074
99.38037109375, -0.032879
99.410400390625, 0.009065
99.4404296875, -0.074824
99.470458984375, 0.023046
99.50048828125, 0.085963
99.530517578125, -0.074824
99.560546875, -0.046861
99.59033203125, 0.002074
99.620361328125, -0.046861
99.650390625, -0.011907
99.680419921875, 0.037028
99.71044921875, 0.037028
99.740478515625, 0.051009
99.7705078125, -0.025889
99.800537109375, -0.011907
99.83056640625, 0.023046
99.8603515625, -0.046861
99.890380859375, -0.081815
99.92041015625, 0.009065
99.950439453125, 0.009065
99.98046875, -0.011907
100.010498046875, -0.046861
100.04052734375, -0.018898
100.070556640625, -0.004917
100.100341796875, 0.071981
100.13037109375, 0.023046
100.160400390625, 0.099944
100.1904296875, 0.134898
100.220458984375, 0.064991
100.25048828125, 0.009065
100.280517578125, 0.085963
100.310546875, -0.088805
100.340576171875, 0.071981
100.370361328125, 0.016056
100.400390625, -0.046861
100.430419921875, 0.058
100.46044921875, 0.085963
100.490478515625, -0.032879
100.5205078125, -0.060842
100.550537109375, 0.127907
100.58056640625, 0.030037
100.6103515625, 0.030037
100.640380859375, 0.085963
100.67041015625, 0.176842
100.700439453125, -0.025889
100.73046875, 0.051009
100.760498046875, 0.009065
100.79052734375, 0.106935
100.820556640625, -0.109777
100.850341796875, 0.037028
100.88037109375, 0.016056
100.910400390625, 0.009065
100.9404296875, -0.03987
100.970458984375, -0.123759
101.00048828125, 0.009065
101.030517578125, 0.058
101.060546875, -0.025889
101.090576171875, 0.044018
101.120361328125, 0.106935
101.150390625, 0.058
101.180419921875, 0.037028
101.21044921875, 0.009065
101.240478515625, -0.025889
101.2705078125, -0.13774
101.300537109375, -0.004917
101.33056640625, 0.134898
101.3603515625, 0.106935
101.390380859375, 0.078972
101.42041015625, 0.085963
101.450439453125, 0.141889
101.48046875, -0.032879
101.510498046875, -0.053852
101.54052734375, 0.051009
101.570556640625, 0.002074
101.6005859375, -0.018898
101.63037109375, 0.030037
101.660400390625, 0.078972
101.6904296875, 0.030037
101.720458984375, 0.078972
101.75048828125, 0.030037
101.780517578125, -0.046861
101.810546875, -0.046861
101.840576171875, 0.183833
101.870361328125, 0.113926
101.900390625, 0.037028
101.930419921875, -0.074824
101.96044921875, -0.004917
101.990478515625, 0.064991
102.0205078125, -0.018898
102.050537109375, 0.127907
102.08056640625, 0.030037
102.110595703125, -0.03987
102.140380859375, 0.064991
102.17041015625, 0.127907
102.200439453125, 0.148879
102.23046875, -0.067833
102.260498046875, -0.046861
102.29052734375, -0.109777
102.320556640625, -0.081815
102.3505859375, 0.141889
102.38037109375, -0.123759
102.410400390625, 0.023046
102.4404296875, 0.002074
102.470458984375, 0.016056
102.50048828125, 0.009065
102.530517578125, -0.109777
102.560546875, 0.023046
102.590576171875, -0.032879
102.620361328125, -0.067833
102.650390625, -0.13774
102.680419921875, 0.016056
102.71044921875, 0.071981
102.740478515625, -0.074824
102.7705078125, -0.088805
102.800537109375, -0.018898
102.83056640625, 0.058
102.860595703125, -0.025889
102.890380859375, -0.074824
102.92041015625, -0.053852
102.950439453125, 0.016056
102.98046875, 0.078972
103.010498046875, -0.025889
103.04052734375, -0.025889
103.070556640625, 0.023046
103.1005859375, 0.058
103.13037109375, -0.032879
103.160400390625, -0.053852
103.1904296875, -0.004917
103.220458984375, 0.085963
103.25048828125, 0.120916
103.280517578125, 0.030037
103.310546875, -0.060842
103.340576171875, -0.109777
103.37060546875, -0.053852
103.400390625, 0.071981
103.430419921875, 0.092954
103.46044921875, -0.032879
103.490478515625, -0.046861
103.5205078125, -0.018898
103.550537109375, -0.046861
103.58056640625, 0.134898
103.610595703125, -0.004917
103.640380859375, 0.002074
103.67041015625, 0.009065
103.700439453125, -0.074824
103.73046875, -0.03987
103.760498046875, 0.023046
103.79052734375, -0.011907
103.820556640625, 0.016056
103.8505859375, 0.15587
103.88037109375, 0.030037
103.910400390625, -0.067833
103.9404296875, 0.085963
103.970458984375, -0.011907
104.00048828125, 0.030037
104.030517578125, -0.025889
104.060546875, 0.071981
104.090576171875, 0.002074
104.12060546875, -0.011907
104.150390625, -0.046861
104.180419921875, 0.058
104.21044921875, 0.051009
104.240478515625, 0.051009
104.2705078125, 0.051009
104.300537109375, 0.016056
104.33056640625, 0.037028
104.360595703125, 0.002074
104.390380859375, 0.148879
104.42041015625, -0.025889
104.450439453125, 0.016056
104.48046875, -0.095796
104.510498046875, -0.004917
104.54052734375, 0.120916
104.570556640625, 0.099944
104.6005859375, -0.032879
104.630615234375, -0.004917
104.660400390625, 0.092954
104.6904296875, 0.016056
104.720458984375, 0.023046
104.75048828125, 0.023046
104.780517578125, 0.002074
104.810546875, 0.127907
104.840576171875, 0.085963
104.87060546875, 0.058
104.900390625, 0.15587
104.930419921875, -0.032879
104.96044921875, 0.037028
104.990478515625, 0.071981
105.0205078125, -0.193666
105.050537109375, -0.060842
105.08056640625, 0.037028
105.110595703125, -0.109777
105.140625, 0.064991
105.17041015625, -0.053852
105.200439453125, -0.004917
105.23046875, -0.074824
105.260498046875, 0.016056
105.29052734375, -0.172694
105.320556640625, -0.011907
105.3505859375, -0.011907
105.380615234375, 0.064991
105.410400390625, 0.078972
105.4404296875, 0.078972
105.470458984375, 0.058
105.50048828125, -0.165703
105.530517578125, 0.162861
105.560546875, -0.004917
105.590576171875, -0.018898
105.62060546875, -0.109777
105.650390625, -0.025889
105.680419921875, -0.053852
105.71044921875, 0.064991
105.740478515625, 0.099944
105.7705078125, -0.116768
105.800537109375, 0.037028
105.83056640625, -0.004917
105.860595703125, -0.032879
105.890625, -0.011907
105.92041015625, -0.032879
105.950439453125, -0.018898
105.98046875, -0.088805
106.010498046875, -0.03987
106.04052734375, 0.099944
106.070556640625, 0.037028
106.1005859375, -0.060842
106.130615234375, 0.030037
106.160400390625, 0.106935
106.1904296875, 0.009065
106.220458984375, 0.120916
106.25048828125, -0.03987
106.280517578125, 0.002074
106.310546875, 0.009065
106.340576171875, 0.030037
106.37060546875, -0.032879
106.400634765625, 0.002074
106.430419921875, 0.078972
106.46044921875, 0.002074
106.490478515625, 0.009065
106.5205078125, -0.03987
106.550537109375, 0.002074
106.58056640625, 0.044018
106.610595703125, 0.078972
106.640625, -0.018898
106.67041015625, 0.037028
106.700439453125, 0.058
106.73046875, -0.018898
106.760498046875, -0.060842
106.79052734375, 0.009065
106.820556640625, -0.032879
106.8505859375, 0.051009
106.880615234375, -0.060842
106.91064453125, -0.116768
106.9404296875, -0.102787
106.970458984375, -0.109777
107.00048828125, 0.058
107.030517578125, -0.060842
107.060546875, -0.004917
107.090576171875, 0.009065
107.12060546875, 0.058
107.150634765625, 0.009065
107.180419921875, 0.141889
107.21044921875, 0.044018
107.240478515625, -0.032879
107.2705078125, -0.088805
107.300537109375, -0.151722
107.33056640625, 0.030037
107.360595703125, -0.074824
107.390625, -0.081815
107.42041015625, -0.207648
107.450439453125, 0.030037
107.48046875, -0.13075
107.510498046875, -0.053852
107.54052734375, -0.032879
107.570556640625, -0.025889
107.6005859375, 0.085963
107.630615234375, -0.144731
107.66064453125, -0.004917
107.6904296875, -0.004917
107.720458984375, 0.092954
107.75048828125, 0.051009
107.780517578125, -0.144731
107.810546875, -0.025889
107.840576171875, 0.058
107.87060546875, -0.13075
107.900634765625, -0.046861
107.930419921875, -0.018898
107.96044921875, -0.032879
107.990478515625, -0.025889
108.0205078125, 0.044018
108.050537109375, -0.060842
108.08056640625, -0.004917
108.110595703125, 0.058
108.140625, 0.058
108.170654296875, 0.023046
108.200439453125, 0.071981
108.23046875, 0.058
108.260498046875, 0.044018
108.29052734375, 0.030037
108.320556640625, 0.023046
108.3505859375, -0.032879
108.380615234375, 0.044018
108.41064453125, 0.058
108.4404296875, -0.102787
108.470458984375, 0.016056
108.50048828125, 0.030037
108.530517578125, 0.023046
108.560546875, 0.071981
108.590576171875, 0.044018
108.62060546875, -0.011907
108.650634765625, 0.106935
108.680419921875, -0.046861
108.71044921875, -0.004917
108.740478515625, -0.025889
108.7705078125, -0.046861
108.800537109375, 0.044018
108.83056640625, 0.037028
108.860595703125, 0.030037
108.890625, 0.051009
108.920654296875, 0.162861
108.950439453125, -0.03987
108.98046875, -0.088805
109.010498046875, 0.023046
109.04052734375, 0.078972
109.070556640625, 0.085963
109.1005859375, 0.078972
109.130615234375, -0.193666
109.16064453125, 0.058
109.1904296875, 0.002074
109.220458984375, 0.044018
109.25048828125, -0.046861
109.280517578125, -0.004917
109.310546875, 0.023046
109.340576171875, -0.004917
109.37060546875, 0.085963
109.400634765625, 0.037028
109.4306640625, -0.060842
109.46044921875, -0.074824
109.490478515625, 0.106935
109.5205078125, -0.046861
109.550537109375, 0.016056
109.58056640625, 0.078972
109.610595703125, 0.009065
109.640625, -0.03987
109.670654296875, 0.085963
109.700439453125, -0.109777
109.73046875, 0.071981
109.760498046875, -0.060842
109.79052734375, -0.018898
109.820556640625, -0.13774
109.8505859375, -0.088805
109.880615234375, -0.011907
109.91064453125, 0.051009
109.940673828125, 0.058
109.970458984375, 0.176842
110.00048828125, 0.016056
110.030517578125, 0.058
110.060546875, 0.085963
110.090576171875, -0.13075
110.12060546875, 0.002074
110.150634765625, -0.151722
110.1806640625, -0.053852
110.21044921875, 0.078972
110.240478515625, 0.037028
110.2705078125, 0.016056
110.300537109375, -0.067833
110.33056640625, -0.074824
110.360595703125, 0.023046
110.390625, -0.088805
110.420654296875, 0.016056
110.450439453125, -0.249592
110.48046875, 0.030037
110.510498046875, 0.002074
110.54052734375, 0.030037
110.570556640625, -0.03987
110.6005859375, 0.15587
110.630615234375, 0.037028
110.66064453125, 0.120916
110.690673828125, 0.023046
110.720458984375, -0.032879
110.75048828125, -0.053852
110.780517578125, 0.134898
110.810546875, 0.023046
110.840576171875, -0.025889
110.87060546875, -0.088805
110.900634765625, -0.025889
110.9306640625, -0.102787
110.96044921875, 0.120916
110.990478515625, 0.197814
111.0205078125, 0.113926
111.050537109375, -0.025889
111.08056640625, 0.037028
111.110595703125, 0.044018
111.140625, 0.176842
111.170654296875, -0.067833
111.20068359375, -0.011907
111.23046875, 0.023046
111.260498046875, 0.134898
111.29052734375, -0.032879
111.320556640625, 0.023046
111.3505859375, 0.030037
111.380615234375, 0.044018
111.41064453125, 0.078972
111.440673828125, 0.030037
111.470458984375, 0.113926
111.50048828125, 0.009065
111.530517578125, -0.032879
111.560546875, 0.15587
111.590576171875, 0.058
111.62060546875, -0.03987
111.650634765625, 0.002074
111.6806640625, -0.053852
111.71044921875, 0.002074
111.740478515625, 0.023046
111.7705078125, 0.023046
111.800537109375, -0.060842
111.83056640625, -0.011907
111.860595703125, -0.032879
111.890625, 0.009065
111.920654296875, 0.092954
111.95068359375, 0.058
111.98046875, -0.032879
112.010498046875, -0.004917
112.04052734375, 0.058
112.070556640625, -0.046861
112.1005859375, 0.037028
112.130615234375, -0.025889
112.16064453125, 0.064991
112.190673828125, -0.046861
112.220458984375, 0.023046
112.25048828125, -0.060842
112.280517578125, 0.037028
112.310546875, 0.002074
112.340576171875, 0.044018
112.37060546875, 0.092954
112.400634765625, 0.037028
112.4306640625, -0.053852
112.460693359375, 0.106935
112.490478515625, 0.023046
112.5205078125, 0.002074
112.550537109375, 0.044018
112.58056640625, 0.078972
112.610595703125, -0.025889
112.640625, 0.044018
112.670654296875, 0.030037
112.70068359375, 0.058
112.73046875, -0.011907
112.760498046875, -0.116768
112.79052734375, -0.116768
112.820556640625, -0.144731
112.8505859375, 0.134898
112.880615234375, 0.058
112.91064453125, -0.011907
112.940673828125, 0.030037
112.970703125, -0.046861
113.00048828125, 0.016056
113.030517578125, -0.03987
113.060546875, 0.016056
113.090576171875, -0.088805
113.12060546875, -0.067833
113.150634765625, -0.011907
113.1806640625, -0.081815
113.210693359375, 0.044018
113.240478515625, 0.030037
113.2705078125, 0.051009
113.300537109375, 0.113926
113.33056640625, -0.053852
113.360595703125, 0.078972
113.390625, -0.151722
113.420654296875, 0.169852
113.45068359375, 0.002074
113.48046875, 0.085963
113.510498046875, 0.023046
113.54052734375, -0.067833
113.570556640625, 0.044018
113.6005859375, -0.095796
113.630615234375, 0.030037
113.66064453125, -0.193666
113.690673828125, 0.15587
113.720703125, -0.074824
113.75048828125, 0.023046
113.780517578125, -0.088805
113.810546875, 0.044018
113.840576171875, -0.081815
113.87060546875, 0.016056
113.900634765625, -0.081815
113.9306640625, 0.051009
113.960693359375, -0.067833
113.990478515625, -0.067833
114.0205078125, -0.011907
114.050537109375, 0.037028
114.08056640625, 0.016056
114.110595703125, -0.018898
114.140625, -0.011907
114.170654296875, -0.004917
114.20068359375, 0.030037
114.230712890625, -0.03987
114.260498046875, -0.004917
114.29052734375, -0.060842
114.320556640625, 0.002074
114.3505859375, 0.134898
114.380615234375, 0.023046
114.41064453125, 0.009065
114.440673828125, 0.085963
114.470703125, 0.051009
114.50048828125, 0.058
114.530517578125, -0.025889
114.560546875, -0.172694
114.590576171875, 0.051009
114.62060546875, 0.037028
114.650634765625, -0.025889
114.6806640625, -0.004917
114.710693359375, 0.023046
114.74072265625, -0.046861
114.7705078125, -0.088805
114.800537109375, -0.095796
114.83056640625, -0.088805
114.860595703125, 0.030037
114.890625, 0.176842
114.920654296875, 0.009065
114.95068359375, -0.053852
114.980712890625, -0.018898
115.010498046875, 0.134898
115.04052734375, -0.03987
115.070556640625, -0.018898
115.1005859375, 0.099944
115.130615234375, 0.071981
115.16064453125, 0.099944
115.190673828125, 0.030037
115.220703125, -0.032879
115.25048828125, 0.058
115.280517578125, 0.002074
115.310546875, 0.009065
115.340576171875, 0.037028
115.37060546875, -0.018898
115.400634765625, 0.162861
115.4306640625, 0.058
115.460693359375, 0.058
115.49072265625, -0.081815
115.5205078125, -0.011907
115.550537109375, -0.053852
115.58056640625, 0.016056
115.610595703125, -0.060842
115.640625, 0.190824
115.670654296875, 0.106935
115.70068359375, -0.060842
115.730712890625, -0.018898
115.760498046875, 0.016056
115.79052734375, -0.004917
115.820556640625, 0.044018
115.8505859375, 0.037028
115.880615234375, 0.023046
115.91064453125, 0.078972
115.940673828125, 0.009065
115.970703125, 0.009065
116.000732421875, 0.141889
116.030517578125, -0.067833
116.060546875, -0.088805
116.090576171875, -0.018898
116.12060546875, -0.011907
116.150634765625, -0.109777
116.1806640625, -0.13075
116.210693359375, -0.018898
116.24072265625, -0.081815
116.2705078125, 0.016056
116.300537109375, 0.058
116.33056640625, -0.046861
116.360595703125, -0.03987
116.390625, -0.03987
116.420654296875, -0.081815
116.45068359375, -0.032879
116.480712890625, 0.162861
116.510498046875, 0.030037
116.54052734375, 0.141889
116.570556640625, 0.044018
116.6005859375, 0.037028
116.630615234375, -0.060842
116.66064453125, -0.067833
116.690673828125, -0.018898
116.720703125, 0.016056
116.750732421875, -0.067833
116.780517578125, -0.004917
116.810546875, 0.092954
116.840576171875, 0.169852
116.87060546875, -0.053852
116.900634765625, -0.13774
116.9306640625, 0.15587
116.960693359375, -0.081815
116.99072265625, 0.092954
117.0205078125, -0.102787
117.050537109375, 0.120916
117.08056640625, -0.032879
117.110595703125, 0.044018
117.140625, -0.004917
117.170654296875, -0.004917
117.20068359375, -0.13075
117.230712890625, -0.025889
117.2607421875, 0.058
117.29052734375, 0.085963
117.320556640625, -0.081815
117.3505859375, 0.092954
117.380615234375, -0.053852
117.41064453125, 0.058
117.440673828125, 0.064991
117.470703125, -0.025889
117.500732421875, 0.016056
117.530517578125, 0.071981
117.560546875, -0.095796
117.590576171875, 0.064991
117.62060546875, 0.099944
117.650634765625, -0.060842
117.6806640625, -0.004917
117.710693359375, 0.023046
117.74072265625, -0.053852
117.770751953125, 0.030037
117.800537109375, 0.016056
117.83056640625, -0.011907
117.860595703125, -0.067833
117.890625, 0.044018
117.920654296875, 0.092954
117.95068359375, -0.053852
117.980712890625, -0.067833
118.0107421875, -0.032879
118.04052734375, 0.051009
118.070556640625, 0.085963
118.1005859375, -0.025889
118.130615234375, -0.074824
118.16064453125, 0.030037
118.190673828125, -0.088805
118.220703125, -0.13075
118.250732421875, -0.011907
118.280517578125, 0.099944
118.310546875, 0.051009
118.340576171875, -0.032879
118.37060546875, 0.106935
118.400634765625, -0.13075
118.4306640625, -0.018898
118.460693359375, -0.081815
118.49072265625, -0.018898
118.520751953125, 0.030037
118.550537109375, -0.102787
118.58056640625, -0.165703
118.610595703125, 0.037028
118.640625, 0.009065
118.670654296875, 0.162861
118.70068359375, -0.151722
118.730712890625, -0.165703
118.7607421875, 0.058
118.79052734375, 0.113926
118.820556640625, -0.025889
118.8505859375, 0.016056
118.880615234375, -0.053852
118.91064453125, -0.046861
118.940673828125, -0.053852
118.970703125, 0.023046
119.000732421875, -0.011907
119.03076171875, -0.123759
119.060546875, 0.044018
119.090576171875, -0.032879
119.12060546875, 0.162861
119.150634765625, -0.046861
119.1806640625, -0.060842
119.210693359375, 0.106935
119.24072265625, -0.081815
119.270751953125, -0.011907
119.300537109375, 0.016056
119.33056640625, 0.037028
119.360595703125, -0.074824
119.390625, 0.002074
119.420654296875, -0.095796
119.45068359375, -0.102787
119.480712890625, -0.018898
119.5107421875, -0.03987
119.54052734375, 0.085963
119.570556640625, -0.004917
119.6005859375, -0.060842
119.630615234375, -0.032879
119.66064453125, 0.092954
119.690673828125, 0.037028
119.720703125, 0.134898
119.750732421875, 0.064991
119.78076171875, -0.060842
119.810546875, -0.025889
119.840576171875, -0.074824
119.87060546875, 0.044018
119.900634765625, 0.009065
119.9306640625, 0.085963
119.960693359375, 0.078972
119.99072265625, 0.023046
120.020751953125, 0.113926
120.050537109375, -0.060842
120.08056640625, 0.120916
120.110595703125, -0.025889
120.140625, -0.025889
120.170654296875, -0.102787
120.20068359375, 0.071981
120.230712890625, 0.085963
120.2607421875, -0.095796
120.290771484375, -0.004917
120.320556640625, 0.120916
120.3505859375, -0.109777
120.380615234375, 0.002074
120.41064453125, 0.058
120.440673828125, 0.058
120.470703125, 0.037028
120.500732421875, -0.067833
120.53076171875, 0.030037
120.560546875, -0.074824
120.590576171875, 0.023046
120.62060546875, -0.116768
120.650634765625, -0.032879
120.6806640625, 0.113926
120.710693359375, -0.03987
120.74072265625, 0.023046
120.770751953125, -0.074824
120.80078125, 0.092954
120.83056640625, -0.018898
120.860595703125, 0.246749
120.890625, -0.060842
120.920654296875, 0.009065
120.95068359375, 0.085963
120.980712890625, 0.064991
121.0107421875, 0.044018
121.040771484375, 0.099944
121.070556640625, -0.067833
121.1005859375, -0.011907
121.130615234375, 0.009065
121.16064453125, 0.002074
121.190673828125, -0.046861
121.220703125, 0.134898
121.250732421875, -0.081815
121.28076171875, -0.179685
121.310546875, 0.009065
121.340576171875, -0.03987
121.37060546875, 0.023046
121.400634765625, 0.030037
121.4306640625, 0.15587
121.460693359375, 0.064991
121.49072265625, -0.095796
121.520751953125, 0.009065
121.55078125, 0.169852
121.58056640625, 0.085963
121.610595703125, -0.095796
121.640625, 0.016056
121.670654296875, -0.074824
121.70068359375, 0.120916
121.730712890625, -0.011907
121.7607421875, -0.03987
121.790771484375, -0.032879
121.820556640625, 0.037028
121.8505859375, -0.025889
121.880615234375, 0.071981
121.91064453125, 0.002074
121.940673828125, 0.044018
121.970703125, 0.099944
122.000732421875, 0.016056
122.03076171875, -0.060842
122.060791015625, 0.023046
122.090576171875, -0.053852
122.12060546875, 0.106935
122.150634765625, 0.051009
122.1806640625, -0.060842
122.210693359375, 0.009065
122.24072265625, -0.165703
122.270751953125, 0.002074
122.30078125, -0.060842
122.33056640625, -0.011907
122.360595703125, 0.016056
122.390625, 0.009065
122.420654296875, -0.011907
122.45068359375, -0.011907
122.480712890625, -0.053852
122.5107421875, 0.002074
122.540771484375, -0.032879
122.57080078125, 0.002074
122.6005859375, -0.011907
122.630615234375, 0.113926
122.66064453125, 0.127907
122.690673828125, -0.018898
122.720703125, -0.109777
122.750732421875, -0.004917
122.78076171875, -0.067833
122.810791015625, 0.044018
122.840576171875, 0.002074
122.87060546875, 0.016056
122.900634765625, 0.037028
122.9306640625, -0.151722
122.960693359375, -0.004917
122.99072265625, -0.102787
123.020751953125, -0.067833
123.05078125, 0.071981
123.08056640625, -0.03987
123.110595703125, 0.141889
123.140625, -0.046861
123.170654296875, 0.023046
123.20068359375, -0.004917
123.230712890625, 0.106935
123.2607421875, 0.023046
123.290771484375, -0.025889
123.32080078125, -0.03987
123.3505859375, -0.046861
123.380615234375, 0.099944
123.41064453125, 0.030037
123.440673828125, -0.025889
123.470703125, 0.120916
123.500732421875, 0.037028
123.53076171875, 0.064991
123.560791015625, 0.141889
123.590576171875, 0.099944
123.62060546875, 0.092954
123.650634765625, -0.053852
123.6806640625, -0.011907
123.710693359375, 0.113926
123.74072265625, -0.018898
123.770751953125, -0.067833
123.80078125, -0.053852
123.830810546875, -0.060842
123.860595703125, -0.011907
123.890625, -0.03987
123.920654296875, -0.102787
123.95068359375, -0.046861
123.980712890625, -0.165703
124.0107421875, 0.064991
124.040771484375, 0.044018
124.07080078125, 0.078972
124.1005859375, 0.099944
124.130615234375, 0.002074
124.16064453125, 0.023046
124.190673828125, 0.044018
124.220703125, 0.078972
124.250732421875, 0.030037
124.28076171875, -0.011907
124.310791015625, -0.067833
124.340576171875, 0.078972
124.37060546875, -0.088805
124.400634765625, -0.13774
124.4306640625, 0.023046
124.460693359375, 0.002074
124.49072265625, 0.120916
124.520751953125, 0.113926
124.55078125, -0.046861
124.580810546875, 0.002074
124.610595703125, 0.218787
124.640625, 0.085963
124.670654296875, 0.071981
124.70068359375, -0.144731
124.730712890625, -0.03987
124.7607421875, 0.002074
124.790771484375, -0.004917
124.82080078125, -0.081815
124.8505859375, 0.064991
124.880615234375, -0.03987
124.91064453125, -0.004917
124.940673828125, 0.162861
124.970703125, 0.197814
125.000732421875, -0.074824
125.03076171875, -0.067833
125.060791015625, 0.162861
125.0908203125, -0.011907
125.12060546875, 0.071981
125.150634765625, 0.085963
125.1806640625, -0.046861
125.210693359375, -0.053852
125.24072265625, -0.004917
125.270751953125, 0.023046
125.30078125, 0.037028
125.330810546875, -0.025889
125.360595703125, -0.081815
125.390625, 0.037028
125.420654296875, -0.088805
125.45068359375, -0.004917
125.480712890625, -0.046861
125.5107421875, 0.016056
125.540771484375, 0.085963
125.57080078125, 0.064991
125.600830078125, 0.071981
125.630615234375, 0.078972
125.66064453125, -0.032879
125.690673828125, -0.053852
125.720703125, 0.092954
125.750732421875, -0.018898
125.78076171875, 0.051009
125.810791015625, 0.141889
125.8408203125, -0.081815
125.87060546875, -0.004917
125.900634765625, -0.095796
125.9306640625, 0.016056
125.960693359375, -0.116768
125.99072265625, 0.071981
126.020751953125, 0.127907
126.05078125, 0.037028
126.080810546875, -0.116768
126.110595703125, 0.078972
126.140625, -0.060842
126.170654296875, -0.13774
126.20068359375, -0.011907
126.230712890625, -0.095796
126.2607421875, -0.018898
126.290771484375, -0.018898
126.32080078125, 0.092954
126.350830078125, -0.074824
126.380615234375, -0.011907
126.41064453125, -0.032879
126.440673828125, -0.03987
126.470703125, -0.011907
126.500732421875, 0.078972
126.53076171875, 0.030037
126.560791015625, -0.032879
126.5908203125, 0.002074
126.62060546875, 0.051009
126.650634765625, -0.060842
126.6806640625, -0.018898
126.710693359375, 0.071981
126.74072265625, 0.044018
126.770751953125, -0.011907
126.80078125, -0.004917
126.830810546875, 0.023046
126.86083984375, 0.051009
126.890625, -0.074824
126.920654296875, 0.127907
126.95068359375, 0.120916
126.980712890625, 0.016056
127.0107421875, 0.064991
127.040771484375, -0.088805
127.07080078125, -0.03987
127.100830078125, -0.081815
127.130615234375, 0.106935
127.16064453125, 0.092954
127.190673828125, 0.009065
127.220703125, -0.018898
127.250732421875, 0.016056
127.28076171875, 0.002074
127.310791015625, 0.030037
127.3408203125, -0.018898
127.370849609375, -0.03987
127.400634765625, 0.037028
127.4306640625, -0.03987
127.460693359375, -0.004917
127.49072265625, -0.074824
127.520751953125, -0.053852
127.55078125, -0.060842
127.580810546875, -0.03987
127.61083984375, 0.016056
127.640625, -0.025889
127.670654296875, -0.095796
127.70068359375, 0.051009
127.730712890625, 0.002074
127.7607421875, -0.067833
127.790771484375, 0.016056
127.82080078125, -0.025889
127.850830078125, -0.018898
127.880615234375, 0.037028
127.91064453125, 0.058
127.940673828125, 0.044018
127.970703125, -0.116768
128.000732421875, 0.071981
128.03076171875, -0.067833
128.060791015625, -0.074824
128.0908203125, 0.030037
128.120849609375, 0.051009
128.150634765625, 0.037028
128.1806640625, -0.025889
128.210693359375, -0.116768
128.24072265625, -0.011907
128.270751953125, 0.058
128.30078125, -0.025889
128.330810546875, -0.018898
128.36083984375, -0.004917
128.390625, -0.004917
128.420654296875, 0.058
128.45068359375, 0.044018
128.480712890625, -0.004917
128.5107421875, -0.116768
128.540771484375, -0.018898
128.57080078125, -0.03987
128.600830078125, -0.025889
128.630859375, 0.037028
128.66064453125, -0.13075
128.690673828125, 0.148879
128.720703125, -0.067833
128.750732421875, 0.183833
128.78076171875, -0.03987
128.810791015625, -0.095796
128.8408203125, -0.067833
128.870849609375, 0.002074
128.900634765625, 0.002074
128.9306640625, -0.018898
128.960693359375, 0.113926
128.99072265625, 0.078972
129.020751953125, -0.067833
129.05078125, 0.037028
129.080810546875, 0.030037
129.11083984375, -0.025889
129.140625, 0.051009
129.170654296875, 0.037028
129.20068359375, -0.032879
129.230712890625, 0.078972
129.2607421875, 0.016056
129.290771484375, -0.025889
129.32080078125, 0.044018
129.350830078125, 0.044018
129.380859375, -0.011907
129.41064453125, 0.030037
129.440673828125, -0.004917
129.470703125, -0.046861
129.500732421875, -0.025889
129.53076171875, -0.025889
129.560791015625, 0.002074
129.5908203125, -0.060842
129.620849609375, -0.004917
129.650634765625, 0.058
129.6806640625, -0.018898
129.710693359375, 0.058
129.74072265625, 0.009065
129.770751953125, -0.032879
129.80078125, -0.109777
129.830810546875, 0.009065
129.86083984375, 0.211796
129.890869140625, 0.037028
129.920654296875, -0.053852
129.95068359375, -0.13774
129.980712890625, -0.032879
130.0107421875, 0.037028
130.040771484375, 0.085963
130.07080078125, 0.064991
130.100830078125, 0.009065
130.130859375, 0.044018
130.16064453125, 0.023046
130.190673828125, -0.011907
130.220703125, 0.092954
130.250732421875, -0.004917
130.28076171875, -0.025889
130.310791015625, 0.078972
130.3408203125, -0.011907
130.370849609375, -0.060842
130.40087890625, 0.023046
130.4306640625, 0.064991
130.460693359375, -0.158712
130.49072265625, -0.151722
130.520751953125, -0.004917
130.55078125, 0.016056
130.580810546875, 0.002074
130.61083984375, -0.032879
130.640869140625, 0.002074
130.670654296875, -0.123759
130.70068359375, 0.030037
130.730712890625, -0.03987
130.7607421875, 0.002074
130.790771484375, -0.032879
130.82080078125, 0.085963
130.850830078125, 0.078972
130.880859375, -0.116768
130.91064453125, -0.074824
130.940673828125, 0.030037
130.970703125, 0.15587
131.000732421875, 0.085963
131.03076171875, 0.030037
131.060791015625, -0.025889
131.0908203125, -0.067833
131.120849609375, 0.071981
131.15087890625, 0.071981
131.1806640625, 0.058
131.210693359375, -0.011907
131.24072265625, -0.053852
131.270751953125, -0.03987
131.30078125, 0.085963
131.330810546875, 0.232768
131.36083984375, -0.067833
131.390869140625, -0.088805
131.420654296875, -0.123759
131.45068359375, 0.106935
131.480712890625, 0.120916
131.5107421875, -0.081815
131.540771484375, 0.113926
131.57080078125, -0.025889
131.600830078125, 0.051009
131.630859375, 0.051009
131.660888671875, -0.046861
131.690673828125, 0.023046
131.720703125, -0.088805
131.750732421875, -0.060842
131.78076171875, 0.016056
131.810791015625, -0.032879
131.8408203125, 0.016056
131.870849609375, -0.060842
131.90087890625, 0.058
131.9306640625, -0.095796
131.960693359375, -0.116768
131.99072265625, -0.067833
132.020751953125, -0.074824
132.05078125, 0.099944
132.080810546875, 0.051009
132.11083984375, 0.009065
132.140869140625, -0.004917
132.170654296875, -0.025889
132.20068359375, 0.044018
132.230712890625, -0.004917
132.2607421875, -0.025889
132.290771484375, -0.074824
132.32080078125, -0.011907
132.350830078125, 0.051009
132.380859375, -0.081815
132.410888671875, -0.03987
132.440673828125, 0.085963
132.470703125, 0.058
132.500732421875, -0.004917
132.53076171875, -0.074824
132.560791015625, -0.025889
132.5908203125, 0.002074
132.620849609375, -0.032879
132.65087890625, -0.095796
132.6806640625, -0.081815
132.710693359375, 0.016056
132.74072265625, 0.051009
132.770751953125, -0.193666
132.80078125, 0.016056
132.830810546875, 0.002074
132.86083984375, 0.002074
132.890869140625, 0.141889
132.9208984375, 0.106935
132.95068359375, 0.058
132.980712890625, 0.002074
133.0107421875, -0.053852
133.040771484375, 0.023046
133.07080078125, -0.025889
133.100830078125, -0.011907
133.130859375, 0.064991
133.160888671875, 0.085963
133.190673828125, 0.030037
133.220703125, 0.058
133.250732421875, -0.025889
133.28076171875, 0.058
133.310791015625, -0.074824
133.3408203125, -0.018898
133.370849609375, 0.064991
133.40087890625, -0.081815
133.430908203125, 0.037028
133.460693359375, 0.030037
133.49072265625, -0.011907
133.520751953125, 0.023046
133.55078125, 0.058
133.580810546875, 0.044018
133.61083984375, -0.074824
133.640869140625, 0.030037
133.6708984375, 0.023046
133.70068359375, 0.064991
133.730712890625, 0.113926
133.7607421875, 0.002074
133.790771484375, 0.120916
133.82080078125, 0.002074
133.850830078125, -0.109777
133.880859375, -0.025889
133.910888671875, -0.032879
133.940673828125, -0.018898
133.970703125, 0.037028
134.000732421875, 0.092954
134.03076171875, 0.030037
134.060791015625, -0.025889
134.0908203125, -0.032879
134.120849609375, -0.025889
134.15087890625, 0.016056
134.180908203125, 0.016056
134.210693359375, -0.03987
134.24072265625, -0.053852
134.270751953125, 0.169852
134.30078125, 0.002074
134.330810546875, 0.037028
134.36083984375, 0.058
134.390869140625, -0.179685
134.4208984375, 0.120916
134.45068359375, 0.058
134.480712890625, -0.018898
134.5107421875, -0.067833
134.540771484375, 0.058
134.57080078125, -0.095796
134.600830078125, -0.067833
134.630859375, -0.03987
134.660888671875, 0.009065
134.69091796875, -0.053852
134.720703125, -0.109777
134.750732421875, 0.085963
134.78076171875, 0.106935
134.810791015625, 0.120916
134.8408203125, -0.081815
134.870849609375, 0.044018
134.90087890625, -0.144731
134.930908203125, -0.074824
134.960693359375, -0.053852
134.99072265625, 0.127907
135.020751953125, 0.023046
135.05078125, 0.037028
135.080810546875, 0.044018
135.11083984375, -0.144731
135.140869140625, -0.116768
135.1708984375, -0.03987
135.200927734375, 0.099944
135.230712890625, -0.13075
135.2607421875, 0.071981
135.290771484375, -0.102787
135.32080078125, 0.016056
135.350830078125, 0.051009
135.380859375, 0.197814
135.410888671875, 0.099944
135.44091796875, -0.074824
135.470703125, 0.023046
135.500732421875, -0.011907
135.53076171875, 0.002074
135.560791015625, -0.088805
135.5908203125, -0.102787
135.620849609375, 0.009065
135.65087890625, -0.053852
135.680908203125, 0.037028
135.710693359375, 0.009065
135.74072265625, 0.037028
135.770751953125, -0.018898
135.80078125, 0.016056
135.830810546875, 0.120916
135.86083984375, 0.016056
135.890869140625, 0.044018
135.9208984375, 0.148879
135.950927734375, -0.074824
135.980712890625, -0.011907
136.0107421875, 0.051009
136.040771484375, -0.123759
136.07080078125, -0.081815
136.100830078125, 0.037028
136.130859375, -0.060842
136.160888671875, -0.207648
136.19091796875, 0.037028
136.220703125, 0.085963
136.250732421875, -0.004917
136.28076171875, 0.176842
136.310791015625, -0.018898
136.3408203125, 0.064991
136.370849609375, 0.051009
136.40087890625, -0.046861
136.430908203125, -0.067833
136.4609375, 0.037028
136.49072265625, 0.044018
136.520751953125, 0.002074
136.55078125, -0.03987
136.580810546875, 0.106935
136.61083984375, -0.088805
136.640869140625, -0.018898
136.6708984375, -0.018898
136.700927734375, 0.009065
136.730712890625, 0.044018
136.7607421875, 0.058
136.790771484375, -0.018898
136.82080078125, -0.025889
136.850830078125, 0.002074
136.880859375, 0.051009
136.910888671875, 0.009065
136.94091796875, -0.025889
136.970703125, 0.051009
137.000732421875, 0.030037
137.03076171875, -0.018898
137.060791015625, -0.109777
137.0908203125, 0.044018
137.120849609375, -0.123759
137.15087890625, 0.009065
137.180908203125, 0.002074
137.2109375, -0.018898
137.24072265625, -0.081815
137.270751953125, 0.058
137.30078125, 0.037028
137.330810546875, -0.025889
137.36083984375, 0.002074
137.390869140625, -0.060842
137.4208984375, -0.018898
137.450927734375, 0.009065
137.480712890625, 0.023046
137.5107421875, -0.03987
137.540771484375, 0.071981
137.57080078125, -0.088805
137.600830078125, -0.018898
137.630859375, -0.025889
137.660888671875, 0.120916
137.69091796875, -0.046861
137.720947265625, 0.085963
137.750732421875, -0.032879
137.78076171875, -0.004917
137.810791015625, 0.058
137.8408203125, 0.002074
137.870849609375, 0.064991
137.90087890625, -0.032879
137.930908203125, 0.134898
137.9609375, 0.016056
137.99072265625, 0.009065
138.020751953125, -0.123759
138.05078125, -0.095796
138.080810546875, 0.169852
138.11083984375, 0.009065
138.140869140625, -0.053852
138.1708984375, -0.032879
138.200927734375, 0.030037
138.23095703125, 0.037028
138.2607421875, 0.037028
138.290771484375, -0.004917
138.32080078125, -0.025889
138.350830078125, 0.002074
138.380859375, 0.016056
138.410888671875, 0.037028
138.44091796875, -0.011907
138.470947265625, 0.037028
138.500732421875, -0.046861
138.53076171875, -0.144731
138.560791015625, -0.004917
138.5908203125, -0.011907
138.620849609375, -0.018898
138.65087890625, 0.002074
138.680908203125, 0.058
138.7109375, 0.023046
138.74072265625, 0.211796
138.770751953125, -0.116768
138.80078125, 0.002074
138.830810546875, -0.03987
138.86083984375, 0.092954
138.890869140625, -0.03987
138.9208984375, 0.002074
138.950927734375, 0.106935
138.98095703125, 0.106935
139.0107421875, -0.074824
139.040771484375, -0.025889
139.07080078125, -0.053852
139.100830078125, 0.016056
139.130859375, 0.127907
139.160888671875, -0.060842
139.19091796875, 0.085963
139.220947265625, 0.009065
139.250732421875, 0.169852
139.28076171875, 0.023046
139.310791015625, 0.002074
139.3408203125, -0.067833
139.370849609375, 0.016056
139.40087890625, 0.15587
139.430908203125, -0.116768
139.4609375, 0.030037
139.490966796875, 0.106935
139.520751953125, 0.099944
139.55078125, 0.092954
139.580810546875, 0.051009
139.61083984375, -0.053852
139.640869140625, -0.03987
139.6708984375, 0.085963
139.700927734375, 0.002074
139.73095703125, 0.051009
139.7607421875, -0.046861
139.790771484375, -0.004917
139.82080078125, 0.099944
139.850830078125, -0.095796
139.880859375, -0.046861
139.910888671875, -0.095796
139.94091796875, 0.037028
139.970947265625, 0.023046
140.000732421875, 0.051009
140.03076171875, -0.025889
140.060791015625, 0.023046
140.0908203125, 0.002074
140.120849609375, 0.009065
140.15087890625, -0.144731
140.180908203125, -0.060842
140.2109375, 0.023046
140.240966796875, 0.204805
140.270751953125, -0.025889
140.30078125, -0.116768
140.330810546875, -0.123759
140.36083984375, 0.064991
140.390869140625, 0.016056
140.4208984375, -0.018898
140.450927734375, 0.064991
140.48095703125, 0.030037
140.5107421875, -0.011907
140.540771484375, 0.044018
140.57080078125, 0.071981
140.600830078125, 0.023046
140.630859375, 0.064991
140.660888671875, 0.030037
140.69091796875, 0.037028
140.720947265625, 0.030037
140.7509765625, 0.002074
140.78076171875, -0.032879
140.810791015625, 0.030037
140.8408203125, -0.102787
140.870849609375, -0.046861
140.90087890625, -0.025889
140.930908203125, 0.078972
140.9609375, 0.113926
140.990966796875, 0.044018
141.020751953125, -0.242601
141.05078125, 0.078972
141.080810546875, -0.011907
141.11083984375, 0.078972
141.140869140625, 0.106935
141.1708984375, 0.051009
141.200927734375, 0.15587
141.23095703125, -0.179685
141.260986328125, -0.074824
141.290771484375, -0.13075
141.32080078125, 0.092954
141.350830078125, -0.060842
141.380859375, 0.071981
141.410888671875, -0.004917
141.44091796875, 0.016056
141.470947265625, -0.025889
141.5009765625, 0.023046
141.53076171875, 0.023046
141.560791015625, 0.120916
141.5908203125, 0.009065
141.620849609375, 0.099944
141.65087890625, 0.023046
141.680908203125, -0.060842
141.7109375, 0.030037
141.740966796875, -0.025889
141.770751953125, 0.030037
141.80078125, 0.106935
141.830810546875, -0.03987
141.86083984375, 0.071981
141.890869140625, 0.051009
141.9208984375, -0.067833
141.950927734375, 0.030037
141.98095703125, -0.165703
142.010986328125, 0.030037
142.040771484375, 0.113926
142.07080078125, 0.044018
142.100830078125, 0.15587
142.130859375, -0.102787
142.160888671875, 0.044018
142.19091796875, -0.018898
142.220947265625, -0.067833
142.2509765625, -0.046861
142.28076171875, 0.120916
142.310791015625, 0.044018
142.3408203125, 0.002074
142.370849609375, 0.002074
142.40087890625, 0.002074
142.430908203125, 0.009065
142.4609375, -0.074824
142.490966796875, 0.030037
142.52099609375, 0.085963
142.55078125, 0.051009
142.580810546875, 0.113926
142.61083984375, 0.023046
142.640869140625, -0.011907
142.6708984375, 0.009065
142.700927734375, -0.03987
142.73095703125, -0.018898
142.760986328125, 0.113926
142.790771484375, 0.030037
142.82080078125, 0.037028
142.850830078125, 0.016056
142.880859375, 0.044018
142.910888671875, 0.044018
142.94091796875, 0.002074
142.970947265625, -0.03987
143.0009765625, -0.067833
143.031005859375, 0.009065
143.060791015625, -0.032879
143.0908203125, -0.109777
143.120849609375, -0.081815
143.15087890625, -0.060842
143.180908203125, -0.088805
143.2109375, 0.085963
143.240966796875, 0.030037
143.27099609375, 0.127907
143.30078125, -0.011907
143.330810546875, -0.060842
143.36083984375, 0.023046
143.390869140625, 0.058
143.4208984375, 0.058
143.450927734375, 0.016056
143.48095703125, -0.109777
143.510986328125, -0.088805
143.540771484375, 0.058
143.57080078125, 0.030037
143.600830078125, 0.078972
143.630859375, 0.120916
143.660888671875, 0.030037
143.69091796875, 0.058
143.720947265625, -0.067833
143.7509765625, 0.009065
143.781005859375, -0.004917
143.810791015625, 0.134898
143.8408203125, 0.071981
143.870849609375, -0.151722
143.90087890625, 0.044018
143.930908203125, -0.102787
143.9609375, 0.099944
143.990966796875, -0.03987
144.02099609375, -0.053852
144.05078125, 0.002074
144.080810546875, 0.176842
144.11083984375, 0.002074
144.140869140625, -0.025889
144.1708984375, -0.011907
144.200927734375, -0.004917
144.23095703125, -0.025889
144.260986328125, -0.011907
144.291015625, -0.032879
144.32080078125, -0.032879
144.350830078125, 0.023046
144.380859375, 0.037028
144.410888671875, -0.011907
144.44091796875, -0.053852
144.470947265625, 0.078972
144.5009765625, 0.058
144.531005859375, 0.058
144.560791015625, 0.120916
144.5908203125, 0.044018
144.620849609375, -0.060842
144.65087890625, 0.030037
144.680908203125, -0.074824
144.7109375, 0.030037
144.740966796875, -0.046861
144.77099609375, 0.085963
144.80078125, 0.044018
144.830810546875, -0.053852
144.86083984375, 0.058
144.890869140625, -0.018898
144.9208984375, -0.025889
144.950927734375, 0.071981
144.98095703125, 0.016056
145.010986328125, 0.071981
145.041015625, -0.004917
145.07080078125, -0.03987
145.100830078125, -0.123759
145.130859375, 0.002074
145.160888671875, -0.067833
145.19091796875, -0.102787
145.220947265625, 0.099944
145.2509765625, 0.002074
145.281005859375, 0.009065
145.310791015625, -0.011907
145.3408203125, -0.046861
145.370849609375, 0.002074
145.40087890625, 0.037028
145.430908203125, 0.002074
145.4609375, -0.081815
145.490966796875, 0.058
145.52099609375, -0.025889
145.551025390625, -0.03987
145.580810546875, 0.106935
145.61083984375, 0.120916
145.640869140625, 0.058
145.6708984375, 0.016056
145.700927734375, 0.078972
145.73095703125, 0.023046
145.760986328125, 0.037028
145.791015625, 0.023046
145.82080078125, 0.078972
145.850830078125, 0.016056
145.880859375, 0.120916
145.910888671875, -0.060842
145.94091796875, 0.044018
145.970947265625, 0.009065
146.0009765625, 0.030037
146.031005859375, -0.03987
146.06103515625, 0.002074
146.0908203125, 0.064991
146.120849609375, -0.032879
146.15087890625, 0.085963
146.180908203125, -0.03987
146.2109375, 0.030037
146.240966796875, -0.011907
146.27099609375, -0.095796
146.301025390625, 0.009065
146.330810546875, 0.016056
146.36083984375, -0.018898
146.390869140625, 0.016056
146.4208984375, 0.016056
146.450927734375, -0.102787
146.48095703125, 0.016056
146.510986328125, 0.002074
146.541015625, -0.03987
146.57080078125, -0.025889
146.600830078125, 0.141889
146.630859375, 0.009065
146.660888671875, 0.030037
146.69091796875, 0.002074
146.720947265625, -0.144731
146.7509765625, 0.058
146.781005859375, 0.044018
146.81103515625, 0.023046
146.8408203125, -0.095796
146.870849609375, 0.148879
146.90087890625, -0.025889
146.930908203125, 0.092954
146.9609375, 0.044018
146.990966796875, -0.053852
147.02099609375, 0.023046
147.051025390625, 0.009065
147.080810546875, -0.123759
147.11083984375, 0.009065
147.140869140625, 0.071981
147.1708984375, 0.037028
147.200927734375, -0.018898
147.23095703125, 0.016056
147.260986328125, -0.004917
147.291015625, 0.023046
147.321044921875, 0.009065
147.350830078125, 0.078972
147.380859375, 0.058
147.410888671875, -0.102787
147.44091796875, -0.011907
147.470947265625, 0.092954
147.5009765625, 0.030037
147.531005859375, -0.158712
147.56103515625, 0.085963
147.5908203125, -0.116768
147.620849609375, -0.095796
147.65087890625, -0.011907
147.680908203125, 0.071981
147.7109375, -0.03987
147.740966796875, 0.15587
147.77099609375, 0.078972
147.801025390625, 0.051009
147.830810546875, -0.081815
147.86083984375, 0.030037
147.890869140625, 0.099944
147.9208984375, 0.002074
147.950927734375, 0.218787
147.98095703125, 0.016056
148.010986328125, 0.058
148.041015625, -0.011907
148.071044921875, -0.046861
148.100830078125, 0.002074
148.130859375, -0.046861
148.160888671875, -0.116768
148.19091796875, -0.018898
148.220947265625, -0.032879
148.2509765625, -0.032879
148.281005859375, 0.051009
148.31103515625, 0.030037
148.3408203125, 0.058
148.370849609375, 0.030037
148.40087890625, 0.030037
148.430908203125, 0.030037
148.4609375, -0.004917
148.490966796875, -0.011907
148.52099609375, 0.058
148.551025390625, -0.046861
148.5810546875, 0.030037
148.61083984375, -0.074824
148.640869140625, 0.078972
148.6708984375, 0.016056
148.700927734375, 0.030037
148.73095703125, 0.064991
148.760986328125, 0.162861
148.791015625, 0.058
148.821044921875, 0.127907
148.850830078125, 0.002074
148.880859375, 0.044018
148.910888671875, -0.158712
148.94091796875, -0.074824
148.970947265625, 0.071981
149.0009765625, -0.060842
149.031005859375, -0.046861
149.06103515625, -0.018898
149.091064453125, -0.004917
149.120849609375, 0.113926
149.15087890625, 0.113926
149.180908203125, -0.088805
149.2109375, 0.002074
149.240966796875, 0.092954
149.27099609375, -0.011907
149.301025390625, 0.009065
149.3310546875, 0.092954
149.36083984375, 0.058
149.390869140625, 0.016056
149.4208984375, -0.067833
149.450927734375, -0.032879
149.48095703125, 0.183833
149.510986328125, 0.016056
149.541015625, -0.004917
149.571044921875, -0.144731
149.600830078125, 0.009065
149.630859375, 0.037028
149.660888671875, 0.030037
149.69091796875, 0.051009
149.720947265625, -0.081815
149.7509765625, -0.081815
149.781005859375, 0.106935
149.81103515625, -0.067833
149.841064453125, -0.102787
149.870849609375, 0.148879
149.90087890625, 0.078972
149.930908203125, -0.158712
149.9609375, -0.081815
149.990966796875, 0.023046
150.02099609375, 0.078972
150.051025390625, -0.03987
150.0810546875, 0.044018
150.11083984375, -0.116768
150.140869140625, 0.016056
150.1708984375, 0.162861
150.200927734375, 0.016056
150.23095703125, 0.148879
150.260986328125, -0.13774
150.291015625, 0.009065
150.321044921875, -0.102787
150.35107421875, 0.106935
150.380859375, -0.067833
150.410888671875, 0.030037
150.44091796875, 0.023046
150.470947265625, 0.058
150.5009765625, -0.032879
150.531005859375, 0.016056
150.56103515625, 0.009065
150.591064453125, -0.074824
150.620849609375, -0.025889
150.65087890625, 0.030037
150.680908203125, 0.225777
150.7109375, -0.025889
150.740966796875, 0.078972
150.77099609375, -0.053852
150.801025390625, 0.044018
150.8310546875, 0.106935
150.861083984375, 0.148879
150.890869140625, -0.004917
150.9208984375, 0.009065
150.950927734375, -0.011907
150.98095703125, -0.074824
151.010986328125, 0.071981
151.041015625, -0.011907
151.071044921875, -0.088805
151.10107421875, -0.053852
151.130859375, 0.044018
151.160888671875, -0.067833
151.19091796875, 0.058
151.220947265625, 0.002074
151.2509765625, -0.011907
151.281005859375, 0.085963
151.31103515625, 0.044018
151.341064453125, 0.044018
151.370849609375, 0.127907
151.40087890625, 0.030037
151.430908203125, 0.058
151.4609375, 0.058
151.490966796875, 0.058
151.52099609375, 0.078972
151.551025390625, 0.002074
151.5810546875, -0.046861
151.611083984375, -0.011907
151.640869140625, -0.018898
151.6708984375, 0.120916
151.700927734375, 0.044018
151.73095703125, -0.004917
151.760986328125, 0.064991
151.791015625, 0.002074
151.821044921875, 0.044018
151.85107421875, 0.016056
151.880859375, 0.030037
151.910888671875, -0.032879
151.94091796875, -0.060842
151.970947265625, 0.002074
152.0009765625, -0.060842
152.031005859375, -0.011907
152.06103515625, 0.064991
152.091064453125, 0.023046
152.12109375, -0.032879
152.15087890625, 0.016056
152.180908203125, 0.078972
152.2109375, 0.016056
152.240966796875, -0.060842
152.27099609375, 0.099944
152.301025390625, -0.032879
152.3310546875, 0.037028
152.361083984375, 0.037028
152.390869140625, 0.002074
152.4208984375, 0.030037
152.450927734375, -0.074824
152.48095703125, 0.051009
152.510986328125, -0.060842
152.541015625, 0.058
152.571044921875, -0.053852
152.60107421875, 0.092954
152.630859375, -0.046861
152.660888671875, 0.078972
152.69091796875, 0.030037
152.720947265625, -0.025889
152.7509765625, -0.158712
152.781005859375, 0.106935
152.81103515625, 0.092954
152.841064453125, 0.002074
152.87109375, -0.074824
152.90087890625, 0.071981
152.930908203125, 0.071981
152.9609375, 0.148879
152.990966796875, 0.002074
153.02099609375, -0.095796
153.051025390625, -0.165703
153.0810546875, 0.023046
153.111083984375, 0.113926
153.140869140625, 0.030037
153.1708984375, 0.016056
153.200927734375, -0.011907
153.23095703125, -0.102787
153.260986328125, 0.009065
153.291015625, 0.037028
153.321044921875, -0.221629
153.35107421875, 0.009065
153.381103515625, -0.116768
153.410888671875, 0.058
153.44091796875, 0.030037
153.470947265625, -0.074824
153.5009765625, -0.025889
153.531005859375, 0.030037
153.56103515625, 0.092954
153.591064453125, 0.134898
153.62109375, -0.060842
153.65087890625, 0.106935
153.680908203125, -0.025889
153.7109375, 0.15587
153.740966796875, 0.071981
153.77099609375, 0.113926
153.801025390625, 0.078972
153.8310546875, 0.044018
153.861083984375, 0.030037
153.89111328125, 0.023046
153.9208984375, 0.009065
153.950927734375, 0.085963
153.98095703125, 0.037028
154.010986328125, 0.023046
154.041015625, -0.025889
154.071044921875, -0.025889
154.10107421875, -0.081815
154.131103515625, -0.004917
154.160888671875, -0.004917
154.19091796875, -0.004917
154.220947265625, 0.078972
154.2509765625, 0.044018
154.281005859375, 0.009065
154.31103515625, -0.074824
154.341064453125, -0.074824
154.37109375, 0.064991
154.40087890625, 0.030037
154.430908203125, 0.051009
154.4609375, -0.067833
154.490966796875, 0.15587
154.52099609375, 0.064991
154.551025390625, 0.037028
154.5810546875, 0.002074
154.611083984375, 0.044018
154.64111328125, 0.190824
154.6708984375, 0.030037
154.700927734375, 0.058
154.73095703125, 0.044018
154.760986328125, -0.116768
154.791015625, -0.053852
154.821044921875, -0.095796
154.85107421875, 0.099944
154.881103515625, -0.011907
154.910888671875, -0.011907
154.94091796875, -0.03987
154.970947265625, 0.058
155.0009765625, 0.044018
155.031005859375, 0.058
155.06103515625, -0.025889
155.091064453125, 0.002074
155.12109375, 0.127907
155.151123046875, 0.044018
155.180908203125, -0.004917
155.2109375, 0.002074
155.240966796875, -0.032879
155.27099609375, -0.03987
155.301025390625, -0.025889
155.3310546875, -0.053852
155.361083984375, 0.023046
155.39111328125, 0.113926
155.4208984375, -0.011907
155.450927734375, -0.074824
155.48095703125, 0.078972
155.510986328125, 0.023046
155.541015625, -0.025889
155.571044921875, 0.064991
155.60107421875, -0.074824
155.631103515625, 0.002074
155.660888671875, -0.081815
155.69091796875, 0.023046
155.720947265625, -0.053852
155.7509765625, 0.030037
155.781005859375, 0.113926
155.81103515625, -0.060842
155.841064453125, -0.011907
155.87109375, -0.074824
155.901123046875, -0.13774
155.930908203125, -0.018898
155.9609375, -0.102787
155.990966796875, 0.002074
156.02099609375, 0.141889
156.051025390625, -0.088805
156.0810546875, 0.002074
156.111083984375, 0.071981
156.14111328125, 0.085963
156.1708984375, -0.116768
156.200927734375, -0.004917
156.23095703125, 0.037028
156.260986328125, 0.016056
156.291015625, 0.085963
156.321044921875, -0.060842
156.35107421875, 0.127907
156.381103515625, -0.067833
156.4111328125, 0.051009
156.44091796875, 0.009065
156.470947265625, 0.099944
156.5009765625, -0.046861
156.531005859375, 0.009065
156.56103515625, -0.025889
156.591064453125, -0.011907
156.62109375, 0.071981
156.651123046875, 0.051009
156.680908203125, 0.016056
156.7109375, 0.002074
156.740966796875, 0.037028
156.77099609375, 0.106935
156.801025390625, 0.058
156.8310546875, 0.037028
156.861083984375, -0.03987
156.89111328125, 0.002074
156.921142578125, 0.023046
156.950927734375, -0.074824
156.98095703125, -0.060842
157.010986328125, -0.03987
157.041015625, 0.030037
157.071044921875, 0.078972
157.10107421875, -0.053852
157.131103515625, 0.044018
157.1611328125, -0.025889
157.19091796875, -0.13075
157.220947265625, 0.016056
157.2509765625, 0.016056
157.281005859375, 0.099944
157.31103515625, 0.085963
157.341064453125, 0.071981
157.37109375, 0.051009
157.401123046875, 0.064991
157.430908203125, 0.030037
157.4609375, -0.081815
157.490966796875, 0.113926
157.52099609375, -0.018898
157.551025390625, 0.023046
157.5810546875, 0.064991
157.611083984375, -0.060842
157.64111328125, 0.099944
157.671142578125, 0.044018
157.700927734375, -0.004917
157.73095703125, 0.002074
157.760986328125, -0.011907
157.791015625, 0.127907
157.821044921875, 0.058
157.85107421875, -0.03987
157.881103515625, 0.058
157.9111328125, 0.120916
157.94091796875, 0.058
157.970947265625, 0.078972
158.0009765625, -0.03987
158.031005859375, 0.071981
158.06103515625, 0.051009
158.091064453125, 0.120916
158.12109375, 0.023046
158.151123046875, -0.088805
158.18115234375, 0.009065
158.2109375, 0.071981
158.240966796875, -0.025889
158.27099609375, 0.120916
158.301025390625, 0.064991
158.3310546875, 0.030037
158.361083984375, -0.025889
158.39111328125, 0.044018
158.421142578125, -0.032879
158.450927734375, 0.002074
158.48095703125, 0.044018
158.510986328125, 0.044018
158.541015625, 0.120916
158.571044921875, -0.095796
158.60107421875, 0.044018
158.631103515625, -0.004917
158.6611328125, 0.002074
158.691162109375, 0.051009
158.720947265625, 0.169852
158.7509765625, -0.025889
158.781005859375, 0.092954
158.81103515625, 0.078972
158.841064453125, 0.092954
158.87109375, 0.002074
158.901123046875, -0.032879
158.93115234375, -0.032879
158.9609375, 0.030037
158.990966796875, 0.030037
159.02099609375, 0.023046
159.051025390625, -0.03987
159.0810546875, 0.099944
159.111083984375, -0.03987
159.14111328125, -0.109777
159.171142578125, 0.064991
159.200927734375, -0.046861
159.23095703125, 0.051009
159.260986328125, 0.030037
159.291015625, -0.018898
159.321044921875, 0.064991
159.35107421875, 0.002074
159.381103515625, 0.030037
159.4111328125, -0.053852
159.441162109375, -0.095796
159.470947265625, 0.051009
159.5009765625, 0.113926
159.531005859375, 0.023046
159.56103515625, 0.099944
159.591064453125, -0.081815
159.62109375, 0.127907
159.651123046875, -0.011907
159.68115234375, 0.071981
159.7109375, -0.018898
159.740966796875, 0.183833
159.77099609375, 0.134898
159.801025390625, 0.092954
159.8310546875, -0.123759
159.861083984375, 0.037028
159.89111328125, -0.060842
159.921142578125, 0.064991
159.951171875, 0.016056
159.98095703125, -0.03987
160.010986328125, -0.081815
160.041015625, -0.081815
160.071044921875, -0.03987
160.10107421875, 0.085963
160.131103515625, 0.009065
160.1611328125, 0.064991
160.191162109375, 0.058
160.220947265625, 0.030037
160.2509765625, 0.016056
160.281005859375, 0.016056
160.31103515625, 0.106935
160.341064453125, 0.127907
160.37109375, 0.085963
160.401123046875, 0.023046
160.43115234375, 0.023046
160.4609375, -0.03987
160.490966796875, -0.032879
160.52099609375, 0.099944
160.551025390625, 0.064991
160.5810546875, 0.106935
160.611083984375, 0.044018
160.64111328125, -0.060842
160.671142578125, 0.099944
160.701171875, 0.078972
160.73095703125, 0.078972
160.760986328125, -0.081815
160.791015625, 0.058
160.821044921875, -0.060842
160.85107421875, -0.046861
160.881103515625, 0.023046
160.9111328125, -0.046861
160.941162109375, -0.03987
160.970947265625, -0.102787
161.0009765625, 0.009065
161.031005859375, 0.002074
161.06103515625, -0.074824
161.091064453125, 0.051009
161.12109375, 0.058
161.151123046875, -0.067833
161.18115234375, -0.004917
161.211181640625, -0.095796
161.240966796875, -0.03987
161.27099609375, 0.030037
161.301025390625, -0.03987
161.3310546875, 0.051009
161.361083984375, -0.081815
161.39111328125, -0.109777
161.421142578125, 0.078972
161.451171875, -0.088805
161.48095703125, 0.002074
161.510986328125, -0.158712
161.541015625, -0.116768
161.571044921875, 0.002074
161.60107421875, 0.092954
161.631103515625, -0.03987
161.6611328125, 0.071981
161.691162109375, 0.120916
161.72119140625, 0.085963
161.7509765625, -0.025889
161.781005859375, -0.060842
161.81103515625, 0.127907
161.841064453125, -0.046861
161.87109375, -0.067833
161.901123046875, 0.106935
161.93115234375, 0.197814
161.961181640625, 0.113926
161.990966796875, 0.002074
162.02099609375, 0.085963
162.051025390625, -0.011907
162.0810546875, 0.030037
162.111083984375, -0.011907
162.14111328125, 0.016056
162.171142578125, -0.123759
162.201171875, -0.060842
162.23095703125, -0.03987
162.260986328125, 0.030037
162.291015625, 0.009065
162.321044921875, 0.002074
162.35107421875, 0.016056
162.381103515625, 0.078972
162.4111328125, -0.025889
162.441162109375, -0.03987
162.47119140625, 0.113926
162.5009765625, -0.074824
162.531005859375, -0.081815
162.56103515625, -0.018898
162.591064453125, -0.067833
162.62109375, 0.113926
162.651123046875, -0.067833
162.68115234375, 0.030037
162.711181640625, -0.004917
162.740966796875, -0.004917
162.77099609375, 0.078972
162.801025390625, -0.088805
162.8310546875, -0.03987
162.861083984375, 0.071981
162.89111328125, -0.074824
162.921142578125, -0.03987
162.951171875, 0.002074
162.981201171875, 0.085963
163.010986328125, 0.002074
163.041015625, 0.092954
163.071044921875, 0.071981
163.10107421875, -0.011907
163.131103515625, 0.051009
163.1611328125, -0.053852
163.191162109375, 0.051009
163.22119140625, -0.025889
163.2509765625, -0.032879
163.281005859375, 0.064991
163.31103515625, -0.018898
163.341064453125, 0.037028
163.37109375, 0.064991
163.401123046875, -0.03987
163.43115234375, -0.046861
163.461181640625, 0.009065
163.4912109375, 0.113926
163.52099609375, -0.053852
163.551025390625, 0.085963
163.5810546875, -0.186675
163.611083984375, -0.116768
163.64111328125, 0.030037
163.671142578125, 0.030037
163.701171875, 0.023046
163.731201171875, -0.03987
163.760986328125, 0.037028
163.791015625, 0.009065
163.821044921875, 0.037028
163.85107421875, -0.067833
163.881103515625, -0.018898
163.9111328125, 0.044018
163.941162109375, -0.081815
163.97119140625, 0.085963
164.0009765625, 0.120916
164.031005859375, 0.127907
164.06103515625, -0.018898
164.091064453125, 0.009065
164.12109375, 0.134898
164.151123046875, -0.004917
164.18115234375, 0.058
164.211181640625, -0.151722
164.2412109375, 0.030037
164.27099609375, -0.011907
164.301025390625, -0.060842
164.3310546875, 0.113926
164.361083984375, 0.058
164.39111328125, -0.03987
164.421142578125, 0.030037
164.451171875, 0.092954
164.481201171875, -0.004917
164.510986328125, 0.169852
164.541015625, -0.025889
164.571044921875, 0.051009
164.60107421875, -0.095796
164.631103515625, 0.023046
164.6611328125, 0.037028
164.691162109375, -0.011907
164.72119140625, -0.011907
164.751220703125, 0.037028
164.781005859375, 0.009065
164.81103515625, 0.030037
164.841064453125, 0.267722
164.87109375, -0.018898
164.901123046875, 0.078972
164.93115234375, 0.016056
164.961181640625, 0.058
164.9912109375, 0.030037
165.02099609375, 0.183833
165.051025390625, -0.032879
165.0810546875, -0.060842
165.111083984375, 0.051009
165.14111328125, 0.044018
165.171142578125, 0.051009
165.201171875, 0.030037
165.231201171875, -0.018898
165.260986328125, -0.004917
165.291015625, 0.064991
165.321044921875, 0.092954
165.35107421875, 0.113926
165.381103515625, 0.106935
165.4111328125, -0.13774
165.441162109375, -0.018898
165.47119140625, 0.016056
165.501220703125, -0.025889
165.531005859375, 0.037028
165.56103515625, 0.106935
165.591064453125, 0.002074
165.62109375, 0.176842
165.651123046875, 0.051009
165.68115234375, -0.067833
165.711181640625, -0.018898
165.7412109375, 0.023046
165.77099609375, 0.113926
165.801025390625, 0.002074
165.8310546875, 0.044018
165.861083984375, -0.018898
165.89111328125, 0.002074
165.921142578125, -0.032879
165.951171875, 0.078972
165.981201171875, -0.032879
166.01123046875, -0.004917
166.041015625, 0.023046
166.071044921875, 0.120916
166.10107421875, 0.044018
166.131103515625, 0.085963
166.1611328125, 0.051009
166.191162109375, 0.009065
166.22119140625, 0.009065
166.251220703125, 0.030037
166.281005859375, -0.004917
166.31103515625, 0.023046
166.341064453125, -0.074824
166.37109375, 0.002074
166.401123046875, -0.032879
166.43115234375, 0.064991
166.461181640625, -0.081815
166.4912109375, 0.009065
166.521240234375, 0.058
166.551025390625, -0.158712
166.5810546875, -0.102787
166.611083984375, -0.018898
166.64111328125, -0.060842
166.671142578125, 0.002074
166.701171875, 0.016056
166.731201171875, -0.011907
166.76123046875, 0.064991
166.791015625, 0.127907
166.821044921875, 0.106935
166.85107421875, 0.127907
166.881103515625, 0.064991
166.9111328125, 0.002074
166.941162109375, -0.081815
166.97119140625, 0.078972
167.001220703125, 0.009065
167.031005859375, -0.081815
167.06103515625, 0.044018
167.091064453125, -0.053852
167.12109375, 0.016056
167.151123046875, 0.113926
167.18115234375, -0.011907
167.211181640625, 0.120916
167.2412109375, 0.044018
167.271240234375, 0.002074
167.301025390625, 0.030037
167.3310546875, -0.109777
167.361083984375, 0.064991
167.39111328125, -0.025889
167.421142578125, 0.127907
167.451171875, -0.03987
167.481201171875, 0.009065
167.51123046875, 0.078972
167.541015625, -0.123759
167.571044921875, -0.102787
167.60107421875, 0.044018
167.631103515625, 0.058
167.6611328125, 0.071981
167.691162109375, 0.078972
167.72119140625, -0.116768
167.751220703125, -0.03987
167.78125, -0.025889
167.81103515625, -0.032879
167.841064453125, 0.078972
167.87109375, 0.058
167.901123046875, -0.03987
167.93115234375, 0.141889
167.961181640625, 0.127907
167.9912109375, -0.067833
168.021240234375, 0.148879
168.051025390625, 0.092954
168.0810546875, 0.120916
168.111083984375, -0.193666
168.14111328125, 0.092954
168.171142578125, -0.03987
168.201171875, 0.030037
168.231201171875, 0.078972
168.26123046875, 0.016056
168.291015625, 0.099944
168.321044921875, -0.053852
168.35107421875, 0.162861
168.381103515625, 0.071981
168.4111328125, 0.023046
168.441162109375, 0.044018
168.47119140625, 0.002074
168.501220703125, -0.011907
168.53125, 0.044018
168.56103515625, -0.074824
168.591064453125, -0.046861
168.62109375, -0.004917
168.651123046875, 0.051009
168.68115234375, 0.044018
168.711181640625, 0.106935
168.7412109375, -0.004917
168.771240234375, 0.016056
168.801025390625, 0.162861
168.8310546875, -0.032879
168.861083984375, -0.060842
168.89111328125, -0.088805
168.921142578125, 0.085963
168.951171875, -0.179685
168.981201171875, -0.018898
169.01123046875, 0.092954
169.041259765625, 0.023046
169.071044921875, -0.011907
169.10107421875, -0.074824
169.131103515625, -0.025889
169.1611328125, -0.102787
169.191162109375, 0.030037
169.22119140625, 0.099944
169.251220703125, 0.051009
169.28125, -0.004917
169.31103515625, -0.025889
169.341064453125, 0.099944
169.37109375, -0.067833
169.401123046875, -0.03987
169.43115234375, 0.009065
169.461181640625, 0.106935
169.4912109375, 0.044018
169.521240234375, -0.109777
169.55126953125, 0.225777
169.5810546875, -0.025889
169.611083984375, 0.044018
169.64111328125, -0.018898
169.671142578125, -0.03987
169.701171875, 0.030037
169.731201171875, 0.002074
169.76123046875, 0.092954
169.791259765625, 0.009065
169.821044921875, 0.092954
169.85107421875, 0.044018
169.881103515625, 0.016056
169.9111328125, 0.106935
169.941162109375, 0.099944
169.97119140625, -0.032879
170.001220703125, -0.018898
170.03125, -0.004917
170.06103515625, 0.030037
170.091064453125, -0.109777
170.12109375, -0.03987
170.151123046875, 0.044018
170.18115234375, 0.044018
170.211181640625, -0.025889
170.2412109375, -0.011907
170.271240234375, -0.03987
170.30126953125, 0.044018
170.3310546875, -0.109777
170.361083984375, 0.030037
170.39111328125, 0.051009
170.421142578125, -0.081815
170.451171875, 0.037028
170.481201171875, 0.009065
170.51123046875, 0.058
170.541259765625, 0.030037
170.571044921875, 0.099944
170.60107421875, -0.025889
170.631103515625, -0.018898
170.6611328125, 0.044018
170.691162109375, 0.099944
170.72119140625, 0.037028
170.751220703125, 0.016056
170.78125, -0.081815
170.811279296875, -0.004917
170.841064453125, -0.004917
170.87109375, 0.106935
170.901123046875, -0.025889
170.93115234375, -0.018898
170.961181640625, 0.099944
170.9912109375, -0.053852
171.021240234375, 0.162861
171.05126953125, -0.03987
171.0810546875, -0.032879
171.111083984375, -0.088805
171.14111328125, 0.009065
171.171142578125, -0.088805
171.201171875, -0.03987
171.231201171875, 0.044018
171.26123046875, 0.071981
171.291259765625, 0.085963
171.3212890625, -0.025889
171.35107421875, 0.058
171.381103515625, -0.032879
171.4111328125, -0.081815
171.441162109375, -0.025889
171.47119140625, 0.030037
171.501220703125, -0.004917
171.53125, 0.071981
171.561279296875, -0.116768
171.591064453125, -0.046861
171.62109375, 0.120916
171.651123046875, 0.162861
171.68115234375, -0.011907
171.711181640625, -0.046861
171.7412109375, 0.246749
171.771240234375, 0.058
171.80126953125, 0.232768
171.8310546875, 0.009065
171.861083984375, -0.011907
171.89111328125, -0.088805
171.921142578125, 0.016056
171.951171875, -0.074824
171.981201171875, -0.025889
172.01123046875, -0.144731
172.041259765625, 0.113926
172.0712890625, -0.03987
172.10107421875, -0.03987
172.131103515625, 0.044018
172.1611328125, 0.218787
172.191162109375, 0.044018
172.22119140625, 0.037028
172.251220703125, 0.099944
172.28125, -0.074824
172.311279296875, 0.044018
172.341064453125, -0.025889
172.37109375, 0.023046
172.401123046875, 0.162861
172.43115234375, -0.011907
172.461181640625, 0.002074
172.4912109375, -0.067833
172.521240234375, -0.025889
172.55126953125, 0.030037
172.581298828125, 0.099944
172.611083984375, -0.060842
172.64111328125, -0.025889
172.671142578125, 0.113926
172.701171875, 0.064991
172.731201171875, -0.067833
172.76123046875, 0.15587
172.791259765625, 0.239759
172.8212890625, 0.071981
172.85107421875, 0.064991
172.881103515625, 0.002074
172.9111328125, -0.109777
172.941162109375, 0.113926
172.97119140625, 0.064991
173.001220703125, -0.067833
173.03125, -0.074824
173.061279296875, 0.023046
173.091064453125, 0.016056
173.12109375, 0.037028
173.151123046875, -0.13774
173.18115234375, 0.023046
173.211181640625, 0.127907
173.2412109375, -0.200657
173.271240234375, 0.037028
173.30126953125, 0.120916
173.331298828125, -0.046861
173.361083984375, 0.051009
173.39111328125, 0.009065
173.421142578125, -0.151722
173.451171875, 0.051009
173.481201171875, 0.002074
173.51123046875, -0.123759
173.541259765625, 0.120916
173.5712890625, 0.037028
173.60107421875, 0.113926
173.631103515625, -0.102787
173.6611328125, 0.113926
173.691162109375, 0.044018
173.72119140625, 0.016056
173.751220703125, -0.109777
173.78125, 0.064991
173.811279296875, 0.064991
173.84130859375, -0.025889
173.87109375, 0.120916
173.901123046875, 0.078972
173.93115234375, -0.053852
173.961181640625, 0.023046
173.9912109375, -0.053852
174.021240234375, 0.051009
174.05126953125, -0.03987
174.081298828125, 0.023046
174.111083984375, -0.018898
174.14111328125, 0.030037
174.171142578125, -0.03987
174.201171875, 0.169852
174.231201171875, 0.120916
174.26123046875, 0.016056
174.291259765625, 0.009065
174.3212890625, -0.046861
174.351318359375, 0.15587
174.381103515625, 0.009065
174.4111328125, -0.144731
174.441162109375, -0.046861
174.47119140625, -0.081815
174.501220703125, 0.016056
174.53125, -0.011907
174.561279296875, -0.123759
174.59130859375, -0.046861
174.62109375, 0.085963
174.651123046875, 0.009065
174.68115234375, 0.044018
174.711181640625, -0.046861
174.7412109375, 0.023046
174.771240234375, -0.03987
174.80126953125, -0.03987
174.831298828125, 0.023046
174.861083984375, -0.025889
174.89111328125, 0.078972
174.921142578125, -0.018898
174.951171875, -0.004917
174.981201171875, 0.148879
175.01123046875, -0.032879
175.041259765625, -0.074824
175.0712890625, -0.074824
175.101318359375, -0.032879
175.131103515625, -0.102787
175.1611328125, 0.044018
175.191162109375, 0.064991
175.22119140625, -0.018898
175.251220703125, 0.002074
175.28125, 0.064991
175.311279296875, -0.102787
175.34130859375, 0.051009
175.37109375, 0.071981
175.401123046875, -0.018898
175.43115234375, 0.037028
175.461181640625, 0.002074
175.4912109375, -0.004917
175.521240234375, -0.018898
175.55126953125, -0.081815
175.581298828125, -0.046861
175.611328125, -0.067833
175.64111328125, 0.002074
175.671142578125, -0.011907
175.701171875, -0.011907
175.731201171875, -0.060842
175.76123046875, 0.141889
175.791259765625, -0.032879
175.8212890625, 0.044018
175.851318359375, 0.085963
175.881103515625, -0.13774
175.9111328125, 0.092954
175.941162109375, -0.03987
175.97119140625, -0.151722
176.001220703125, 0.058
176.03125, 0.120916
176.061279296875, 0.064991
176.09130859375, -0.13075
176.12109375, 0.023046
176.151123046875, -0.011907
176.18115234375, 0.058
176.211181640625, 0.002074
176.2412109375, -0.004917
176.271240234375, -0.025889
176.30126953125, 0.030037
176.331298828125, 0.002074
176.361328125, 0.058
176.39111328125, 0.037028
176.421142578125, -0.032879
176.451171875, -0.025889
176.481201171875, 0.023046
176.51123046875, -0.060842
176.541259765625, -0.018898
176.5712890625, 0.009065
176.601318359375, 0.023046
176.631103515625, 0.009065
176.6611328125, -0.060842
176.691162109375, 0.009065
176.72119140625, 0.085963
176.751220703125, 0.037028
176.78125, 0.141889
176.811279296875, 0.009065
176.84130859375, 0.099944
176.871337890625, -0.109777
176.901123046875, -0.032879
176.93115234375, 0.002074
176.961181640625, -0.032879
176.9912109375, 0.009065
177.021240234375, -0.004917
177.05126953125, -0.123759
177.081298828125, 0.002074
177.111328125, -0.102787
177.14111328125, 0.030037
177.171142578125, -0.046861
177.201171875, -0.025889
177.231201171875, 0.016056
177.26123046875, 0.051009
177.291259765625, -0.046861
177.3212890625, 0.051009
177.351318359375, -0.011907
177.38134765625, 0.044018
177.4111328125, -0.151722
177.441162109375, 0.092954
177.47119140625, 0.002074
177.501220703125, 0.15587
177.53125, -0.13774
177.561279296875, 0.078972
177.59130859375, -0.025889
177.621337890625, 0.085963
177.651123046875, 0.051009
177.68115234375, 0.016056
177.711181640625, 0.023046
177.7412109375, 0.120916
177.771240234375, 0.058
177.80126953125, 0.044018
177.831298828125, -0.004917
177.861328125, 0.058
177.89111328125, -0.011907
177.921142578125, -0.011907
177.951171875, -0.03987
177.981201171875, 0.016056
178.01123046875, 0.037028
178.041259765625, -0.018898
178.0712890625, 0.071981
178.101318359375, 0.009065
178.13134765625, 0.085963
178.1611328125, -0.032879
178.191162109375, 0.051009
178.22119140625, -0.03987
178.251220703125, -0.011907
178.28125, 0.099944
178.311279296875, -0.03987
178.34130859375, 0.023046
178.371337890625, 0.051009
178.401123046875, 0.085963
178.43115234375, 0.037028
178.461181640625, 0.058
178.4912109375, 0.037028
178.521240234375, 0.037028
178.55126953125, -0.03987
178.581298828125, 0.002074
178.611328125, -0.046861
178.641357421875, 0.113926
178.671142578125, 0.078972
178.701171875, -0.060842
178.731201171875, 0.099944
178.76123046875, 0.051009
178.791259765625, -0.13075
178.8212890625, 0.169852
178.851318359375, -0.018898
178.88134765625, 0.009065
178.9111328125, 0.058
178.941162109375, 0.162861
178.97119140625, -0.151722
179.001220703125, -0.088805
179.03125, -0.088805
179.061279296875, -0.074824
179.09130859375, -0.018898
179.121337890625, -0.109777
179.1513671875, 0.051009
179.18115234375, -0.018898
179.211181640625, 0.099944
179.2412109375, -0.109777
179.271240234375, -0.123759
179.30126953125, 0.044018
179.331298828125, 0.078972
179.361328125, -0.011907
179.391357421875, 0.051009
179.421142578125, 0.051009
179.451171875, -0.13075
179.481201171875, 0.030037
179.51123046875, 0.106935
179.541259765625, -0.081815
179.5712890625, 0.092954
179.601318359375, 0.044018
179.63134765625, 0.037028
179.6611328125, 0.099944
179.691162109375, -0.074824
179.72119140625, -0.088805
179.751220703125, -0.074824
179.78125, 0.044018
179.811279296875, 0.071981
179.84130859375, 0.078972
179.871337890625, 0.058
179.9013671875, 0.030037
179.93115234375, -0.011907
179.961181640625, -0.053852
179.9912109375, 0.037028
180.021240234375, 0.023046
180.05126953125, 0.113926
180.081298828125, 0.009065
180.111328125, 0.030037
180.141357421875, -0.011907
180.171142578125, 0.127907
180.201171875, 0.044018
180.231201171875, -0.116768
180.26123046875, -0.074824
180.291259765625, -0.046861
180.3212890625, -0.011907
180.351318359375, 0.085963
180.38134765625, -0.060842
180.411376953125, -0.046861
180.441162109375, 0.085963
180.47119140625, 0.037028
180.501220703125, 0.064991
180.53125, 0.002074
180.561279296875, -0.018898
180.59130859375, 0.106935
180.621337890625, -0.074824
180.6513671875, 0.044018
180.68115234375, -0.032879
180.711181640625, 0.078972
180.7412109375, 0.232768
180.771240234375, -0.011907
180.80126953125, 0.016056
180.831298828125, 0.009065
180.861328125, -0.060842
180.891357421875, 0.064991
180.921142578125, -0.032879
180.951171875, -0.018898
180.981201171875, -0.053852
181.01123046875, -0.025889
181.041259765625, 0.064991
181.0712890625, 0.092954
181.101318359375, 0.099944
181.13134765625, -0.032879
181.161376953125, -0.046861
181.191162109375, 0.113926
181.22119140625, -0.067833
181.251220703125, -0.004917
181.28125, -0.011907
181.311279296875, 0.106935
181.34130859375, -0.025889
181.371337890625, -0.011907
181.4013671875, 0.085963
181.43115234375, 0.002074
181.461181640625, 0.134898
181.4912109375, -0.053852
181.521240234375, -0.03987
181.55126953125, 0.092954
181.581298828125, 0.016056
181.611328125, 0.078972
181.641357421875, -0.03987
181.67138671875, 0.134898
181.701171875, -0.011907
181.731201171875, 0.002074
181.76123046875, 0.030037
181.791259765625, 0.064991
181.8212890625, 0.002074
181.851318359375, 0.106935
181.88134765625, -0.032879
181.911376953125, 0.078972
181.941162109375, 0.009065
181.97119140625, 0.002074
182.001220703125, -0.053852
182.03125, 0.023046
182.061279296875, 0.058
182.09130859375, 0.085963
182.121337890625, -0.025889
182.1513671875, -0.151722
182.181396484375, -0.025889
182.211181640625, 0.113926
182.2412109375, -0.074824
182.271240234375, -0.060842
182.30126953125, 0.016056
182.331298828125, -0.03987
182.361328125, -0.109777
182.391357421875, -0.032879
182.42138671875, 0.064991
182.451171875, -0.011907
182.481201171875, 0.044018
182.51123046875, -0.074824
182.541259765625, 0.051009
182.5712890625, 0.099944
182.601318359375, -0.004917
182.63134765625, -0.011907
182.661376953125, 0.113926
182.691162109375, -0.067833
182.72119140625, 0.071981
182.751220703125, 0.023046
182.78125, 0.141889
182.811279296875, 0.099944
182.84130859375, -0.004917
182.871337890625, 0.002074
182.9013671875, 0.092954
182.931396484375, -0.046861
182.961181640625, 0.030037
182.9912109375, -0.018898
183.021240234375, -0.004917
183.05126953125, -0.088805
183.081298828125, 0.064991
183.111328125, -0.074824
183.141357421875, 0.058
183.17138671875, 0.085963
183.201171875, -0.102787
183.231201171875, -0.03987
183.26123046875, -0.074824
183.291259765625, 0.002074
183.3212890625, 0.15587
183.351318359375, -0.025889
183.38134765625, -0.053852
183.411376953125, -0.053852
183.44140625, 0.051009
183.47119140625, 0.064991
183.501220703125, 0.134898
183.53125, 0.085963
183.561279296875, 0.044018
183.59130859375, 0.085963
183.621337890625, -0.13774
183.6513671875, -0.018898
183.681396484375, -0.046861
183.711181640625, -0.032879
183.7412109375, 0.009065
183.771240234375, 0.030037
183.80126953125, 0.037028
183.831298828125, 0.064991
183.861328125, 0.058
183.891357421875, -0.018898
183.92138671875, -0.018898
183.951171875, -0.074824
183.981201171875, 0.023046
184.01123046875, 0.030037
184.041259765625, -0.13774
184.0712890625, -0.032879
184.101318359375, -0.004917
184.13134765625, 0.058
184.161376953125, 0.051009
184.19140625, -0.095796
184.22119140625, 0.030037
184.251220703125, -0.151722
184.28125, -0.095796
184.311279296875, -0.03987
184.34130859375, 0.030037
184.371337890625, 0.016056
184.4013671875, 0.009065
184.431396484375, 0.023046
184.461181640625, 0.030037
184.4912109375, -0.032879
184.521240234375, 0.071981
184.55126953125, -0.03987
184.581298828125, -0.060842
184.611328125, 0.120916
184.641357421875, -0.025889
184.67138671875, -0.095796
184.701416015625, 0.044018
184.731201171875, 0.183833
184.76123046875, 0.106935
184.791259765625, -0.025889
184.8212890625, -0.004917
184.851318359375, 0.037028
184.88134765625, -0.03987
184.911376953125, 0.078972
184.94140625, -0.060842
184.97119140625, 0.023046
185.001220703125, 0.037028
185.03125, -0.067833
185.061279296875, 0.009065
185.09130859375, -0.025889
185.121337890625, 0.002074
185.1513671875, 0.058
185.181396484375, 0.030037
185.21142578125, 0.051009
185.2412109375, -0.13075
185.271240234375, -0.03987
185.30126953125, -0.123759
185.331298828125, -0.018898
185.361328125, -0.081815
185.391357421875, -0.03987
185.42138671875, 0.037028
185.451416015625, 0.023046
185.481201171875, -0.046861
185.51123046875, 0.016056
185.541259765625, 0.030037
185.5712890625, 0.009065
185.601318359375, 0.002074
185.63134765625, 0.064991
185.661376953125, 0.044018
185.69140625, -0.067833
185.72119140625, -0.011907
185.751220703125, -0.151722
185.78125, 0.044018
185.811279296875, 0.169852
185.84130859375, 0.037028
185.871337890625, -0.102787
185.9013671875, -0.123759
185.931396484375, 0.058
185.96142578125, -0.011907
185.9912109375, 0.044018
186.021240234375, 0.099944
186.05126953125, 0.044018
186.081298828125, 0.016056
186.111328125, -0.067833
186.141357421875, 0.064991
186.17138671875, 0.092954
186.201416015625, 0.023046
186.231201171875, -0.102787
186.26123046875, 0.092954
186.291259765625, -0.060842
186.3212890625, 0.002074
186.351318359375, -0.067833
186.38134765625, 0.092954
186.411376953125, 0.016056
186.44140625, 0.176842
186.471435546875, -0.025889
186.501220703125, 0.099944
186.53125, 0.023046
186.561279296875, 0.009065
186.59130859375, -0.081815
186.621337890625, 0.037028
186.6513671875, -0.067833
186.681396484375, -0.088805
186.71142578125, 0.051009
186.7412109375, -0.102787
186.771240234375, -0.046861
186.80126953125, 0.058
186.831298828125, -0.004917
186.861328125, -0.123759
186.891357421875, -0.067833
186.92138671875, -0.011907
186.951416015625, 0.051009
186.9814453125, 0.044018
187.01123046875, -0.13075
187.041259765625, -0.025889
187.0712890625, -0.025889
187.101318359375, 0.009065
187.13134765625, 0.197814
187.161376953125, -0.109777
187.19140625, 0.099944
187.221435546875, 0.016056
187.251220703125, -0.095796
187.28125, 0.099944
187.311279296875, -0.102787
187.34130859375, 0.009065
187.371337890625, -0.018898
187.4013671875, 0.099944
187.431396484375, -0.088805
187.46142578125, -0.025889
187.4912109375, 0.016056
187.521240234375, 0.064991
187.55126953125, 0.009065
187.581298828125, -0.102787
187.611328125, -0.067833
187.641357421875, 0.058
187.67138671875, 0.058
187.701416015625, 0.044018
187.7314453125, 0.064991
187.76123046875, 0.023046
187.791259765625, 0.037028
187.8212890625, -0.032879
187.851318359375, -0.22862
187.88134765625, 0.071981
187.911376953125, -0.032879
187.94140625, -0.011907
187.971435546875, 0.037028
188.001220703125, -0.032879
188.03125, -0.053852
188.061279296875, 0.030037
188.09130859375, 0.190824
188.121337890625, -0.011907
188.1513671875, 0.113926
188.181396484375, 0.085963
188.21142578125, 0.099944
188.241455078125, 0.009065
188.271240234375, 0.002074
188.30126953125, 0.002074
188.331298828125, 0.037028
188.361328125, -0.060842
188.391357421875, -0.046861
188.42138671875, -0.004917
188.451416015625, 0.037028
188.4814453125, 0.030037
188.51123046875, 0.002074
188.541259765625, 0.009065
188.5712890625, 0.058
188.601318359375, 0.030037
188.63134765625, 0.044018
188.661376953125, 0.058
188.69140625, -0.088805
188.721435546875, -0.102787
188.751220703125, -0.081815
188.78125, -0.032879
188.811279296875, 0.044018
188.84130859375, -0.109777
188.871337890625, 0.009065
188.9013671875, 0.085963
188.931396484375, -0.088805
188.96142578125, 0.030037
188.991455078125, 0.085963
189.021240234375, 0.078972
189.05126953125, 0.099944
189.081298828125, -0.060842
189.111328125, 0.141889
189.141357421875, 0.030037
189.17138671875, -0.03987
189.201416015625, 0.078972
189.2314453125, 0.016056
189.26123046875, 0.002074
189.291259765625, -0.03987
189.3212890625, -0.088805
189.351318359375, -0.046861
189.38134765625, 0.078972
189.411376953125, 0.051009
189.44140625, -0.074824
189.471435546875, -0.011907
189.50146484375, 0.002074
189.53125, 0.009065
189.561279296875, 0.002074
189.59130859375, 0.127907
189.621337890625, 0.085963
189.6513671875, 0.071981
189.681396484375, 0.232768
189.71142578125, -0.053852
189.741455078125, 0.058
189.771240234375, -0.032879
189.80126953125, 0.058
189.831298828125, -0.074824
189.861328125, 0.071981
189.891357421875, 0.15587
189.92138671875, -0.067833
189.951416015625, 0.085963
189.9814453125, 0.016056
190.011474609375, -0.074824
190.041259765625, 0.023046
190.0712890625, 0.25374
190.101318359375, -0.03987
190.13134765625, -0.088805
190.161376953125, 0.023046
190.19140625, -0.053852
190.221435546875, -0.123759
190.25146484375, 0.085963
190.28125, -0.158712
190.311279296875, 0.030037
190.34130859375, 0.016056
190.371337890625, 0.016056
190.4013671875, -0.011907
190.431396484375, -0.011907
190.46142578125, -0.074824
190.491455078125, 0.016056
190.521240234375, -0.03987
190.55126953125, 0.058
190.581298828125, 0.064991
190.611328125, 0.071981
190.641357421875, 0.113926
190.67138671875, 0.064991
190.701416015625, 0.197814
190.7314453125, -0.032879
190.761474609375, -0.025889
190.791259765625, -0.004917
190.8212890625, 0.023046
190.851318359375, -0.116768
190.88134765625, 0.064991
190.911376953125, -0.011907
190.94140625, 0.023046
190.971435546875, -0.004917
191.00146484375, 0.204805
191.03125, -0.025889
191.061279296875, 0.002074
191.09130859375, -0.095796
191.121337890625, 0.044018
191.1513671875, 0.085963
191.181396484375, -0.025889
191.21142578125, -0.074824
191.241455078125, 0.002074
191.271484375, -0.081815
191.30126953125, 0.051009
191.331298828125, 0.120916
191.361328125, 0.009065
191.391357421875, 0.071981
191.42138671875, -0.011907
191.451416015625, -0.018898
191.4814453125, -0.025889
191.511474609375, 0.016056
191.541259765625, 0.009065
191.5712890625, 0.120916
191.601318359375, 0.141889
191.63134765625, 0.085963
191.661376953125, 0.002074
191.69140625, 0.120916
191.721435546875, 0.120916
191.75146484375, 0.064991
191.78125, -0.025889
191.811279296875, -0.067833
191.84130859375, 0.016056
191.871337890625, 0.016056
191.9013671875, 0.044018
191.931396484375, -0.032879
191.96142578125, 0.15587
191.991455078125, 0.058
192.021484375, -0.004917
192.05126953125, 0.051009
192.081298828125, 0.016056
192.111328125, 0.058
192.141357421875, 0.092954
192.17138671875, -0.095796
192.201416015625, 0.120916
192.2314453125, -0.03987
192.261474609375, -0.081815
192.291259765625, 0.044018
192.3212890625, -0.109777
192.351318359375, -0.081815
192.38134765625, 0.127907
192.411376953125, 0.058
192.44140625, -0.004917
192.471435546875, 0.071981
192.50146484375, -0.067833
192.531494140625, -0.03987
192.561279296875, 0.106935
192.59130859375, -0.004917
192.621337890625, 0.064991
192.6513671875, 0.092954
192.681396484375, 0.030037
192.71142578125, -0.046861
192.741455078125, 0.064991
192.771484375, 0.099944
192.80126953125, 0.016056
192.831298828125, -0.004917
192.861328125, -0.025889
192.891357421875, -0.004917
192.92138671875, 0.023046
192.951416015625, -0.004917
192.9814453125, 0.071981
193.011474609375, 0.002074
193.04150390625, -0.011907
193.0712890625, 0.058
193.101318359375, 0.030037
193.13134765625, 0.071981
193.161376953125, 0.085963
193.19140625, 0.030037
193.221435546875, 0.099944
193.25146484375, -0.046861
193.281494140625, 0.037028
193.311279296875, -0.03987
193.34130859375, -0.018898
193.371337890625, 0.037028
193.4013671875, 0.15587
193.431396484375, -0.018898
193.46142578125, 0.113926
193.491455078125, -0.018898
193.521484375, 0.037028
193.55126953125, -0.053852
193.581298828125, 0.030037
193.611328125, -0.053852
193.641357421875, 0.016056
193.67138671875, 0.002074
193.701416015625, 0.009065
193.7314453125, -0.053852
193.761474609375, 0.099944
193.79150390625, 0.023046
193.8212890625, 0.058
193.851318359375, -0.060842
193.88134765625, 0.044018
193.911376953125, 0.051009
193.94140625, 0.120916
193.971435546875, 0.037028
194.00146484375, -0.025889
194.031494140625, -0.03987
194.061279296875, 0.058
194.09130859375, 0.113926
194.121337890625, 0.071981
194.1513671875, -0.018898
194.181396484375, 0.030037
194.21142578125, 0.058
194.241455078125, -0.172694
194.271484375, -0.060842
194.301513671875, 0.044018
194.331298828125, 0.044018
194.361328125, 0.051009
194.391357421875, 0.016056
194.42138671875, 0.204805
194.451416015625, -0.004917
194.4814453125, -0.144731
194.511474609375, 0.099944
194.54150390625, 0.037028
194.5712890625, -0.088805
194.601318359375, 0.071981
194.63134765625, -0.004917
194.661376953125, -0.032879
194.69140625, 0.002074
194.721435546875, 0.148879
194.75146484375, 0.051009
194.781494140625, 0.023046
194.8115234375, -0.053852
194.84130859375, 0.071981
194.871337890625, 0.009065
194.9013671875, -0.025889
194.931396484375, -0.081815
194.96142578125, -0.081815
194.991455078125, -0.011907
195.021484375, 0.009065
195.051513671875, 0.106935
195.081298828125, -0.032879
195.111328125, 0.071981
195.141357421875, -0.067833
195.17138671875, -0.004917
195.201416015625, 0.064991
195.2314453125, 0.071981
195.261474609375, 0.064991
195.29150390625, 0.071981
195.3212890625, 0.113926
195.351318359375, 0.106935
195.38134765625, 0.071981
195.411376953125, -0.060842
195.44140625, 0.071981
195.471435546875, -0.018898
195.50146484375, -0.011907
195.531494140625, -0.025889
195.5615234375, 0.058
195.59130859375, 0.099944
195.621337890625, 0.085963
195.6513671875, 0.092954
195.681396484375, 0.037028
195.71142578125, -0.018898
195.741455078125, -0.102787
195.771484375, -0.088805
195.801513671875, 0.016056
195.831298828125, -0.011907
195.861328125, -0.004917
195.891357421875, 0.078972
195.92138671875, 0.037028
195.951416015625, -0.067833
195.9814453125, 0.058
196.011474609375, -0.158712
196.04150390625, -0.088805
196.071533203125, -0.032879
196.101318359375, 0.064991
196.13134765625, 0.120916
196.161376953125, -0.067833
196.19140625, -0.067833
196.221435546875, -0.081815
196.25146484375, 0.030037
196.281494140625, -0.018898
196.3115234375, -0.046861
196.34130859375, 0.148879
196.371337890625, 0.085963
196.4013671875, -0.214638
196.431396484375, -0.018898
196.46142578125, 0.071981
196.491455078125, 0.141889
196.521484375, -0.067833
196.551513671875, 0.064991
196.581298828125, 0.15587
196.611328125, 0.071981
196.641357421875, -0.067833
196.67138671875, -0.011907
196.701416015625, 0.037028
196.7314453125, -0.025889
196.761474609375, 0.051009
196.79150390625, 0.002074
196.821533203125, 0.002074
196.851318359375, 0.085963
196.88134765625, -0.011907
196.911376953125, -0.074824
196.94140625, 0.15587
196.971435546875, 0.030037
197.00146484375, -0.004917
197.031494140625, -0.032879
197.0615234375, -0.018898
197.09130859375, -0.025889
197.121337890625, -0.004917
197.1513671875, -0.151722
197.181396484375, -0.011907
197.21142578125, -0.03987
197.241455078125, -0.060842
197.271484375, -0.095796
197.301513671875, -0.095796
197.33154296875, 0.030037
197.361328125, 0.044018
197.391357421875, -0.088805
197.42138671875, -0.011907
197.451416015625, -0.074824
197.4814453125, -0.004917
197.511474609375, -0.053852
197.54150390625, 0.085963
197.571533203125, -0.004917
197.601318359375, 0.023046
197.63134765625, -0.025889
197.661376953125, -0.046861
197.69140625, -0.025889
197.721435546875, 0.023046
197.75146484375, 0.113926
197.781494140625, 0.162861
197.8115234375, 0.085963
197.841552734375, 0.085963
197.871337890625, -0.074824
197.9013671875, -0.03987
197.931396484375, -0.13075
197.96142578125, 0.064991
197.991455078125, 0.030037
198.021484375, -0.03987
198.051513671875, -0.004917
198.08154296875, 0.071981
198.111328125, 0.071981
198.141357421875, -0.102787
198.17138671875, -0.025889
198.201416015625, 0.009065
198.2314453125, -0.032879
198.261474609375, -0.095796
198.29150390625, 0.064991
198.321533203125, 0.148879
198.351318359375, 0.092954
198.38134765625, -0.004917
198.411376953125, -0.032879
198.44140625, -0.032879
198.471435546875, 0.092954
198.50146484375, 0.030037
198.531494140625, 0.078972
198.5615234375, -0.03987
198.591552734375, -0.025889
198.621337890625, -0.011907
198.6513671875, 0.085963
198.681396484375, 0.085963
198.71142578125, 0.002074
198.741455078125, 0.016056
198.771484375, -0.053852
198.801513671875, -0.011907
198.83154296875, 0.058
198.861328125, 0.051009
198.891357421875, 0.009065
198.92138671875, -0.067833
198.951416015625, 0.037028
198.9814453125, 0.085963
199.011474609375, 0.037028
199.04150390625, 0.044018
199.071533203125, -0.018898
199.1015625, 0.078972
199.13134765625, 0.030037
199.161376953125, -0.004917
199.19140625, 0.009065
199.221435546875, -0.025889
199.25146484375, -0.004917
199.281494140625, -0.088805
199.3115234375, 0.078972
199.341552734375, 0.023046
199.371337890625, -0.053852
199.4013671875, 0.106935
199.431396484375, 0.078972
199.46142578125, 0.064991
199.491455078125, 0.023046
199.521484375, -0.095796
199.551513671875, -0.032879
199.58154296875, -0.060842
199.611328125, 0.064991
199.641357421875, 0.092954
199.67138671875, 0.058
199.701416015625, 0.016056
199.7314453125, 0.113926
199.761474609375, 0.002074
199.79150390625, 0.099944
199.821533203125, -0.179685
199.8515625, -0.004917
199.88134765625, 0.051009
199.911376953125, 0.134898
199.94140625, 0.023046
199.971435546875, 0.037028
200.00146484375, 0.030037
200.031494140625, -0.053852
200.0615234375, 0.016056
200.091552734375, 0.113926
200.121337890625, 0.071981
200.1513671875, -0.03987
200.181396484375, 0.023046
200.21142578125, -0.060842
200.241455078125, -0.067833
200.271484375, -0.095796
200.301513671875, -0.067833
200.33154296875, 0.15587
200.361572265625, 0.044018
200.391357421875, -0.011907
200.42138671875, 0.030037
200.451416015625, -0.03987
200.4814453125, -0.151722
200.511474609375, -0.046861
200.54150390625, 0.009065
200.571533203125, 0.002074
200.6015625, 0.051009
200.63134765625, -0.081815
200.661376953125, 0.078972
200.69140625, -0.046861
200.721435546875, 0.023046
200.75146484375, 0.023046
200.781494140625, 0.071981
200.8115234375, 0.127907
200.841552734375, 0.092954
200.87158203125, 0.092954
200.9013671875, -0.032879
200.931396484375, 0.016056
200.96142578125, 0.002074
200.991455078125, -0.011907
201.021484375, -0.004917
201.051513671875, -0.03987
201.08154296875, 0.113926
201.111572265625, 0.099944
201.141357421875, 0.092954
201.17138671875, -0.011907
201.201416015625, -0.109777
201.2314453125, -0.053852
201.261474609375, 0.051009
201.29150390625, 0.085963
201.321533203125, -0.018898
201.3515625, 0.009065
201.38134765625, 0.030037
201.411376953125, 0.016056
201.44140625, 0.071981
201.471435546875, -0.032879
201.50146484375, 0.120916
201.531494140625, 0.009065
201.5615234375, -0.074824
201.591552734375, 0.113926
201.62158203125, -0.088805
201.6513671875, -0.025889
201.681396484375, -0.03987
201.71142578125, -0.067833
201.741455078125, 0.002074
201.771484375, -0.025889
201.801513671875, -0.081815
201.83154296875, -0.004917
201.861572265625, 0.058
201.891357421875, -0.004917
201.92138671875, -0.060842
201.951416015625, 0.009065
201.9814453125, 0.099944
202.011474609375, -0.214638
202.04150390625, -0.025889
202.071533203125, 0.016056
202.1015625, -0.095796
202.131591796875, -0.046861
202.161376953125, -0.053852
202.19140625, -0.004917
202.221435546875, -0.004917
202.25146484375, -0.018898
202.281494140625, -0.074824
202.3115234375, 0.141889
202.341552734375, -0.046861
202.37158203125, -0.095796
202.4013671875, -0.067833
202.431396484375, -0.116768
202.46142578125, -0.060842
202.491455078125, -0.172694
202.521484375, 0.016056
202.551513671875, -0.004917
202.58154296875, 0.071981
202.611572265625, 0.064991
202.6416015625, 0.002074
202.67138671875, -0.025889
202.701416015625, -0.03987
202.7314453125, 0.106935
202.761474609375, -0.13774
202.79150390625, 0.002074
202.821533203125, 0.162861
202.8515625, 0.009065
202.881591796875, 0.037028
202.911376953125, -0.060842
202.94140625, 0.023046
202.971435546875, 0.002074
203.00146484375, -0.116768
203.031494140625, -0.011907
203.0615234375, 0.051009
203.091552734375, 0.002074
203.12158203125, 0.120916
203.1513671875, 0.064991
203.181396484375, 0.078972
203.21142578125, -0.032879
203.241455078125, 0.030037
203.271484375, 0.030037
203.301513671875, 0.030037
203.33154296875, 0.106935
203.361572265625, 0.058
203.3916015625, 0.002074
203.42138671875, 0.064991
203.451416015625, -0.102787
203.4814453125, -0.018898
203.511474609375, 0.002074
203.54150390625, -0.011907
203.571533203125, 0.162861
203.6015625, -0.109777
203.631591796875, -0.053852
203.661376953125, -0.200657
203.69140625, -0.067833
203.721435546875, -0.046861
203.75146484375, 0.002074
203.781494140625, -0.067833
203.8115234375, -0.081815
203.841552734375, 0.058
203.87158203125, -0.053852
203.901611328125, -0.095796
203.931396484375, 0.002074
203.96142578125, 0.071981
203.991455078125, 0.016056
204.021484375, -0.046861
204.051513671875, 0.037028
204.08154296875, -0.081815
204.111572265625, 0.002074
204.1416015625, -0.046861
204.17138671875, 0.002074
204.201416015625, 0.037028
204.2314453125, -0.03987
204.261474609375, -0.03987
204.29150390625, -0.067833
204.321533203125, 0.113926
204.3515625, 0.030037
204.381591796875, 0.085963
204.411376953125, 0.127907
204.44140625, 0.030037
204.471435546875, 0.071981
204.50146484375, -0.067833
204.531494140625, 0.071981
204.5615234375, 0.120916
204.591552734375, 0.016056
204.62158203125, 0.078972
204.651611328125, 0.058
204.681396484375, 0.016056
204.71142578125, 0.071981
204.741455078125, -0.053852
204.771484375, -0.116768
204.801513671875, -0.081815
204.83154296875, -0.095796
204.861572265625, 0.037028
204.8916015625, 0.051009
204.92138671875, 0.058
204.951416015625, -0.018898
204.9814453125, -0.011907
205.011474609375, 0.211796
205.04150390625, 0.106935
205.071533203125, -0.025889
205.1015625, -0.032879
205.131591796875, -0.081815
205.16162109375, 0.058
205.19140625, -0.060842
205.221435546875, -0.116768
205.25146484375, -0.011907
205.281494140625, -0.032879
205.3115234375, -0.03987
205.341552734375, -0.046861
205.37158203125, 0.085963
205.401611328125, 0.009065
205.431396484375, -0.046861
205.46142578125, 0.009065
205.491455078125, 0.085963
205.521484375, 0.037028
205.551513671875, -0.067833
205.58154296875, -0.095796
205.611572265625, 0.030037
205.6416015625, 0.113926
205.671630859375, -0.046861
205.701416015625, -0.011907
205.7314453125, -0.025889
205.761474609375, 0.113926
205.79150390625, 0.058
205.821533203125, -0.032879
205.8515625, 0.030037
205.881591796875, 0.023046
205.91162109375, 0.044018
205.94140625, 0.058
205.971435546875, 0.058
206.00146484375, 0.064991
206.031494140625, -0.116768
206.0615234375, 0.064991
206.091552734375, 0.058
206.12158203125, -0.067833
206.151611328125, 0.071981
206.181396484375, -0.025889
206.21142578125, 0.064991
206.241455078125, 0.016056
206.271484375, 0.078972
206.301513671875, 0.023046
206.33154296875, -0.032879
206.361572265625, 0.064991
206.3916015625, 0.023046
206.421630859375, -0.032879
206.451416015625, -0.025889
206.4814453125, -0.067833
206.511474609375, 0.113926
206.54150390625, -0.046861
206.571533203125, 0.15587
206.6015625, 0.030037
206.631591796875, 0.002074
206.66162109375, 0.030037
206.69140625, 0.190824
206.721435546875, 0.134898
206.75146484375, 0.016056
206.781494140625, -0.053852
206.8115234375, -0.03987
206.841552734375, -0.018898
206.87158203125, -0.074824
206.901611328125, 0.016056
206.931640625, -0.025889
206.96142578125, 0.085963
206.991455078125, -0.053852
207.021484375, 0.037028
207.051513671875, -0.046861
207.08154296875, 0.016056
207.111572265625, -0.025889
207.1416015625, 0.044018
207.171630859375, 0.183833
207.201416015625, -0.144731
207.2314453125, 0.044018
207.261474609375, 0.078972
207.29150390625, -0.011907
207.321533203125, -0.004917
207.3515625, -0.011907
207.381591796875, 0.023046
207.41162109375, 0.016056
207.441650390625, -0.116768
207.471435546875, -0.004917
207.50146484375, -0.074824
207.531494140625, 0.064991
207.5615234375, 0.106935
207.591552734375, 0.002074
207.62158203125, -0.046861
207.651611328125, 0.016056
207.681640625, 0.023046
207.71142578125, 0.009065
207.741455078125, 0.071981
207.771484375, 0.071981
207.801513671875, -0.03987
207.83154296875, 0.099944
207.861572265625, 0.016056
207.8916015625, 0.002074
207.921630859375, 0.106935
207.951416015625, -0.123759
207.9814453125, 0.064991
208.011474609375, 0.099944
208.04150390625, -0.046861
208.071533203125, 0.044018
208.1015625, -0.046861
208.131591796875, -0.046861
208.16162109375, -0.067833
208.191650390625, -0.032879
208.221435546875, 0.113926
208.25146484375, 0.016056
208.281494140625, -0.011907
208.3115234375, -0.088805
208.341552734375, 0.009065
208.37158203125, 0.099944
208.401611328125, 0.002074
208.431640625, 0.023046
208.46142578125, -0.053852
208.491455078125, 0.002074
208.521484375, -0.158712
208.551513671875, 0.058
208.58154296875, -0.03987
208.611572265625, 0.016056
208.6416015625, 0.064991
208.671630859375, -0.03987
208.70166015625, -0.109777
208.7314453125, 0.009065
208.761474609375, 0.009065
208.79150390625, 0.071981
208.821533203125, 0.016056
208.8515625, -0.074824
208.881591796875, -0.011907
208.91162109375, -0.095796
208.941650390625, 0.064991
208.971435546875, 0.002074
209.00146484375, -0.011907
209.031494140625, 0.113926
209.0615234375, -0.004917
209.091552734375, 0.023046
209.12158203125, 0.064991
209.151611328125, 0.030037
209.181640625, 0.002074
209.21142578125, 0.009065
209.241455078125, 0.051009
209.271484375, 0.071981
209.301513671875, -0.018898
209.33154296875, 0.030037
209.361572265625, -0.004917
209.3916015625, 0.113926
209.421630859375, 0.030037
209.45166015625, -0.081815
209.4814453125, -0.018898
209.511474609375, -0.095796
209.54150390625, 0.009065
209.571533203125, -0.060842
209.6015625, 0.106935
209.631591796875, -0.004917
209.66162109375, 0.099944
209.691650390625, -0.03987
209.721435546875, -0.081815
209.75146484375, 0.064991
209.781494140625, 0.037028
209.8115234375, 0.037028
209.841552734375, 0.176842
209.87158203125, 0.064991
209.901611328125, 0.016056
209.931640625, -0.088805
209.961669921875, -0.158712
209.991455078125, -0.03987
210.021484375, 0.009065
210.051513671875, 0.023046
210.08154296875, 0.071981
210.111572265625, -0.032879
210.1416015625, -0.060842
210.171630859375, 0.002074
210.20166015625, 0.092954
210.2314453125, -0.004917
210.261474609375, 0.016056
210.29150390625, 0.009065
210.321533203125, -0.004917
210.3515625, 0.148879
210.381591796875, 0.030037
210.41162109375, 0.064991
210.441650390625, 0.023046
210.4716796875, 0.023046
210.50146484375, -0.207648
210.531494140625, -0.025889
210.5615234375, 0.002074
210.591552734375, 0.064991
210.62158203125, 0.002074
210.651611328125, -0.095796
210.681640625, -0.025889
210.711669921875, 0.064991
210.741455078125, -0.025889
210.771484375, 0.002074
210.801513671875, 0.023046
210.83154296875, -0.011907
210.861572265625, 0.030037
210.8916015625, -0.004917
210.921630859375, -0.032879
210.95166015625, -0.074824
210.9814453125, 0.037028
211.011474609375, -0.004917
211.04150390625, 0.016056
211.071533203125, 0.002074
211.1015625, 0.085963
211.131591796875, 0.085963
211.16162109375, 0.044018
211.191650390625, -0.004917
211.2216796875, 0.002074
211.25146484375, 0.071981
211.281494140625, -0.011907
211.3115234375, 0.051009
211.341552734375, 0.030037
211.37158203125, 0.030037
211.401611328125, 0.051009
211.431640625, 0.085963
211.461669921875, 0.002074
211.491455078125, -0.060842
211.521484375, -0.123759
211.551513671875, 0.106935
211.58154296875, -0.060842
211.611572265625, -0.018898
211.6416015625, 0.078972
211.671630859375, -0.151722
211.70166015625, -0.011907
211.731689453125, -0.088805
211.761474609375, -0.158712
211.79150390625, 0.106935
211.821533203125, 0.099944
211.8515625, -0.004917
211.881591796875, -0.060842
211.91162109375, -0.102787
211.941650390625, 0.058
211.9716796875, -0.011907
212.00146484375, 0.085963
212.031494140625, -0.088805
212.0615234375, 0.099944
212.091552734375, 0.078972
212.12158203125, -0.011907
212.151611328125, -0.144731
212.181640625, 0.071981
212.211669921875, -0.060842
212.241455078125, -0.116768
212.271484375, 0.016056
212.301513671875, 0.190824
212.33154296875, 0.127907
212.361572265625, 0.085963
212.3916015625, -0.032879
212.421630859375, -0.067833
212.45166015625, 0.064991
212.481689453125, -0.004917
212.511474609375, 0.051009
212.54150390625, 0.106935
212.571533203125, -0.03987
212.6015625, -0.060842
212.631591796875, -0.116768
212.66162109375, -0.053852
212.691650390625, 0.078972
212.7216796875, 0.002074
212.75146484375, 0.044018
212.781494140625, 0.099944
212.8115234375, 0.127907
212.841552734375, 0.037028
212.87158203125, -0.004917
212.901611328125, 0.141889
212.931640625, 0.120916
212.961669921875, -0.046861
212.99169921875, 0.058
213.021484375, 0.030037
213.051513671875, -0.025889
213.08154296875, 0.058
213.111572265625, -0.018898
213.1416015625, 0.002074
213.171630859375, 0.037028
213.20166015625, 0.044018
213.231689453125, 0.030037
213.261474609375, -0.018898
213.29150390625, 0.113926
213.321533203125, -0.025889
213.3515625, -0.004917
213.381591796875, -0.060842
213.41162109375, -0.060842
213.441650390625, 0.078972
213.4716796875, -0.074824
213.501708984375, 0.078972
213.531494140625, -0.088805
213.5615234375, -0.074824
213.591552734375, 0.092954
213.62158203125, -0.081815
213.651611328125, -0.053852
213.681640625, 0.030037
213.711669921875, 0.002074
213.74169921875, 0.044018
213.771484375, -0.067833
213.801513671875, 0.051009
213.83154296875, -0.018898
213.861572265625, -0.018898
213.8916015625, -0.074824
213.921630859375, 0.071981
213.95166015625, -0.032879
213.981689453125, 0.023046
214.011474609375, -0.151722
214.04150390625, -0.004917
214.071533203125, 0.099944
214.1015625, -0.032879
214.131591796875, -0.081815
214.16162109375, -0.011907
214.191650390625, 0.023046
214.2216796875, -0.116768
214.251708984375, 0.071981
214.281494140625, 0.016056
214.3115234375, 0.002074
214.341552734375, -0.095796
214.37158203125, -0.060842
214.401611328125, 0.051009
214.431640625, 0.106935
214.461669921875, 0.002074
214.49169921875, -0.109777
214.521484375, -0.025889
214.551513671875, 0.085963
214.58154296875, 0.016056
214.611572265625, -0.046861
214.6416015625, 0.071981
214.671630859375, -0.025889
214.70166015625, 0.009065
214.731689453125, 0.197814
214.76171875, 0.141889
214.79150390625, -0.011907
214.821533203125, 0.071981
214.8515625, -0.03987
214.881591796875, -0.025889
214.91162109375, 0.037028
214.941650390625, -0.025889
214.9716796875, 0.002074
215.001708984375, 0.009065
215.031494140625, 0.099944
215.0615234375, 0.106935
215.091552734375, -0.011907
215.12158203125, 0.085963
215.151611328125, 0.002074
215.181640625, -0.018898
215.211669921875, 0.030037
215.24169921875, 0.051009
215.271728515625, -0.053852
215.301513671875, -0.060842
215.33154296875, -0.13774
215.361572265625, 0.016056
215.3916015625, 0.023046
215.421630859375, -0.03987
215.45166015625, -0.025889
215.481689453125, 0.030037
215.51171875, -0.018898
215.54150390625, -0.088805
215.571533203125, -0.116768
215.6015625, 0.044018
215.631591796875, -0.004917
215.66162109375, 0.078972
215.691650390625, 0.023046
215.7216796875, 0.085963
215.751708984375, -0.095796
215.781494140625, 0.002074
215.8115234375, -0.074824
215.841552734375, 0.051009
215.87158203125, 0.092954
215.901611328125, -0.018898
215.931640625, -0.011907
215.961669921875, 0.051009
215.99169921875, -0.060842
216.021728515625, 0.002074
216.051513671875, 0.023046
216.08154296875, -0.053852
216.111572265625, -0.032879
216.1416015625, 0.127907
216.171630859375, -0.074824
216.20166015625, -0.046861
216.231689453125, -0.018898
216.26171875, 0.023046
216.29150390625, -0.151722
216.321533203125, 0.051009
216.3515625, 0.002074
216.381591796875, -0.046861
216.41162109375, 0.15587
216.441650390625, -0.011907
216.4716796875, 0.009065
216.501708984375, 0.085963
216.53173828125, -0.011907
216.5615234375, 0.127907
216.591552734375, -0.179685
216.62158203125, 0.064991
216.651611328125, -0.025889
216.681640625, -0.081815
216.711669921875, 0.009065
216.74169921875, -0.123759
216.771728515625, -0.053852
216.801513671875, -0.011907
216.83154296875, -0.046861
216.861572265625, -0.004917
216.8916015625, 0.051009
216.921630859375, -0.011907
216.95166015625, 0.023046
216.981689453125, -0.165703
217.01171875, -0.095796
217.04150390625, 0.120916
217.071533203125, 0.058
217.1015625, 0.051009
217.131591796875, 0.113926
217.16162109375, -0.018898
217.191650390625, -0.116768
217.2216796875, 0.009065
217.251708984375, -0.088805
217.28173828125, 0.016056
217.3115234375, 0.078972
217.341552734375, 0.071981
217.37158203125, -0.102787
217.401611328125, -0.025889
217.431640625, 0.016056
217.461669921875, 0.113926
217.49169921875, -0.13075
217.521728515625, -0.13774
217.551513671875, 0.016056
217.58154296875, 0.058
217.611572265625, 0.113926
217.6416015625, -0.032879
217.671630859375, 0.106935
217.70166015625, -0.088805
217.731689453125, 0.071981
217.76171875, 0.037028
217.791748046875, -0.046861
217.821533203125, 0.120916
217.8515625, -0.011907
217.881591796875, -0.116768
217.91162109375, 0.148879
217.941650390625, -0.032879
217.9716796875, 0.099944
218.001708984375, 0.190824
218.03173828125, 0.099944
218.0615234375, -0.004917
218.091552734375, 0.002074
218.12158203125, 0.016056
218.151611328125, -0.025889
218.181640625, 0.064991
218.211669921875, -0.03987
218.24169921875, -0.025889
218.271728515625, -0.03987
218.3017578125, 0.064991
218.33154296875, -0.067833
218.361572265625, 0.044018
218.3916015625, 0.044018
218.421630859375, 0.009065
218.45166015625, 0.071981
218.481689453125, 0.092954
218.51171875, -0.074824
218.541748046875, 0.106935
218.571533203125, -0.011907
218.6015625, 0.030037
218.631591796875, 0.002074
218.66162109375, 0.141889
218.691650390625, 0.051009
218.7216796875, -0.032879
218.751708984375, 0.002074
218.78173828125, 0.092954
218.8115234375, -0.032879
218.841552734375, 0.078972
218.87158203125, -0.123759
218.901611328125, 0.127907
218.931640625, 0.009065
218.961669921875, -0.004917
218.99169921875, 0.037028
219.021728515625, -0.074824
219.0517578125, 0.078972
219.08154296875, -0.109777
219.111572265625, -0.004917
219.1416015625, -0.088805
219.171630859375, -0.03987
219.20166015625, 0.058
219.231689453125, 0.030037
219.26171875, 0.071981
219.291748046875, 0.023046
219.321533203125, 0.044018
219.3515625, -0.151722
219.381591796875, -0.088805
219.41162109375, 0.044018
219.441650390625, -0.025889
219.4716796875, 0.058
219.501708984375, 0.023046
219.53173828125, 0.127907
219.561767578125, -0.018898
219.591552734375, -0.03987
219.62158203125, 0.071981
219.651611328125, 0.064991
219.681640625, -0.046861
219.711669921875, 0.127907
219.74169921875, 0.092954
219.771728515625, 0.051009
219.8017578125, 0.051009
219.83154296875, -0.046861
219.861572265625, -0.053852
219.8916015625, -0.067833
219.921630859375, -0.046861
219.95166015625, 0.002074
219.981689453125, -0.088805
220.01171875, -0.046861
220.041748046875, -0.018898
220.071533203125, -0.032879
220.1015625, 0.023046
220.131591796875, 0.044018
220.16162109375, 0.030037
220.191650390625, -0.046861
220.2216796875, 0.071981
220.251708984375, 0.030037
220.28173828125, 0.030037
220.311767578125, -0.004917
220.341552734375, -0.095796
220.37158203125, -0.053852
220.401611328125, 0.002074
220.431640625, 0.197814
220.461669921875, 0.058
220.49169921875, -0.116768
220.521728515625, 0.085963
220.5517578125, 0.023046
220.58154296875, -0.046861
220.611572265625, 0.037028
220.6416015625, -0.03987
220.671630859375, 0.085963
220.70166015625, 0.169852
220.731689453125, 0.058
220.76171875, 0.044018
220.791748046875, 0.099944
220.82177734375, 0.023046
220.8515625, 0.058
220.881591796875, 0.030037
220.91162109375, 0.058
220.941650390625, 0.051009
220.9716796875, -0.018898
221.001708984375, 0.016056
221.03173828125, -0.011907
221.061767578125, 0.058
221.091552734375, -0.053852
221.12158203125, -0.011907
221.151611328125, -0.116768
221.181640625, 0.016056
221.211669921875, 0.071981
221.24169921875, -0.03987
221.271728515625, 0.044018
221.3017578125, 0.078972
221.331787109375, 0.030037
221.361572265625, 0.058
221.3916015625, -0.060842
221.421630859375, -0.116768
221.45166015625, -0.109777
221.481689453125, -0.025889
221.51171875, -0.011907
221.541748046875, -0.011907
221.57177734375, 0.120916
221.6015625, -0.004917
221.631591796875, -0.004917
221.66162109375, 0.092954
221.691650390625, 0.009065
221.7216796875, 0.030037
221.751708984375, -0.053852
221.78173828125, 0.064991
221.811767578125, -0.088805
221.841552734375, 0.023046
221.87158203125, -0.032879
221.901611328125, 0.197814
221.931640625, -0.074824
221.961669921875, -0.011907
221.99169921875, -0.025889
222.021728515625, -0.067833
222.0517578125, 0.204805
222.081787109375, 0.037028
222.111572265625, 0.037028
222.1416015625, 0.064991
222.171630859375, 0.092954
222.20166015625, 0.239759
222.231689453125, 0.030037
222.26171875, 0.023046
222.291748046875, 0.002074
222.32177734375, 0.051009
222.3515625, 0.099944
222.381591796875, 0.092954
222.41162109375, -0.046861
222.441650390625, 0.051009
222.4716796875, -0.067833
222.501708984375, 0.058
222.53173828125, 0.071981
222.561767578125, 0.023046
222.591796875, 0.120916
222.62158203125, 0.058
222.651611328125, 0.078972
222.681640625, 0.085963
222.711669921875, -0.067833
222.74169921875, 0.009065
222.771728515625, 0.058
222.8017578125, 0.085963
222.831787109375, 0.044018
222.861572265625, 0.030037
222.8916015625, 0.023046
222.921630859375, 0.030037
222.95166015625, 0.162861
222.981689453125, -0.03987
223.01171875, -0.053852
223.041748046875, -0.018898
223.07177734375, -0.004917
223.101806640625, -0.053852
223.131591796875, 0.016056
223.16162109375, -0.03987
223.191650390625, 0.058
223.2216796875, 0.002074
223.251708984375, 0.002074
223.28173828125, 0.078972
223.311767578125, 0.071981
223.341796875, 0.037028
223.37158203125, 0.044018
223.401611328125, -0.109777
223.431640625, 0.009065
223.461669921875, 0.016056
223.49169921875, 0.134898
223.521728515625, 0.085963
223.5517578125, 0.030037
223.581787109375, -0.004917
223.611572265625, -0.074824
223.6416015625, 0.162861
223.671630859375, 0.002074
223.70166015625, 0.023046
223.731689453125, -0.011907
223.76171875, 0.016056
223.791748046875, 0.071981
223.82177734375, 0.092954
223.851806640625, -0.004917
223.881591796875, 0.127907
223.91162109375, -0.03987
223.941650390625, 0.085963
223.9716796875, 0.044018
224.001708984375, -0.025889
224.03173828125, -0.067833
224.061767578125, 0.064991
224.091796875, 0.030037
224.12158203125, 0.009065
224.151611328125, 0.002074
224.181640625, -0.067833
224.211669921875, -0.116768
224.24169921875, 0.030037
224.271728515625, 0.106935
224.3017578125, -0.095796
224.331787109375, 0.002074
224.36181640625, -0.067833
224.3916015625, 0.058
224.421630859375, -0.004917
224.45166015625, 0.064991
224.481689453125, -0.067833
224.51171875, 0.037028
224.541748046875, 0.023046
224.57177734375, -0.13075
224.601806640625, -0.158712
224.631591796875, 0.134898
224.66162109375, 0.099944
224.691650390625, -0.13075
224.7216796875, 0.037028
224.751708984375, 0.023046
224.78173828125, -0.046861
224.811767578125, -0.095796
224.841796875, 0.064991
224.87158203125, -0.004917
224.901611328125, 0.023046
224.931640625, 0.176842
224.961669921875, 0.064991
224.99169921875, 0.002074
225.021728515625, 0.092954
225.0517578125, 0.169852
225.081787109375, 0.044018
225.11181640625, 0.058
225.1416015625, -0.025889
225.171630859375, 0.058
225.20166015625, 0.113926
225.231689453125, -0.123759
225.26171875, -0.03987
225.291748046875, -0.011907
225.32177734375, 0.009065
225.351806640625, 0.002074
225.381591796875, -0.032879
225.41162109375, 0.120916
225.441650390625, -0.025889
225.4716796875, 0.15587
225.501708984375, 0.030037
225.53173828125, -0.025889
225.561767578125, -0.060842
225.591796875, 0.037028
225.621826171875, -0.011907
225.651611328125, -0.032879
225.681640625, 0.016056
225.711669921875, 0.016056
225.74169921875, -0.032879
225.771728515625, -0.053852
225.8017578125, -0.158712
225.831787109375, 0.051009
225.86181640625, 0.064991
225.8916015625, -0.144731
225.921630859375, -0.088805
225.95166015625, 0.099944
225.981689453125, -0.025889
226.01171875, 0.016056
226.041748046875, 0.009065
226.07177734375, 0.051009
226.101806640625, -0.046861
226.1318359375, -0.067833
226.16162109375, 0.141889
226.191650390625, 0.092954
226.2216796875, 0.134898
226.251708984375, -0.011907
226.28173828125, 0.009065
226.311767578125, -0.025889
226.341796875, -0.123759
226.371826171875, -0.123759
226.401611328125, 0.044018
226.431640625, -0.032879
226.461669921875, -0.025889
226.49169921875, -0.011907
226.521728515625, 0.023046
226.5517578125, 0.058
226.581787109375, 0.002074
226.61181640625, 0.030037
226.6416015625, 0.064991
226.671630859375, -0.081815
226.70166015625, -0.060842
226.731689453125, 0.002074
226.76171875, -0.025889
226.791748046875, 0.15587
226.82177734375, -0.046861
226.851806640625, 0.030037
226.8818359375, -0.102787
226.91162109375, -0.060842
226.941650390625, 0.009065
226.9716796875, -0.074824
227.001708984375, 0.037028
227.03173828125, -0.109777
227.061767578125, -0.102787
227.091796875, 0.085963
227.121826171875, 0.141889
227.151611328125, 0.176842
227.181640625, 0.037028
227.211669921875, -0.03987
227.24169921875, 0.211796
227.271728515625, 0.051009
227.3017578125, -0.032879
227.331787109375, -0.13075
227.36181640625, 0.134898
227.391845703125, -0.067833
227.421630859375, -0.011907
227.45166015625, 0.092954
227.481689453125, -0.018898
227.51171875, 0.071981
227.541748046875, -0.074824
227.57177734375, 0.037028
227.601806640625, -0.004917
227.6318359375, -0.025889
227.66162109375, 0.134898
227.691650390625, 0.009065
227.7216796875, 0.044018
227.751708984375, 0.078972
227.78173828125, 0.071981
227.811767578125, 0.009065
227.841796875, -0.13075
227.871826171875, -0.074824
227.901611328125, 0.023046
227.931640625, 0.064991
227.961669921875, 0.085963
227.99169921875, 0.106935
228.021728515625, -0.011907
228.0517578125, -0.067833
228.081787109375, -0.004917
228.11181640625, 0.037028
228.141845703125, 0.058
228.171630859375, 0.016056
228.20166015625, 0.085963
228.231689453125, 0.064991
228.26171875, -0.03987
228.291748046875, 0.113926
228.32177734375, 0.064991
228.351806640625, -0.053852
228.3818359375, -0.067833
228.41162109375, 0.078972
228.441650390625, 0.002074
228.4716796875, 0.085963
228.501708984375, 0.162861
228.53173828125, -0.081815
228.561767578125, 0.016056
228.591796875, 0.037028
228.621826171875, -0.011907
228.65185546875, 0.009065
228.681640625, -0.018898
228.711669921875, -0.046861
228.74169921875, -0.088805
228.771728515625, -0.053852
228.8017578125, -0.046861
228.831787109375, -0.032879
228.86181640625, 0.037028
228.891845703125, -0.03987
228.921630859375, 0.064991
228.95166015625, -0.067833
228.981689453125, 0.002074
229.01171875, -0.067833
229.041748046875, -0.018898
229.07177734375, -0.018898
229.101806640625, -0.004917
229.1318359375, 0.064991
229.161865234375, -0.095796
229.191650390625, 0.064991
229.2216796875, 0.016056
229.251708984375, -0.13075
229.28173828125, 0.016056
229.311767578125, 0.085963
229.341796875, 0.037028
229.371826171875, 0.141889
229.40185546875, -0.011907
229.431640625, -0.109777
229.461669921875, 0.002074
229.49169921875, 0.044018
229.521728515625, 0.023046
229.5517578125, 0.092954
229.581787109375, 0.030037
229.61181640625, -0.011907
229.641845703125, 0.085963
229.671630859375, -0.046861
229.70166015625, 0.169852
229.731689453125, -0.025889
229.76171875, 0.051009
229.791748046875, 0.092954
229.82177734375, -0.03987
229.851806640625, 0.009065
229.8818359375, 0.085963
229.911865234375, -0.088805
229.941650390625, 0.051009
229.9716796875, -0.018898
230.001708984375, 0.051009
230.03173828125, -0.011907
230.061767578125, 0.064991
230.091796875, -0.03987
230.121826171875, 0.162861
230.15185546875, 0.037028
230.181640625, -0.018898
230.211669921875, 0.064991
230.24169921875, -0.081815
230.271728515625, 0.078972
230.3017578125, -0.018898
230.331787109375, -0.032879
230.36181640625, 0.064991
230.391845703125, -0.088805
230.421875, 0.058
230.45166015625, -0.004917
230.481689453125, -0.13075
230.51171875, -0.011907
230.541748046875, 0.058
230.57177734375, 0.009065
230.601806640625, 0.058
230.6318359375, -0.053852
230.661865234375, -0.081815
230.691650390625, -0.046861
230.7216796875, -0.053852
230.751708984375, 0.037028
230.78173828125, -0.158712
230.811767578125, -0.095796
230.841796875, 0.002074
230.871826171875, 0.044018
230.90185546875, -0.032879
230.931884765625, 0.002074
230.961669921875, -0.095796
230.99169921875, -0.025889
231.021728515625, -0.074824
231.0517578125, 0.051009
231.081787109375, 0.023046
231.11181640625, -0.102787
231.141845703125, 0.023046
231.171875, -0.004917
231.20166015625, -0.067833
231.231689453125, -0.025889
231.26171875, -0.004917
231.291748046875, -0.060842
231.32177734375, -0.018898
231.351806640625, 0.064991
231.3818359375, 0.064991
231.411865234375, 0.106935
231.441650390625, 0.044018
231.4716796875, 0.002074
231.501708984375, 0.051009
231.53173828125, -0.067833
231.561767578125, 0.009065
231.591796875, 0.162861
231.621826171875, -0.025889
231.65185546875, 0.058
231.681884765625, 0.071981
231.711669921875, 0.044018
231.74169921875, -0.011907
231.771728515625, 0.064991
231.8017578125, 0.085963
231.831787109375, 0.002074
231.86181640625, -0.067833
231.891845703125, -0.025889
231.921875, 0.085963
231.95166015625, -0.172694
231.981689453125, 0.106935
232.01171875, 0.064991
232.041748046875, -0.046861
232.07177734375, -0.018898
232.101806640625, 0.071981
232.1318359375, -0.067833
232.161865234375, -0.032879
232.19189453125, 0.016056
232.2216796875, -0.004917
232.251708984375, 0.099944
232.28173828125, -0.03987
232.311767578125, -0.060842
232.341796875, 0.099944
232.371826171875, 0.099944
232.40185546875, 0.120916
232.431884765625, 0.037028
232.461669921875, -0.032879
232.49169921875, 0.009065
232.521728515625, 0.120916
232.5517578125, 0.071981
232.581787109375, -0.018898
232.61181640625, 0.002074
232.641845703125, -0.13075
232.671875, -0.018898
232.70166015625, 0.023046
232.731689453125, 0.071981
232.76171875, 0.009065
232.791748046875, -0.03987
232.82177734375, -0.053852
232.851806640625, 0.134898
232.8818359375, 0.009065
232.911865234375, 0.002074
232.94189453125, -0.018898
232.9716796875, 0.15587
233.001708984375, 0.009065
233.03173828125, -0.018898
233.061767578125, 0.002074
233.091796875, -0.053852
233.121826171875, 0.023046
233.15185546875, 0.044018
233.181884765625, 0.106935
233.211669921875, -0.025889
233.24169921875, 0.064991
233.271728515625, 0.120916
233.3017578125, 0.016056
233.331787109375, 0.044018
233.36181640625, -0.158712
233.391845703125, 0.044018
233.421875, 0.064991
233.451904296875, 0.002074
233.481689453125, -0.060842
233.51171875, -0.011907
233.541748046875, 0.190824
233.57177734375, 0.141889
233.601806640625, -0.011907
233.6318359375, -0.102787
233.661865234375, -0.067833
233.69189453125, 0.106935
233.7216796875, 0.016056
233.751708984375, 0.009065
233.78173828125, 0.002074
233.811767578125, 0.071981
233.841796875, -0.053852
233.871826171875, 0.030037
233.90185546875, 0.064991
233.931884765625, 0.009065
233.9619140625, 0.058
233.99169921875, 0.044018
234.021728515625, -0.123759
234.0517578125, 0.148879
234.081787109375, -0.018898
234.11181640625, -0.032879
234.141845703125, -0.004917
234.171875, -0.053852
234.201904296875, -0.004917
234.231689453125, 0.064991
234.26171875, -0.032879
234.291748046875, -0.067833
234.32177734375, -0.109777
234.351806640625, -0.004917
234.3818359375, -0.03987
234.411865234375, 0.002074
234.44189453125, -0.032879
234.4716796875, 0.030037
234.501708984375, 0.078972
234.53173828125, -0.032879
234.561767578125, 0.085963
234.591796875, 0.016056
234.621826171875, 0.071981
234.65185546875, 0.113926
234.681884765625, 0.030037
234.7119140625, 0.037028
234.74169921875, 0.058
234.771728515625, -0.116768
234.8017578125, -0.074824
234.831787109375, -0.004917
234.86181640625, 0.044018
234.891845703125, 0.044018
234.921875, -0.011907
234.951904296875, -0.018898
234.981689453125, 0.085963
235.01171875, 0.085963
235.041748046875, -0.018898
235.07177734375, -0.109777
235.101806640625, -0.018898
235.1318359375, 0.058
235.161865234375, 0.016056
235.19189453125, -0.03987
235.221923828125, 0.092954
235.251708984375, 0.058
235.28173828125, -0.060842
235.311767578125, -0.004917
235.341796875, 0.092954
235.371826171875, -0.046861
235.40185546875, 0.058
235.431884765625, -0.032879
235.4619140625, -0.095796
235.49169921875, 0.044018
235.521728515625, 0.085963
235.5517578125, 0.044018
235.581787109375, 0.044018
235.61181640625, -0.088805
235.641845703125, 0.078972
235.671875, -0.193666
235.701904296875, 0.030037
235.731689453125, 0.106935
235.76171875, -0.032879
235.791748046875, 0.002074
235.82177734375, 0.023046
235.851806640625, 0.016056
235.8818359375, 0.044018
235.911865234375, 0.064991
235.94189453125, -0.214638
235.971923828125, 0.078972
236.001708984375, -0.109777
236.03173828125, -0.011907
236.061767578125, -0.046861
236.091796875, 0.044018
236.121826171875, 0.051009
236.15185546875, 0.016056
236.181884765625, -0.011907
236.2119140625, 0.044018
236.24169921875, -0.018898
236.271728515625, 0.197814
236.3017578125, 0.106935
236.331787109375, 0.078972
236.36181640625, 0.078972
236.391845703125, -0.053852
236.421875, 0.099944
236.451904296875, -0.004917
236.48193359375, 0.016056
236.51171875, 0.044018
236.541748046875, -0.046861
236.57177734375, 0.058
236.601806640625, -0.03987
236.6318359375, 0.092954
236.661865234375, 0.030037
236.69189453125, -0.018898
236.721923828125, 0.148879
236.751708984375, 0.134898
236.78173828125, -0.109777
236.811767578125, -0.088805
236.841796875, -0.032879
236.871826171875, 0.064991
236.90185546875, -0.046861
236.931884765625, -0.004917
236.9619140625, -0.067833
236.991943359375, 0.002074
237.021728515625, 0.030037
237.0517578125, 0.037028
237.081787109375, 0.085963
237.11181640625, 0.051009
237.141845703125, -0.03987
237.171875, 0.148879
237.201904296875, 0.051009
237.23193359375, 0.064991
237.26171875, -0.102787
237.291748046875, -0.004917
237.32177734375, 0.099944
237.351806640625, -0.032879
237.3818359375, 0.106935
237.411865234375, -0.074824
237.44189453125, 0.030037
237.471923828125, 0.030037
237.501708984375, -0.032879
237.53173828125, 0.023046
237.561767578125, 0.092954
237.591796875, 0.023046
237.621826171875, -0.046861
237.65185546875, -0.032879
237.681884765625, 0.002074
237.7119140625, -0.018898
237.741943359375, 0.106935
237.771728515625, 0.023046
237.8017578125, -0.011907
237.831787109375, -0.060842
237.86181640625, -0.074824
237.891845703125, -0.102787
237.921875, 0.016056
237.951904296875, -0.088805
237.98193359375, 0.064991
238.01171875, 0.078972
238.041748046875, -0.144731
238.07177734375, -0.011907
238.101806640625, 0.058
238.1318359375, 0.085963
238.161865234375, -0.088805
238.19189453125, -0.018898
238.221923828125, 0.009065
238.251953125, -0.053852
238.28173828125, -0.025889
238.311767578125, 0.085963
238.341796875, 0.002074
238.371826171875, 0.051009
238.40185546875, 0.092954
238.431884765625, 0.016056
238.4619140625, -0.004917
238.491943359375, -0.13075
238.521728515625, 0.078972
238.5517578125, -0.060842
238.581787109375, 0.009065
238.61181640625, 0.113926
238.641845703125, 0.092954
238.671875, -0.102787
238.701904296875, -0.004917
238.73193359375, -0.032879
238.761962890625, -0.03987
238.791748046875, -0.046861
238.82177734375, 0.002074
238.851806640625, -0.074824
238.8818359375, 0.030037
238.911865234375, 0.120916
238.94189453125, -0.046861
238.971923828125, 0.064991
239.001953125, 0.051009
239.03173828125, -0.088805
239.061767578125, -0.025889
239.091796875, -0.046861
239.121826171875, 0.071981
239.15185546875, 0.002074
239.181884765625, -0.032879
239.2119140625, 0.016056
239.241943359375, -0.03987
239.271728515625, -0.053852
239.3017578125, 0.030037
239.331787109375, 0.071981
239.36181640625, 0.141889
239.391845703125, -0.060842
239.421875, 0.127907
239.451904296875, -0.03987
239.48193359375, 0.016056
239.511962890625, -0.032879
239.541748046875, 0.071981
239.57177734375, 0.016056
239.601806640625, 0.141889
239.6318359375, 0.023046
239.661865234375, -0.025889
239.69189453125, 0.009065
239.721923828125, -0.053852
239.751953125, -0.032879
239.78173828125, 0.023046
239.811767578125, 0.023046
239.841796875, 0.064991
239.871826171875, 0.058
239.90185546875, -0.032879
239.931884765625, -0.046861
239.9619140625, 0.141889
239.991943359375, 0.064991
240.02197265625, -0.151722
240.0517578125, 0.051009
240.081787109375, 0.058
240.11181640625, -0.025889
240.141845703125, -0.025889
240.171875, -0.060842
240.201904296875, 0.023046
240.23193359375, -0.004917
240.261962890625, 0.016056
240.291748046875, 0.064991
240.32177734375, 0.030037
240.351806640625, -0.046861
240.3818359375, -0.03987
240.411865234375, 0.037028
240.44189453125, -0.060842
240.471923828125, -0.046861
240.501953125, 0.016056
240.53173828125, -0.004917
240.561767578125, 0.009065
240.591796875, 0.051009
240.621826171875, 0.058
240.65185546875, -0.067833
240.681884765625, 0.051009
240.7119140625, 0.092954
240.741943359375, 0.030037
240.77197265625, -0.03987
240.8017578125, -0.011907
240.831787109375, 0.211796
240.86181640625, 0.051009
240.891845703125, -0.018898
240.921875, -0.123759
240.951904296875, 0.051009
240.98193359375, 0.197814
241.011962890625, -0.053852
241.041748046875, -0.004917
241.07177734375, 0.002074
241.101806640625, -0.067833
241.1318359375, -0.053852
241.161865234375, 0.037028
241.19189453125, 0.009065
241.221923828125, 0.162861
241.251953125, 0.169852
241.281982421875, 0.134898
241.311767578125, 0.078972
241.341796875, -0.018898
241.371826171875, -0.053852
241.40185546875, -0.004917
241.431884765625, 0.044018
241.4619140625, -0.004917
241.491943359375, 0.030037
241.52197265625, -0.172694
241.5517578125, 0.002074
241.581787109375, 0.078972
241.61181640625, -0.172694
241.641845703125, -0.032879
241.671875, -0.081815
241.701904296875, -0.011907
241.73193359375, 0.002074
241.761962890625, 0.023046
241.7919921875, 0.058
241.82177734375, 0.051009
241.851806640625, -0.081815
241.8818359375, 0.120916
241.911865234375, -0.116768
241.94189453125, -0.067833
241.971923828125, 0.009065
242.001953125, 0.009065
242.031982421875, -0.03987
242.061767578125, -0.011907
242.091796875, 0.064991
242.121826171875, -0.081815
242.15185546875, 0.148879
242.181884765625, -0.102787
242.2119140625, 0.190824
242.241943359375, -0.109777
242.27197265625, 0.141889
242.3017578125, 0.078972
242.331787109375, -0.053852
242.36181640625, 0.002074
242.391845703125, 0.058
242.421875, 0.023046
242.451904296875, -0.13774
242.48193359375, -0.018898
242.511962890625, 0.002074
242.5419921875, -0.095796
242.57177734375, 0.044018
242.601806640625, 0.071981
242.6318359375, 0.009065
242.661865234375, 0.058
242.69189453125, 0.002074
242.721923828125, -0.018898
242.751953125, 0.023046
242.781982421875, 0.058
242.811767578125, -0.046861
242.841796875, -0.095796
242.871826171875, -0.004917
242.90185546875, 0.009065
242.931884765625, -0.025889
242.9619140625, 0.078972
242.991943359375, 0.092954
243.02197265625, -0.011907
243.052001953125, 0.15587
243.081787109375, -0.025889
243.11181640625, -0.053852
243.141845703125, 0.071981
243.171875, 0.030037
243.201904296875, 0.078972
243.23193359375, 0.058
243.261962890625, 0.002074
243.2919921875, 0.023046
243.32177734375, -0.025889
243.351806640625, -0.067833
243.3818359375, 0.064991
243.411865234375, 0.092954
243.44189453125, -0.004917
243.471923828125, 0.085963
243.501953125, -0.046861
243.531982421875, 0.085963
243.561767578125, 0.016056
243.591796875, 0.030037
243.621826171875, 0.002074
243.65185546875, 0.211796
243.681884765625, 0.044018
243.7119140625, -0.032879
243.741943359375, 0.071981
243.77197265625, -0.018898
243.802001953125, 0.037028
243.831787109375, -0.032879
243.86181640625, -0.074824
243.891845703125, 0.044018
243.921875, 0.037028
243.951904296875, 0.016056
243.98193359375, 0.016056
244.011962890625, -0.004917
244.0419921875, -0.032879
244.07177734375, 0.016056
244.101806640625, -0.025889
244.1318359375, 0.002074
244.161865234375, 0.058
244.19189453125, -0.018898
244.221923828125, 0.016056
244.251953125, -0.032879
244.281982421875, 0.120916
244.31201171875, -0.03987
244.341796875, -0.025889
244.371826171875, -0.004917
244.40185546875, 0.023046
244.431884765625, -0.03987
244.4619140625, -0.025889
244.491943359375, 0.127907
244.52197265625, -0.004917
244.552001953125, -0.011907
244.581787109375, 0.078972
244.61181640625, 0.023046
244.641845703125, 0.030037
244.671875, 0.120916
244.701904296875, 0.023046
244.73193359375, -0.018898
244.761962890625, -0.018898
244.7919921875, -0.025889
244.822021484375, -0.053852
244.851806640625, 0.051009
244.8818359375, 0.030037
244.911865234375, 0.044018
244.94189453125, 0.044018
244.971923828125, -0.025889
245.001953125, 0.051009
245.031982421875, -0.011907
245.06201171875, 0.064991
245.091796875, 0.148879
245.121826171875, -0.060842
245.15185546875, -0.03987
245.181884765625, -0.025889
245.2119140625, 0.058
245.241943359375, -0.060842
245.27197265625, 0.274712
245.302001953125, 0.016056
245.331787109375, 0.051009
245.36181640625, -0.053852
245.391845703125, -0.03987
245.421875, 0.009065
245.451904296875, -0.088805
245.48193359375, -0.004917
245.511962890625, 0.037028
245.537353515625, -0.13774
245.5673828125, 0.064991
245.597412109375, -0.025889
245.62744140625, -0.03987
245.657470703125, -0.074824
245.687255859375, -0.011907
245.71728515625, 0.169852
245.747314453125, -0.123759
245.77734375, 0.002074
245.807373046875, 0.064991
245.83740234375, -0.011907
245.867431640625, -0.109777
245.8974609375, -0.060842
245.92724609375, -0.109777
245.957275390625, -0.060842
245.9873046875, 0.148879
246.017333984375, -0.053852
246.04736328125, 0.183833
246.077392578125, 0.009065
246.107421875, 0.009065
246.137451171875, 0.002074
246.16748046875, 0.092954
246.197265625, -0.004917
246.227294921875, -0.004917
246.25732421875, 0.023046
246.287353515625, -0.074824
246.3173828125, 0.023046
246.347412109375, -0.025889
246.37744140625, 0.009065
246.407470703125, 0.037028
246.437255859375, -0.032879
246.46728515625, 0.051009
246.497314453125, -0.074824
246.52734375, -0.004917
246.557373046875, -0.046861
246.58740234375, 0.044018
246.617431640625, 0.009065
246.6474609375, -0.032879
246.67724609375, 0.037028
246.707275390625, 0.002074
246.7373046875, 0.030037
246.767333984375, 0.009065
246.79736328125, -0.053852
246.827392578125, 0.058
246.857421875, 0.120916
246.887451171875, -0.046861
246.91748046875, 0.078972
246.947265625, 0.030037
246.977294921875, 0.204805
247.00732421875, 0.030037
247.037353515625, -0.018898
247.0673828125, -0.053852
247.097412109375, -0.018898
247.12744140625, -0.123759
247.157470703125, -0.116768
247.187255859375, -0.088805
247.21728515625, -0.018898
247.247314453125, -0.067833
247.27734375, -0.018898
247.307373046875, 0.064991
247.33740234375, -0.011907
247.367431640625, 0.016056
247.3974609375, -0.018898
247.427490234375, -0.032879
247.457275390625, -0.102787
247.4873046875, -0.03987
247.517333984375, -0.03987
247.54736328125, 0.15587
247.577392578125, -0.018898
247.607421875, -0.011907
247.637451171875, -0.158712
247.66748046875, 0.030037
247.697265625, -0.067833
247.727294921875, 0.085963
247.75732421875, 0.044018
247.787353515625, 0.009065
247.8173828125, -0.046861
247.847412109375, -0.053852
247.87744140625, -0.03987
247.907470703125, 0.051009
247.937255859375, 0.030037
247.96728515625, 0.113926
247.997314453125, 0.113926
248.02734375, 0.044018
248.057373046875, 0.078972
248.08740234375, 0.009065
248.117431640625, 0.078972
248.1474609375, -0.081815
248.177490234375, 0.002074
248.207275390625, 0.044018
248.2373046875, -0.067833
248.267333984375, -0.004917
248.29736328125, -0.088805
248.327392578125, 0.009065
248.357421875, 0.037028
248.387451171875, 0.092954
248.41748046875, 0.148879
248.447265625, 0.099944
248.477294921875, -0.074824
248.50732421875, 0.190824
248.537353515625, -0.011907
248.5673828125, 0.127907
248.597412109375, 0.064991
248.62744140625, -0.102787
248.657470703125, 0.071981
248.6875, 0.030037
248.71728515625, 0.127907
248.747314453125, 0.071981
248.77734375, 0.120916
248.807373046875, 0.023046
248.83740234375, 0.037028
248.867431640625, -0.081815
248.8974609375, -0.032879
248.927490234375, 0.051009
248.957275390625, 0.099944
248.9873046875, -0.067833
249.017333984375, 0.030037
249.04736328125, 0.030037
249.077392578125, 0.002074
249.107421875, -0.004917
249.137451171875, 0.023046
249.16748046875, 0.009065
249.197509765625, 0.058
249.227294921875, -0.088805
249.25732421875, 0.058
249.287353515625, 0.051009
249.3173828125, 0.148879
249.347412109375, 0.002074
249.37744140625, 0.134898
249.407470703125, 0.058
249.4375, 0.134898
249.46728515625, 0.120916
249.497314453125, 0.092954
249.52734375, -0.004917
249.557373046875, -0.053852
249.58740234375, -0.102787
249.617431640625, 0.009065
249.6474609375, 0.051009
249.677490234375, 0.016056
249.707275390625, 0.030037
249.7373046875, -0.011907
249.767333984375, -0.011907
249.79736328125, 0.023046
249.827392578125, 0.009065
249.857421875, 0.120916
249.887451171875, -0.025889
249.91748046875, -0.004917
249.947509765625, 0.134898
249.977294921875, 0.002074
250.00732421875, 0.092954
250.037353515625, -0.011907
250.0673828125, 0.106935
250.097412109375, -0.060842
250.12744140625, -0.081815
250.157470703125, 0.099944
250.1875, -0.095796
250.21728515625, -0.046861
250.247314453125, 0.044018
250.27734375, -0.088805
250.307373046875, 0.058
250.33740234375, 0.071981
250.367431640625, 0.044018
250.3974609375, -0.032879
250.427490234375, 0.030037
250.45751953125, -0.032879
250.4873046875, 0.037028
250.517333984375, -0.011907
250.54736328125, 0.051009
250.577392578125, -0.060842
250.607421875, -0.004917
250.637451171875, -0.011907
250.66748046875, 0.023046
250.697509765625, 0.023046
250.727294921875, -0.109777
250.75732421875, 0.092954
250.787353515625, -0.088805
250.8173828125, -0.011907
250.847412109375, 0.051009
250.87744140625, -0.011907
250.907470703125, 0.030037
250.9375, 0.113926
250.967529296875, 0.064991
250.997314453125, 0.002074
251.02734375, 0.058
251.057373046875, 0.078972
251.08740234375, 0.037028
251.117431640625, -0.088805
251.1474609375, 0.023046
251.177490234375, 0.023046
251.20751953125, 0.030037
251.2373046875, 0.148879
251.267333984375, 0.044018
251.29736328125, -0.018898
251.327392578125, 0.002074
251.357421875, 0.092954
251.387451171875, -0.018898
251.41748046875, -0.025889
251.447509765625, -0.102787
251.477294921875, 0.085963
251.50732421875, 0.016056
251.537353515625, 0.051009
251.5673828125, -0.067833
251.597412109375, -0.116768
251.62744140625, -0.046861
251.657470703125, -0.018898
251.6875, 0.085963
251.717529296875, 0.002074
251.747314453125, 0.009065
251.77734375, -0.03987
251.807373046875, -0.025889
251.83740234375, -0.03987
251.867431640625, 0.009065
251.8974609375, -0.011907
251.927490234375, 0.085963
251.95751953125, 0.058
251.9873046875, 0.092954
252.017333984375, 0.078972
252.04736328125, 0.051009
252.077392578125, -0.13774
252.107421875, 0.113926
252.137451171875, 0.099944
252.16748046875, 0.141889
252.197509765625, 0.169852
252.2275390625, 0.064991
252.25732421875, -0.025889
252.287353515625, 0.023046
252.3173828125, 0.051009
252.347412109375, 0.030037
252.37744140625, 0.113926
252.407470703125, -0.004917
252.4375, 0.064991
252.467529296875, 0.078972
252.497314453125, -0.074824
252.52734375, -0.060842
252.557373046875, 0.092954
252.58740234375, -0.032879
252.617431640625, -0.025889
252.6474609375, 0.064991
252.677490234375, -0.074824
252.70751953125, 0.037028
252.7373046875, -0.032879
252.767333984375, 0.176842
252.79736328125, 0.162861
252.827392578125, 0.058
252.857421875, -0.011907
252.887451171875, -0.011907
252.91748046875, -0.025889
252.947509765625, 0.030037
252.9775390625, -0.018898
253.00732421875, 0.064991
253.037353515625, -0.053852
253.0673828125, 0.15587
253.097412109375, 0.113926
253.12744140625, 0.071981
253.157470703125, 0.002074
253.1875, -0.095796
253.217529296875, 0.037028
253.247314453125, 0.009065
253.27734375, 0.023046
253.307373046875, -0.025889
253.33740234375, -0.102787
253.367431640625, -0.081815
253.3974609375, 0.120916
253.427490234375, -0.095796
253.45751953125, 0.169852
253.487548828125, 0.099944
253.517333984375, -0.095796
253.54736328125, 0.141889
253.577392578125, 0.092954
253.607421875, 0.037028
253.637451171875, -0.074824
253.66748046875, 0.162861
253.697509765625, -0.074824
253.7275390625, -0.011907
253.75732421875, 0.009065
253.787353515625, 0.051009
253.8173828125, -0.046861
253.847412109375, 0.099944
253.87744140625, -0.053852
253.907470703125, 0.141889
253.9375, -0.018898
253.967529296875, -0.067833
253.99755859375, 0.037028
254.02734375, 0.141889
254.057373046875, 0.092954
254.08740234375, 0.15587
254.117431640625, 0.064991
254.1474609375, 0.106935
254.177490234375, 0.002074
254.20751953125, 0.064991
254.237548828125, -0.046861
254.267333984375, 0.044018
254.29736328125, 0.092954
254.327392578125, -0.088805
254.357421875, 0.016056
254.387451171875, 0.092954
254.41748046875, 0.051009
254.447509765625, -0.151722
254.4775390625, -0.046861
254.50732421875, 0.15587
254.537353515625, -0.123759
254.5673828125, 0.190824
254.597412109375, 0.044018
254.62744140625, -0.088805
254.657470703125, -0.053852
254.6875, 0.071981
254.717529296875, 0.009065
254.74755859375, 0.002074
254.77734375, -0.074824
254.807373046875, 0.106935
254.83740234375, -0.032879
254.867431640625, 0.002074
254.8974609375, 0.037028
254.927490234375, -0.025889
254.95751953125, -0.03987
254.987548828125, -0.011907
255.017333984375, 0.002074
255.04736328125, 0.030037
255.077392578125, 0.058
255.107421875, 0.002074
255.137451171875, 0.030037
255.16748046875, 0.058
255.197509765625, 0.044018
255.2275390625, 0.106935
255.257568359375, 0.051009
255.287353515625, -0.053852
255.3173828125, 0.064991
255.347412109375, -0.095796
255.37744140625, 0.058
255.407470703125, 0.044018
255.4375, 0.023046
255.467529296875, 0.030037
255.49755859375, 0.016056
255.52734375, 0.078972
255.557373046875, 0.002074
255.58740234375, 0.064991
255.617431640625, 0.085963
255.6474609375, -0.03987
255.677490234375, -0.025889
255.70751953125, 0.113926
255.737548828125, -0.221629
255.767333984375, -0.151722
255.79736328125, -0.004917
255.827392578125, 0.127907
255.857421875, 0.106935
255.887451171875, 0.120916
255.91748046875, 0.071981
255.947509765625, -0.032879
255.9775390625, 0.016056
256.007568359375, -0.025889
256.037353515625, -0.03987
256.0673828125, -0.011907
256.097412109375, 0.002074
256.12744140625, 0.085963
256.157470703125, -0.053852
256.1875, -0.046861
256.217529296875, 0.002074
256.24755859375, 0.092954
256.27734375, 0.030037
256.307373046875, 0.176842
256.33740234375, 0.071981
256.367431640625, 0.071981
256.3974609375, 0.106935
256.427490234375, 0.051009
256.45751953125, 0.044018
256.487548828125, -0.018898
256.517578125, 0.030037
256.54736328125, -0.032879
256.577392578125, -0.03987
256.607421875, -0.025889
256.637451171875, -0.011907
256.66748046875, 0.044018
256.697509765625, 0.037028
256.7275390625, -0.025889
256.757568359375, -0.046861
256.787353515625, 0.051009
256.8173828125, 0.002074
256.847412109375, 0.002074
256.87744140625, 0.141889
256.907470703125, -0.004917
256.9375, -0.004917
256.967529296875, -0.053852
256.99755859375, 0.134898
257.027587890625, 0.037028
257.057373046875, -0.004917
257.08740234375, 0.071981
257.117431640625, 0.071981
257.1474609375, 0.002074
257.177490234375, 0.016056
257.20751953125, 0.058
257.237548828125, -0.060842
257.267578125, -0.032879
257.29736328125, 0.002074
257.327392578125, 0.002074
257.357421875, -0.018898
257.387451171875, 0.030037
257.41748046875, -0.046861
257.447509765625, -0.060842
257.4775390625, 0.002074
257.507568359375, -0.025889
257.537353515625, 0.099944
257.5673828125, -0.025889
257.597412109375, 0.085963
257.62744140625, 0.009065
257.657470703125, 0.016056
257.6875, 0.058
257.717529296875, 0.009065
257.74755859375, -0.025889
257.777587890625, 0.141889
257.807373046875, -0.011907
257.83740234375, 0.071981
257.867431640625, 0.037028
257.8974609375, 0.002074
257.927490234375, -0.011907
257.95751953125, -0.067833
257.987548828125, -0.074824
258.017578125, 0.134898
258.04736328125, -0.018898
258.077392578125, 0.023046
258.107421875, 0.092954
258.137451171875, -0.067833
258.16748046875, -0.144731
258.197509765625, -0.032879
258.2275390625, 0.085963
258.257568359375, -0.081815
258.28759765625, 0.023046
258.3173828125, -0.060842
258.347412109375, 0.051009
258.37744140625, 0.016056
258.407470703125, 0.092954
258.4375, -0.018898
258.467529296875, -0.102787
258.49755859375, 0.030037
258.527587890625, -0.053852
258.557373046875, 0.071981
258.58740234375, -0.018898
258.617431640625, -0.053852
258.6474609375, 0.078972
258.677490234375, -0.095796
258.70751953125, 0.204805
258.737548828125, 0.044018
258.767578125, -0.011907
258.797607421875, -0.011907
258.827392578125, -0.067833
258.857421875, -0.025889
258.887451171875, 0.009065
258.91748046875, -0.032879
258.947509765625, 0.037028
258.9775390625, -0.025889
259.007568359375, 0.113926
259.03759765625, -0.011907
259.0673828125, 0.030037
259.097412109375, 0.051009
259.12744140625, -0.13774
259.157470703125, 0.016056
259.1875, -0.046861
259.217529296875, -0.067833
259.24755859375, 0.127907
259.277587890625, 0.002074
259.307373046875, 0.044018
259.33740234375, 0.023046
259.367431640625, 0.078972
259.3974609375, 0.051009
259.427490234375, 0.071981
259.45751953125, -0.011907
259.487548828125, 0.127907
259.517578125, -0.018898
259.547607421875, -0.025889
259.577392578125, -0.011907
259.607421875, 0.106935
259.637451171875, -0.032879
259.66748046875, 0.058
259.697509765625, 0.037028
259.7275390625, -0.053852
259.757568359375, -0.011907
259.78759765625, 0.071981
259.8173828125, 0.037028
259.847412109375, -0.004917
259.87744140625, 0.113926
259.907470703125, -0.03987
259.9375, 0.113926
259.967529296875, -0.060842
259.99755859375, 0.058
260.027587890625, -0.025889
260.0576171875, 0.113926
260.08740234375, -0.13774
260.117431640625, -0.004917
260.1474609375, -0.046861
260.177490234375, -0.011907
260.20751953125, -0.004917
260.237548828125, -0.095796
260.267578125, 0.058
260.297607421875, 0.037028
260.327392578125, 0.009065
260.357421875, -0.067833
260.387451171875, -0.018898
260.41748046875, -0.116768
260.447509765625, -0.018898
260.4775390625, 0.009065
260.507568359375, 0.071981
260.53759765625, -0.088805
260.5673828125, 0.099944
260.597412109375, 0.023046
260.62744140625, -0.067833
260.657470703125, -0.081815
260.6875, 0.037028
260.717529296875, 0.037028
260.74755859375, 0.058
260.777587890625, 0.092954
260.8076171875, 0.037028
260.83740234375, 0.085963
260.867431640625, -0.046861
260.8974609375, 0.127907
260.927490234375, 0.002074
260.95751953125, 0.071981
260.987548828125, 0.099944
261.017578125, 0.064991
261.047607421875, -0.060842
261.077392578125, 0.085963
261.107421875, 0.127907
261.137451171875, 0.002074
261.16748046875, -0.081815
261.197509765625, -0.004917
261.2275390625, -0.018898
261.257568359375, -0.067833
261.28759765625, 0.030037
261.317626953125, 0.023046
261.347412109375, 0.099944
261.37744140625, 0.15587
261.407470703125, 0.051009
261.4375, -0.116768
261.467529296875, 0.030037
261.49755859375, -0.081815
261.527587890625, 0.113926
261.5576171875, 0.099944
261.58740234375, 0.002074
261.617431640625, 0.051009
261.6474609375, 0.058
261.677490234375, -0.025889
261.70751953125, -0.081815
261.737548828125, 0.169852
261.767578125, 0.009065
261.797607421875, -0.004917
261.82763671875, -0.053852
261.857421875, 0.009065
261.887451171875, -0.004917
261.91748046875, 0.099944
261.947509765625, 0.099944
261.9775390625, 0.044018
262.007568359375, 0.078972
262.03759765625, 0.030037
262.067626953125, -0.032879
262.097412109375, 0.127907
262.12744140625, -0.046861
262.157470703125, -0.116768
262.1875, 0.037028
262.217529296875, 0.037028
262.24755859375, 0.023046
262.277587890625, -0.03987
262.3076171875, -0.025889
262.33740234375, -0.032879
262.367431640625, 0.037028
262.3974609375, 0.071981
262.427490234375, 0.030037
262.45751953125, -0.03987
262.487548828125, -0.116768
262.517578125, -0.13774
262.547607421875, -0.025889
262.57763671875, 0.134898
262.607421875, -0.018898
262.637451171875, -0.018898
262.66748046875, -0.018898
262.697509765625, 0.260731
262.7275390625, 0.162861
262.757568359375, 0.044018
262.78759765625, -0.03987
262.817626953125, -0.067833
262.847412109375, -0.032879
262.87744140625, 0.078972
262.907470703125, 0.071981
262.9375, 0.037028
262.967529296875, 0.106935
262.99755859375, 0.085963
263.027587890625, -0.032879
263.0576171875, -0.053852
263.087646484375, 0.037028
263.117431640625, -0.03987
263.1474609375, 0.058
263.177490234375, 0.009065
263.20751953125, -0.067833
263.237548828125, -0.081815
263.267578125, 0.016056
263.297607421875, -0.095796
263.32763671875, 0.113926
263.357421875, 0.058
263.387451171875, 0.016056
263.41748046875, 0.002074
263.447509765625, -0.081815
263.4775390625, -0.004917
263.507568359375, -0.186675
263.53759765625, -0.004917
263.567626953125, -0.004917
263.597412109375, 0.030037
263.62744140625, 0.002074
263.657470703125, 0.023046
263.6875, -0.060842
263.717529296875, -0.088805
263.74755859375, 0.190824
263.777587890625, -0.081815
263.8076171875, -0.095796
263.837646484375, -0.046861
263.867431640625, -0.03987
263.8974609375, 0.051009
263.927490234375, 0.064991
263.95751953125, 0.176842
263.987548828125, -0.046861
264.017578125, 0.127907
264.047607421875, 0.023046
264.07763671875, 0.037028
264.107421875, 0.051009
264.137451171875, 0.023046
264.16748046875, 0.106935
264.197509765625, 0.009065
264.2275390625, 0.016056
264.257568359375, -0.004917
264.28759765625, 0.071981
264.317626953125, 0.267722
264.34765625, -0.067833
264.37744140625, 0.002074
264.407470703125, -0.011907
264.4375, 0.002074
264.467529296875, -0.074824
264.49755859375, -0.018898
264.527587890625, 0.092954
264.5576171875, -0.046861
264.587646484375, -0.032879
264.617431640625, 0.141889
264.6474609375, -0.032879
264.677490234375, -0.046861
264.70751953125, -0.060842
264.737548828125, 0.064991
264.767578125, 0.030037
264.797607421875, 0.030037
264.82763671875, 0.051009
264.857666015625, 0.078972
264.887451171875, -0.032879
264.91748046875, 0.002074
264.947509765625, 0.078972
264.9775390625, 0.099944
265.007568359375, -0.067833
265.03759765625, 0.064991
265.067626953125, 0.023046
265.09765625, -0.067833
265.12744140625, -0.102787
265.157470703125, 0.002074
265.1875, -0.011907
265.217529296875, -0.018898
265.24755859375, 0.085963
265.277587890625, -0.011907
265.3076171875, 0.058
265.337646484375, 0.002074
265.367431640625, -0.011907
265.3974609375, 0.037028
265.427490234375, -0.011907
265.45751953125, 0.030037
265.487548828125, 0.085963
265.517578125, 0.051009
265.547607421875, -0.13075
265.57763671875, 0.127907
265.607666015625, -0.13774
265.637451171875, 0.037028
265.66748046875, -0.060842
265.697509765625, 0.002074
265.7275390625, 0.023046
265.757568359375, 0.002074
265.78759765625, -0.102787
265.817626953125, 0.162861
265.84765625, 0.127907
265.87744140625, 0.009065
265.907470703125, 0.044018
265.9375, -0.004917
265.967529296875, 0.071981
265.99755859375, -0.011907
266.027587890625, -0.018898
266.0576171875, -0.046861
266.087646484375, 0.044018
266.11767578125, 0.058
266.1474609375, -0.088805
266.177490234375, -0.067833
266.20751953125, -0.13774
266.237548828125, 0.051009
266.267578125, 0.064991
266.297607421875, -0.053852
266.32763671875, -0.011907
266.357666015625, -0.102787
266.387451171875, -0.095796
266.41748046875, 0.078972
266.447509765625, 0.106935
266.4775390625, -0.011907
266.507568359375, 0.030037
266.53759765625, -0.088805
266.567626953125, 0.009065
266.59765625, -0.025889
266.627685546875, 0.092954
266.657470703125, 0.120916
266.6875, -0.172694
266.717529296875, -0.060842
266.74755859375, 0.002074
266.777587890625, 0.037028
266.8076171875, 0.085963
266.837646484375, -0.03987
266.86767578125, -0.025889
266.8974609375, -0.067833
266.927490234375, -0.025889
266.95751953125, -0.067833
266.987548828125, 0.071981
267.017578125, -0.025889
267.047607421875, 0.009065
267.07763671875, 0.023046
267.107666015625, 0.099944
267.137451171875, -0.03987
267.16748046875, -0.053852
267.197509765625, -0.032879
267.2275390625, -0.004917
267.257568359375, 0.023046
267.28759765625, 0.058
267.317626953125, -0.032879
267.34765625, -0.025889
267.377685546875, 0.037028
267.407470703125, 0.009065
267.4375, -0.025889
267.467529296875, 0.225777
267.49755859375, -0.095796
267.527587890625, -0.004917
267.5576171875, 0.016056
267.587646484375, 0.016056
267.61767578125, -0.032879
267.6474609375, 0.051009
267.677490234375, 0.058
267.70751953125, -0.011907
267.737548828125, 0.071981
267.767578125, 0.044018
267.797607421875, 0.141889
267.82763671875, 0.078972
267.857666015625, -0.018898
267.8876953125, -0.116768
267.91748046875, -0.060842
267.947509765625, 0.030037
267.9775390625, 0.071981
268.007568359375, 0.030037
268.03759765625, -0.081815
268.067626953125, -0.214638
268.09765625, -0.011907
268.127685546875, -0.025889
268.157470703125, -0.011907
268.1875, -0.060842
268.217529296875, -0.074824
268.24755859375, -0.053852
268.277587890625, -0.074824
268.3076171875, -0.011907
268.337646484375, -0.004917
268.36767578125, -0.088805
268.3974609375, -0.186675
268.427490234375, 0.002074
268.45751953125, -0.088805
268.487548828125, -0.018898
268.517578125, 0.023046
268.547607421875, -0.046861
268.57763671875, -0.067833
268.607666015625, -0.123759
268.6376953125, -0.109777
268.66748046875, 0.030037
268.697509765625, -0.004917
268.7275390625, -0.053852
268.757568359375, 0.009065
268.78759765625, -0.004917
268.817626953125, -0.046861
268.84765625, 0.058
268.877685546875, 0.030037
268.907470703125, 0.002074
268.9375, -0.004917
268.967529296875, -0.13075
268.99755859375, -0.074824
269.027587890625, -0.025889
269.0576171875, 0.023046
269.087646484375, -0.018898
269.11767578125, 0.120916
269.147705078125, 0.002074
269.177490234375, 0.092954
269.20751953125, -0.004917
269.237548828125, 0.085963
269.267578125, -0.144731
269.297607421875, -0.109777
269.32763671875, -0.018898
269.357666015625, -0.13075
269.3876953125, -0.074824
269.41748046875, -0.095796
269.447509765625, 0.044018
269.4775390625, -0.004917
269.507568359375, 0.071981
269.53759765625, 0.037028
269.567626953125, -0.060842
269.59765625, -0.018898
269.627685546875, 0.051009
269.65771484375, -0.018898
269.6875, 0.044018
269.717529296875, 0.078972
269.74755859375, 0.030037
269.777587890625, 0.030037
269.8076171875, -0.074824
269.837646484375, 0.134898
269.86767578125, -0.025889
269.897705078125, -0.025889
269.927490234375, -0.018898
269.95751953125, -0.102787
269.987548828125, 0.002074
270.017578125, 0.078972
270.047607421875, 0.113926
270.07763671875, 0.044018
270.107666015625, 0.092954
270.1376953125, 0.016056
270.16748046875, 0.064991
270.197509765625, 0.099944
270.2275390625, 0.037028
270.257568359375, -0.032879
270.28759765625, 0.169852
270.317626953125, 0.058
270.34765625, -0.004917
270.377685546875, 0.120916
270.40771484375, 0.058
270.4375, 0.044018
270.467529296875, -0.011907
270.49755859375, 0.099944
270.527587890625, -0.004917
270.5576171875, 0.030037
270.587646484375, -0.116768
270.61767578125, -0.046861
270.647705078125, 0.016056
270.677490234375, 0.141889
270.70751953125, 0.002074
270.737548828125, 0.002074
270.767578125, 0.078972
270.797607421875, -0.067833
270.82763671875, 0.002074
270.857666015625, -0.095796
270.8876953125, 0.037028
270.917724609375, -0.053852
270.947509765625, -0.03987
270.9775390625, -0.123759
271.007568359375, -0.060842
271.03759765625, 0.044018
271.067626953125, 0.099944
271.09765625, -0.060842
271.127685546875, 0.113926
271.15771484375, -0.004917
271.1875, 0.134898
271.217529296875, -0.102787
271.24755859375, 0.030037
271.277587890625, -0.03987
271.3076171875, 0.064991
271.337646484375, 0.148879
271.36767578125, -0.13075
271.397705078125, -0.046861
271.427734375, 0.051009
271.45751953125, -0.03987
271.487548828125, 0.085963
271.517578125, -0.025889
271.547607421875, 0.064991
271.57763671875, 0.051009
271.607666015625, 0.023046
271.6376953125, 0.016056
271.667724609375, -0.018898
271.697509765625, 0.016056
271.7275390625, 0.064991
271.757568359375, 0.044018
271.78759765625, -0.053852
271.817626953125, -0.004917
271.84765625, 0.009065
271.877685546875, 0.044018
271.90771484375, 0.071981
271.9375, 0.064991
271.967529296875, -0.011907
271.99755859375, 0.002074
272.027587890625, -0.046861
272.0576171875, 0.009065
272.087646484375, -0.074824
272.11767578125, 0.106935
272.147705078125, 0.064991
272.177734375, 0.058
272.20751953125, 0.071981
272.237548828125, -0.102787
272.267578125, 0.071981
272.297607421875, 0.044018
272.32763671875, 0.141889
272.357666015625, 0.002074
272.3876953125, 0.037028
272.417724609375, 0.120916
272.447509765625, -0.011907
272.4775390625, -0.053852
272.507568359375, 0.016056
272.53759765625, -0.03987
272.567626953125, -0.067833
272.59765625, -0.046861
272.627685546875, 0.051009
272.65771484375, 0.009065
272.687744140625, -0.046861
272.717529296875, 0.023046
272.74755859375, -0.102787
272.777587890625, -0.004917
272.8076171875, -0.081815
272.837646484375, -0.095796
272.86767578125, -0.011907
272.897705078125, -0.053852
272.927734375, -0.060842
272.95751953125, -0.081815
272.987548828125, -0.004917
273.017578125, -0.067833
273.047607421875, -0.046861
273.07763671875, 0.009065
273.107666015625, -0.032879
273.1376953125, -0.025889
273.167724609375, 0.099944
273.197509765625, -0.074824
273.2275390625, -0.03987
273.257568359375, -0.004917
273.28759765625, 0.106935
273.317626953125, 0.064991
273.34765625, 0.064991
273.377685546875, -0.109777
273.40771484375, 0.190824
273.437744140625, 0.106935
273.467529296875, 0.044018
273.49755859375, -0.025889
273.527587890625, -0.046861
273.5576171875, 0.023046
273.587646484375, 0.030037
273.61767578125, -0.053852
273.647705078125, 0.016056
273.677734375, 0.016056
273.70751953125, -0.046861
273.737548828125, 0.078972
273.767578125, -0.067833
273.797607421875, 0.148879
273.82763671875, 0.071981
273.857666015625, -0.018898
273.8876953125, 0.099944
273.917724609375, 0.127907
273.94775390625, 0.141889
273.9775390625, -0.025889
274.007568359375, -0.011907
274.03759765625, 0.023046
274.067626953125, 0.064991
274.09765625, 0.016056
274.127685546875, 0.002074
274.15771484375, 0.037028
274.187744140625, -0.032879
274.217529296875, 0.009065
274.24755859375, 0.078972
274.277587890625, 0.009065
274.3076171875, 0.030037
274.337646484375, 0.078972
274.36767578125, 0.016056
274.397705078125, -0.074824
274.427734375, -0.046861
274.457763671875, -0.095796
274.487548828125, 0.037028
274.517578125, -0.018898
274.547607421875, -0.018898
274.57763671875, 0.002074
274.607666015625, -0.060842
274.6376953125, -0.081815
274.667724609375, 0.002074
274.69775390625, 0.016056
274.7275390625, 0.113926
274.757568359375, -0.018898
274.78759765625, 0.016056
274.817626953125, -0.13774
274.84765625, -0.067833
274.877685546875, 0.044018
274.90771484375, -0.053852
274.937744140625, -0.011907
274.967529296875, -0.053852
274.99755859375, -0.004917
275.027587890625, 0.009065
275.0576171875, 0.058
275.087646484375, 0.044018
275.11767578125, 0.106935
275.147705078125, -0.018898
275.177734375, -0.081815
275.207763671875, 0.023046
275.237548828125, 0.058
275.267578125, 0.099944
275.297607421875, -0.088805
275.32763671875, 0.016056
275.357666015625, -0.053852
275.3876953125, 0.058
275.417724609375, 0.023046
275.44775390625, 0.120916
275.4775390625, 0.016056
275.507568359375, 0.016056
275.53759765625, 0.071981
275.567626953125, 0.085963
275.59765625, 0.113926
275.627685546875, -0.032879
275.65771484375, 0.002074
275.687744140625, -0.144731
275.7177734375, -0.053852
275.74755859375, 0.002074
275.777587890625, 0.037028
275.8076171875, 0.044018
275.837646484375, 0.051009
275.86767578125, 0.113926
275.897705078125, -0.095796
275.927734375, 0.078972
275.957763671875, 0.023046
275.987548828125, 0.127907
276.017578125, -0.018898
276.047607421875, 0.009065
276.07763671875, -0.102787
276.107666015625, 0.044018
276.1376953125, 0.002074
276.167724609375, 0.099944
276.19775390625, -0.046861
276.2275390625, 0.106935
276.257568359375, 0.071981
276.28759765625, 0.009065
276.317626953125, -0.151722
276.34765625, -0.011907
276.377685546875, 0.051009
276.40771484375, -0.074824
276.437744140625, -0.032879
276.4677734375, 0.099944
276.49755859375, -0.03987
276.527587890625, 0.002074
276.5576171875, 0.064991
276.587646484375, 0.085963
276.61767578125, 0.127907
276.647705078125, 0.009065
276.677734375, 0.009065
276.707763671875, 0.051009
276.737548828125, -0.025889
276.767578125, 0.044018
276.797607421875, 0.016056
276.82763671875, 0.078972
276.857666015625, -0.032879
276.8876953125, 0.051009
276.917724609375, -0.074824
276.94775390625, -0.053852
276.977783203125, 0.064991
277.007568359375, 0.058
277.03759765625, -0.03987
277.067626953125, -0.109777
277.09765625, 0.176842
277.127685546875, -0.060842
277.15771484375, -0.186675
277.187744140625, 0.016056
277.2177734375, 0.127907
277.24755859375, 0.058
277.277587890625, 0.15587
277.3076171875, 0.078972
277.337646484375, 0.016056
277.36767578125, 0.169852
277.397705078125, -0.151722
277.427734375, 0.085963
277.457763671875, -0.004917
277.48779296875, -0.088805
277.517578125, 0.023046
277.547607421875, -0.032879
277.57763671875, -0.011907
277.607666015625, -0.025889
277.6376953125, 0.009065
277.667724609375, -0.018898
277.69775390625, -0.060842
277.727783203125, 0.023046
277.757568359375, 0.099944
277.78759765625, 0.148879
277.817626953125, 0.078972
277.84765625, 0.009065
277.877685546875, -0.032879
277.90771484375, 0.078972
277.937744140625, -0.032879
277.9677734375, 0.127907
277.99755859375, -0.032879
278.027587890625, 0.15587
278.0576171875, -0.095796
278.087646484375, 0.134898
278.11767578125, 0.051009
278.147705078125, 0.009065
278.177734375, 0.134898
278.207763671875, 0.120916
278.23779296875, -0.060842
278.267578125, 0.071981
278.297607421875, 0.064991
278.32763671875, 0.064991
278.357666015625, 0.009065
278.3876953125, -0.081815
278.417724609375, -0.109777
278.44775390625, 0.030037
278.477783203125, -0.109777
278.507568359375, -0.011907
278.53759765625, 0.071981
278.567626953125, 0.016056
278.59765625, -0.011907
278.627685546875, 0.030037
278.65771484375, -0.025889
278.687744140625, 0.023046
278.7177734375, 0.085963
278.747802734375, -0.046861
278.777587890625, 0.002074
278.8076171875, -0.011907
278.837646484375, 0.078972
278.86767578125, 0.037028
278.897705078125, -0.032879
278.927734375, -0.025889
278.957763671875, 0.051009
278.98779296875, 0.037028
279.017578125, 0.064991
279.047607421875, 0.037028
279.07763671875, 0.127907
279.107666015625, 0.120916
279.1376953125, -0.074824
279.167724609375, 0.071981
279.19775390625, -0.004917
279.227783203125, -0.025889
279.2578125, 0.092954
279.28759765625, -0.025889
279.317626953125, -0.053852
279.34765625, 0.092954
279.377685546875, 0.099944
279.40771484375, -0.095796
279.437744140625, -0.03987
279.4677734375, 0.002074
279.497802734375, -0.081815
279.527587890625, -0.018898
279.5576171875, 0.085963
279.587646484375, -0.032879
279.61767578125, 0.016056
279.647705078125, 0.106935
279.677734375, 0.058
279.707763671875, 0.127907
279.73779296875, -0.011907
279.767578125, 0.044018
279.797607421875, 0.085963
279.82763671875, 0.037028
279.857666015625, -0.109777
279.8876953125, 0.044018
279.917724609375, 0.016056
279.94775390625, -0.095796
279.977783203125, -0.025889
280.0078125, 0.037028
280.03759765625, -0.011907
280.067626953125, -0.060842
280.09765625, 0.071981
280.127685546875, -0.067833
280.15771484375, 0.120916
280.187744140625, 0.085963
280.2177734375, -0.186675
280.247802734375, -0.060842
280.277587890625, -0.102787
280.3076171875, -0.018898
280.337646484375, -0.116768
280.36767578125, 0.016056
280.397705078125, 0.071981
280.427734375, 0.030037
280.457763671875, -0.03987
280.48779296875, -0.004917
280.517822265625, -0.095796
280.547607421875, 0.113926
280.57763671875, 0.009065
280.607666015625, 0.009065
280.6376953125, 0.058
280.667724609375, -0.095796
280.69775390625, 0.023046
280.727783203125, -0.004917
280.7578125, -0.032879
280.78759765625, 0.134898
280.817626953125, -0.13774
280.84765625, 0.099944
280.877685546875, 0.009065
280.90771484375, -0.004917
280.937744140625, 0.197814
280.9677734375, 0.085963
280.997802734375, -0.032879
281.027587890625, 0.148879
281.0576171875, -0.032879
281.087646484375, 0.099944
281.11767578125, 0.030037
281.147705078125, -0.004917
281.177734375, 0.030037
281.207763671875, 0.037028
281.23779296875, 0.016056
281.267822265625, -0.032879
281.297607421875, -0.053852
281.32763671875, 0.092954
281.357666015625, 0.002074
281.3876953125, 0.092954
281.417724609375, 0.044018
281.44775390625, -0.060842
281.477783203125, 0.141889
281.5078125, -0.088805
281.53759765625, 0.030037
281.567626953125, 0.085963
281.59765625, 0.113926
281.627685546875, -0.067833
281.65771484375, -0.060842
281.687744140625, -0.151722
281.7177734375, -0.032879
281.747802734375, -0.123759
281.77783203125, 0.016056
281.8076171875, -0.060842
281.837646484375, 0.071981
281.86767578125, 0.023046
281.897705078125, -0.046861
281.927734375, 0.037028
281.957763671875, -0.046861
281.98779296875, -0.025889
282.017822265625, -0.116768
282.047607421875, -0.095796
282.07763671875, 0.078972
282.107666015625, 0.030037
282.1376953125, 0.023046
282.167724609375, 0.085963
282.19775390625, 0.023046
282.227783203125, -0.018898
282.2578125, 0.016056
282.287841796875, -0.067833
282.317626953125, -0.123759
282.34765625, -0.011907
282.377685546875, 0.106935
282.40771484375, -0.088805
282.437744140625, 0.092954
282.4677734375, 0.037028
282.497802734375, 0.099944
282.52783203125, -0.081815
282.5576171875, 0.071981
282.587646484375, -0.004917
282.61767578125, -0.03987
282.647705078125, 0.078972
282.677734375, -0.004917
282.707763671875, -0.025889
282.73779296875, -0.032879
282.767822265625, -0.032879
282.797607421875, 0.099944
282.82763671875, 0.078972
282.857666015625, 0.016056
282.8876953125, 0.002074
282.917724609375, 0.085963
282.94775390625, 0.148879
282.977783203125, -0.03987
283.0078125, -0.053852
283.037841796875, 0.037028
283.067626953125, 0.044018
283.09765625, 0.127907
283.127685546875, -0.025889
283.15771484375, -0.067833
283.187744140625, -0.046861
283.2177734375, -0.03987
283.247802734375, 0.058
283.27783203125, -0.053852
283.3076171875, -0.102787
283.337646484375, 0.044018
283.36767578125, -0.032879
283.397705078125, 0.044018
283.427734375, -0.03987
283.457763671875, 0.085963
283.48779296875, 0.030037
283.517822265625, 0.058
283.5478515625, 0.051009
283.57763671875, 0.037028
283.607666015625, -0.046861
283.6376953125, 0.078972
283.667724609375, -0.032879
283.69775390625, -0.011907
283.727783203125, 0.078972
283.7578125, 0.099944
283.787841796875, 0.071981
283.817626953125, 0.085963
283.84765625, -0.067833
283.877685546875, 0.120916
283.90771484375, -0.102787
283.937744140625, 0.113926
283.9677734375, 0.002074
283.997802734375, -0.081815
284.02783203125, 0.051009
284.0576171875, -0.025889
284.087646484375, -0.046861
284.11767578125, -0.095796
284.147705078125, -0.025889
284.177734375, 0.099944
284.207763671875, 0.078972
284.23779296875, -0.046861
284.267822265625, 0.085963
284.2978515625, 0.058
284.32763671875, 0.078972
284.357666015625, -0.074824
284.3876953125, 0.092954
284.417724609375, -0.032879
284.44775390625, -0.13075
284.477783203125, -0.004917
284.5078125, -0.060842
284.537841796875, 0.016056
284.567626953125, 0.037028
284.59765625, -0.011907
284.627685546875, -0.053852
284.65771484375, 0.023046
284.687744140625, 0.009065
284.7177734375, 0.016056
284.747802734375, -0.074824
284.77783203125, -0.081815
284.807861328125, 0.030037
284.837646484375, 0.071981
284.86767578125, 0.113926
284.897705078125, -0.004917
284.927734375, -0.095796
284.957763671875, -0.046861
284.98779296875, 0.009065
285.017822265625, 0.058
285.0478515625, 0.044018
285.07763671875, 0.071981
285.107666015625, -0.095796
285.1376953125, 0.016056
285.167724609375, -0.088805
285.19775390625, 0.078972
285.227783203125, 0.044018
285.2578125, -0.095796
285.287841796875, 0.044018
285.31787109375, -0.095796
285.34765625, 0.099944
285.377685546875, -0.032879
285.40771484375, 0.218787
285.437744140625, 0.058
285.4677734375, -0.053852
285.497802734375, 0.078972
285.52783203125, -0.032879
285.557861328125, -0.046861
285.587646484375, -0.032879
285.61767578125, 0.099944
285.647705078125, -0.046861
285.677734375, -0.025889
285.707763671875, 0.009065
285.73779296875, 0.002074
285.767822265625, -0.102787
285.7978515625, -0.011907
285.82763671875, -0.158712
285.857666015625, 0.106935
285.8876953125, -0.074824
285.917724609375, -0.032879
285.94775390625, -0.032879
285.977783203125, 0.037028
286.0078125, 0.085963
286.037841796875, -0.179685
286.06787109375, -0.018898
286.09765625, -0.018898
286.127685546875, -0.074824
286.15771484375, -0.011907
286.187744140625, 0.085963
286.2177734375, -0.032879
286.247802734375, -0.011907
286.27783203125, -0.088805
286.307861328125, -0.095796
286.337646484375, 0.071981
286.36767578125, 0.030037
286.397705078125, 0.030037
286.427734375, -0.060842
286.457763671875, -0.018898
286.48779296875, 0.064991
286.517822265625, -0.13075
286.5478515625, -0.165703
286.577880859375, 0.099944
286.607666015625, 0.037028
286.6376953125, -0.046861
286.667724609375, -0.025889
286.69775390625, 0.134898
286.727783203125, -0.025889
286.7578125, 0.099944
286.787841796875, 0.085963
286.81787109375, -0.081815
286.84765625, 0.148879
286.877685546875, 0.051009
286.90771484375, 0.044018
286.937744140625, 0.030037
286.9677734375, -0.053852
286.997802734375, -0.060842
287.02783203125, -0.095796
287.057861328125, 0.002074
287.087890625, 0.058
287.11767578125, 0.071981
287.147705078125, -0.123759
287.177734375, -0.067833
287.207763671875, 0.044018
287.23779296875, -0.032879
287.267822265625, 0.030037
287.2978515625, 0.120916
287.327880859375, -0.032879
287.357666015625, 0.113926
287.3876953125, -0.018898
287.417724609375, -0.046861
287.44775390625, 0.030037
287.477783203125, 0.030037
287.5078125, -0.046861
287.537841796875, 0.071981
287.56787109375, 0.092954
287.59765625, -0.102787
287.627685546875, -0.032879
287.65771484375, -0.102787
287.687744140625, 0.106935
287.7177734375, 0.176842
287.747802734375, 0.037028
287.77783203125, 0.016056
287.807861328125, 0.058
287.837890625, -0.151722
287.86767578125, -0.046861
287.897705078125, -0.032879
287.927734375, 0.002074
287.957763671875, -0.03987
287.98779296875, 0.037028
288.017822265625, -0.011907
288.0478515625, -0.03987
288.077880859375, 0.051009
288.107666015625, -0.067833
288.1376953125, -0.004917
288.167724609375, 0.141889
288.19775390625, 0.037028
288.227783203125, 0.016056
288.2578125, -0.158712
288.287841796875, -0.074824
288.31787109375, 0.051009
288.347900390625, -0.011907
288.377685546875, 0.037028
288.40771484375, -0.018898
288.437744140625, 0.071981
288.4677734375, -0.067833
288.497802734375, 0.064991
288.52783203125, -0.207648
288.557861328125, -0.123759
288.587890625, -0.081815
288.61767578125, -0.025889
288.647705078125, -0.011907
288.677734375, 0.016056
288.707763671875, -0.018898
288.73779296875, -0.046861
288.767822265625, 0.023046
288.7978515625, 0.071981
288.827880859375, -0.011907
288.857666015625, 0.085963
288.8876953125, 0.030037
288.917724609375, 0.099944
288.94775390625, -0.081815
288.977783203125, 0.002074
289.0078125, -0.046861
289.037841796875, 0.141889
289.06787109375, 0.176842
289.097900390625, -0.053852
289.127685546875, -0.025889
289.15771484375, -0.046861
289.187744140625, -0.088805
289.2177734375, 0.016056
289.247802734375, -0.123759
289.27783203125, 0.127907
289.307861328125, -0.067833
289.337890625, -0.004917
289.36767578125, -0.095796
289.397705078125, -0.004917
289.427734375, -0.011907
289.457763671875, 0.099944
289.48779296875, -0.172694
289.517822265625, -0.074824
289.5478515625, 0.190824
289.577880859375, 0.051009
289.60791015625, -0.011907
289.6376953125, -0.123759
289.667724609375, 0.078972
289.69775390625, 0.044018
289.727783203125, -0.053852
289.7578125, -0.011907
289.787841796875, 0.009065
289.81787109375, 0.099944
289.847900390625, 0.134898
289.877685546875, -0.011907
289.90771484375, -0.011907
289.937744140625, 0.064991
289.9677734375, -0.186675
289.997802734375, 0.016056
290.02783203125, -0.004917
290.057861328125, -0.004917
290.087890625, -0.032879
290.117919921875, 0.002074
290.147705078125, 0.092954
290.177734375, 0.051009
290.207763671875, -0.025889
290.23779296875, -0.151722
290.267822265625, -0.018898
290.2978515625, 0.009065
290.327880859375, 0.120916
290.35791015625, 0.016056
290.3876953125, -0.032879
290.417724609375, -0.025889
290.44775390625, 0.141889
290.477783203125, -0.018898
290.5078125, -0.081815
290.537841796875, -0.095796
290.56787109375, 0.064991
290.597900390625, -0.011907
290.627685546875, -0.025889
290.65771484375, -0.032879
290.687744140625, 0.030037
290.7177734375, 0.078972
290.747802734375, 0.120916
290.77783203125, 0.044018
290.807861328125, -0.053852
290.837890625, 0.016056
290.867919921875, 0.016056
290.897705078125, -0.102787
290.927734375, 0.064991
290.957763671875, 0.009065
290.98779296875, -0.018898
291.017822265625, 0.148879
291.0478515625, 0.016056
291.077880859375, -0.13774
291.10791015625, 0.016056
291.1376953125, 0.037028
291.167724609375, -0.025889
291.19775390625, 0.037028
291.227783203125, 0.051009
291.2578125, -0.004917
291.287841796875, -0.032879
291.31787109375, 0.009065
291.347900390625, -0.13075
291.3779296875, -0.116768
291.40771484375, 0.030037
291.437744140625, 0.051009
291.4677734375, -0.004917
291.497802734375, -0.088805
291.52783203125, -0.067833
291.557861328125, 0.085963
291.587890625, -0.025889
291.617919921875, 0.085963
291.647705078125, 0.058
291.677734375, 0.141889
291.707763671875, -0.018898
291.73779296875, 0.030037
291.767822265625, 0.002074
291.7978515625, -0.046861
291.827880859375, -0.060842
291.85791015625, 0.071981
291.8876953125, -0.060842
291.917724609375, -0.004917
291.94775390625, -0.046861
291.977783203125, -0.13774
292.0078125, -0.004917
292.037841796875, -0.032879
292.06787109375, 0.051009
292.097900390625, 0.023046
292.1279296875, -0.172694
292.15771484375, -0.011907
292.187744140625, -0.095796
292.2177734375, 0.078972
292.247802734375, -0.03987
292.27783203125, 0.016056
292.307861328125, 0.030037
292.337890625, 0.009065
292.367919921875, 0.120916
292.397705078125, -0.067833
292.427734375, -0.018898
292.457763671875, -0.03987
292.48779296875, 0.023046
292.517822265625, 0.058
292.5478515625, 0.058
292.577880859375, 0.051009
292.60791015625, 0.058
292.637939453125, -0.046861
292.667724609375, 0.044018
292.69775390625, -0.011907
292.727783203125, -0.060842
292.7578125, 0.009065
292.787841796875, 0.051009
292.81787109375, 0.085963
292.847900390625, 0.030037
292.8779296875, -0.053852
292.90771484375, -0.032879
292.937744140625, 0.058
292.9677734375, 0.120916
292.997802734375, 0.030037
293.02783203125, 0.085963
293.057861328125, 0.120916
293.087890625, -0.179685
293.117919921875, -0.03987
293.14794921875, 0.044018
293.177734375, -0.025889
293.207763671875, -0.032879
293.23779296875, -0.053852
293.267822265625, -0.018898
293.2978515625, 0.120916
293.327880859375, 0.016056
293.35791015625, -0.102787
293.387939453125, -0.13075
293.417724609375, -0.046861
293.44775390625, 0.071981
293.477783203125, 0.106935
293.5078125, 0.002074
293.537841796875, -0.123759
293.56787109375, -0.060842
293.597900390625, 0.051009
293.6279296875, -0.074824
293.65771484375, 0.120916
293.687744140625, -0.046861
293.7177734375, 0.044018
293.747802734375, 0.071981
293.77783203125, -0.011907
293.807861328125, -0.081815
293.837890625, 0.002074
293.867919921875, 0.030037
293.89794921875, -0.025889
293.927734375, 0.092954
293.957763671875, 0.051009
293.98779296875, -0.032879
294.017822265625, -0.13075
294.0478515625, -0.081815
294.077880859375, 0.002074
294.10791015625, 0.071981
294.137939453125, -0.060842
294.167724609375, -0.011907
294.19775390625, 0.078972
294.227783203125, 0.092954
294.2578125, 0.051009
294.287841796875, -0.074824
294.31787109375, 0.037028
294.347900390625, -0.067833
294.3779296875, -0.025889
294.407958984375, -0.004917
294.437744140625, -0.067833
294.4677734375, 0.037028
294.497802734375, 0.120916
294.52783203125, 0.078972
294.557861328125, 0.016056
294.587890625, 0.127907
294.617919921875, 0.064991
294.64794921875, -0.011907
294.677734375, 0.106935
294.707763671875, -0.060842
294.73779296875, 0.023046
294.767822265625, -0.074824
294.7978515625, 0.071981
294.827880859375, 0.016056
294.85791015625, -0.095796
294.887939453125, -0.011907
294.91796875, 0.078972
294.94775390625, -0.060842
294.977783203125, 0.023046
295.0078125, -0.102787
295.037841796875, 0.002074
295.06787109375, -0.116768
295.097900390625, -0.025889
295.1279296875, -0.03987
295.157958984375, -0.088805
295.187744140625, 0.113926
295.2177734375, -0.011907
295.247802734375, -0.060842
295.27783203125, 0.009065
295.307861328125, 0.141889
295.337890625, 0.134898
295.367919921875, 0.044018
295.39794921875, 0.064991
295.427734375, 0.064991
295.457763671875, 0.113926
295.48779296875, 0.120916
295.517822265625, -0.046861
295.5478515625, 0.120916
295.577880859375, -0.053852
295.60791015625, 0.016056
295.637939453125, 0.009065
295.66796875, 0.099944
295.69775390625, 0.058
295.727783203125, 0.030037
295.7578125, 0.106935
295.787841796875, 0.009065
295.81787109375, -0.03987
295.847900390625, 0.197814
295.8779296875, -0.067833
295.907958984375, -0.018898
295.937744140625, 0.085963
295.9677734375, -0.102787
295.997802734375, -0.081815
296.02783203125, -0.095796
296.057861328125, 0.071981
296.087890625, -0.03987
296.117919921875, 0.120916
296.14794921875, 0.148879
296.177978515625, 0.092954
296.207763671875, 0.037028
296.23779296875, -0.011907
296.267822265625, -0.025889
296.2978515625, 0.002074
296.327880859375, 0.044018
296.35791015625, -0.011907
296.387939453125, -0.004917
296.41796875, 0.085963
296.44775390625, 0.002074
296.477783203125, 0.078972
296.5078125, 0.064991
296.537841796875, 0.092954
296.56787109375, -0.03987
296.597900390625, 0.141889
296.6279296875, -0.067833
296.657958984375, -0.060842
296.687744140625, 0.058
296.7177734375, -0.123759
296.747802734375, 0.030037
296.77783203125, 0.051009
296.807861328125, 0.044018
296.837890625, 0.071981
296.867919921875, 0.071981
296.89794921875, -0.03987
296.927978515625, 0.218787
296.957763671875, -0.046861
296.98779296875, 0.002074
297.017822265625, 0.051009
297.0478515625, 0.002074
297.077880859375, -0.018898
297.10791015625, 0.016056
297.137939453125, -0.025889
297.16796875, 0.058
297.19775390625, 0.092954
297.227783203125, 0.113926
297.2578125, 0.023046
297.287841796875, -0.004917
297.31787109375, -0.011907
297.347900390625, 0.148879
297.3779296875, 0.016056
297.407958984375, -0.144731
297.43798828125, -0.095796
297.4677734375, 0.009065
297.497802734375, -0.046861
297.52783203125, -0.116768
297.557861328125, -0.074824
297.587890625, 0.176842
297.617919921875, 0.058
297.64794921875, -0.060842
297.677978515625, -0.053852
297.707763671875, 0.051009
297.73779296875, -0.046861
297.767822265625, 0.037028
297.7978515625, 0.002074
297.827880859375, 0.037028
297.85791015625, -0.046861
297.887939453125, 0.064991
297.91796875, -0.011907
297.947998046875, -0.095796
297.977783203125, -0.102787
298.0078125, 0.002074
298.037841796875, 0.058
298.06787109375, -0.011907
298.097900390625, 0.064991
298.1279296875, 0.037028
298.157958984375, 0.051009
298.18798828125, 0.016056
298.2177734375, -0.032879
298.247802734375, 0.002074
298.27783203125, -0.053852
298.307861328125, -0.109777
298.337890625, 0.058
298.367919921875, 0.002074
298.39794921875, -0.032879
298.427978515625, 0.099944
298.457763671875, -0.011907
298.48779296875, 0.071981
298.517822265625, -0.03987
298.5478515625, -0.004917
298.577880859375, -0.088805
298.60791015625, 0.002074
298.637939453125, 0.113926
298.66796875, 0.078972
298.697998046875, -0.032879
298.727783203125, 0.016056
298.7578125, -0.03987
298.787841796875, 0.064991
298.81787109375, -0.03987
298.847900390625, -0.011907
298.8779296875, 0.148879
298.907958984375, 0.016056
298.93798828125, -0.088805
298.9677734375, -0.053852
298.997802734375, -0.046861
299.02783203125, 0.002074
299.057861328125, 0.030037
299.087890625, -0.088805
299.117919921875, 0.023046
299.14794921875, 0.023046
299.177978515625, 0.169852
299.2080078125, 0.078972
299.23779296875, -0.018898
299.267822265625, -0.060842
299.2978515625, 0.016056
299.327880859375, 0.037028
299.35791015625, 0.064991
299.387939453125, 0.169852
299.41796875, 0.009065
299.447998046875, -0.13774
299.477783203125, -0.067833
299.5078125, -0.011907
299.537841796875, -0.046861
299.56787109375, 0.092954
299.597900390625, -0.053852
299.6279296875, 0.106935
299.657958984375, 0.085963
299.68798828125, 0.030037
299.7177734375, 0.078972
299.747802734375, 0.023046
299.77783203125, -0.025889
299.807861328125, 0.016056
299.837890625, 0.002074
299.867919921875, -0.046861
299.89794921875, -0.025889
299.927978515625, 0.009065
299.9580078125, -0.025889
299.98779296875, -0.011907
300.017822265625, -0.095796
300.0478515625, -0.123759
300.077880859375, 0.058
300.10791015625, 0.099944
300.137939453125, -0.004917
300.16796875, -0.018898
300.197998046875, -0.025889
300.227783203125, 0.030037
300.2578125, 0.044018
300.287841796875, -0.123759
300.31787109375, -0.095796
300.347900390625, 0.051009
300.3779296875, 0.071981
300.407958984375, -0.151722
300.43798828125, -0.109777
300.468017578125, -0.018898
300.497802734375, 0.099944
300.52783203125, -0.011907
300.557861328125, -0.025889
300.587890625, -0.053852
300.617919921875, -0.081815
300.64794921875, -0.053852
300.677978515625, 0.071981
300.7080078125, 0.023046
300.73779296875, 0.030037
300.767822265625, 0.002074
300.7978515625, -0.03987
300.827880859375, 0.064991
300.85791015625, -0.081815
300.887939453125, -0.109777
300.91796875, 0.127907
300.947998046875, -0.116768
300.97802734375, 0.009065
301.0078125, 0.037028
301.037841796875, 0.009065
301.06787109375, 0.002074
301.097900390625, -0.018898
301.1279296875, 0.15587
301.157958984375, 0.030037
301.18798828125, -0.060842
301.218017578125, -0.025889
301.247802734375, 0.002074
301.27783203125, -0.004917
301.307861328125, -0.032879
301.337890625, 0.113926
301.367919921875, 0.078972
301.39794921875, 0.051009
301.427978515625, -0.067833
301.4580078125, -0.102787
301.48779296875, -0.053852
301.517822265625, 0.064991
301.5478515625, 0.148879
301.577880859375, -0.060842
301.60791015625, -0.109777
301.637939453125, 0.064991
301.66796875, -0.004917
301.697998046875, -0.081815
301.72802734375, 0.085963
301.7578125, -0.095796
301.787841796875, -0.102787
301.81787109375, 0.037028
301.847900390625, 0.051009
301.8779296875, 0.051009
301.907958984375, 0.002074
301.93798828125, 0.044018
301.968017578125, -0.067833
301.997802734375, 0.058
302.02783203125, 0.051009
302.057861328125, -0.025889
302.087890625, 0.030037
302.117919921875, -0.018898
302.14794921875, -0.067833
302.177978515625, 0.037028
302.2080078125, 0.071981
302.238037109375, 0.044018
302.267822265625, -0.123759
302.2978515625, -0.109777
302.327880859375, -0.004917
302.35791015625, 0.016056
302.387939453125, -0.018898
302.41796875, 0.092954
302.447998046875, -0.032879
302.47802734375, 0.064991
302.5078125, 0.078972
302.537841796875, 0.099944
302.56787109375, 0.023046
302.597900390625, -0.032879
302.6279296875, 0.092954
302.657958984375, 0.051009
302.68798828125, 0.058
302.718017578125, 0.051009
302.748046875, 0.169852
302.77783203125, -0.053852
302.807861328125, 0.002074
302.837890625, -0.116768
302.867919921875, 0.044018
302.89794921875, 0.009065
302.927978515625, -0.081815
302.9580078125, 0.15587
302.988037109375, 0.225777
303.017822265625, -0.144731
303.0478515625, 0.141889
303.077880859375, 0.030037
303.10791015625, -0.074824
303.137939453125, 0.037028
303.16796875, -0.123759
303.197998046875, 0.030037
303.22802734375, 0.106935
303.2578125, 0.099944
303.287841796875, -0.074824
303.31787109375, 0.15587
303.347900390625, 0.002074
303.3779296875, 0.051009
303.407958984375, 0.044018
303.43798828125, 0.023046
303.468017578125, 0.016056
303.498046875, 0.023046
303.52783203125, -0.032879
303.557861328125, 0.002074
303.587890625, 0.120916
303.617919921875, 0.106935
303.64794921875, 0.009065
303.677978515625, -0.067833
303.7080078125, 0.023046
303.738037109375, -0.018898
303.767822265625, -0.032879
303.7978515625, -0.081815
303.827880859375, -0.081815
303.85791015625, -0.03987
303.887939453125, 0.016056
303.91796875, -0.123759
303.947998046875, -0.018898
303.97802734375, 0.009065
304.008056640625, 0.085963
304.037841796875, 0.044018
304.06787109375, 0.071981
304.097900390625, -0.018898
304.1279296875, -0.018898
304.157958984375, 0.190824
304.18798828125, 0.051009
304.218017578125, 0.099944
304.248046875, -0.011907
304.27783203125, -0.025889
304.307861328125, -0.067833
304.337890625, 0.051009
304.367919921875, 0.051009
304.39794921875, 0.016056
304.427978515625, -0.060842
304.4580078125, 0.051009
304.488037109375, -0.032879
304.517822265625, 0.051009
304.5478515625, -0.060842
304.577880859375, 0.037028
304.60791015625, 0.148879
304.637939453125, 0.002074
304.66796875, -0.03987
304.697998046875, 0.092954
304.72802734375, -0.004917
304.758056640625, -0.046861
304.787841796875, -0.03987
304.81787109375, 0.190824
304.847900390625, 0.141889
304.8779296875, 0.023046
304.907958984375, 0.016056
304.93798828125, 0.071981
304.968017578125, 0.016056
304.998046875, -0.004917
305.02783203125, -0.067833
305.057861328125, -0.03987
305.087890625, -0.102787
305.117919921875, 0.037028
305.14794921875, 0.002074
305.177978515625, 0.023046
305.2080078125, 0.030037
305.238037109375, -0.151722
305.26806640625, 0.030037
305.2978515625, 0.113926
305.327880859375, -0.004917
305.35791015625, -0.060842
305.387939453125, 0.023046
305.41796875, -0.060842
305.447998046875, 0.023046
305.47802734375, 0.037028
305.508056640625, -0.067833
305.537841796875, -0.053852
305.56787109375, 0.030037
305.597900390625, -0.060842
305.6279296875, 0.058
305.657958984375, -0.046861
305.68798828125, 0.023046
305.718017578125, 0.002074
305.748046875, -0.046861
305.778076171875, -0.018898
305.807861328125, 0.030037
305.837890625, -0.053852
305.867919921875, 0.037028
305.89794921875, -0.032879
305.927978515625, 0.051009
305.9580078125, 0.092954
305.988037109375, -0.060842
306.01806640625, -0.018898
306.0478515625, 0.002074
306.077880859375, 0.023046
306.10791015625, 0.092954
306.137939453125, -0.004917
306.16796875, 0.071981
306.197998046875, 0.058
306.22802734375, 0.037028
306.258056640625, 0.037028
306.287841796875, 0.232768
306.31787109375, -0.060842
306.347900390625, 0.064991
306.3779296875, -0.053852
306.407958984375, -0.074824
306.43798828125, 0.051009
306.468017578125, -0.018898
306.498046875, 0.058
306.528076171875, -0.102787
306.557861328125, 0.071981
306.587890625, -0.13075
306.617919921875, -0.053852
306.64794921875, 0.127907
306.677978515625, 0.169852
306.7080078125, -0.025889
306.738037109375, -0.03987
306.76806640625, -0.025889
306.7978515625, 0.030037
306.827880859375, 0.134898
306.85791015625, -0.011907
306.887939453125, 0.002074
306.91796875, 0.113926
306.947998046875, -0.004917
306.97802734375, 0.044018
307.008056640625, 0.078972
307.0380859375, 0.023046
307.06787109375, -0.025889
307.097900390625, 0.099944
307.1279296875, -0.095796
307.157958984375, 0.092954
307.18798828125, 0.051009
307.218017578125, 0.162861
307.248046875, 0.078972
307.278076171875, 0.071981
307.307861328125, -0.025889
307.337890625, 0.009065
307.367919921875, -0.025889
307.39794921875, -0.067833
307.427978515625, 0.023046
307.4580078125, -0.053852
307.488037109375, 0.037028
307.51806640625, -0.011907
307.5478515625, 0.023046
307.577880859375, 0.120916
307.60791015625, -0.011907
307.637939453125, 0.113926
307.66796875, 0.009065
307.697998046875, 0.085963
307.72802734375, 0.113926
307.758056640625, -0.011907
307.7880859375, 0.016056
307.81787109375, -0.018898
307.847900390625, 0.023046
307.8779296875, 0.141889
307.907958984375, -0.060842
307.93798828125, 0.044018
307.968017578125, -0.025889
307.998046875, 0.016056
308.028076171875, -0.025889
308.057861328125, 0.085963
308.087890625, 0.092954
308.117919921875, -0.053852
308.14794921875, 0.078972
308.177978515625, -0.011907
308.2080078125, -0.004917
308.238037109375, -0.004917
308.26806640625, 0.113926
308.298095703125, 0.002074
308.327880859375, 0.023046
308.35791015625, 0.148879
308.387939453125, -0.109777
308.41796875, -0.004917
308.447998046875, 0.009065
308.47802734375, 0.009065
308.508056640625, 0.037028
308.5380859375, -0.060842
308.56787109375, 0.051009
308.597900390625, 0.044018
308.6279296875, -0.03987
308.657958984375, 0.016056
308.68798828125, -0.03987
308.718017578125, 0.023046
308.748046875, -0.102787
308.778076171875, 0.030037
308.80810546875, -0.018898
308.837890625, -0.158712
308.867919921875, -0.081815
308.89794921875, -0.046861
308.927978515625, 0.085963
308.9580078125, -0.025889
308.988037109375, -0.032879
309.01806640625, -0.025889
309.048095703125, 0.092954
309.077880859375, 0.002074
309.10791015625, -0.109777
309.137939453125, 0.030037
309.16796875, 0.023046
309.197998046875, -0.011907
309.22802734375, 0.044018
309.258056640625, -0.004917
309.2880859375, 0.051009
309.31787109375, 0.002074
309.347900390625, -0.03987
309.3779296875, -0.074824
309.407958984375, 0.064991
309.43798828125, -0.025889
309.468017578125, 0.044018
309.498046875, 0.099944
309.528076171875, -0.116768
309.55810546875, 0.016056
309.587890625, -0.095796
309.617919921875, -0.004917
309.64794921875, 0.044018
309.677978515625, 0.078972
309.7080078125, -0.004917
309.738037109375, -0.011907
309.76806640625, -0.060842
309.798095703125, 0.016056
309.827880859375, -0.025889
309.85791015625, 0.092954
309.887939453125, 0.023046
309.91796875, -0.046861
309.947998046875, 0.134898
309.97802734375, 0.002074
310.008056640625, 0.016056
310.0380859375, 0.030037
310.068115234375, -0.025889
310.097900390625, 0.051009
310.1279296875, -0.067833
310.157958984375, 0.120916
310.18798828125, 0.044018
310.218017578125, 0.071981
310.248046875, 0.023046
310.278076171875, -0.004917
310.30810546875, 0.002074
310.337890625, 0.051009
310.367919921875, 0.002074
310.39794921875, -0.060842
310.427978515625, 0.051009
310.4580078125, -0.074824
310.488037109375, -0.060842
310.51806640625, 0.064991
310.548095703125, 0.023046
310.578125, 0.197814
310.60791015625, 0.016056
310.637939453125, -0.081815
310.66796875, 0.016056
310.697998046875, -0.13774
310.72802734375, 0.030037
310.758056640625, 0.044018
310.7880859375, 0.064991
310.818115234375, 0.016056
310.847900390625, -0.03987
310.8779296875, -0.018898
310.907958984375, 0.044018
310.93798828125, -0.018898
310.968017578125, -0.011907
310.998046875, -0.025889
311.028076171875, -0.060842
311.05810546875, -0.018898
311.087890625, -0.025889
311.117919921875, -0.011907
311.14794921875, 0.099944
311.177978515625, 0.016056
311.2080078125, 0.044018
311.238037109375, 0.030037
311.26806640625, -0.060842
311.298095703125, 0.099944
311.328125, 0.016056
311.35791015625, -0.081815
311.387939453125, 0.051009
311.41796875, 0.148879
311.447998046875, -0.074824
311.47802734375, -0.004917
311.508056640625, -0.13075
311.5380859375, 0.023046
311.568115234375, 0.016056
311.597900390625, -0.011907
311.6279296875, -0.018898
311.657958984375, 0.127907
311.68798828125, 0.009065
311.718017578125, -0.018898
311.748046875, 0.058
311.778076171875, -0.123759
311.80810546875, -0.13774
311.838134765625, -0.025889
311.867919921875, 0.127907
311.89794921875, -0.151722
311.927978515625, -0.032879
311.9580078125, -0.03987
311.988037109375, 0.016056
312.01806640625, 0.058
312.048095703125, 0.023046
312.078125, -0.095796
312.10791015625, 0.002074
312.137939453125, -0.158712
312.16796875, -0.13774
312.197998046875, -0.053852
312.22802734375, -0.053852
312.258056640625, -0.025889
312.2880859375, 0.030037
312.318115234375, 0.002074
312.347900390625, 0.023046
312.3779296875, 0.162861
312.407958984375, 0.030037
312.43798828125, -0.060842
312.468017578125, 0.016056
312.498046875, 0.099944
312.528076171875, -0.095796
312.55810546875, 0.183833
312.588134765625, -0.032879
312.617919921875, 0.169852
312.64794921875, -0.018898
312.677978515625, 0.037028
312.7080078125, -0.151722
312.738037109375, -0.060842
312.76806640625, 0.064991
312.798095703125, -0.004917
312.828125, -0.025889
312.85791015625, 0.037028
312.887939453125, 0.113926
312.91796875, -0.095796
312.947998046875, 0.044018
312.97802734375, -0.032879
313.008056640625, 0.016056
313.0380859375, -0.018898
313.068115234375, -0.074824
313.09814453125, 0.037028
313.1279296875, 0.106935
313.157958984375, -0.081815
313.18798828125, 0.113926
313.218017578125, 0.058
313.248046875, 0.127907
313.278076171875, 0.002074
313.30810546875, -0.03987
313.338134765625, -0.074824
313.367919921875, -0.03987
313.39794921875, -0.004917
313.427978515625, -0.004917
313.4580078125, 0.002074
313.488037109375, 0.023046
313.51806640625, 0.009065
313.548095703125, 0.051009
313.578125, 0.044018
313.608154296875, 0.051009
313.637939453125, 0.016056
313.66796875, 0.134898
313.697998046875, -0.025889
313.72802734375, 0.030037
313.758056640625, 0.092954
313.7880859375, 0.023046
313.818115234375, 0.044018
313.84814453125, -0.053852
313.8779296875, -0.032879
313.907958984375, 0.141889
313.93798828125, -0.081815
313.968017578125, 0.148879
313.998046875, -0.116768
314.028076171875, -0.067833
314.05810546875, -0.060842
314.088134765625, -0.018898
314.117919921875, 0.044018
314.14794921875, 0.030037
314.177978515625, 0.064991
314.2080078125, 0.064991
314.238037109375, 0.030037
314.26806640625, 0.064991
314.298095703125, -0.053852
314.328125, 0.016056
314.358154296875, -0.067833
314.387939453125, 0.113926
314.41796875, 0.113926
314.447998046875, -0.004917
314.47802734375, 0.023046
314.508056640625, 0.044018
314.5380859375, 0.009065
314.568115234375, 0.023046
314.59814453125, 0.099944
314.6279296875, 0.162861
314.657958984375, 0.085963
314.68798828125, 0.078972
314.718017578125, 0.092954
314.748046875, 0.009065
314.778076171875, 0.15587
314.80810546875, 0.044018
314.838134765625, 0.106935
314.8681640625, -0.095796
314.89794921875, 0.197814
314.927978515625, -0.046861
314.9580078125, 0.030037
314.988037109375, 0.106935
315.01806640625, -0.046861
315.048095703125, 0.058
315.078125, 0.002074
315.108154296875, 0.064991
315.137939453125, -0.179685
315.16796875, -0.046861
315.197998046875, 0.044018
315.22802734375, 0.085963
315.258056640625, 0.051009
315.2880859375, 0.15587
315.318115234375, -0.067833
315.34814453125, -0.03987
315.378173828125, 0.071981
315.407958984375, 0.106935
315.43798828125, 0.037028
315.468017578125, 0.016056
315.498046875, -0.046861
315.528076171875, -0.116768
315.55810546875, 0.023046
315.588134765625, 0.078972
315.6181640625, 0.016056
315.64794921875, 0.058
315.677978515625, 0.051009
315.7080078125, -0.032879
315.738037109375, 0.071981
315.76806640625, 0.085963
315.798095703125, 0.099944
315.828125, 0.051009
315.858154296875, 0.078972
315.887939453125, 0.051009
315.91796875, 0.064991
315.947998046875, 0.058
315.97802734375, -0.025889
316.008056640625, 0.044018
316.0380859375, -0.018898
316.068115234375, -0.067833
316.09814453125, -0.165703
316.128173828125, 0.141889
316.157958984375, 0.037028
316.18798828125, 0.058
316.218017578125, -0.004917
316.248046875, 0.092954
316.278076171875, -0.046861
316.30810546875, 0.085963
316.338134765625, 0.127907
316.3681640625, 0.030037
316.39794921875, 0.106935
316.427978515625, 0.023046
316.4580078125, 0.030037
316.488037109375, 0.030037
316.51806640625, 0.002074
316.548095703125, -0.067833
316.578125, -0.032879
316.608154296875, 0.044018
316.63818359375, 0.009065
316.66796875, -0.067833
316.697998046875, 0.078972
316.72802734375, -0.060842
316.758056640625, 0.058
316.7880859375, 0.051009
316.818115234375, -0.011907
316.84814453125, 0.009065
316.878173828125, 0.044018
316.907958984375, -0.025889
316.93798828125, -0.060842
316.968017578125, -0.046861
316.998046875, 0.030037
317.028076171875, 0.141889
317.05810546875, 0.037028
317.088134765625, -0.074824
317.1181640625, 0.023046
317.14794921875, -0.123759
317.177978515625, 0.037028
317.2080078125, -0.053852
317.238037109375, -0.081815
317.26806640625, 0.078972
317.298095703125, -0.088805
317.328125, -0.060842
317.358154296875, 0.002074
317.38818359375, -0.03987
317.41796875, 0.162861
317.447998046875, -0.109777
317.47802734375, -0.025889
317.508056640625, -0.03987
317.5380859375, -0.011907
317.568115234375, -0.011907
317.59814453125, 0.023046
317.628173828125, -0.102787
317.657958984375, 0.071981
317.68798828125, 0.071981
317.718017578125, 0.058
317.748046875, 0.051009
317.778076171875, 0.044018
317.80810546875, 0.106935
317.838134765625, -0.03987
317.8681640625, -0.13774
317.898193359375, 0.071981
317.927978515625, 0.106935
317.9580078125, -0.067833
317.988037109375, -0.025889
318.01806640625, -0.025889
318.048095703125, 0.092954
318.078125, -0.03987
318.108154296875, 0.078972
318.13818359375, 0.120916
318.16796875, 0.085963
318.197998046875, 0.023046
318.22802734375, 0.064991
318.258056640625, 0.023046
318.2880859375, 0.218787
318.318115234375, -0.13774
318.34814453125, -0.032879
318.378173828125, -0.088805
318.408203125, -0.074824
318.43798828125, -0.011907
318.468017578125, -0.03987
318.498046875, 0.030037
318.528076171875, 0.190824
318.55810546875, 0.002074
318.588134765625, -0.074824
318.6181640625, 0.044018
318.648193359375, -0.067833
318.677978515625, -0.172694
318.7080078125, -0.088805
318.738037109375, -0.102787
318.76806640625, 0.058
318.798095703125, -0.060842
318.828125, -0.081815
318.858154296875, -0.032879
318.88818359375, -0.025889
318.91796875, 0.009065
318.947998046875, 0.092954
318.97802734375, -0.067833
319.008056640625, 0.078972
319.0380859375, 0.058
319.068115234375, 0.078972
319.09814453125, 0.051009
319.128173828125, -0.074824
319.158203125, -0.046861
319.18798828125, -0.018898
319.218017578125, 0.023046
319.248046875, 0.064991
319.278076171875, 0.002074
319.30810546875, -0.053852
319.338134765625, -0.046861
319.3681640625, 0.051009
319.398193359375, -0.011907
319.427978515625, -0.025889
319.4580078125, 0.071981
319.488037109375, 0.071981
319.51806640625, 0.085963
319.548095703125, 0.078972
319.578125, -0.004917
319.608154296875, 0.099944
319.63818359375, -0.123759
319.668212890625, -0.053852
319.697998046875, -0.102787
319.72802734375, 0.037028
319.758056640625, -0.060842
319.7880859375, 0.051009
319.818115234375, -0.004917
319.84814453125, 0.044018
319.878173828125, 0.051009
319.908203125, -0.102787
319.93798828125, -0.095796
319.968017578125, 0.009065
319.998046875, -0.074824
320.028076171875, 0.016056
320.05810546875, -0.144731
320.088134765625, -0.074824
320.1181640625, 0.058
320.148193359375, -0.053852
320.177978515625, -0.088805
320.2080078125, -0.13075
320.238037109375, -0.053852
320.26806640625, -0.060842
320.298095703125, -0.053852
320.328125, 0.127907
320.358154296875, 0.15587
320.38818359375, -0.018898
320.418212890625, -0.032879
320.447998046875, 0.064991
320.47802734375, -0.046861
320.508056640625, 0.051009
320.5380859375, 0.009065
320.568115234375, -0.046861
320.59814453125, 0.037028
320.628173828125, -0.095796
320.658203125, -0.060842
320.68798828125, -0.018898
320.718017578125, -0.102787
320.748046875, -0.067833
320.778076171875, -0.011907
320.80810546875, 0.099944
320.838134765625, 0.064991
320.8681640625, 0.064991
320.898193359375, -0.004917
320.92822265625, 0.030037
320.9580078125, 0.009065
320.988037109375, 0.030037
321.01806640625, 0.016056
321.048095703125, 0.016056
321.078125, 0.044018
321.108154296875, -0.046861
321.13818359375, -0.074824
321.168212890625, -0.046861
321.197998046875, 0.002074
321.22802734375, 0.064991
321.258056640625, -0.046861
321.2880859375, -0.081815
321.318115234375, -0.109777
321.34814453125, 0.085963
321.378173828125, 0.064991
321.408203125, -0.060842
321.438232421875, -0.060842
321.468017578125, -0.025889
321.498046875, 0.030037
321.528076171875, 0.106935
321.55810546875, -0.067833
321.588134765625, 0.037028
321.6181640625, 0.023046
321.648193359375, 0.106935
321.67822265625, -0.088805
321.7080078125, -0.193666
321.738037109375, -0.081815
321.76806640625, -0.011907
321.798095703125, 0.148879
321.828125, 0.030037
321.858154296875, -0.011907
321.88818359375, -0.095796
321.918212890625, -0.200657
321.947998046875, 0.051009
321.97802734375, -0.074824
322.008056640625, -0.032879
322.0380859375, -0.004917
322.068115234375, 0.058
322.09814453125, 0.085963
322.128173828125, -0.102787
322.158203125, 0.113926
322.188232421875, 0.071981
322.218017578125, -0.011907
322.248046875, 0.009065
322.278076171875, 0.051009
322.30810546875, -0.095796
322.338134765625, -0.004917
322.3681640625, 0.002074
322.398193359375, 0.030037
322.42822265625, 0.106935
322.4580078125, 0.127907
322.488037109375, 0.148879
322.51806640625, 0.016056
322.548095703125, 0.064991
322.578125, 0.058
322.608154296875, 0.023046
322.63818359375, -0.011907
322.668212890625, 0.162861
322.6982421875, 0.030037
322.72802734375, -0.03987
322.758056640625, 0.099944
322.7880859375, 0.037028
322.818115234375, -0.004917
322.84814453125, 0.120916
322.878173828125, 0.092954
322.908203125, 0.002074
322.938232421875, -0.032879
322.968017578125, -0.032879
322.998046875, -0.032879
323.028076171875, 0.071981
323.05810546875, -0.018898
323.088134765625, 0.078972
323.1181640625, 0.030037
323.148193359375, 0.162861
323.17822265625, -0.088805
323.208251953125, 0.023046
323.238037109375, -0.165703
323.26806640625, 0.044018
323.298095703125, -0.018898
323.328125, 0.030037
323.358154296875, 0.002074
323.38818359375, -0.004917
323.418212890625, 0.023046
323.4482421875, 0.099944
323.47802734375, -0.018898
323.508056640625, 0.051009
323.5380859375, -0.032879
323.568115234375, -0.060842
323.59814453125, 0.030037
323.628173828125, 0.051009
323.658203125, -0.004917
323.688232421875, 0.044018
323.718017578125, 0.169852
323.748046875, 0.190824
323.778076171875, 0.078972
323.80810546875, -0.067833
323.838134765625, -0.03987
323.8681640625, -0.011907
323.898193359375, -0.067833
323.92822265625, 0.044018
323.958251953125, -0.081815
323.988037109375, 0.044018
324.01806640625, 0.023046
324.048095703125, 0.058
324.078125, -0.053852
324.108154296875, 0.127907
324.13818359375, 0.023046
324.168212890625, 0.016056
324.1982421875, -0.207648
324.22802734375, 0.016056
324.258056640625, -0.109777
324.2880859375, -0.046861
324.318115234375, 0.037028
324.34814453125, 0.064991
324.378173828125, -0.046861
324.408203125, -0.053852
324.438232421875, 0.037028
324.46826171875, -0.186675
324.498046875, 0.044018
324.528076171875, 0.064991
324.55810546875, -0.03987
324.588134765625, -0.088805
324.6181640625, 0.051009
324.648193359375, -0.095796
324.67822265625, 0.071981
324.708251953125, 0.085963
324.738037109375, 0.106935
324.76806640625, -0.011907
324.798095703125, 0.002074
324.828125, -0.067833
324.858154296875, -0.186675
324.88818359375, 0.106935
324.918212890625, 0.197814
324.9482421875, 0.037028
324.97802734375, -0.011907
325.008056640625, -0.088805
325.0380859375, -0.03987
325.068115234375, 0.071981
325.09814453125, 0.099944
325.128173828125, 0.078972
325.158203125, -0.018898
325.188232421875, 0.085963
325.21826171875, 0.064991
325.248046875, 0.037028
325.278076171875, -0.116768
325.30810546875, -0.025889
325.338134765625, -0.088805
325.3681640625, 0.099944
325.398193359375, -0.004917
325.42822265625, -0.053852
325.458251953125, -0.109777
325.488037109375, -0.102787
325.51806640625, 0.113926
325.548095703125, 0.016056
325.578125, 0.106935
325.608154296875, 0.044018
325.63818359375, 0.037028
325.668212890625, 0.002074
325.6982421875, -0.046861
325.728271484375, 0.037028
325.758056640625, 0.009065
325.7880859375, -0.018898
325.818115234375, -0.032879
325.84814453125, 0.176842
325.878173828125, -0.025889
325.908203125, -0.046861
325.938232421875, -0.032879
325.96826171875, 0.037028
325.998046875, 0.044018
326.028076171875, 0.009065
326.05810546875, -0.053852
326.088134765625, 0.002074
326.1181640625, 0.064991
326.148193359375, 0.120916
326.17822265625, 0.092954
326.208251953125, 0.030037
326.23828125, -0.060842
326.26806640625, -0.060842
326.298095703125, 0.002074
326.328125, -0.018898
326.358154296875, -0.011907
326.38818359375, 0.002074
326.418212890625, 0.120916
326.4482421875, 0.078972
326.478271484375, -0.053852
326.508056640625, -0.179685
326.5380859375, 0.016056
326.568115234375, -0.032879
326.59814453125, 0.030037
326.628173828125, 0.016056
326.658203125, 0.071981
326.688232421875, 0.120916
326.71826171875, -0.011907
326.748046875, 0.106935
326.778076171875, -0.03987
326.80810546875, 0.058
326.838134765625, -0.060842
326.8681640625, -0.081815
326.898193359375, 0.127907
326.92822265625, -0.03987
326.958251953125, 0.016056
326.98828125, 0.099944
327.01806640625, -0.03987
327.048095703125, 0.044018
327.078125, 0.071981
327.108154296875, -0.032879
327.13818359375, -0.004917
327.168212890625, 0.134898
327.1982421875, -0.151722
327.228271484375, 0.037028
327.258056640625, 0.148879
327.2880859375, -0.03987
327.318115234375, 0.030037
327.34814453125, 0.044018
327.378173828125, -0.032879
327.408203125, 0.037028
327.438232421875, 0.030037
327.46826171875, 0.211796
327.498291015625, -0.011907
327.528076171875, 0.085963
327.55810546875, -0.088805
327.588134765625, -0.025889
327.6181640625, -0.011907
327.648193359375, -0.053852
327.67822265625, -0.011907
327.708251953125, -0.060842
327.73828125, 0.016056
327.76806640625, -0.060842
327.798095703125, 0.120916
327.828125, -0.004917
327.858154296875, 0.120916
327.88818359375, 0.023046
327.918212890625, -0.053852
327.9482421875, -0.081815
327.978271484375, -0.109777
328.008056640625, 0.176842
328.0380859375, 0.002074
328.068115234375, 0.044018
328.09814453125, 0.051009
328.128173828125, 0.120916
328.158203125, -0.053852
328.188232421875, 0.127907
328.21826171875, -0.018898
328.248291015625, -0.046861
328.278076171875, 0.009065
328.30810546875, 0.071981
328.338134765625, -0.025889
328.3681640625, -0.046861
328.398193359375, -0.004917
328.42822265625, 0.044018
328.458251953125, 0.016056
328.48828125, -0.067833
328.51806640625, -0.151722
328.548095703125, 0.009065
328.578125, 0.009065
328.608154296875, 0.030037
328.63818359375, -0.032879
328.668212890625, -0.088805
328.6982421875, -0.116768
328.728271484375, 0.085963
328.75830078125, -0.018898
328.7880859375, -0.03987
328.818115234375, 0.092954
328.84814453125, 0.016056
328.878173828125, 0.078972
328.908203125, -0.088805
328.938232421875, -0.074824
328.96826171875, -0.123759
328.998291015625, -0.011907
329.028076171875, 0.127907
329.05810546875, 0.085963
329.088134765625, 0.009065
329.1181640625, -0.032879
329.148193359375, 0.051009
329.17822265625, -0.032879
329.208251953125, -0.03987
329.23828125, -0.004917
329.268310546875, 0.085963
329.298095703125, -0.011907
329.328125, 0.030037
329.358154296875, -0.025889
329.38818359375, -0.074824
329.418212890625, -0.011907
329.4482421875, 0.002074
329.478271484375, 0.009065
329.50830078125, 0.134898
329.5380859375, -0.102787
329.568115234375, 0.009065
329.59814453125, 0.071981
329.628173828125, 0.002074
329.658203125, -0.053852
329.688232421875, -0.067833
329.71826171875, 0.120916
329.748291015625, -0.011907
329.778076171875, -0.011907
329.80810546875, -0.011907
329.838134765625, 0.023046
329.8681640625, 0.002074
329.898193359375, -0.13774
329.92822265625, 0.078972
329.958251953125, -0.032879
329.98828125, -0.074824
330.018310546875, 0.099944
330.048095703125, -0.053852
330.078125, 0.037028
330.108154296875, 0.002074
330.13818359375, 0.058
330.168212890625, 0.064991
330.1982421875, 0.058
330.228271484375, 0.051009
330.25830078125, -0.046861
330.2880859375, 0.058
330.318115234375, 0.009065
330.34814453125, 0.051009
330.378173828125, 0.092954
330.408203125, -0.011907
330.438232421875, 0.044018
330.46826171875, 0.051009
330.498291015625, 0.092954
330.5283203125, 0.009065
330.55810546875, -0.123759
330.588134765625, 0.002074
330.6181640625, -0.018898
330.648193359375, 0.002074
330.67822265625, -0.004917
330.708251953125, 0.016056
330.73828125, 0.148879
330.768310546875, 0.002074
330.798095703125, 0.002074
330.828125, 0.037028
330.858154296875, -0.03987
330.88818359375, -0.032879
330.918212890625, 0.030037
330.9482421875, -0.067833
330.978271484375, 0.051009
331.00830078125, -0.004917
331.038330078125, 0.002074
331.068115234375, -0.053852
331.09814453125, 0.092954
331.128173828125, 0.064991
331.158203125, -0.032879
331.188232421875, 0.141889
331.21826171875, 0.051009
331.248291015625, 0.002074
331.2783203125, -0.03987
331.30810546875, -0.046861
331.338134765625, 0.092954
331.3681640625, 0.113926
331.398193359375, 0.044018
331.42822265625, -0.053852
331.458251953125, 0.037028
331.48828125, 0.023046
331.518310546875, -0.032879
331.548095703125, -0.03987
331.578125, 0.044018
331.608154296875, -0.053852
331.63818359375, -0.032879
331.668212890625, 0.078972
331.6982421875, 0.106935
331.728271484375, -0.060842
331.75830078125, 0.064991
331.788330078125, 0.051009
331.818115234375, -0.081815
331.84814453125, -0.088805
331.878173828125, 0.002074
331.908203125, 0.044018
331.938232421875, 0.058
331.96826171875, -0.011907
331.998291015625, -0.088805
332.0283203125, -0.053852
332.05810546875, -0.018898
332.088134765625, -0.046861
332.1181640625, 0.002074
332.148193359375, 0.051009
332.17822265625, -0.025889
332.208251953125, 0.051009
332.23828125, 0.141889
332.268310546875, 0.085963
332.29833984375, 0.037028
332.328125, -0.081815
332.358154296875, 0.009065
332.38818359375, 0.162861
332.418212890625, -0.088805
332.4482421875, 0.009065
332.478271484375, 0.085963
332.50830078125, 0.044018
332.538330078125, -0.046861
332.568115234375, 0.092954
332.59814453125, 0.092954
332.628173828125, -0.053852
332.658203125, 0.030037
332.688232421875, 0.051009
332.71826171875, 0.099944
332.748291015625, -0.067833
332.7783203125, -0.011907
332.80810546875, -0.193666
332.838134765625, 0.183833
332.8681640625, -0.03987
332.898193359375, 0.023046
332.92822265625, -0.011907
332.958251953125, -0.004917
332.98828125, -0.025889
333.018310546875, -0.088805
333.04833984375, -0.081815
333.078125, -0.032879
333.108154296875, 0.030037
333.13818359375, 0.141889
333.168212890625, -0.123759
333.1982421875, 0.030037
333.228271484375, 0.030037
333.25830078125, -0.011907
333.288330078125, 0.009065
333.318115234375, 0.009065
333.34814453125, -0.032879
333.378173828125, 0.134898
333.408203125, 0.023046
333.438232421875, 0.127907
333.46826171875, 0.002074
333.498291015625, -0.018898
333.5283203125, 0.078972
333.558349609375, 0.023046
333.588134765625, -0.011907
333.6181640625, -0.032879
333.648193359375, -0.109777
333.67822265625, -0.03987
333.708251953125, -0.018898
333.73828125, 0.009065
333.768310546875, 0.078972
333.79833984375, 0.113926
333.828125, -0.102787
333.858154296875, 0.078972
333.88818359375, -0.011907
333.918212890625, -0.095796
333.9482421875, -0.032879
333.978271484375, -0.046861
334.00830078125, -0.011907
334.038330078125, -0.123759
334.068359375, 0.085963
334.09814453125, 0.078972
334.128173828125, 0.023046
334.158203125, -0.032879
334.188232421875, -0.018898
334.21826171875, -0.088805
334.248291015625, -0.018898
334.2783203125, 0.044018
334.308349609375, -0.074824
334.338134765625, 0.023046
334.3681640625, 0.016056
334.398193359375, 0.092954
334.42822265625, 0.092954
334.458251953125, -0.088805
334.48828125, 0.092954
334.518310546875, 0.071981
334.54833984375, -0.004917
334.578125, -0.032879
334.608154296875, -0.067833
334.63818359375, -0.074824
334.668212890625, 0.071981
334.6982421875, 0.016056
334.728271484375, -0.074824
334.75830078125, -0.144731
334.788330078125, 0.099944
334.818359375, 0.037028
334.84814453125, 0.030037
334.878173828125, -0.088805
334.908203125, -0.025889
334.938232421875, -0.060842
334.96826171875, -0.011907
334.998291015625, 0.085963
335.0283203125, -0.03987
335.058349609375, 0.037028
335.088134765625, 0.030037
335.1181640625, 0.002074
335.148193359375, -0.011907
335.17822265625, 0.085963
335.208251953125, 0.037028
335.23828125, -0.032879
335.268310546875, -0.067833
335.29833984375, 0.064991
335.328369140625, 0.016056
335.358154296875, 0.030037
335.38818359375, -0.067833
335.418212890625, 0.023046
335.4482421875, 0.078972
335.478271484375, -0.151722
335.50830078125, 0.009065
335.538330078125, 0.016056
335.568359375, 0.037028
335.59814453125, -0.074824
335.628173828125, 0.023046
335.658203125, 0.030037
335.688232421875, 0.058
335.71826171875, -0.081815
335.748291015625, -0.018898
335.7783203125, 0.092954
335.808349609375, 0.15587
335.838134765625, 0.009065
335.8681640625, 0.127907
335.898193359375, 0.058
335.92822265625, 0.085963
335.958251953125, 0.058
335.98828125, -0.081815
336.018310546875, -0.004917
336.04833984375, 0.085963
336.078369140625, 0.141889
336.108154296875, -0.067833
336.13818359375, -0.193666
336.168212890625, 0.016056
336.1982421875, 0.134898
336.228271484375, 0.002074
336.25830078125, 0.092954
336.288330078125, 0.141889
336.318359375, 0.030037
336.34814453125, 0.099944
336.378173828125, 0.023046
336.408203125, -0.081815
336.438232421875, -0.081815
336.46826171875, -0.074824
336.498291015625, -0.102787
336.5283203125, -0.03987
336.558349609375, 0.092954
336.58837890625, 0.009065
336.6181640625, 0.009065
336.648193359375, -0.060842
336.67822265625, -0.081815
336.708251953125, -0.081815
336.73828125, -0.046861
336.768310546875, -0.074824
336.79833984375, -0.03987
336.828369140625, -0.060842
336.858154296875, 0.099944
336.88818359375, 0.016056
336.918212890625, 0.064991
336.9482421875, 0.113926
336.978271484375, 0.141889
337.00830078125, 0.099944
337.038330078125, -0.011907
337.068359375, -0.102787
337.098388671875, 0.127907
337.128173828125, 0.085963
337.158203125, 0.092954
337.188232421875, -0.067833
337.21826171875, 0.023046
337.248291015625, 0.134898
337.2783203125, 0.037028
337.308349609375, -0.018898
337.33837890625, -0.025889
337.3681640625, -0.13774
337.398193359375, 0.058
337.42822265625, -0.025889
337.458251953125, -0.060842
337.48828125, 0.016056
337.518310546875, 0.113926
337.54833984375, 0.023046
337.578369140625, 0.044018
337.608154296875, -0.102787
337.63818359375, 0.162861
337.668212890625, 0.051009
337.6982421875, 0.009065
337.728271484375, 0.044018
337.75830078125, -0.081815
337.788330078125, -0.025889
337.818359375, -0.067833
337.848388671875, 0.162861
337.878173828125, -0.046861
337.908203125, 0.016056
337.938232421875, -0.116768
337.96826171875, 0.002074
337.998291015625, -0.03987
338.0283203125, -0.088805
338.058349609375, 0.009065
338.08837890625, -0.060842
338.1181640625, -0.011907
338.148193359375, 0.030037
338.17822265625, 0.023046
338.208251953125, 0.127907
338.23828125, 0.064991
338.268310546875, -0.088805
338.29833984375, -0.067833
338.328369140625, -0.004917
338.3583984375, 0.085963
338.38818359375, 0.030037
338.418212890625, 0.009065
338.4482421875, 0.085963
338.478271484375, 0.009065
338.50830078125, 0.009065
338.538330078125, 0.106935
338.568359375, -0.214638
338.598388671875, 0.071981
338.628173828125, -0.081815
338.658203125, -0.095796
338.688232421875, -0.074824
338.71826171875, 0.071981
338.748291015625, 0.127907
338.7783203125, -0.018898
338.808349609375, 0.023046
338.83837890625, 0.037028
338.868408203125, 0.044018
338.898193359375, 0.106935
338.92822265625, 0.044018
338.958251953125, 0.078972
338.98828125, 0.016056
339.018310546875, -0.158712
339.04833984375, 0.064991
339.078369140625, 0.071981
339.1083984375, 0.078972
339.13818359375, -0.025889
339.168212890625, -0.03987
339.1982421875, -0.004917
339.228271484375, 0.051009
339.25830078125, -0.081815
339.288330078125, -0.053852
339.318359375, 0.064991
339.348388671875, 0.085963
339.378173828125, -0.004917
339.408203125, -0.095796
339.438232421875, 0.120916
339.46826171875, 0.044018
339.498291015625, 0.085963
339.5283203125, 0.169852
339.558349609375, -0.060842
339.58837890625, -0.018898
339.618408203125, -0.03987
339.648193359375, 0.030037
339.67822265625, 0.085963
339.708251953125, -0.004917
339.73828125, 0.016056
339.768310546875, -0.025889
339.79833984375, -0.03987
339.828369140625, 0.009065
339.8583984375, -0.025889
339.88818359375, -0.074824
339.918212890625, 0.016056
339.9482421875, -0.03987
339.978271484375, -0.032879
340.00830078125, -0.060842
340.038330078125, 0.030037
340.068359375, -0.03987
340.098388671875, 0.058
340.12841796875, 0.064991
340.158203125, -0.025889
340.188232421875, -0.102787
340.21826171875, -0.03987
340.248291015625, 0.044018
340.2783203125, -0.032879
340.308349609375, -0.172694
340.33837890625, 0.044018
340.368408203125, -0.018898
340.398193359375, 0.016056
340.42822265625, 0.051009
340.458251953125, -0.032879
340.48828125, 0.064991
340.518310546875, 0.030037
340.54833984375, 0.106935
340.578369140625, -0.081815
340.6083984375, 0.113926
340.63818359375, -0.046861
340.668212890625, 0.037028
340.6982421875, 0.071981
340.728271484375, -0.053852
340.75830078125, -0.004917
340.788330078125, -0.032879
340.818359375, 0.183833
340.848388671875, -0.053852
340.87841796875, -0.053852
340.908203125, 0.023046
340.938232421875, 0.113926
340.96826171875, 0.099944
340.998291015625, 0.002074
341.0283203125, -0.046861
341.058349609375, -0.004917
341.08837890625, -0.032879
341.118408203125, 0.016056
341.148193359375, -0.032879
341.17822265625, 0.071981
341.208251953125, -0.046861
341.23828125, -0.067833
341.268310546875, -0.060842
341.29833984375, -0.067833
341.328369140625, -0.088805
341.3583984375, -0.011907
341.388427734375, -0.018898
341.418212890625, 0.162861
341.4482421875, 0.023046
341.478271484375, 0.051009
341.50830078125, 0.030037
341.538330078125, 0.016056
341.568359375, -0.011907
341.598388671875, 0.085963
341.62841796875, 0.002074
341.658203125, -0.03987
341.688232421875, -0.116768
341.71826171875, 0.030037
341.748291015625, -0.123759
341.7783203125, 0.037028
341.808349609375, 0.002074
341.83837890625, 0.085963
341.868408203125, 0.002074
341.8984375, -0.046861
341.92822265625, -0.03987
341.958251953125, -0.053852
341.98828125, 0.120916
342.018310546875, 0.023046
342.04833984375, -0.032879
342.078369140625, -0.032879
342.1083984375, 0.058
342.138427734375, -0.074824
342.168212890625, -0.03987
342.1982421875, 0.176842
342.228271484375, -0.004917
342.25830078125, -0.025889
342.288330078125, 0.002074
342.318359375, 0.002074
342.348388671875, 0.023046
342.37841796875, -0.03987
342.408203125, -0.088805
342.438232421875, 0.099944
342.46826171875, 0.078972
342.498291015625, 0.051009
342.5283203125, 0.030037
342.558349609375, -0.046861
342.58837890625, -0.053852
342.618408203125, 0.030037
342.6484375, 0.134898
342.67822265625, 0.134898
342.708251953125, 0.141889
342.73828125, -0.018898
342.768310546875, -0.03987
342.79833984375, 0.085963
342.828369140625, -0.081815
342.8583984375, 0.016056
342.888427734375, 0.044018
342.918212890625, 0.037028
342.9482421875, 0.016056
342.978271484375, 0.009065
343.00830078125, -0.109777
343.038330078125, 0.064991
343.068359375, 0.002074
343.098388671875, -0.03987
343.12841796875, 0.127907
343.158447265625, -0.018898
343.188232421875, 0.009065
343.21826171875, 0.078972
343.248291015625, -0.025889
343.2783203125, 0.064991
343.308349609375, -0.067833
343.33837890625, 0.051009
343.368408203125, 0.162861
343.3984375, -0.032879
343.42822265625, 0.071981
343.458251953125, 0.051009
343.48828125, -0.053852
343.518310546875, 0.030037
343.54833984375, -0.179685
343.578369140625, 0.030037
343.6083984375, 0.051009
343.638427734375, 0.113926
343.668212890625, -0.025889
343.6982421875, -0.053852
343.728271484375, -0.053852
343.75830078125, -0.004917
343.788330078125, -0.046861
343.818359375, -0.067833
343.848388671875, 0.169852
343.87841796875, -0.060842
343.908447265625, 0.016056
343.938232421875, 0.016056
343.96826171875, -0.011907
343.998291015625, 0.044018
344.0283203125, 0.106935
344.058349609375, -0.03987
344.08837890625, 0.037028
344.118408203125, 0.078972
344.1484375, 0.204805
344.17822265625, -0.004917
344.208251953125, -0.053852
344.23828125, 0.023046
344.268310546875, 0.009065
344.29833984375, 0.023046
344.328369140625, 0.037028
344.3583984375, -0.011907
344.388427734375, 0.071981
344.41845703125, 0.023046
344.4482421875, -0.179685
344.478271484375, -0.102787
344.50830078125, 0.023046
344.538330078125, 0.051009
344.568359375, -0.018898
344.598388671875, 0.030037
344.62841796875, -0.03987
344.658447265625, -0.067833
344.688232421875, 0.037028
344.71826171875, -0.004917
344.748291015625, 0.134898
344.7783203125, 0.016056
344.808349609375, 0.030037
344.83837890625, 0.002074
344.868408203125, 0.099944
344.8984375, 0.030037
344.928466796875, -0.046861
344.958251953125, 0.009065
344.98828125, -0.046861
345.018310546875, 0.120916
345.04833984375, 0.211796
345.078369140625, -0.032879
345.1083984375, 0.044018
345.138427734375, -0.004917
345.16845703125, 0.078972
345.1982421875, 0.092954
345.228271484375, 0.099944
345.25830078125, 0.030037
345.288330078125, -0.025889
345.318359375, -0.081815
345.348388671875, 0.085963
345.37841796875, -0.067833
345.408447265625, 0.030037
345.438232421875, 0.071981
345.46826171875, 0.106935
345.498291015625, -0.004917
345.5283203125, 0.071981
345.558349609375, 0.064991
345.58837890625, -0.053852
345.618408203125, 0.106935
345.6484375, 0.044018
345.678466796875, -0.011907
345.708251953125, -0.053852
345.73828125, 0.037028
345.768310546875, -0.03987
345.79833984375, 0.016056
345.828369140625, -0.011907
345.8583984375, -0.004917
345.888427734375, -0.060842
345.91845703125, 0.051009
345.9482421875, 0.023046
345.978271484375, -0.116768
346.00830078125, 0.030037
346.038330078125, 0.078972
346.068359375, -0.004917
346.098388671875, 0.058
346.12841796875, 0.002074
346.158447265625, -0.018898
346.1884765625, -0.123759
346.21826171875, -0.025889
346.248291015625, -0.03987
346.2783203125, -0.032879
346.308349609375, 0.078972
346.33837890625, 0.030037
346.368408203125, 0.148879
346.3984375, 0.113926
346.428466796875, -0.032879
346.458251953125, 0.002074
346.48828125, -0.081815
346.518310546875, 0.064991
346.54833984375, 0.037028
346.578369140625, -0.123759
346.6083984375, 0.051009
346.638427734375, 0.044018
346.66845703125, 0.030037
346.698486328125, 0.190824
346.728271484375, -0.032879
346.75830078125, 0.134898
346.788330078125, -0.060842
346.818359375, 0.071981
346.848388671875, 0.051009
346.87841796875, 0.099944
346.908447265625, 0.064991
346.9384765625, -0.03987
346.96826171875, 0.064991
346.998291015625, -0.046861
347.0283203125, -0.067833
347.058349609375, 0.085963
347.08837890625, 0.009065
347.118408203125, 0.009065
347.1484375, -0.046861
347.178466796875, 0.009065
347.208251953125, 0.037028
347.23828125, -0.123759
347.268310546875, -0.067833
347.29833984375, 0.113926
347.328369140625, 0.016056
347.3583984375, -0.060842
347.388427734375, -0.025889
347.41845703125, -0.109777
347.448486328125, -0.032879
347.478271484375, -0.074824
347.50830078125, 0.120916
347.538330078125, 0.058
347.568359375, 0.044018
347.598388671875, -0.011907
347.62841796875, 0.058
347.658447265625, 0.002074
347.6884765625, 0.148879
347.71826171875, 0.058
347.748291015625, -0.03987
347.7783203125, 0.099944
347.808349609375, -0.046861
347.83837890625, 0.037028
347.868408203125, -0.004917
347.8984375, -0.03987
347.928466796875, -0.088805
347.95849609375, 0.037028
347.98828125, 0.016056
348.018310546875, -0.095796
348.04833984375, -0.004917
348.078369140625, 0.016056
348.1083984375, 0.092954
348.138427734375, -0.018898
348.16845703125, -0.053852
348.198486328125, 0.148879
348.228271484375, 0.030037
348.25830078125, -0.060842
348.288330078125, 0.051009
348.318359375, 0.044018
348.348388671875, -0.004917
348.37841796875, -0.025889
348.408447265625, 0.016056
348.4384765625, 0.051009
348.46826171875, 0.106935
348.498291015625, -0.025889
348.5283203125, 0.002074
348.558349609375, 0.023046
348.58837890625, 0.023046
348.618408203125, -0.053852
348.6484375, 0.134898
348.678466796875, 0.044018
348.70849609375, 0.099944
348.73828125, -0.004917
348.768310546875, 0.071981
348.79833984375, 0.071981
348.828369140625, 0.127907
348.8583984375, -0.116768
348.888427734375, -0.088805
348.91845703125, -0.011907
348.948486328125, -0.046861
348.978271484375, 0.030037
349.00830078125, -0.025889
349.038330078125, -0.004917
349.068359375, 0.016056
349.098388671875, 0.162861
349.12841796875, 0.002074
349.158447265625, -0.025889
349.1884765625, 0.127907
349.218505859375, 0.030037
349.248291015625, 0.002074
349.2783203125, 0.051009
349.308349609375, 0.051009
349.33837890625, -0.032879
349.368408203125, 0.183833
349.3984375, -0.032879
349.428466796875, -0.025889
349.45849609375, 0.023046
349.48828125, 0.078972
349.518310546875, -0.025889
349.54833984375, 0.044018
349.578369140625, 0.113926
349.6083984375, 0.092954
349.638427734375, 0.064991
349.66845703125, 0.009065
349.698486328125, 0.002074
349.728515625, 0.023046
349.75830078125, -0.067833
349.788330078125, 0.023046
349.818359375, 0.009065
349.848388671875, 0.044018
349.87841796875, 0.106935
349.908447265625, 0.099944
349.9384765625, -0.018898
349.968505859375, -0.046861
349.998291015625, -0.102787
350.0283203125, 0.058
350.058349609375, 0.002074
350.08837890625, 0.037028
350.118408203125, 0.232768
350.1484375, 0.162861
350.178466796875, -0.011907
350.20849609375, -0.011907
350.23828125, 0.044018
350.268310546875, -0.011907
350.29833984375, 0.058
350.328369140625, 0.002074
350.3583984375, 0.071981
350.388427734375, -0.074824
350.41845703125, 0.023046
350.448486328125, 0.030037
350.478515625, 0.002074
350.50830078125, 0.023046
350.538330078125, 0.009065
350.568359375, 0.106935
350.598388671875, -0.053852
350.62841796875, -0.158712
350.658447265625, 0.085963
350.6884765625, 0.058
350.718505859375, -0.004917
350.748291015625, -0.032879
350.7783203125, -0.067833
350.808349609375, -0.095796
350.83837890625, -0.081815
350.868408203125, 0.030037
350.8984375, 0.141889
350.928466796875, 0.113926
350.95849609375, -0.025889
350.988525390625, 0.106935
351.018310546875, -0.004917
351.04833984375, 0.016056
351.078369140625, 0.030037
351.1083984375, 0.058
351.138427734375, -0.03987
351.16845703125, 0.120916
351.198486328125, -0.03987
351.228515625, -0.102787
351.25830078125, -0.088805
351.288330078125, -0.032879
351.318359375, 0.030037
351.348388671875, 0.099944
351.37841796875, 0.064991
351.408447265625, -0.032879
351.4384765625, -0.074824
351.468505859375, 0.016056
351.49853515625, -0.03987
351.5283203125, 0.099944
351.558349609375, -0.03987
351.58837890625, 0.127907
351.618408203125, -0.074824
351.6484375, -0.032879
351.678466796875, -0.025889
351.70849609375, -0.053852
351.738525390625, -0.053852
351.768310546875, 0.169852
351.79833984375, -0.060842
351.828369140625, -0.123759
351.8583984375, -0.025889
351.888427734375, -0.018898
351.91845703125, 0.037028
351.948486328125, 0.044018
351.978515625, 0.044018
352.00830078125, 0.009065
352.038330078125, -0.074824
352.068359375, 0.044018
352.098388671875, -0.011907
352.12841796875, 0.058
352.158447265625, -0.074824
352.1884765625, 0.023046
352.218505859375, 0.009065
352.24853515625, 0.030037
352.2783203125, 0.211796
352.308349609375, 0.092954
352.33837890625, 0.044018
352.368408203125, -0.011907
352.3984375, -0.13774
352.428466796875, -0.102787
352.45849609375, 0.023046
352.488525390625, -0.046861
352.518310546875, -0.074824
352.54833984375, -0.067833
352.578369140625, 0.058
352.6083984375, 0.183833
352.638427734375, 0.037028
352.66845703125, -0.060842
352.698486328125, 0.016056
352.728515625, 0.106935
352.758544921875, 0.044018
352.788330078125, 0.023046
352.818359375, 0.106935
352.848388671875, -0.03987
352.87841796875, 0.078972
352.908447265625, -0.011907
352.9384765625, 0.071981
352.968505859375, -0.074824
352.99853515625, 0.113926
353.0283203125, -0.025889
353.058349609375, 0.002074
353.08837890625, 0.092954
353.118408203125, 0.030037
353.1484375, 0.078972
353.178466796875, 0.009065
353.20849609375, 0.085963
353.238525390625, 0.023046
353.268310546875, 0.134898
353.29833984375, 0.030037
353.328369140625, -0.095796
353.3583984375, 0.078972
353.388427734375, 0.016056
353.41845703125, -0.088805
353.448486328125, -0.060842
353.478515625, 0.099944
353.508544921875, 0.009065
353.538330078125, -0.018898
353.568359375, 0.15587
353.598388671875, 0.120916
353.62841796875, -0.102787
353.658447265625, -0.025889
353.6884765625, 0.037028
353.718505859375, 0.127907
353.74853515625, -0.116768
353.7783203125, -0.067833
353.808349609375, 0.051009
353.83837890625, 0.009065
353.868408203125, -0.067833
353.8984375, -0.004917
353.928466796875, 0.099944
353.95849609375, -0.095796
353.988525390625, 0.016056
354.0185546875, 0.016056
354.04833984375, -0.074824
354.078369140625, 0.037028
354.1083984375, 0.099944
354.138427734375, -0.13774
354.16845703125, 0.148879
354.198486328125, 0.037028
354.228515625, -0.025889
354.258544921875, 0.016056
354.288330078125, 0.044018
354.318359375, 0.051009
354.348388671875, -0.060842
354.37841796875, 0.085963
354.408447265625, 0.099944
354.4384765625, -0.088805
354.468505859375, 0.058
354.49853515625, 0.092954
354.528564453125, 0.009065
354.558349609375, -0.018898
354.58837890625, -0.011907
354.618408203125, 0.030037
354.6484375, 0.078972
354.678466796875, -0.067833
354.70849609375, 0.092954
354.738525390625, -0.095796
354.7685546875, 0.030037
354.79833984375, 0.064991
354.828369140625, 0.120916
354.8583984375, -0.088805
354.888427734375, -0.046861
354.91845703125, -0.032879
354.948486328125, -0.053852
354.978515625, -0.046861
355.008544921875, 0.030037
355.038330078125, 0.051009
355.068359375, -0.053852
355.098388671875, 0.058
355.12841796875, -0.032879
355.158447265625, 0.002074
355.1884765625, 0.016056
355.218505859375, 0.030037
355.24853515625, 0.078972
355.278564453125, -0.018898
355.308349609375, 0.002074
355.33837890625, 0.099944
355.368408203125, -0.053852
355.3984375, 0.064991
355.428466796875, 0.092954
355.45849609375, 0.113926
355.488525390625, -0.095796
355.5185546875, -0.081815
