Tag, Descricao, Modulo, Fase, Grandeza, IdSensor, Frequencia_Amostragem, Timestamp
M1IOCA1, I OPENING COIL A, 1, A, I, 1, 33333.0, 1749047566.1028318

tempos, dados
0.01953125, 0.03726
0.049560546875, 0.175931
0.07958984375, -0.011275
0.109375, -0.115278
0.139404296875, -0.066743
0.16943359375, 0.141263
0.199462890625, -0.101411
0.2294921875, -0.045943
0.259521484375, -0.087544
0.28955078125, -0.323285
0.319580078125, -0.184614
0.349365234375, -0.025142
0.37939453125, -0.011275
0.409423828125, -0.066743
0.439453125, -0.108345
0.469482421875, 0.113529
0.49951171875, -0.011275
0.529541015625, 0.009526
0.5595703125, 0.085795
0.58935546875, -0.025142
0.619384765625, 0.113529
0.6494140625, 0.058061
0.679443359375, 0.106596
0.70947265625, -0.032076
0.739501953125, 0.064994
0.76953125, 0.058061
0.799560546875, 0.064994
0.82958984375, -0.011275
0.859375, 0.085795
0.889404296875, -0.025142
0.91943359375, 0.016459
0.949462890625, 0.092728
0.9794921875, -0.018208
1.009521484375, 0.085795
1.03955078125, 0.078861
1.069580078125, 0.044194
1.099365234375, -0.004341
1.12939453125, 0.162064
1.159423828125, -0.004341
1.189453125, -0.004341
1.219482421875, 0.092728
1.24951171875, 0.030326
1.279541015625, -0.136079
1.3095703125, -0.066743
1.339599609375, -0.032076
1.369384765625, -0.025142
1.3994140625, -0.108345
1.429443359375, -0.066743
1.45947265625, 0.030326
1.489501953125, -0.184614
1.51953125, -0.018208
1.549560546875, 0.016459
1.57958984375, 0.106596
1.609375, 0.044194
1.639404296875, -0.094478
1.66943359375, 0.113529
1.699462890625, -0.025142
1.7294921875, 0.009526
1.759521484375, 0.078861
1.78955078125, -0.032076
1.819580078125, 0.085795
1.849609375, 0.085795
1.87939453125, -0.129145
1.909423828125, 0.148197
1.939453125, 0.016459
1.969482421875, 0.127396
1.99951171875, 0.016459
2.029541015625, -0.032076
2.0595703125, 0.051127
2.089599609375, 0.099662
2.119384765625, 0.092728
2.1494140625, -0.129145
2.179443359375, 0.13433
2.20947265625, -0.045943
2.239501953125, -0.08061
2.26953125, -0.087544
2.299560546875, -0.025142
2.32958984375, 0.064994
2.359375, 0.044194
2.389404296875, 0.127396
2.41943359375, -0.032076
2.449462890625, -0.025142
2.4794921875, -0.025142
2.509521484375, -0.011275
2.53955078125, 0.044194
2.569580078125, 0.009526
2.599609375, 0.023393
2.62939453125, -0.011275
2.659423828125, 0.016459
2.689453125, -0.039009
2.719482421875, 0.078861
2.74951171875, -0.08061
2.779541015625, -0.045943
2.8095703125, -0.045943
2.839599609375, -0.039009
2.869384765625, 0.064994
2.8994140625, -0.011275
2.929443359375, -0.018208
2.95947265625, 0.148197
2.989501953125, 0.058061
3.01953125, 0.064994
3.049560546875, 0.030326
3.07958984375, 0.092728
3.109619140625, 0.168998
3.139404296875, -0.025142
3.16943359375, 0.023393
3.199462890625, 0.002592
3.2294921875, -0.05981
3.259521484375, -0.045943
3.28955078125, -0.101411
3.319580078125, -0.011275
3.349609375, 0.058061
3.37939453125, 0.030326
3.409423828125, -0.052876
3.439453125, 0.023393
3.469482421875, 0.071928
3.49951171875, -0.025142
3.529541015625, 0.044194
3.5595703125, -0.066743
3.589599609375, 0.099662
3.61962890625, 0.078861
3.6494140625, 0.030326
3.679443359375, -0.018208
3.70947265625, 0.078861
3.739501953125, -0.045943
3.76953125, 0.023393
3.799560546875, 0.071928
3.82958984375, -0.073677
3.859619140625, 0.058061
3.889404296875, -0.039009
3.91943359375, -0.073677
3.949462890625, -0.025142
3.9794921875, -0.073677
4.009521484375, -0.018208
4.03955078125, -0.122212
4.069580078125, 0.044194
4.099609375, 0.044194
4.12939453125, 0.009526
4.159423828125, 0.002592
4.189453125, 0.058061
4.219482421875, -0.052876
4.24951171875, 0.127396
4.279541015625, 0.058061
4.3095703125, -0.129145
4.339599609375, -0.039009
4.36962890625, 0.051127
4.3994140625, 0.085795
4.429443359375, -0.143012
4.45947265625, -0.032076
4.489501953125, -0.219282
4.51953125, 0.106596
4.549560546875, -0.08061
4.57958984375, 0.071928
4.609619140625, 0.051127
4.639404296875, -0.018208
4.66943359375, -0.025142
4.699462890625, 0.016459
4.7294921875, -0.032076
4.759521484375, 0.085795
4.78955078125, -0.066743
4.819580078125, 0.078861
4.849609375, -0.087544
4.879638671875, 0.071928
4.909423828125, -0.052876
4.939453125, -0.052876
4.969482421875, 0.120463
4.99951171875, 0.058061
5.029541015625, -0.052876
5.0595703125, -0.066743
5.089599609375, -0.004341
5.11962890625, -0.101411
5.1494140625, -0.039009
5.179443359375, -0.101411
5.20947265625, -0.032076
5.239501953125, 0.002592
5.26953125, 0.113529
5.299560546875, 0.058061
5.32958984375, -0.039009
5.359619140625, -0.004341
5.389404296875, 0.071928
5.41943359375, -0.025142
5.449462890625, -0.025142
5.4794921875, 0.078861
5.509521484375, -0.032076
5.53955078125, 0.023393
5.569580078125, 0.071928
5.599609375, 0.009526
5.629638671875, -0.045943
5.659423828125, 0.009526
5.689453125, 0.071928
5.719482421875, -0.032076
5.74951171875, -0.045943
5.779541015625, 0.196732
5.8095703125, -0.05981
5.839599609375, 0.030326
5.86962890625, 0.078861
5.8994140625, -0.032076
5.929443359375, 0.030326
5.95947265625, -0.087544
5.989501953125, 0.106596
6.01953125, 0.044194
6.049560546875, -0.08061
6.07958984375, -0.004341
6.109619140625, 0.113529
6.1396484375, -0.129145
6.16943359375, -0.05981
6.199462890625, -0.052876
6.2294921875, -0.045943
6.259521484375, 0.044194
6.28955078125, 0.071928
6.319580078125, 0.044194
6.349609375, 0.099662
6.379638671875, 0.009526
6.409423828125, -0.039009
6.439453125, -0.039009
6.469482421875, 0.058061
6.49951171875, -0.045943
6.529541015625, -0.108345
6.5595703125, 0.078861
6.589599609375, -0.143012
6.61962890625, -0.122212
6.649658203125, 0.030326
6.679443359375, 0.051127
6.70947265625, 0.106596
6.739501953125, 0.141263
6.76953125, -0.032076
6.799560546875, 0.03726
6.82958984375, 0.058061
6.859619140625, -0.045943
6.8896484375, -0.108345
6.91943359375, 0.030326
6.949462890625, 0.099662
6.9794921875, -0.039009
7.009521484375, -0.004341
7.03955078125, -0.032076
7.069580078125, 0.030326
7.099609375, 0.023393
7.129638671875, -0.170747
7.159423828125, -0.05981
7.189453125, 0.044194
7.219482421875, -0.045943
7.24951171875, 0.058061
7.279541015625, 0.058061
7.3095703125, 0.113529
7.339599609375, -0.004341
7.36962890625, 0.016459
7.399658203125, 0.099662
7.429443359375, 0.058061
7.45947265625, 0.03726
7.489501953125, -0.032076
7.51953125, 0.064994
7.549560546875, -0.094478
7.57958984375, -0.136079
7.609619140625, -0.052876
7.6396484375, 0.023393
7.66943359375, 0.064994
7.699462890625, -0.05981
7.7294921875, -0.066743
7.759521484375, 0.044194
7.78955078125, -0.011275
7.819580078125, 0.002592
7.849609375, -0.018208
7.879638671875, 0.023393
7.90966796875, 0.13433
7.939453125, 0.085795
7.969482421875, -0.018208
7.99951171875, 0.030326
8.029541015625, 0.009526
8.0595703125, 0.016459
8.089599609375, -0.087544
8.11962890625, -0.052876
8.149658203125, 0.13433
8.179443359375, 0.002592
8.20947265625, 0.058061
8.239501953125, -0.039009
8.26953125, 0.002592
8.299560546875, -0.032076
8.32958984375, -0.039009
8.359619140625, -0.094478
8.3896484375, 0.078861
8.41943359375, -0.087544
8.449462890625, 0.203665
8.4794921875, 0.058061
8.509521484375, 0.023393
8.53955078125, 0.064994
8.569580078125, 0.030326
8.599609375, -0.004341
8.629638671875, 0.023393
8.65966796875, -0.032076
8.689453125, 0.085795
8.719482421875, 0.148197
8.74951171875, 0.058061
8.779541015625, -0.045943
8.8095703125, 0.03726
8.839599609375, 0.03726
8.86962890625, -0.129145
8.899658203125, 0.030326
8.929443359375, 0.016459
8.95947265625, -0.039009
8.989501953125, -0.108345
9.01953125, -0.004341
9.049560546875, 0.182865
9.07958984375, 0.064994
9.109619140625, 0.064994
9.1396484375, 0.064994
9.169677734375, 0.002592
9.199462890625, -0.122212
9.2294921875, 0.120463
9.259521484375, 0.092728
9.28955078125, -0.129145
9.319580078125, 0.030326
9.349609375, 0.030326
9.379638671875, -0.073677
9.40966796875, -0.108345
9.439453125, 0.092728
9.469482421875, 0.044194
9.49951171875, -0.163813
9.529541015625, 0.106596
9.5595703125, 0.023393
9.589599609375, 0.002592
9.61962890625, -0.052876
9.649658203125, 0.064994
9.6796875, -0.025142
9.70947265625, 0.099662
9.739501953125, 0.162064
9.76953125, 0.030326
9.799560546875, -0.087544
9.82958984375, -0.004341
9.859619140625, -0.045943
9.8896484375, -0.073677
9.919677734375, 0.058061
9.949462890625, -0.018208
9.9794921875, 0.044194
10.009521484375, 0.023393
10.03955078125, -0.101411
10.069580078125, 0.03726
10.099609375, -0.073677
10.129638671875, 0.051127
10.15966796875, -0.004341
10.189453125, 0.051127
10.219482421875, -0.004341
10.24951171875, -0.045943
10.279541015625, 0.058061
10.3095703125, -0.136079
10.339599609375, -0.087544
10.36962890625, 0.099662
10.399658203125, -0.025142
10.4296875, -0.094478
10.45947265625, 0.127396
10.489501953125, 0.03726
10.51953125, 0.099662
10.549560546875, 0.168998
10.57958984375, 0.016459
10.609619140625, -0.129145
10.6396484375, 0.03726
10.669677734375, -0.163813
10.699462890625, 0.016459
10.7294921875, -0.052876
10.759521484375, -0.032076
10.78955078125, -0.018208
10.819580078125, 0.002592
10.849609375, 0.13433
10.879638671875, 0.03726
10.90966796875, 0.051127
10.939697265625, -0.08061
10.969482421875, 0.023393
10.99951171875, 0.002592
11.029541015625, 0.030326
11.0595703125, 0.023393
11.089599609375, 0.009526
11.11962890625, -0.004341
11.149658203125, 0.120463
11.1796875, -0.004341
11.20947265625, -0.025142
11.239501953125, 0.189798
11.26953125, 0.078861
11.299560546875, 0.016459
11.32958984375, -0.039009
11.359619140625, -0.094478
11.3896484375, 0.009526
11.419677734375, -0.163813
11.44970703125, -0.122212
11.4794921875, 0.023393
11.509521484375, 0.078861
11.53955078125, -0.05981
11.569580078125, 0.051127
11.599609375, 0.002592
11.629638671875, -0.05981
11.65966796875, -0.025142
11.689697265625, -0.011275
11.719482421875, 0.085795
11.74951171875, 0.064994
11.779541015625, 0.113529
11.8095703125, 0.064994
11.839599609375, -0.004341
11.86962890625, 0.071928
11.899658203125, 0.071928
11.9296875, -0.045943
11.95947265625, -0.115278
11.989501953125, -0.004341
12.01953125, 0.099662
12.049560546875, 0.044194
12.07958984375, 0.175931
12.109619140625, 0.071928
12.1396484375, -0.039009
12.169677734375, -0.101411
12.19970703125, 0.051127
12.2294921875, -0.025142
12.259521484375, -0.05981
12.28955078125, -0.004341
12.319580078125, 0.196732
12.349609375, 0.016459
12.379638671875, -0.032076
12.40966796875, 0.078861
12.439697265625, 0.044194
12.469482421875, -0.122212
12.49951171875, -0.045943
12.529541015625, 0.044194
12.5595703125, 0.058061
12.589599609375, 0.023393
12.61962890625, -0.170747
12.649658203125, -0.129145
12.6796875, 0.051127
12.709716796875, 0.064994
12.739501953125, -0.052876
12.76953125, 0.15513
12.799560546875, -0.018208
12.82958984375, 0.016459
12.859619140625, 0.002592
12.8896484375, 0.092728
12.919677734375, -0.219282
12.94970703125, 0.078861
12.9794921875, -0.129145
13.009521484375, -0.039009
13.03955078125, -0.08061
13.069580078125, -0.108345
13.099609375, -0.018208
13.129638671875, 0.085795
13.15966796875, 0.113529
13.189697265625, -0.094478
13.219482421875, 0.03726
13.24951171875, -0.004341
13.279541015625, 0.127396
13.3095703125, 0.071928
13.339599609375, -0.025142
13.36962890625, -0.039009
13.399658203125, 0.044194
13.4296875, 0.044194
13.459716796875, -0.025142
13.489501953125, -0.025142
13.51953125, -0.018208
13.549560546875, 0.051127
13.57958984375, 0.051127
13.609619140625, 0.064994
13.6396484375, 0.016459
13.669677734375, -0.039009
13.69970703125, -0.073677
13.7294921875, -0.011275
13.759521484375, -0.004341
13.78955078125, -0.039009
13.819580078125, -0.143012
13.849609375, 0.044194
13.879638671875, -0.025142
13.90966796875, -0.087544
13.939697265625, -0.05981
13.9697265625, -0.004341
13.99951171875, -0.094478
14.029541015625, -0.045943
14.0595703125, -0.045943
14.089599609375, 0.03726
14.11962890625, -0.039009
14.149658203125, -0.115278
14.1796875, 0.044194
14.209716796875, 0.099662
14.239501953125, -0.032076
14.26953125, 0.023393
14.299560546875, 0.078861
14.32958984375, 0.071928
14.359619140625, -0.011275
14.3896484375, -0.129145
14.419677734375, 0.009526
14.44970703125, 0.13433
14.479736328125, -0.08061
14.509521484375, 0.051127
14.53955078125, 0.016459
14.569580078125, 0.141263
14.599609375, -0.122212
14.629638671875, 0.051127
14.65966796875, -0.05981
14.689697265625, -0.066743
14.7197265625, 0.071928
14.74951171875, -0.05981
14.779541015625, 0.078861
14.8095703125, -0.045943
14.839599609375, -0.018208
14.86962890625, -0.004341
14.899658203125, -0.039009
14.9296875, 0.224466
14.959716796875, 0.03726
14.989501953125, -0.115278
15.01953125, 0.009526
15.049560546875, -0.087544
15.07958984375, 0.016459
15.109619140625, -0.066743
15.1396484375, 0.092728
15.169677734375, 0.009526
15.19970703125, -0.039009
15.229736328125, 0.03726
15.259521484375, 0.002592
15.28955078125, -0.045943
15.319580078125, 0.009526
15.349609375, 0.127396
15.379638671875, 0.016459
15.40966796875, 0.030326
15.439697265625, -0.011275
15.4697265625, 0.148197
15.49951171875, 0.078861
15.529541015625, -0.108345
15.5595703125, 0.002592
15.589599609375, 0.085795
15.61962890625, 0.099662
15.649658203125, -0.011275
15.6796875, 0.009526
15.709716796875, 0.127396
15.73974609375, 0.016459
15.76953125, 0.058061
15.799560546875, -0.004341
15.82958984375, 0.002592
15.859619140625, -0.08061
15.8896484375, 0.002592
15.919677734375, 0.071928
15.94970703125, -0.094478
15.979736328125, 0.064994
16.009521484375, -0.08061
16.03955078125, 0.071928
16.069580078125, -0.052876
16.099609375, -0.094478
16.129638671875, 0.023393
16.15966796875, 0.016459
16.189697265625, 0.044194
16.2197265625, 0.064994
16.24951171875, 0.009526
16.279541015625, 0.016459
16.3095703125, 0.078861
16.339599609375, -0.184614
16.36962890625, 0.092728
16.399658203125, -0.073677
16.4296875, -0.011275
16.459716796875, -0.018208
16.48974609375, -0.045943
16.51953125, -0.025142
16.549560546875, -0.101411
16.57958984375, -0.039009
16.609619140625, -0.025142
16.6396484375, 0.016459
16.669677734375, -0.08061
16.69970703125, -0.025142
16.729736328125, -0.011275
16.759521484375, 0.058061
16.78955078125, 0.071928
16.819580078125, 0.009526
16.849609375, 0.051127
16.879638671875, 0.03726
16.90966796875, 0.051127
16.939697265625, 0.016459
16.9697265625, 0.085795
16.999755859375, -0.066743
17.029541015625, 0.03726
17.0595703125, -0.108345
17.089599609375, -0.011275
17.11962890625, -0.08061
17.149658203125, 0.058061
17.1796875, 0.099662
17.209716796875, -0.087544
17.23974609375, 0.023393
17.26953125, -0.073677
17.299560546875, 0.002592
17.32958984375, -0.025142
17.359619140625, -0.05981
17.3896484375, 0.127396
17.419677734375, 0.009526
17.44970703125, 0.002592
17.479736328125, -0.045943
17.509765625, -0.101411
17.53955078125, -0.011275
17.569580078125, -0.011275
17.599609375, 0.009526
17.629638671875, 0.064994
17.65966796875, -0.018208
17.689697265625, 0.030326
17.7197265625, 0.044194
17.749755859375, 0.051127
17.779541015625, 0.099662
17.8095703125, 0.078861
17.839599609375, -0.066743
17.86962890625, 0.009526
17.899658203125, 0.03726
17.9296875, -0.08061
17.959716796875, -0.073677
17.98974609375, -0.08061
18.01953125, -0.115278
18.049560546875, 0.051127
18.07958984375, 0.071928
18.109619140625, -0.101411
18.1396484375, 0.092728
18.169677734375, -0.066743
18.19970703125, 0.189798
18.229736328125, 0.030326
18.259765625, 0.127396
18.28955078125, -0.05981
18.319580078125, 0.03726
18.349609375, -0.087544
18.379638671875, 0.120463
18.40966796875, -0.05981
18.439697265625, -0.032076
18.4697265625, 0.141263
18.499755859375, 0.106596
18.529541015625, 0.092728
18.5595703125, -0.039009
18.589599609375, 0.092728
18.61962890625, -0.045943
18.649658203125, 0.009526
18.6796875, -0.018208
18.709716796875, 0.085795
18.73974609375, 0.030326
18.769775390625, 0.085795
18.799560546875, 0.078861
18.82958984375, -0.025142
18.859619140625, 0.044194
18.8896484375, 0.085795
18.919677734375, -0.094478
18.94970703125, -0.052876
18.979736328125, -0.032076
19.009765625, -0.045943
19.03955078125, 0.106596
19.069580078125, 0.016459
19.099609375, 0.023393
19.129638671875, 0.030326
19.15966796875, -0.115278
19.189697265625, 0.092728
19.2197265625, 0.092728
19.249755859375, 0.106596
19.27978515625, 0.127396
19.3095703125, 0.016459
19.339599609375, 0.044194
19.36962890625, -0.136079
19.399658203125, -0.143012
19.4296875, 0.085795
19.459716796875, 0.03726
19.48974609375, 0.051127
19.519775390625, -0.011275
19.549560546875, -0.143012
19.57958984375, 0.009526
19.609619140625, 0.058061
19.6396484375, -0.066743
19.669677734375, -0.011275
19.69970703125, 0.051127
19.729736328125, -0.025142
19.759765625, -0.129145
19.78955078125, -0.004341
19.819580078125, -0.018208
19.849609375, -0.025142
19.879638671875, 0.002592
19.90966796875, 0.023393
19.939697265625, -0.073677
19.9697265625, 0.002592
19.999755859375, 0.099662
20.02978515625, 0.023393
20.0595703125, -0.004341
20.089599609375, -0.039009
20.11962890625, 0.03726
20.149658203125, 0.044194
20.1796875, 0.03726
20.209716796875, -0.032076
20.23974609375, 0.071928
20.269775390625, -0.011275
20.299560546875, 0.078861
20.32958984375, -0.018208
20.359619140625, 0.030326
20.3896484375, -0.136079
20.419677734375, -0.045943
20.44970703125, 0.051127
20.479736328125, -0.032076
20.509765625, -0.011275
20.539794921875, -0.101411
20.569580078125, 0.030326
20.599609375, 0.085795
20.629638671875, 0.03726
20.65966796875, 0.023393
20.689697265625, 0.023393
20.7197265625, -0.08061
20.749755859375, 0.078861
20.77978515625, -0.004341
20.8095703125, -0.073677
20.839599609375, 0.15513
20.86962890625, -0.129145
20.899658203125, 0.092728
20.9296875, -0.032076
20.959716796875, -0.136079
20.98974609375, 0.141263
21.019775390625, -0.039009
21.049560546875, 0.113529
21.07958984375, 0.127396
21.109619140625, -0.039009
21.1396484375, 0.002592
21.169677734375, -0.011275
21.19970703125, 0.058061
21.229736328125, 0.03726
21.259765625, 0.002592
21.289794921875, -0.025142
21.319580078125, 0.044194
21.349609375, 0.023393
21.379638671875, -0.149946
21.40966796875, -0.052876
21.439697265625, -0.004341
21.4697265625, -0.101411
21.499755859375, -0.066743
21.52978515625, -0.094478
21.5595703125, -0.039009
21.589599609375, -0.136079
21.61962890625, 0.044194
21.649658203125, -0.073677
21.6796875, 0.196732
21.709716796875, -0.032076
21.73974609375, -0.087544
21.769775390625, 0.078861
21.7998046875, 0.051127
21.82958984375, -0.039009
21.859619140625, -0.073677
21.8896484375, -0.052876
21.919677734375, 0.099662
21.94970703125, 0.016459
21.979736328125, -0.073677
22.009765625, -0.025142
22.039794921875, 0.064994
22.069580078125, 0.141263
22.099609375, -0.039009
22.129638671875, -0.004341
22.15966796875, 0.044194
22.189697265625, 0.051127
22.2197265625, -0.101411
22.249755859375, 0.120463
22.27978515625, -0.094478
22.309814453125, 0.141263
22.339599609375, -0.025142
22.36962890625, 0.127396
22.399658203125, 0.016459
22.4296875, 0.141263
22.459716796875, 0.127396
22.48974609375, -0.087544
22.519775390625, 0.099662
22.5498046875, -0.066743
22.57958984375, -0.08061
22.609619140625, -0.143012
22.6396484375, -0.032076
22.669677734375, -0.08061
22.69970703125, -0.05981
22.729736328125, -0.011275
22.759765625, -0.149946
22.789794921875, 0.127396
22.819580078125, 0.058061
22.849609375, 0.106596
22.879638671875, -0.087544
22.90966796875, -0.149946
22.939697265625, 0.058061
22.9697265625, 0.016459
22.999755859375, 0.127396
23.02978515625, 0.002592
23.059814453125, -0.052876
23.089599609375, 0.058061
23.11962890625, 0.071928
23.149658203125, -0.045943
23.1796875, 0.009526
23.209716796875, -0.025142
23.23974609375, 0.002592
23.269775390625, -0.018208
23.2998046875, -0.025142
23.32958984375, 0.064994
23.359619140625, -0.018208
23.3896484375, 0.085795
23.419677734375, 0.071928
23.44970703125, 0.051127
23.479736328125, -0.025142
23.509765625, 0.120463
23.539794921875, -0.004341
23.56982421875, 0.085795
23.599609375, 0.03726
23.629638671875, 0.071928
23.65966796875, -0.011275
23.689697265625, -0.052876
23.7197265625, -0.039009
23.749755859375, 0.092728
23.77978515625, -0.004341
23.809814453125, -0.018208
23.839599609375, -0.05981
23.86962890625, -0.066743
23.899658203125, -0.004341
23.9296875, 0.03726
23.959716796875, 0.002592
23.98974609375, -0.094478
24.019775390625, 0.085795
24.0498046875, -0.004341
24.079833984375, 0.099662
24.109619140625, -0.025142
24.1396484375, 0.03726
24.169677734375, 0.030326
24.19970703125, 0.009526
24.229736328125, -0.05981
24.259765625, -0.025142
24.289794921875, -0.052876
24.31982421875, 0.051127
24.349609375, 0.058061
24.379638671875, 0.064994
24.40966796875, 0.023393
24.439697265625, 0.085795
24.4697265625, -0.025142
24.499755859375, 0.106596
24.52978515625, -0.032076
24.559814453125, 0.15513
24.589599609375, 0.092728
24.61962890625, 0.044194
24.649658203125, -0.004341
24.6796875, -0.039009
24.709716796875, 0.168998
24.73974609375, -0.004341
24.769775390625, 0.113529
24.7998046875, -0.011275
24.829833984375, 0.044194
24.859619140625, 0.085795
24.8896484375, -0.101411
24.919677734375, -0.039009
24.94970703125, -0.170747
24.979736328125, -0.045943
25.009765625, -0.039009
25.039794921875, 0.009526
25.06982421875, 0.03726
25.099609375, -0.094478
25.129638671875, 0.023393
25.15966796875, 0.023393
25.189697265625, -0.025142
25.2197265625, 0.141263
25.249755859375, 0.078861
25.27978515625, 0.196732
25.309814453125, 0.023393
25.33984375, 0.023393
25.36962890625, -0.025142
25.399658203125, -0.136079
25.4296875, -0.045943
25.459716796875, 0.085795
25.48974609375, 0.030326
25.519775390625, 0.023393
25.5498046875, -0.052876
25.579833984375, 0.058061
25.609619140625, 0.13433
25.6396484375, 0.002592
25.669677734375, -0.136079
25.69970703125, 0.127396
25.729736328125, -0.073677
25.759765625, -0.025142
25.789794921875, -0.011275
25.81982421875, 0.023393
25.849609375, 0.113529
25.879638671875, 0.030326
25.90966796875, 0.085795
25.939697265625, -0.129145
25.9697265625, 0.009526
25.999755859375, 0.092728
26.02978515625, -0.011275
26.059814453125, 0.044194
26.08984375, -0.087544
26.11962890625, -0.045943
26.149658203125, 0.078861
26.1796875, -0.039009
26.209716796875, 0.058061
26.23974609375, 0.13433
26.269775390625, -0.101411
26.2998046875, 0.064994
26.329833984375, 0.030326
26.359619140625, -0.066743
26.3896484375, 0.085795
26.419677734375, -0.018208
26.44970703125, -0.052876
26.479736328125, -0.101411
26.509765625, -0.205414
26.539794921875, -0.011275
26.56982421875, 0.030326
26.599853515625, -0.032076
26.629638671875, 0.002592
26.65966796875, 0.023393
26.689697265625, 0.030326
26.7197265625, -0.039009
26.749755859375, 0.002592
26.77978515625, 0.13433
26.809814453125, -0.073677
26.83984375, 0.044194
26.86962890625, -0.011275
26.899658203125, 0.016459
26.9296875, 0.009526
26.959716796875, 0.023393
26.98974609375, 0.002592
27.019775390625, -0.066743
27.0498046875, -0.025142
27.079833984375, 0.002592
27.10986328125, -0.039009
27.1396484375, 0.03726
27.169677734375, 0.078861
27.19970703125, 0.009526
27.229736328125, 0.009526
27.259765625, 0.085795
27.289794921875, 0.051127
27.31982421875, 0.023393
27.349853515625, -0.011275
27.379638671875, 0.078861
27.40966796875, 0.009526
27.439697265625, -0.004341
27.4697265625, -0.025142
27.499755859375, 0.106596
27.52978515625, 0.085795
27.559814453125, 0.113529
27.58984375, -0.052876
27.61962890625, -0.052876
27.649658203125, -0.066743
27.6796875, 0.058061
27.709716796875, 0.085795
27.73974609375, -0.094478
27.769775390625, 0.009526
27.7998046875, 0.085795
27.829833984375, -0.087544
27.85986328125, -0.108345
27.8896484375, -0.066743
27.919677734375, 0.092728
27.94970703125, 0.030326
27.979736328125, 0.03726
28.009765625, 0.064994
28.039794921875, 0.030326
28.06982421875, -0.018208
28.099853515625, 0.051127
28.129638671875, 0.113529
28.15966796875, 0.03726
28.189697265625, 0.030326
28.2197265625, 0.044194
28.249755859375, -0.087544
28.27978515625, 0.030326
28.309814453125, 0.051127
28.33984375, 0.044194
28.369873046875, 0.141263
28.399658203125, 0.13433
28.4296875, -0.004341
28.459716796875, -0.011275
28.48974609375, -0.045943
28.519775390625, -0.052876
28.5498046875, 0.023393
28.579833984375, -0.039009
28.60986328125, 0.016459
28.6396484375, 0.016459
28.669677734375, 0.030326
28.69970703125, 0.030326
28.729736328125, -0.108345
28.759765625, -0.011275
28.789794921875, 0.182865
28.81982421875, -0.039009
28.849853515625, -0.101411
28.879638671875, 0.03726
28.90966796875, 0.078861
28.939697265625, 0.016459
28.9697265625, 0.058061
28.999755859375, -0.011275
29.02978515625, -0.108345
29.059814453125, -0.011275
29.08984375, 0.009526
29.119873046875, 0.15513
29.149658203125, -0.011275
29.1796875, -0.122212
29.209716796875, -0.025142
29.23974609375, -0.025142
29.269775390625, -0.025142
29.2998046875, -0.004341
29.329833984375, 0.175931
29.35986328125, -0.066743
29.3896484375, -0.094478
29.419677734375, 0.148197
29.44970703125, 0.099662
29.479736328125, 0.016459
29.509765625, 0.023393
29.539794921875, 0.071928
29.56982421875, 0.099662
29.599853515625, -0.032076
29.6298828125, -0.045943
29.65966796875, 0.058061
29.689697265625, -0.066743
29.7197265625, 0.030326
29.749755859375, -0.025142
29.77978515625, -0.05981
29.809814453125, 0.078861
29.83984375, -0.025142
29.869873046875, -0.004341
29.899658203125, 0.051127
29.9296875, -0.025142
29.959716796875, -0.032076
29.98974609375, 0.127396
30.019775390625, 0.078861
30.0498046875, -0.011275
30.079833984375, -0.087544
30.10986328125, -0.018208
30.139892578125, 0.085795
30.169677734375, 0.058061
30.19970703125, 0.058061
30.229736328125, 0.016459
30.259765625, 0.03726
30.289794921875, -0.025142
30.31982421875, -0.011275
30.349853515625, 0.03726
30.3798828125, 0.071928
30.40966796875, 0.071928
30.439697265625, 0.099662
30.4697265625, 0.03726
30.499755859375, 0.044194
30.52978515625, -0.198481
30.559814453125, 0.023393
30.58984375, 0.085795
30.619873046875, 0.030326
30.649658203125, -0.032076
30.6796875, 0.071928
30.709716796875, -0.032076
30.73974609375, 0.030326
30.769775390625, 0.044194
30.7998046875, -0.004341
30.829833984375, -0.032076
30.85986328125, 0.085795
30.889892578125, -0.011275
30.919677734375, -0.073677
30.94970703125, 0.078861
30.979736328125, -0.004341
31.009765625, -0.004341
31.039794921875, -0.066743
31.06982421875, 0.092728
31.099853515625, 0.141263
31.1298828125, 0.030326
31.15966796875, 0.044194
31.189697265625, -0.073677
31.2197265625, 0.023393
31.249755859375, 0.009526
31.27978515625, -0.018208
31.309814453125, 0.016459
31.33984375, 0.002592
31.369873046875, 0.03726
31.39990234375, 0.03726
31.4296875, 0.13433
31.459716796875, 0.009526
31.48974609375, 0.051127
31.519775390625, -0.052876
31.5498046875, -0.032076
31.579833984375, 0.085795
31.60986328125, 0.071928
31.639892578125, -0.087544
31.669677734375, -0.163813
31.69970703125, -0.05981
31.729736328125, -0.018208
31.759765625, -0.011275
31.789794921875, 0.071928
31.81982421875, -0.073677
31.849853515625, -0.032076
31.8798828125, 0.127396
31.909912109375, -0.08061
31.939697265625, 0.141263
31.9697265625, -0.066743
31.999755859375, 0.058061
32.02978515625, -0.108345
32.059814453125, -0.039009
32.08984375, 0.009526
32.119873046875, 0.051127
32.14990234375, -0.143012
32.1796875, 0.051127
32.209716796875, -0.122212
32.23974609375, 0.044194
32.269775390625, 0.058061
32.2998046875, 0.009526
32.329833984375, 0.023393
32.35986328125, 0.03726
32.389892578125, 0.071928
32.419677734375, -0.032076
32.44970703125, 0.030326
32.479736328125, 0.002592
32.509765625, 0.009526
32.539794921875, 0.051127
32.56982421875, 0.078861
32.599853515625, -0.115278
32.6298828125, -0.045943
32.659912109375, 0.113529
32.689697265625, -0.115278
32.7197265625, -0.045943
32.749755859375, 0.002592
32.77978515625, -0.094478
32.809814453125, 0.078861
32.83984375, 0.078861
32.869873046875, -0.073677
32.89990234375, -0.004341
32.9296875, 0.168998
32.959716796875, -0.052876
32.98974609375, 0.099662
33.019775390625, -0.066743
33.0498046875, 0.030326
33.079833984375, 0.016459
33.10986328125, 0.002592
33.139892578125, 0.064994
33.169921875, 0.13433
33.19970703125, 0.113529
33.229736328125, 0.120463
33.259765625, 0.044194
33.289794921875, 0.078861
33.31982421875, -0.05981
33.349853515625, -0.039009
33.3798828125, 0.016459
33.409912109375, -0.011275
33.439697265625, 0.071928
33.4697265625, -0.122212
33.499755859375, 0.106596
33.52978515625, 0.023393
33.559814453125, 0.009526
33.58984375, 0.148197
33.619873046875, -0.004341
33.64990234375, 0.058061
33.6796875, 0.092728
33.709716796875, 0.058061
33.73974609375, -0.032076
33.769775390625, -0.052876
33.7998046875, -0.066743
33.829833984375, 0.009526
33.85986328125, -0.066743
33.889892578125, -0.143012
33.919921875, -0.032076
33.94970703125, -0.17768
33.979736328125, -0.025142
34.009765625, -0.045943
34.039794921875, 0.051127
34.06982421875, -0.039009
34.099853515625, 0.016459
34.1298828125, 0.002592
34.159912109375, -0.004341
34.189697265625, 0.127396
34.2197265625, 0.092728
34.249755859375, -0.066743
34.27978515625, -0.052876
34.309814453125, 0.030326
34.33984375, -0.011275
34.369873046875, 0.148197
34.39990234375, -0.032076
34.429931640625, 0.023393
34.459716796875, 0.078861
34.48974609375, 0.002592
34.519775390625, -0.018208
34.5498046875, -0.08061
34.579833984375, 0.064994
34.60986328125, 0.064994
34.639892578125, -0.018208
34.669921875, 0.182865
34.69970703125, -0.032076
34.729736328125, 0.044194
34.759765625, -0.094478
34.789794921875, 0.092728
34.81982421875, -0.025142
34.849853515625, 0.085795
34.8798828125, 0.113529
34.909912109375, 0.044194
34.93994140625, -0.018208
34.9697265625, -0.018208
34.999755859375, 0.03726
35.02978515625, 0.044194
35.059814453125, 0.023393
35.08984375, -0.087544
35.119873046875, -0.129145
35.14990234375, -0.025142
35.179931640625, 0.044194
35.209716796875, -0.045943
35.23974609375, 0.058061
35.269775390625, -0.025142
35.2998046875, -0.025142
35.329833984375, 0.002592
35.35986328125, -0.087544
35.389892578125, 0.009526
35.419921875, -0.032076
35.44970703125, -0.101411
35.479736328125, 0.03726
35.509765625, 0.023393
35.539794921875, -0.052876
35.56982421875, 0.03726
35.599853515625, 0.071928
35.6298828125, -0.066743
35.659912109375, -0.094478
35.68994140625, -0.052876
35.7197265625, 0.078861
35.749755859375, 0.009526
35.77978515625, 0.058061
35.809814453125, -0.045943
35.83984375, -0.045943
35.869873046875, -0.018208
35.89990234375, -0.129145
35.929931640625, 0.071928
35.959716796875, -0.115278
35.98974609375, 0.044194
36.019775390625, -0.011275
36.0498046875, 0.120463
36.079833984375, 0.071928
36.10986328125, 0.044194
36.139892578125, 0.113529
36.169921875, -0.052876
36.199951171875, -0.184614
36.229736328125, 0.044194
36.259765625, 0.058061
36.289794921875, -0.004341
36.31982421875, 0.071928
36.349853515625, 0.03726
36.3798828125, 0.127396
36.409912109375, -0.087544
36.43994140625, 0.044194
36.4697265625, 0.141263
36.499755859375, -0.08061
36.52978515625, 0.058061
36.559814453125, -0.066743
36.58984375, -0.108345
36.619873046875, 0.168998
36.64990234375, 0.058061
36.679931640625, -0.198481
36.709716796875, 0.085795
36.73974609375, -0.004341
36.769775390625, 0.210599
36.7998046875, 0.078861
36.829833984375, 0.051127
36.85986328125, -0.025142
36.889892578125, -0.039009
36.919921875, 0.13433
36.949951171875, -0.08061
36.979736328125, -0.032076
37.009765625, -0.039009
37.039794921875, -0.004341
37.06982421875, 0.002592
37.099853515625, 0.023393
37.1298828125, -0.018208
37.159912109375, 0.030326
37.18994140625, 0.030326
37.2197265625, 0.016459
37.249755859375, -0.052876
37.27978515625, -0.115278
37.309814453125, 0.044194
37.33984375, -0.122212
37.369873046875, 0.016459
37.39990234375, -0.004341
37.429931640625, 0.044194
37.4599609375, 0.099662
37.48974609375, 0.099662
37.519775390625, -0.094478
37.5498046875, 0.13433
37.579833984375, 0.058061
37.60986328125, -0.05981
37.639892578125, 0.064994
37.669921875, -0.018208
37.699951171875, 0.064994
37.729736328125, 0.044194
37.759765625, 0.03726
37.789794921875, -0.032076
37.81982421875, 0.009526
37.849853515625, 0.071928
37.8798828125, -0.032076
37.909912109375, 0.023393
37.93994140625, -0.004341
37.969970703125, -0.045943
37.999755859375, -0.018208
38.02978515625, 0.030326
38.059814453125, -0.018208
38.08984375, -0.143012
38.119873046875, -0.087544
38.14990234375, -0.094478
38.179931640625, -0.025142
38.2099609375, -0.004341
38.23974609375, -0.066743
38.269775390625, 0.009526
38.2998046875, 0.051127
38.329833984375, -0.052876
38.35986328125, 0.092728
38.389892578125, 0.03726
38.419921875, 0.092728
38.449951171875, 0.051127
38.479736328125, -0.094478
38.509765625, 0.085795
38.539794921875, 0.058061
38.56982421875, -0.136079
38.599853515625, -0.039009
38.6298828125, 0.016459
38.659912109375, 0.030326
38.68994140625, 0.085795
38.719970703125, 0.058061
38.749755859375, 0.058061
38.77978515625, -0.004341
38.809814453125, 0.2314
38.83984375, 0.051127
38.869873046875, 0.016459
38.89990234375, 0.016459
38.929931640625, 0.044194
38.9599609375, -0.08061
38.98974609375, 0.051127
39.019775390625, 0.071928
39.0498046875, -0.004341
39.079833984375, -0.087544
39.10986328125, 0.064994
39.139892578125, 0.016459
39.169921875, -0.045943
39.199951171875, -0.045943
39.22998046875, -0.05981
39.259765625, 0.009526
39.289794921875, 0.023393
39.31982421875, -0.039009
39.349853515625, -0.025142
39.3798828125, -0.011275
39.409912109375, -0.011275
39.43994140625, -0.004341
39.469970703125, 0.168998
39.499755859375, 0.03726
39.52978515625, 0.058061
39.559814453125, 0.044194
39.58984375, 0.071928
39.619873046875, -0.066743
39.64990234375, -0.039009
39.679931640625, 0.03726
39.7099609375, 0.058061
39.739990234375, 0.085795
39.769775390625, 0.051127
39.7998046875, -0.05981
39.829833984375, -0.05981
39.85986328125, -0.025142
39.889892578125, 0.106596
39.919921875, -0.011275
39.949951171875, -0.025142
39.97998046875, 0.023393
40.009765625, 0.092728
40.039794921875, 0.058061
40.06982421875, -0.066743
40.099853515625, -0.163813
40.1298828125, 0.13433
40.159912109375, 0.085795
40.18994140625, -0.108345
40.219970703125, 0.051127
40.249755859375, 0.092728
40.27978515625, -0.073677
40.309814453125, 0.023393
40.33984375, -0.066743
40.369873046875, -0.05981
40.39990234375, -0.149946
40.429931640625, -0.05981
40.4599609375, 0.044194
40.489990234375, 0.071928
40.519775390625, 0.078861
40.5498046875, 0.148197
40.579833984375, 0.085795
40.60986328125, 0.023393
40.639892578125, 0.002592
40.669921875, 0.085795
40.699951171875, 0.009526
40.72998046875, -0.011275
40.759765625, -0.052876
40.789794921875, -0.122212
40.81982421875, 0.085795
40.849853515625, -0.004341
40.8798828125, 0.044194
40.909912109375, -0.087544
40.93994140625, 0.106596
40.969970703125, 0.058061
41.0, -0.08061
41.02978515625, 0.064994
41.059814453125, 0.071928
41.08984375, 0.127396
41.119873046875, 0.058061
41.14990234375, 0.113529
41.179931640625, 0.002592
41.2099609375, -0.004341
41.239990234375, -0.191547
41.269775390625, 0.030326
41.2998046875, 0.030326
41.329833984375, -0.011275
41.35986328125, -0.004341
41.389892578125, 0.071928
41.419921875, 0.051127
41.449951171875, 0.064994
41.47998046875, -0.15688
41.509765625, 0.030326
41.539794921875, 0.071928
41.56982421875, 0.071928
41.599853515625, -0.066743
41.6298828125, -0.032076
41.659912109375, -0.045943
41.68994140625, 0.030326
41.719970703125, 0.085795
41.75, 0.030326
41.77978515625, 0.002592
41.809814453125, 0.030326
41.83984375, -0.011275
41.869873046875, -0.011275
41.89990234375, -0.08061
41.929931640625, -0.011275
41.9599609375, -0.05981
41.989990234375, -0.011275
42.019775390625, 0.044194
42.0498046875, 0.002592
42.079833984375, -0.025142
42.10986328125, -0.094478
42.139892578125, -0.08061
42.169921875, 0.002592
42.199951171875, 0.064994
42.22998046875, -0.122212
42.260009765625, -0.025142
42.289794921875, -0.108345
42.31982421875, 0.085795
42.349853515625, 0.009526
42.3798828125, 0.127396
42.409912109375, 0.03726
42.43994140625, 0.058061
42.469970703125, -0.032076
42.5, -0.018208
42.52978515625, 0.085795
42.559814453125, -0.011275
42.58984375, 0.030326
42.619873046875, 0.078861
42.64990234375, 0.009526
42.679931640625, -0.052876
42.7099609375, 0.141263
42.739990234375, 0.051127
42.77001953125, 0.106596
42.7998046875, 0.051127
42.829833984375, 0.044194
42.85986328125, 0.092728
42.889892578125, 0.044194
42.919921875, 0.148197
42.949951171875, 0.196732
42.97998046875, 0.13433
43.010009765625, -0.045943
43.039794921875, -0.032076
43.06982421875, 0.113529
43.099853515625, 0.113529
43.1298828125, -0.025142
43.159912109375, -0.045943
43.18994140625, 0.175931
43.219970703125, 0.009526
43.25, -0.039009
43.27978515625, -0.15688
43.309814453125, 0.016459
43.33984375, -0.149946
43.369873046875, -0.039009
43.39990234375, -0.08061
43.429931640625, -0.025142
43.4599609375, -0.025142
43.489990234375, -0.087544
43.52001953125, 0.009526
43.5498046875, 0.03726
43.579833984375, -0.05981
43.60986328125, -0.073677
43.639892578125, -0.136079
43.669921875, -0.052876
43.699951171875, -0.032076
43.72998046875, 0.15513
43.760009765625, -0.17768
43.789794921875, 0.002592
43.81982421875, -0.011275
43.849853515625, -0.052876
43.8798828125, 0.071928
43.909912109375, 0.127396
43.93994140625, 0.051127
43.969970703125, 0.210599
44.0, 0.071928
44.030029296875, 0.002592
44.059814453125, -0.052876
44.08984375, -0.052876
44.119873046875, -0.045943
44.14990234375, -0.045943
44.179931640625, -0.094478
44.2099609375, 0.085795
44.239990234375, 0.168998
44.27001953125, -0.025142
44.2998046875, 0.189798
44.329833984375, -0.039009
44.35986328125, 0.016459
44.389892578125, 0.13433
44.419921875, 0.016459
44.449951171875, 0.051127
44.47998046875, -0.108345
44.510009765625, -0.087544
44.539794921875, 0.009526
44.56982421875, 0.058061
44.599853515625, 0.106596
44.6298828125, 0.064994
44.659912109375, -0.032076
44.68994140625, 0.030326
44.719970703125, -0.011275
44.75, 0.016459
44.780029296875, 0.064994
44.809814453125, 0.044194
44.83984375, 0.162064
44.869873046875, 0.051127
44.89990234375, -0.039009
44.929931640625, -0.004341
44.9599609375, -0.05981
44.989990234375, -0.143012
45.02001953125, 0.023393
45.0498046875, 0.092728
45.079833984375, 0.092728
45.10986328125, 0.099662
45.139892578125, -0.045943
45.169921875, 0.064994
45.199951171875, -0.101411
45.22998046875, -0.032076
45.260009765625, 0.023393
45.2900390625, 0.002592
45.31982421875, -0.011275
45.349853515625, 0.071928
45.3798828125, 0.002592
45.409912109375, -0.122212
45.43994140625, -0.122212
45.469970703125, -0.004341
45.5, 0.051127
45.530029296875, 0.030326
45.559814453125, 0.120463
45.58984375, -0.129145
45.619873046875, -0.011275
45.64990234375, 0.051127
45.679931640625, 0.051127
45.7099609375, -0.045943
45.739990234375, 0.092728
45.77001953125, 0.064994
45.800048828125, 0.085795
45.829833984375, 0.078861
45.85986328125, 0.051127
45.889892578125, 0.078861
45.919921875, -0.087544
45.949951171875, -0.025142
45.97998046875, 0.051127
46.010009765625, 0.002592
46.0400390625, 0.044194
46.06982421875, 0.03726
46.099853515625, 0.023393
46.1298828125, 0.051127
46.159912109375, 0.030326
46.18994140625, -0.05981
46.219970703125, 0.030326
46.25, 0.051127
46.280029296875, -0.073677
46.309814453125, -0.08061
46.33984375, 0.085795
46.369873046875, -0.004341
46.39990234375, 0.03726
46.429931640625, -0.05981
46.4599609375, -0.136079
46.489990234375, 0.071928
46.52001953125, -0.066743
46.550048828125, 0.044194
46.579833984375, 0.071928
46.60986328125, 0.002592
46.639892578125, -0.018208
46.669921875, 0.120463
46.699951171875, 0.03726
46.72998046875, 0.03726
46.760009765625, -0.018208
46.7900390625, -0.101411
46.81982421875, 0.071928
46.849853515625, -0.052876
46.8798828125, 0.106596
46.909912109375, 0.113529
46.93994140625, -0.004341
46.969970703125, 0.030326
47.0, 0.023393
47.030029296875, 0.058061
47.06005859375, 0.071928
47.08984375, 0.016459
47.119873046875, -0.004341
47.14990234375, 0.141263
47.179931640625, -0.018208
47.2099609375, -0.149946
47.239990234375, -0.115278
47.27001953125, -0.018208
47.300048828125, -0.039009
47.329833984375, 0.023393
47.35986328125, 0.002592
47.389892578125, -0.011275
47.419921875, 0.016459
47.449951171875, 0.016459
47.47998046875, 0.078861
47.510009765625, -0.004341
47.5400390625, 0.071928
47.570068359375, 0.13433
47.599853515625, 0.141263
47.6298828125, -0.018208
47.659912109375, 0.03726
47.68994140625, -0.045943
47.719970703125, 0.058061
47.75, 0.002592
47.780029296875, -0.184614
47.81005859375, 0.002592
47.83984375, -0.052876
47.869873046875, 0.085795
47.89990234375, -0.094478
47.929931640625, 0.058061
47.9599609375, 0.009526
47.989990234375, 0.064994
48.02001953125, -0.08061
48.050048828125, -0.004341
48.079833984375, -0.025142
48.10986328125, -0.018208
48.139892578125, -0.066743
48.169921875, 0.127396
48.199951171875, -0.025142
48.22998046875, 0.071928
48.260009765625, 0.016459
48.2900390625, 0.148197
48.320068359375, 0.03726
48.349853515625, -0.052876
48.3798828125, -0.108345
48.409912109375, -0.011275
48.43994140625, 0.092728
48.469970703125, -0.115278
48.5, 0.085795
48.530029296875, -0.05981
48.56005859375, 0.044194
48.58984375, 0.113529
48.619873046875, 0.016459
48.64990234375, -0.025142
48.679931640625, 0.099662
48.7099609375, 0.03726
48.739990234375, 0.023393
48.77001953125, -0.032076
48.800048828125, 0.064994
48.830078125, -0.094478
48.85986328125, -0.087544
48.889892578125, -0.045943
48.919921875, -0.032076
48.949951171875, -0.073677
48.97998046875, -0.004341
49.010009765625, 0.071928
49.0400390625, -0.094478
49.070068359375, -0.025142
49.099853515625, 0.009526
49.1298828125, -0.011275
49.159912109375, -0.004341
49.18994140625, 0.051127
49.219970703125, -0.066743
49.25, -0.087544
49.280029296875, 0.002592
49.31005859375, 0.078861
49.33984375, 0.085795
49.369873046875, -0.08061
49.39990234375, 0.099662
49.429931640625, -0.129145
49.4599609375, 0.120463
49.489990234375, 0.058061
49.52001953125, 0.030326
49.550048828125, -0.045943
49.580078125, 0.092728
49.60986328125, 0.127396
49.639892578125, 0.002592
49.669921875, 0.099662
49.699951171875, 0.023393
49.72998046875, 0.13433
49.760009765625, 0.044194
49.7900390625, 0.009526
49.820068359375, 0.051127
49.849853515625, -0.101411
49.8798828125, 0.044194
49.909912109375, 0.078861
49.93994140625, -0.032076
49.969970703125, 0.064994
50.0, -0.025142
50.030029296875, 0.051127
50.06005859375, 0.092728
50.090087890625, 0.273001
50.119873046875, 0.487941
50.14990234375, 0.716749
50.179931640625, 0.765284
50.2099609375, 0.903955
50.239990234375, 0.966357
50.27001953125, 1.299167
50.300048828125, 1.250633
50.330078125, 1.590377
50.35986328125, 1.507174
50.389892578125, 1.79145
50.419921875, 1.826118
50.449951171875, 1.881586
50.47998046875, 2.145061
50.510009765625, 2.179729
50.5400390625, 2.117327
50.570068359375, 2.422404
50.60009765625, 2.276799
50.6298828125, 2.498673
50.659912109375, 2.637344
50.68994140625, 2.658145
50.719970703125, 2.810683
50.75, 2.94242
50.780029296875, 2.886952
50.81005859375, 3.074158
50.840087890625, 3.171228
50.869873046875, 3.178161
50.89990234375, 3.282165
50.929931640625, 3.3307
50.9599609375, 3.3307
50.989990234375, 3.323766
51.02001953125, 3.531773
51.050048828125, 3.559507
51.080078125, 3.64271
51.10986328125, 3.628843
51.139892578125, 3.573374
51.169921875, 3.753647
51.199951171875, 3.614976
51.22998046875, 3.746713
51.260009765625, 3.843783
51.2900390625, 3.822982
51.320068359375, 3.829916
51.35009765625, 3.926986
51.3798828125, 4.024055
51.409912109375, 4.024055
51.43994140625, 4.037923
51.469970703125, 3.809115
51.5, 4.010188
51.530029296875, 4.044856
51.56005859375, 4.190461
51.590087890625, 4.030989
51.619873046875, 3.996321
51.64990234375, 4.121125
51.679931640625, 4.26673
51.7099609375, 4.211261
51.739990234375, 4.232062
51.77001953125, 4.148859
51.800048828125, 4.342999
51.830078125, 4.259796
51.860107421875, 4.010188
51.889892578125, 4.176594
51.919921875, 4.336065
51.949951171875, 4.134992
51.97998046875, 4.176594
52.010009765625, 4.26673
52.0400390625, 4.294464
52.070068359375, 4.349933
52.10009765625, 4.238996
52.1298828125, 4.128059
52.159912109375, 4.287531
52.18994140625, 4.211261
52.219970703125, 4.141926
52.25, 4.107258
52.280029296875, 4.079524
52.31005859375, 4.183527
52.340087890625, 4.252863
52.369873046875, 4.121125
52.39990234375, 4.100325
52.429931640625, 4.183527
52.4599609375, 4.107258
52.489990234375, 4.121125
52.52001953125, 4.114192
52.550048828125, 4.134992
52.580078125, 4.141926
52.610107421875, 4.134992
52.639892578125, 4.107258
52.669921875, 4.16966
52.699951171875, 3.996321
52.72998046875, 4.128059
52.760009765625, 4.121125
52.7900390625, 3.933919
52.820068359375, 4.058723
52.85009765625, 4.037923
52.8798828125, 3.989388
52.909912109375, 4.065657
52.93994140625, 3.822982
52.969970703125, 3.933919
53.0, 3.878451
53.030029296875, 3.933919
53.06005859375, 3.920052
53.090087890625, 3.885384
53.1201171875, 3.767514
53.14990234375, 3.809115
53.179931640625, 3.836849
53.2099609375, 3.809115
53.239990234375, 3.753647
53.27001953125, 3.732846
53.300048828125, 3.670444
53.330078125, 3.753647
53.360107421875, 3.892318
53.389892578125, 4.017122
53.419921875, 3.829916
53.449951171875, 3.899251
53.47998046875, 3.864584
53.510009765625, 4.204328
53.5400390625, 3.885384
53.570068359375, 3.933919
53.60009765625, 4.134992
53.630126953125, 4.204328
53.659912109375, 4.121125
53.68994140625, 4.155793
53.719970703125, 4.26673
53.75, 4.176594
53.780029296875, 4.190461
53.81005859375, 4.26673
53.840087890625, 4.238996
53.8701171875, 4.433135
53.89990234375, 4.377667
53.929931640625, 4.336065
53.9599609375, 4.3638
53.989990234375, 4.453936
54.02001953125, 4.474737
54.050048828125, 4.377667
54.080078125, 4.544072
54.110107421875, 4.48167
54.139892578125, 4.537139
54.169921875, 4.551006
54.199951171875, 4.551006
54.22998046875, 4.467803
54.260009765625, 4.453936
54.2900390625, 4.689677
54.320068359375, 4.606474
54.35009765625, 4.682743
54.380126953125, 4.613408
54.409912109375, 4.703544
54.43994140625, 4.564873
54.469970703125, 4.668876
54.5, 4.752079
54.530029296875, 4.703544
54.56005859375, 4.731278
54.590087890625, 4.738212
54.6201171875, 4.821415
54.64990234375, 4.759012
54.679931640625, 4.703544
54.7099609375, 4.661943
54.739990234375, 4.648076
54.77001953125, 4.661943
54.800048828125, 4.828348
54.830078125, 4.717411
54.860107421875, 4.77288
54.89013671875, 4.717411
54.919921875, 4.883817
54.949951171875, 4.738212
54.97998046875, 4.904617
55.010009765625, 4.89075
55.0400390625, 4.765946
55.070068359375, 4.79368
55.10009765625, 4.828348
55.130126953125, 4.703544
55.159912109375, 4.828348
55.18994140625, 4.814481
55.219970703125, 4.759012
55.25, 4.814481
55.280029296875, 4.821415
55.31005859375, 4.897684
55.340087890625, 4.807547
55.3701171875, 4.79368
55.400146484375, 4.800614
55.429931640625, 4.883817
55.4599609375, 4.759012
55.489990234375, 4.703544
55.52001953125, 4.814481
55.550048828125, 4.883817
55.580078125, 4.897684
55.610107421875, 4.904617
55.64013671875, 4.911551
55.669921875, 4.883817
55.699951171875, 4.869949
55.72998046875, 4.800614
55.760009765625, 4.918484
55.7900390625, 4.77288
55.820068359375, 4.807547
55.85009765625, 4.779813
55.880126953125, 4.932351
55.909912109375, 4.904617
55.93994140625, 4.869949
55.969970703125, 4.765946
56.0, 4.973953
56.030029296875, 4.821415
56.06005859375, 4.876883
56.090087890625, 4.800614
56.1201171875, 4.856082
56.150146484375, 4.925418
56.179931640625, 4.842215
56.2099609375, 4.932351
56.239990234375, 4.786747
56.27001953125, 4.869949
56.300048828125, 4.925418
56.330078125, 4.849149
56.360107421875, 4.849149
56.39013671875, 4.77288
56.419921875, 4.759012
56.449951171875, 4.856082
56.47998046875, 4.876883
56.510009765625, 4.953152
56.5400390625, 4.953152
56.570068359375, 4.953152
56.60009765625, 5.022488
56.630126953125, 4.911551
56.66015625, 4.821415
56.68994140625, 5.091823
56.719970703125, 4.863016
56.75, 4.835282
56.780029296875, 4.821415
56.81005859375, 4.980886
56.840087890625, 4.814481
56.8701171875, 4.980886
56.900146484375, 4.807547
56.929931640625, 4.800614
56.9599609375, 4.876883
56.989990234375, 4.828348
57.02001953125, 4.79368
57.050048828125, 4.724345
57.080078125, 4.786747
57.110107421875, 4.869949
57.14013671875, 4.932351
57.169921875, 4.856082
57.199951171875, 4.765946
57.22998046875, 4.786747
57.260009765625, 4.752079
57.2900390625, 4.800614
57.320068359375, 4.689677
57.35009765625, 4.724345
57.380126953125, 4.904617
57.41015625, 4.821415
57.43994140625, 4.641142
57.469970703125, 4.717411
57.5, 4.738212
57.530029296875, 4.634208
57.56005859375, 4.821415
57.590087890625, 4.703544
57.6201171875, 4.752079
57.650146484375, 4.759012
57.679931640625, 4.800614
57.7099609375, 4.786747
57.739990234375, 4.856082
57.77001953125, 4.765946
57.800048828125, 4.648076
57.830078125, 4.759012
57.860107421875, 4.745145
57.89013671875, 4.849149
57.920166015625, 4.876883
57.949951171875, 4.77288
57.97998046875, 4.765946
58.010009765625, 4.918484
58.0400390625, 4.703544
58.070068359375, 4.876883
58.10009765625, 4.77288
58.130126953125, 4.856082
58.16015625, 4.918484
58.18994140625, 4.800614
58.219970703125, 4.682743
58.25, 4.876883
58.280029296875, 4.779813
58.31005859375, 4.779813
58.340087890625, 4.69661
58.3701171875, 4.765946
58.400146484375, 4.724345
58.43017578125, 4.738212
58.4599609375, 4.731278
58.489990234375, 4.668876
58.52001953125, 4.759012
58.550048828125, 4.856082
58.580078125, 4.835282
58.610107421875, 4.67581
58.64013671875, 4.759012
58.670166015625, 4.745145
58.699951171875, 4.724345
58.72998046875, 4.759012
58.760009765625, 4.668876
58.7900390625, 4.67581
58.820068359375, 4.557939
58.85009765625, 4.765946
58.880126953125, 4.77288
58.91015625, 4.69661
58.93994140625, 4.710478
58.969970703125, 4.620341
59.0, 4.779813
59.030029296875, 4.661943
59.06005859375, 4.599541
59.090087890625, 4.745145
59.1201171875, 4.682743
59.150146484375, 4.752079
59.18017578125, 4.828348
59.2099609375, 4.752079
59.239990234375, 4.79368
59.27001953125, 4.620341
59.300048828125, 4.627275
59.330078125, 4.661943
59.360107421875, 4.717411
59.39013671875, 4.710478
59.420166015625, 4.689677
59.449951171875, 4.77288
59.47998046875, 4.745145
59.510009765625, 4.530205
59.5400390625, 4.79368
59.570068359375, 4.689677
59.60009765625, 4.710478
59.630126953125, 4.655009
59.66015625, 4.779813
59.690185546875, 4.599541
59.719970703125, 4.606474
59.75, 4.634208
59.780029296875, 4.48167
59.81005859375, 4.530205
59.840087890625, 4.46087
59.8701171875, 4.551006
59.900146484375, 4.530205
59.93017578125, 4.447002
59.9599609375, 4.571806
59.989990234375, 4.564873
60.02001953125, 4.592607
60.050048828125, 4.689677
60.080078125, 4.661943
60.110107421875, 4.634208
60.14013671875, 4.419268
60.170166015625, 4.329132
60.199951171875, 4.3846
60.22998046875, 4.419268
60.260009765625, 4.322198
60.2900390625, 4.46087
60.320068359375, 4.3638
60.35009765625, 4.3638
60.380126953125, 4.197394
60.41015625, 4.447002
60.440185546875, 4.162727
60.469970703125, 4.308331
60.5, 4.356866
60.530029296875, 4.211261
60.56005859375, 4.100325
60.590087890625, 4.26673
60.6201171875, 4.121125
60.650146484375, 4.183527
60.68017578125, 4.232062
60.7099609375, 4.204328
60.739990234375, 4.128059
60.77001953125, 4.044856
60.800048828125, 4.183527
60.830078125, 3.878451
60.860107421875, 4.128059
60.89013671875, 4.100325
60.920166015625, 3.892318
60.9501953125, 3.926986
60.97998046875, 3.850716
61.010009765625, 3.933919
61.0400390625, 3.76058
61.070068359375, 3.635776
61.10009765625, 3.552574
61.130126953125, 3.566441
61.16015625, 3.594175
61.190185546875, 3.670444
61.219970703125, 3.66351
61.25, 3.656577
61.280029296875, 3.504039
61.31005859375, 3.296032
61.340087890625, 3.275231
61.3701171875, 3.178161
61.400146484375, 3.205896
61.43017578125, 3.046424
61.460205078125, 3.198962
61.489990234375, 3.296032
61.52001953125, 3.143494
61.550048828125, 3.046424
61.580078125, 2.82455
61.610107421875, 2.893886
61.64013671875, 2.748281
61.670166015625, 2.658145
61.7001953125, 2.554141
61.72998046875, 2.436271
61.760009765625, 2.290666
61.7900390625, 2.110394
61.820068359375, 2.00639
61.85009765625, 2.013324
61.880126953125, 1.819184
61.91015625, 1.88852
61.940185546875, 1.67358
61.969970703125, 1.555709
62.0, 1.181297
62.030029296875, 1.028759
62.06005859375, 0.737549
62.090087890625, 0.023393
62.1201171875, -0.039009
62.150146484375, -0.094478
62.18017578125, -0.011275
62.210205078125, -0.136079
62.239990234375, 0.009526
62.27001953125, 0.058061
62.300048828125, 0.058061
62.330078125, 0.044194
62.360107421875, -0.073677
62.39013671875, 0.016459
62.420166015625, 0.044194
62.4501953125, 0.064994
62.47998046875, 0.023393
62.510009765625, -0.004341
62.5400390625, -0.094478
62.570068359375, -0.101411
62.60009765625, 0.03726
62.630126953125, 0.030326
62.66015625, 0.058061
62.690185546875, 0.127396
62.72021484375, -0.039009
62.75, -0.052876
62.780029296875, -0.087544
62.81005859375, 0.030326
62.840087890625, -0.170747
62.8701171875, -0.045943
62.900146484375, 0.051127
62.93017578125, -0.066743
62.960205078125, -0.039009
62.989990234375, 0.030326
63.02001953125, 0.148197
63.050048828125, 0.023393
63.080078125, 0.071928
63.110107421875, 0.016459
63.14013671875, 0.078861
63.170166015625, 0.106596
63.2001953125, 0.099662
63.230224609375, 0.15513
63.260009765625, -0.032076
63.2900390625, -0.045943
63.320068359375, 0.051127
63.35009765625, 0.162064
63.380126953125, 0.030326
63.41015625, 0.162064
63.440185546875, 0.044194
63.47021484375, 0.071928
63.5, -0.025142
63.530029296875, 0.058061
63.56005859375, 0.002592
63.590087890625, 0.058061
63.6201171875, 0.009526
63.650146484375, -0.101411
63.68017578125, 0.016459
63.710205078125, -0.101411
63.739990234375, -0.011275
63.77001953125, -0.039009
63.800048828125, -0.039009
63.830078125, -0.045943
63.860107421875, 0.071928
63.89013671875, 0.023393
63.920166015625, 0.03726
63.9501953125, 0.071928
63.980224609375, -0.039009
64.010009765625, 0.064994
64.0400390625, -0.052876
64.070068359375, 0.085795
64.10009765625, 0.03726
64.130126953125, 0.092728
64.16015625, -0.073677
64.190185546875, 0.064994
64.22021484375, 0.03726
64.25, 0.002592
64.280029296875, 0.03726
64.31005859375, -0.045943
64.340087890625, -0.018208
64.3701171875, -0.045943
64.400146484375, -0.004341
64.43017578125, -0.087544
64.460205078125, 0.03726
64.490234375, 0.03726
64.52001953125, -0.018208
64.550048828125, 0.044194
64.580078125, -0.011275
64.610107421875, 0.120463
64.64013671875, 0.078861
64.670166015625, -0.032076
64.7001953125, -0.05981
64.730224609375, -0.004341
64.760009765625, 0.15513
64.7900390625, -0.066743
64.820068359375, -0.004341
64.85009765625, 0.03726
64.880126953125, 0.120463
64.91015625, 0.064994
64.940185546875, 0.03726
64.97021484375, 0.030326
65.0, -0.073677
65.030029296875, -0.025142
65.06005859375, -0.018208
65.090087890625, 0.106596
65.1201171875, 0.064994
65.150146484375, 0.03726
65.18017578125, 0.009526
65.210205078125, -0.004341
65.240234375, -0.05981
65.27001953125, 0.044194
65.300048828125, -0.032076
65.330078125, -0.052876
65.360107421875, -0.108345
65.39013671875, 0.071928
65.420166015625, 0.030326
65.4501953125, -0.004341
65.480224609375, 0.051127
65.510009765625, 0.016459
65.5400390625, -0.05981
65.570068359375, -0.052876
65.60009765625, -0.101411
65.630126953125, 0.189798
65.66015625, 0.058061
65.690185546875, -0.05981
65.72021484375, 0.078861
65.750244140625, -0.052876
65.780029296875, 0.127396
65.81005859375, 0.078861
65.840087890625, -0.045943
65.8701171875, 0.023393
65.900146484375, 0.009526
65.93017578125, 0.051127
65.960205078125, 0.085795
65.990234375, 0.03726
66.02001953125, -0.191547
66.050048828125, -0.025142
66.080078125, 0.168998
66.110107421875, 0.030326
66.14013671875, 0.058061
66.170166015625, -0.039009
66.2001953125, -0.101411
66.230224609375, -0.004341
66.26025390625, -0.039009
66.2900390625, -0.101411
66.320068359375, -0.011275
66.35009765625, 0.051127
66.380126953125, -0.032076
66.41015625, -0.101411
66.440185546875, -0.004341
66.47021484375, 0.009526
66.500244140625, 0.051127
66.530029296875, 0.03726
66.56005859375, 0.064994
66.590087890625, 0.2314
66.6201171875, -0.004341
66.650146484375, 0.023393
66.68017578125, 0.016459
66.710205078125, -0.066743
66.740234375, -0.004341
66.77001953125, -0.066743
66.800048828125, -0.052876
66.830078125, 0.051127
66.860107421875, 0.064994
66.89013671875, 0.085795
66.920166015625, -0.066743
66.9501953125, -0.101411
66.980224609375, -0.039009
67.01025390625, -0.087544
67.0400390625, 0.168998
67.070068359375, -0.122212
67.10009765625, -0.018208
67.130126953125, 0.071928
67.16015625, -0.011275
67.190185546875, -0.032076
67.22021484375, 0.085795
67.250244140625, 0.051127
67.280029296875, -0.08061
67.31005859375, 0.023393
67.340087890625, 0.016459
67.3701171875, -0.032076
67.400146484375, 0.099662
67.43017578125, -0.011275
67.460205078125, -0.052876
67.490234375, -0.073677
67.520263671875, 0.071928
67.550048828125, -0.087544
67.580078125, 0.064994
67.610107421875, 0.085795
67.64013671875, 0.002592
67.670166015625, -0.101411
67.7001953125, -0.045943
67.730224609375, 0.009526
67.76025390625, 0.078861
67.7900390625, 0.009526
67.820068359375, -0.032076
67.85009765625, -0.052876
67.880126953125, -0.045943
67.91015625, 0.113529
67.940185546875, 0.03726
67.97021484375, -0.087544
68.000244140625, 0.009526
68.0302734375, -0.08061
68.06005859375, 0.078861
68.090087890625, -0.045943
68.1201171875, -0.122212
68.150146484375, 0.051127
68.18017578125, -0.011275
68.210205078125, -0.05981
68.240234375, 0.051127
68.270263671875, -0.08061
68.300048828125, -0.018208
68.330078125, 0.078861
68.360107421875, -0.039009
68.39013671875, -0.045943
68.420166015625, 0.113529
68.4501953125, 0.009526
68.480224609375, -0.004341
68.51025390625, -0.108345
68.5400390625, -0.032076
68.570068359375, -0.025142
68.60009765625, 0.148197
68.630126953125, 0.044194
68.66015625, -0.032076
68.690185546875, 0.002592
68.72021484375, -0.066743
68.750244140625, 0.071928
68.7802734375, 0.016459
68.81005859375, 0.064994
68.840087890625, -0.045943
68.8701171875, -0.108345
68.900146484375, -0.032076
68.93017578125, 0.078861
68.960205078125, 0.113529
68.990234375, -0.052876
69.020263671875, 0.03726
69.050048828125, 0.071928
69.080078125, -0.045943
69.110107421875, 0.051127
69.14013671875, 0.058061
69.170166015625, 0.016459
69.2001953125, 0.058061
69.230224609375, -0.004341
69.26025390625, -0.032076
69.290283203125, 0.196732
69.320068359375, 0.051127
69.35009765625, 0.15513
69.380126953125, 0.002592
69.41015625, 0.002592
69.440185546875, -0.011275
69.47021484375, -0.004341
69.500244140625, -0.08061
69.5302734375, -0.052876
69.56005859375, -0.025142
69.590087890625, -0.011275
69.6201171875, -0.108345
69.650146484375, -0.073677
69.68017578125, 0.085795
69.710205078125, -0.066743
69.740234375, 0.016459
69.770263671875, -0.045943
69.800048828125, 0.03726
69.830078125, 0.002592
69.860107421875, 0.009526
69.89013671875, 0.175931
69.920166015625, -0.032076
69.9501953125, -0.05981
69.980224609375, -0.039009
70.01025390625, -0.094478
70.040283203125, 0.051127
70.070068359375, -0.025142
70.10009765625, -0.025142
70.130126953125, 0.058061
70.16015625, -0.032076
70.190185546875, -0.087544
70.22021484375, 0.064994
70.250244140625, 0.03726
70.2802734375, 0.009526
70.31005859375, -0.073677
70.340087890625, 0.023393
70.3701171875, 0.064994
70.400146484375, -0.087544
70.43017578125, -0.094478
70.460205078125, -0.08061
70.490234375, 0.044194
70.520263671875, -0.08061
70.55029296875, 0.016459
70.580078125, 0.13433
70.610107421875, -0.018208
70.64013671875, 0.03726
70.670166015625, -0.004341
70.7001953125, -0.011275
70.730224609375, -0.025142
70.76025390625, -0.032076
70.790283203125, -0.05981
70.820068359375, 0.044194
70.85009765625, -0.025142
70.880126953125, -0.025142
70.91015625, 0.03726
70.940185546875, 0.085795
70.97021484375, -0.004341
71.000244140625, -0.004341
71.0302734375, -0.011275
71.060302734375, 0.120463
71.090087890625, -0.073677
71.1201171875, -0.004341
71.150146484375, 0.078861
71.18017578125, -0.011275
71.210205078125, -0.05981
71.240234375, 0.016459
71.270263671875, -0.052876
71.30029296875, 0.141263
71.330078125, 0.168998
71.360107421875, 0.099662
71.39013671875, -0.011275
71.420166015625, 0.127396
71.4501953125, 0.023393
71.480224609375, -0.08061
71.51025390625, 0.002592
71.540283203125, 0.051127
71.570068359375, 0.113529
71.60009765625, 0.016459
71.630126953125, -0.052876
71.66015625, 0.141263
71.690185546875, 0.009526
71.72021484375, 0.044194
71.750244140625, 0.092728
71.7802734375, 0.009526
71.810302734375, 0.030326
71.840087890625, -0.073677
71.8701171875, -0.004341
71.900146484375, -0.094478
71.93017578125, -0.05981
71.960205078125, -0.115278
71.990234375, -0.004341
72.020263671875, 0.058061
72.05029296875, 0.085795
72.080078125, 0.092728
72.110107421875, -0.039009
72.14013671875, 0.03726
72.170166015625, -0.018208
72.2001953125, 0.023393
72.230224609375, -0.025142
72.26025390625, -0.032076
72.290283203125, 0.058061
72.3203125, 0.002592
72.35009765625, -0.15688
72.380126953125, 0.023393
72.41015625, 0.162064
72.440185546875, 0.13433
72.47021484375, 0.085795
72.500244140625, 0.071928
72.5302734375, 0.03726
72.560302734375, -0.129145
72.590087890625, 0.120463
72.6201171875, -0.018208
72.650146484375, 0.002592
72.68017578125, 0.030326
72.710205078125, -0.018208
72.740234375, 0.085795
72.770263671875, 0.120463
72.80029296875, -0.032076
72.830078125, 0.044194
72.860107421875, 0.071928
72.89013671875, 0.099662
72.920166015625, -0.011275
72.9501953125, 0.058061
72.980224609375, -0.101411
73.01025390625, 0.051127
73.040283203125, 0.044194
73.0703125, 0.113529
73.10009765625, 0.078861
73.130126953125, 0.120463
73.16015625, -0.018208
73.190185546875, 0.044194
73.22021484375, 0.009526
73.250244140625, -0.08061
73.2802734375, 0.016459
73.310302734375, 0.002592
73.340087890625, 0.120463
73.3701171875, -0.073677
73.400146484375, 0.058061
73.43017578125, 0.106596
73.460205078125, 0.044194
73.490234375, 0.058061
73.520263671875, -0.004341
73.55029296875, 0.002592
73.580322265625, 0.092728
73.610107421875, 0.113529
73.64013671875, -0.052876
73.670166015625, -0.136079
73.7001953125, -0.052876
73.730224609375, 0.092728
73.76025390625, 0.044194
73.790283203125, -0.094478
73.8203125, 0.085795
73.85009765625, 0.120463
73.880126953125, -0.039009
73.91015625, -0.018208
73.940185546875, 0.168998
73.97021484375, -0.004341
74.000244140625, 0.023393
74.0302734375, 0.016459
74.060302734375, 0.016459
74.09033203125, 0.064994
74.1201171875, 0.023393
74.150146484375, -0.045943
74.18017578125, -0.011275
74.210205078125, 0.141263
74.240234375, 0.009526
74.270263671875, -0.025142
74.30029296875, 0.113529
74.330322265625, 0.064994
74.360107421875, -0.066743
74.39013671875, -0.136079
74.420166015625, 0.009526
74.4501953125, 0.078861
74.480224609375, -0.129145
74.51025390625, 0.044194
74.540283203125, 0.016459
74.5703125, -0.018208
74.60009765625, 0.071928
74.630126953125, 0.15513
74.66015625, 0.058061
74.690185546875, 0.03726
74.72021484375, -0.025142
74.750244140625, 0.002592
74.7802734375, -0.018208
74.810302734375, -0.004341
74.84033203125, -0.004341
74.8701171875, 0.044194
74.900146484375, 0.009526
74.93017578125, 0.03726
74.960205078125, 0.175931
74.990234375, 0.03726
75.020263671875, -0.05981
75.05029296875, 0.051127
75.080322265625, 0.044194
75.110107421875, 0.051127
75.14013671875, -0.108345
75.170166015625, 0.023393
75.2001953125, -0.05981
75.230224609375, -0.05981
75.26025390625, 0.023393
75.290283203125, -0.066743
75.3203125, 0.162064
75.350341796875, 0.03726
75.380126953125, 0.03726
75.41015625, -0.05981
75.440185546875, 0.016459
75.47021484375, 0.044194
75.500244140625, -0.052876
75.5302734375, 0.030326
75.560302734375, -0.066743
75.59033203125, 0.120463
75.6201171875, -0.045943
75.650146484375, 0.113529
75.68017578125, 0.071928
75.710205078125, -0.039009
75.740234375, -0.094478
75.770263671875, -0.045943
75.80029296875, 0.009526
75.830322265625, 0.023393
75.8603515625, -0.011275
75.89013671875, 0.071928
75.920166015625, -0.066743
75.9501953125, 0.002592
75.980224609375, -0.136079
76.01025390625, -0.004341
76.040283203125, 0.030326
76.0703125, -0.115278
76.100341796875, 0.002592
76.130126953125, -0.066743
76.16015625, 0.051127
76.190185546875, -0.045943
76.22021484375, 0.016459
76.250244140625, 0.03726
76.2802734375, 0.030326
76.310302734375, -0.191547
76.34033203125, 0.030326
76.3701171875, 0.030326
76.400146484375, -0.039009
76.43017578125, -0.129145
76.460205078125, 0.002592
76.490234375, 0.03726
76.520263671875, 0.03726
76.55029296875, -0.066743
76.580322265625, 0.099662
76.6103515625, 0.03726
76.64013671875, -0.025142
76.670166015625, 0.058061
76.7001953125, -0.018208
76.730224609375, -0.066743
76.76025390625, -0.032076
76.790283203125, -0.052876
76.8203125, -0.045943
76.850341796875, -0.101411
76.880126953125, 0.002592
76.91015625, -0.032076
76.940185546875, -0.087544
76.97021484375, -0.136079
77.000244140625, -0.004341
77.0302734375, 0.044194
77.060302734375, -0.129145
77.09033203125, -0.045943
77.120361328125, -0.170747
77.150146484375, 0.051127
77.18017578125, -0.066743
77.210205078125, -0.052876
77.240234375, -0.087544
77.270263671875, 0.002592
77.30029296875, 0.009526
77.330322265625, 0.051127
77.3603515625, 0.078861
77.39013671875, -0.018208
77.420166015625, -0.018208
77.4501953125, 0.15513
77.480224609375, 0.071928
77.51025390625, -0.045943
77.540283203125, 0.148197
77.5703125, -0.066743
77.600341796875, 0.058061
77.630126953125, -0.004341
77.66015625, 0.168998
77.690185546875, 0.092728
77.72021484375, 0.064994
77.750244140625, 0.023393
77.7802734375, -0.066743
77.810302734375, 0.113529
77.84033203125, -0.045943
77.870361328125, 0.023393
77.900146484375, 0.141263
77.93017578125, 0.016459
77.960205078125, -0.039009
77.990234375, 0.127396
78.020263671875, 0.023393
78.05029296875, -0.045943
78.080322265625, 0.030326
78.1103515625, 0.030326
78.14013671875, 0.002592
78.170166015625, 0.099662
78.2001953125, -0.094478
78.230224609375, 0.120463
78.26025390625, -0.08061
78.290283203125, 0.092728
78.3203125, -0.101411
78.350341796875, -0.004341
78.38037109375, -0.08061
78.41015625, 0.071928
78.440185546875, -0.087544
78.47021484375, 0.085795
78.500244140625, 0.085795
78.5302734375, -0.094478
78.560302734375, -0.108345
78.59033203125, 0.141263
78.620361328125, -0.066743
78.650146484375, 0.051127
78.68017578125, 0.120463
78.710205078125, -0.087544
78.740234375, -0.032076
78.770263671875, 0.002592
78.80029296875, 0.051127
78.830322265625, -0.087544
78.8603515625, 0.030326
78.890380859375, -0.066743
78.920166015625, -0.032076
78.9501953125, 0.078861
78.980224609375, 0.023393
79.01025390625, -0.004341
79.040283203125, -0.045943
79.0703125, 0.078861
79.100341796875, -0.004341
79.13037109375, 0.051127
79.16015625, 0.016459
79.190185546875, 0.120463
79.22021484375, 0.078861
79.250244140625, -0.073677
79.2802734375, -0.052876
79.310302734375, 0.071928
79.34033203125, -0.08061
79.370361328125, 0.085795
79.400146484375, -0.087544
79.43017578125, 0.175931
79.460205078125, -0.045943
79.490234375, 0.03726
79.520263671875, -0.066743
79.55029296875, -0.045943
79.580322265625, -0.05981
79.6103515625, 0.078861
79.640380859375, 0.106596
79.670166015625, 0.127396
79.7001953125, 0.092728
79.730224609375, -0.045943
79.76025390625, 0.030326
79.790283203125, -0.004341
79.8203125, 0.023393
79.850341796875, 0.106596
79.88037109375, 0.141263
79.91015625, 0.030326
79.940185546875, -0.066743
79.97021484375, 0.002592
80.000244140625, -0.032076
80.0302734375, -0.025142
80.060302734375, -0.004341
80.09033203125, -0.018208
80.120361328125, -0.108345
80.150390625, 0.141263
80.18017578125, 0.078861
80.210205078125, 0.002592
80.240234375, -0.108345
80.270263671875, 0.03726
80.30029296875, -0.018208
80.330322265625, 0.085795
80.3603515625, -0.039009
80.390380859375, 0.03726
80.420166015625, 0.120463
80.4501953125, -0.004341
80.480224609375, -0.045943
80.51025390625, 0.03726
80.540283203125, -0.08061
80.5703125, 0.044194
80.600341796875, 0.071928
80.63037109375, 0.023393
80.66015625, 0.030326
80.690185546875, -0.094478
80.72021484375, -0.05981
80.750244140625, -0.004341
80.7802734375, 0.078861
80.810302734375, 0.064994
80.84033203125, 0.196732
80.870361328125, -0.073677
80.900390625, -0.018208
80.93017578125, -0.101411
80.960205078125, -0.032076
80.990234375, 0.078861
81.020263671875, 0.030326
81.05029296875, -0.032076
81.080322265625, 0.106596
81.1103515625, -0.032076
81.140380859375, -0.073677
81.170166015625, 0.030326
81.2001953125, -0.045943
81.230224609375, 0.030326
81.26025390625, 0.058061
81.290283203125, 0.030326
81.3203125, -0.108345
81.350341796875, -0.018208
81.38037109375, 0.044194
81.410400390625, -0.073677
81.440185546875, 0.03726
81.47021484375, 0.099662
81.500244140625, 0.051127
81.5302734375, 0.064994
81.560302734375, -0.004341
81.59033203125, -0.039009
81.620361328125, -0.004341
81.650390625, -0.094478
81.68017578125, 0.03726
81.710205078125, 0.023393
81.740234375, -0.08061
81.770263671875, 0.064994
81.80029296875, 0.13433
81.830322265625, -0.004341
81.8603515625, 0.106596
81.890380859375, -0.05981
81.92041015625, 0.113529
81.9501953125, 0.15513
81.980224609375, 0.051127
82.01025390625, 0.071928
82.040283203125, 0.023393
82.0703125, 0.168998
82.100341796875, -0.05981
82.13037109375, -0.052876
82.160400390625, 0.002592
82.190185546875, 0.016459
82.22021484375, 0.078861
82.250244140625, -0.039009
82.2802734375, 0.051127
82.310302734375, -0.115278
82.34033203125, -0.170747
82.370361328125, -0.052876
82.400390625, -0.101411
82.43017578125, -0.039009
82.460205078125, -0.15688
82.490234375, 0.016459
82.520263671875, 0.113529
82.55029296875, 0.002592
82.580322265625, -0.08061
82.6103515625, 0.030326
82.640380859375, -0.045943
82.67041015625, -0.05981
82.7001953125, 0.009526
82.730224609375, -0.163813
82.76025390625, 0.030326
82.790283203125, -0.018208
82.8203125, -0.066743
82.850341796875, 0.03726
82.88037109375, 0.099662
82.910400390625, 0.023393
82.940185546875, 0.092728
82.97021484375, -0.011275
83.000244140625, 0.058061
83.0302734375, -0.08061
83.060302734375, -0.17768
83.09033203125, -0.066743
83.120361328125, 0.113529
83.150390625, 0.03726
83.180419921875, 0.127396
83.210205078125, 0.127396
83.240234375, -0.004341
83.270263671875, 0.009526
83.30029296875, -0.08061
83.330322265625, -0.039009
83.3603515625, 0.051127
83.390380859375, -0.045943
83.42041015625, -0.025142
83.4501953125, -0.032076
83.480224609375, 0.03726
83.51025390625, -0.073677
83.540283203125, -0.032076
83.5703125, -0.05981
83.600341796875, 0.196732
83.63037109375, 0.064994
83.660400390625, -0.032076
83.6904296875, 0.03726
83.72021484375, -0.025142
83.750244140625, -0.032076
83.7802734375, 0.085795
83.810302734375, -0.004341
83.84033203125, 0.030326
83.870361328125, -0.018208
83.900390625, -0.108345
83.930419921875, -0.149946
83.960205078125, 0.058061
83.990234375, -0.039009
84.020263671875, 0.030326
84.05029296875, -0.039009
84.080322265625, -0.018208
84.1103515625, 0.106596
84.140380859375, -0.136079
84.17041015625, -0.018208
84.2001953125, 0.051127
84.230224609375, -0.004341
84.26025390625, -0.032076
84.290283203125, -0.045943
84.3203125, -0.032076
84.350341796875, 0.099662
84.38037109375, -0.025142
84.410400390625, 0.058061
84.4404296875, 0.092728
84.47021484375, 0.009526
84.500244140625, -0.05981
84.5302734375, 0.044194
84.560302734375, -0.039009
84.59033203125, 0.023393
84.620361328125, 0.071928
84.650390625, -0.018208
84.680419921875, -0.094478
84.710205078125, 0.009526
84.740234375, 0.106596
84.770263671875, 0.064994
84.80029296875, 0.120463
84.830322265625, 0.078861
84.8603515625, -0.045943
84.890380859375, -0.066743
84.92041015625, -0.136079
84.950439453125, -0.122212
84.980224609375, 0.023393
85.01025390625, 0.030326
85.040283203125, 0.016459
85.0703125, -0.025142
85.100341796875, -0.011275
85.13037109375, 0.002592
85.160400390625, -0.05981
85.1904296875, -0.05981
85.22021484375, -0.025142
85.250244140625, -0.032076
85.2802734375, -0.08061
85.310302734375, 0.002592
85.34033203125, -0.025142
85.370361328125, 0.023393
85.400390625, -0.045943
85.430419921875, 0.113529
85.460205078125, 0.03726
85.490234375, -0.115278
85.520263671875, 0.071928
85.55029296875, 0.071928
85.580322265625, 0.030326
85.6103515625, 0.023393
85.640380859375, 0.120463
85.67041015625, -0.066743
85.700439453125, 0.182865
85.730224609375, 0.009526
85.76025390625, -0.011275
85.790283203125, -0.087544
85.8203125, -0.087544
85.850341796875, 0.058061
85.88037109375, 0.092728
85.910400390625, -0.094478
85.9404296875, -0.087544
85.97021484375, 0.009526
86.000244140625, 0.023393
86.0302734375, 0.044194
86.060302734375, 0.085795
86.09033203125, -0.011275
86.120361328125, 0.078861
86.150390625, -0.052876
86.180419921875, 0.016459
86.21044921875, 0.002592
86.240234375, -0.129145
86.270263671875, 0.071928
86.30029296875, -0.018208
86.330322265625, -0.018208
86.3603515625, -0.101411
86.390380859375, -0.05981
86.42041015625, 0.002592
86.450439453125, -0.108345
86.480224609375, -0.045943
86.51025390625, -0.073677
86.540283203125, -0.004341
86.5703125, 0.016459
86.600341796875, 0.099662
86.63037109375, 0.071928
86.660400390625, 0.044194
86.6904296875, -0.344086
86.720458984375, -0.004341
86.750244140625, -0.260883
86.7802734375, 0.03726
86.810302734375, 0.009526
86.84033203125, 0.085795
86.870361328125, 0.023393
86.900390625, -0.087544
86.930419921875, -0.032076
86.96044921875, 0.009526
86.990234375, 0.016459
87.020263671875, 0.058061
87.05029296875, -0.032076
87.080322265625, 0.002592
87.1103515625, 0.106596
87.140380859375, 0.058061
87.17041015625, 0.023393
87.200439453125, -0.039009
87.230224609375, 0.016459
87.26025390625, -0.143012
87.290283203125, 0.016459
87.3203125, 0.03726
87.350341796875, -0.039009
87.38037109375, 0.044194
87.410400390625, 0.106596
87.4404296875, -0.253949
87.470458984375, 0.058061
87.500244140625, -0.122212
87.5302734375, 0.099662
87.560302734375, -0.032076
87.59033203125, -0.198481
87.620361328125, 0.113529
87.650390625, 0.106596
87.680419921875, 0.064994
87.71044921875, -0.101411
87.740234375, 0.064994
87.770263671875, -0.004341
87.80029296875, -0.066743
87.830322265625, 0.023393
87.8603515625, 0.044194
87.890380859375, -0.039009
87.92041015625, 0.058061
87.950439453125, -0.129145
87.98046875, 0.023393
88.01025390625, 0.030326
88.040283203125, 0.058061
88.0703125, -0.039009
88.100341796875, 0.016459
88.13037109375, -0.108345
88.160400390625, 0.016459
88.1904296875, -0.129145
88.220458984375, -0.115278
88.250244140625, 0.064994
88.2802734375, 0.113529
88.310302734375, 0.064994
88.34033203125, -0.045943
88.370361328125, 0.085795
88.400390625, 0.03726
88.430419921875, 0.044194
88.46044921875, 0.175931
88.490234375, 0.099662
88.520263671875, -0.163813
88.55029296875, -0.018208
88.580322265625, 0.127396
88.6103515625, 0.023393
88.640380859375, -0.129145
88.67041015625, -0.011275
88.700439453125, -0.05981
88.73046875, -0.004341
88.76025390625, -0.052876
88.790283203125, 0.058061
88.8203125, -0.066743
88.850341796875, 0.13433
88.88037109375, 0.051127
88.910400390625, 0.044194
88.9404296875, 0.071928
88.970458984375, -0.045943
89.000244140625, 0.009526
89.0302734375, 0.051127
89.060302734375, 0.002592
89.09033203125, -0.073677
89.120361328125, -0.052876
89.150390625, -0.191547
89.180419921875, -0.039009
89.21044921875, 0.044194
89.240478515625, 0.078861
89.270263671875, -0.039009
89.30029296875, 0.064994
89.330322265625, 0.030326
89.3603515625, 0.064994
89.390380859375, 0.085795
89.42041015625, 0.030326
89.450439453125, 0.002592
89.48046875, 0.051127
89.51025390625, 0.016459
89.540283203125, -0.045943
89.5703125, 0.016459
89.600341796875, 0.092728
89.63037109375, -0.087544
89.660400390625, 0.002592
89.6904296875, 0.016459
89.720458984375, 0.085795
89.75048828125, -0.073677
89.7802734375, -0.052876
89.810302734375, -0.129145
89.84033203125, -0.032076
89.870361328125, 0.023393
89.900390625, 0.092728
89.930419921875, 0.051127
89.96044921875, -0.032076
89.990478515625, -0.184614
90.020263671875, 0.064994
90.05029296875, 0.023393
90.080322265625, -0.191547
90.1103515625, -0.052876
90.140380859375, -0.032076
90.17041015625, -0.052876
90.200439453125, 0.099662
90.23046875, 0.016459
90.26025390625, 0.016459
90.290283203125, 0.085795
90.3203125, 0.030326
90.350341796875, -0.122212
90.38037109375, -0.018208
90.410400390625, 0.058061
90.4404296875, 0.030326
90.470458984375, -0.018208
90.50048828125, -0.066743
90.5302734375, 0.023393
90.560302734375, 0.051127
90.59033203125, -0.011275
90.620361328125, -0.094478
90.650390625, 0.085795
90.680419921875, -0.004341
90.71044921875, -0.05981
90.740478515625, 0.064994
90.770263671875, 0.071928
90.80029296875, 0.064994
90.830322265625, 0.092728
90.8603515625, 0.030326
90.890380859375, 0.023393
90.92041015625, 0.002592
90.950439453125, 0.064994
90.98046875, 0.182865
91.010498046875, -0.129145
91.040283203125, -0.05981
91.0703125, -0.039009
91.100341796875, 0.058061
91.13037109375, 0.078861
91.160400390625, 0.078861
91.1904296875, 0.106596
91.220458984375, 0.120463
91.25048828125, 0.078861
91.2802734375, -0.011275
91.310302734375, 0.113529
91.34033203125, -0.018208
91.370361328125, 0.002592
91.400390625, 0.113529
91.430419921875, -0.170747
91.46044921875, -0.025142
91.490478515625, 0.141263
91.5205078125, 0.106596
91.55029296875, -0.136079
91.580322265625, 0.016459
91.6103515625, -0.039009
91.640380859375, 0.051127
91.67041015625, -0.108345
91.700439453125, -0.018208
91.73046875, -0.122212
91.760498046875, 0.058061
91.790283203125, 0.085795
91.8203125, 0.127396
91.850341796875, -0.094478
91.88037109375, -0.039009
91.910400390625, -0.025142
91.9404296875, 0.009526
91.970458984375, -0.198481
92.00048828125, 0.023393
92.0302734375, -0.039009
92.060302734375, 0.044194
92.09033203125, 0.002592
92.120361328125, -0.08061
92.150390625, -0.066743
92.180419921875, 0.016459
92.21044921875, -0.052876
92.240478515625, 0.044194
92.2705078125, -0.122212
92.30029296875, -0.039009
92.330322265625, 0.2522
92.3603515625, 0.002592
92.390380859375, -0.052876
92.42041015625, 0.023393
92.450439453125, 0.113529
92.48046875, 0.044194
92.510498046875, 0.009526
92.540283203125, 0.051127
92.5703125, 0.03726
92.600341796875, -0.094478
92.63037109375, -0.073677
92.660400390625, 0.03726
92.6904296875, 0.182865
92.720458984375, 0.030326
92.75048828125, -0.045943
92.780517578125, -0.05981
92.810302734375, -0.032076
92.84033203125, -0.018208
92.870361328125, 0.064994
92.900390625, -0.212348
92.930419921875, 0.113529
92.96044921875, 0.078861
92.990478515625, -0.045943
93.0205078125, 0.023393
93.05029296875, -0.122212
93.080322265625, -0.018208
93.1103515625, 0.078861
93.140380859375, 0.092728
93.17041015625, 0.016459
93.200439453125, -0.08061
93.23046875, 0.085795
93.260498046875, -0.052876
93.290283203125, -0.108345
93.3203125, -0.094478
93.350341796875, 0.058061
93.38037109375, 0.071928
93.410400390625, -0.073677
93.4404296875, -0.052876
93.470458984375, 0.064994
93.50048828125, 0.058061
93.530517578125, 0.15513
93.560302734375, -0.045943
93.59033203125, -0.066743
93.620361328125, 0.078861
93.650390625, 0.016459
93.680419921875, -0.011275
93.71044921875, -0.032076
93.740478515625, -0.045943
93.7705078125, -0.149946
93.80029296875, -0.08061
93.830322265625, 0.030326
93.8603515625, 0.148197
93.890380859375, -0.039009
93.92041015625, 0.106596
93.950439453125, 0.051127
93.98046875, -0.052876
94.010498046875, 0.002592
94.04052734375, 0.03726
94.0703125, 0.009526
94.100341796875, -0.094478
94.13037109375, 0.023393
94.160400390625, 0.092728
94.1904296875, -0.108345
94.220458984375, 0.064994
94.25048828125, -0.025142
94.280517578125, 0.203665
94.310302734375, 0.15513
94.34033203125, 0.064994
94.370361328125, 0.002592
94.400390625, -0.149946
94.430419921875, -0.032076
94.46044921875, 0.085795
94.490478515625, 0.113529
94.5205078125, -0.018208
94.550537109375, -0.101411
94.580322265625, -0.045943
94.6103515625, -0.08061
94.640380859375, 0.071928
94.67041015625, -0.018208
94.700439453125, -0.066743
94.73046875, 0.127396
94.760498046875, 0.141263
94.79052734375, -0.025142
94.8203125, -0.052876
94.850341796875, 0.016459
94.88037109375, 0.03726
94.910400390625, 0.044194
94.9404296875, -0.073677
94.970458984375, 0.064994
95.00048828125, 0.002592
95.030517578125, 0.044194
95.060302734375, -0.08061
95.09033203125, 0.030326
95.120361328125, -0.011275
95.150390625, -0.011275
95.180419921875, 0.044194
95.21044921875, 0.085795
95.240478515625, 0.099662
95.2705078125, 0.016459
95.300537109375, -0.045943
95.330322265625, 0.016459
95.3603515625, -0.136079
95.390380859375, -0.087544
95.42041015625, -0.101411
95.450439453125, 0.023393
95.48046875, 0.03726
95.510498046875, -0.052876
95.54052734375, 0.064994
95.5703125, 0.106596
95.600341796875, -0.129145
95.63037109375, -0.122212
95.660400390625, -0.032076
95.6904296875, 0.023393
95.720458984375, -0.08061
95.75048828125, -0.052876
95.780517578125, -0.025142
95.810546875, 0.030326
95.84033203125, 0.148197
95.870361328125, 0.085795
95.900390625, 0.03726
95.930419921875, -0.129145
95.96044921875, 0.058061
95.990478515625, 0.051127
96.0205078125, 0.023393
96.050537109375, -0.018208
96.080322265625, 0.085795
96.1103515625, -0.018208
96.140380859375, 0.051127
96.17041015625, 0.016459
96.200439453125, 0.245267
96.23046875, 0.064994
96.260498046875, 0.023393
96.29052734375, 0.099662
96.3203125, -0.032076
96.350341796875, -0.05981
96.38037109375, 0.009526
96.410400390625, 0.099662
96.4404296875, 0.030326
96.470458984375, -0.032076
96.50048828125, 0.044194
96.530517578125, -0.05981
96.560546875, 0.030326
96.59033203125, 0.071928
96.620361328125, -0.004341
96.650390625, 0.030326
96.680419921875, 0.009526
96.71044921875, -0.032076
96.740478515625, 0.03726
96.7705078125, 0.058061
96.800537109375, -0.05981
96.830322265625, -0.004341
96.8603515625, 0.120463
96.890380859375, -0.025142
96.92041015625, -0.018208
96.950439453125, 0.064994
96.98046875, 0.030326
97.010498046875, 0.064994
97.04052734375, 0.016459
97.070556640625, 0.002592
97.100341796875, -0.101411
97.13037109375, -0.05981
97.160400390625, 0.058061
97.1904296875, 0.064994
97.220458984375, 0.085795
97.25048828125, 0.106596
97.280517578125, 0.058061
97.310546875, -0.08061
97.34033203125, -0.101411
97.370361328125, 0.13433
97.400390625, 0.078861
97.430419921875, 0.058061
97.46044921875, -0.039009
97.490478515625, 0.092728
97.5205078125, -0.011275
97.550537109375, -0.08061
97.58056640625, -0.032076
97.6103515625, -0.122212
97.640380859375, 0.141263
97.67041015625, 0.113529
97.700439453125, 0.023393
97.73046875, 0.044194
97.760498046875, -0.045943
97.79052734375, 0.113529
97.820556640625, -0.032076
97.850341796875, 0.002592
97.88037109375, 0.120463
97.910400390625, 0.030326
97.9404296875, -0.039009
97.970458984375, -0.018208
98.00048828125, 0.030326
98.030517578125, -0.011275
98.060546875, 0.064994
98.09033203125, 0.002592
98.120361328125, 0.058061
98.150390625, -0.08061
98.180419921875, -0.073677
98.21044921875, 0.023393
98.240478515625, 0.120463
98.2705078125, 0.030326
98.300537109375, 0.044194
98.33056640625, -0.018208
98.3603515625, 0.064994
98.390380859375, 0.051127
98.42041015625, 0.03726
98.450439453125, 0.016459
98.48046875, -0.05981
98.510498046875, 0.002592
98.54052734375, 0.058061
98.570556640625, -0.045943
98.600341796875, 0.03726
98.63037109375, 0.120463
98.660400390625, 0.141263
98.6904296875, -0.032076
98.720458984375, 0.044194
98.75048828125, -0.045943
98.780517578125, 0.009526
98.810546875, -0.05981
98.840576171875, -0.073677
98.870361328125, -0.052876
98.900390625, 0.071928
98.930419921875, -0.17768
98.96044921875, -0.018208
98.990478515625, 0.099662
99.0205078125, -0.05981
99.050537109375, 0.078861
99.08056640625, -0.066743
99.1103515625, -0.045943
99.140380859375, -0.066743
99.17041015625, -0.15688
99.200439453125, 0.127396
99.23046875, -0.011275
99.260498046875, 0.106596
99.29052734375, 0.051127
99.320556640625, -0.073677
99.3505859375, 0.03726
99.38037109375, 0.148197
99.410400390625, 0.051127
99.4404296875, 0.078861
99.470458984375, 0.051127
99.50048828125, 0.030326
99.530517578125, -0.039009
99.560546875, 0.078861
99.590576171875, 0.051127
99.620361328125, -0.039009
99.650390625, -0.094478
99.680419921875, 0.009526
99.71044921875, -0.094478
99.740478515625, 0.016459
99.7705078125, -0.05981
99.800537109375, -0.122212
99.83056640625, 0.023393
99.8603515625, -0.004341
99.890380859375, 0.113529
99.92041015625, 0.085795
99.950439453125, 0.030326
99.98046875, -0.15688
100.010498046875, 0.058061
100.04052734375, 0.13433
100.070556640625, 0.009526
100.1005859375, -0.011275
100.13037109375, 0.099662
100.160400390625, -0.108345
100.1904296875, 0.078861
100.220458984375, -0.08061
100.25048828125, -0.032076
100.280517578125, -0.018208
100.310546875, 0.120463
100.340576171875, -0.101411
100.370361328125, -0.032076
100.400390625, -0.149946
100.430419921875, -0.143012
100.46044921875, 0.058061
100.490478515625, -0.066743
100.5205078125, 0.210599
100.550537109375, -0.032076
100.58056640625, -0.032076
100.610595703125, -0.05981
100.640380859375, 0.044194
100.67041015625, -0.073677
100.700439453125, 0.106596
100.73046875, 0.051127
100.760498046875, 0.106596
100.79052734375, -0.17768
100.820556640625, -0.045943
100.8505859375, -0.101411
100.88037109375, 0.085795
100.910400390625, 0.106596
100.9404296875, 0.030326
100.970458984375, 0.064994
101.00048828125, 0.085795
101.030517578125, 0.016459
101.060546875, -0.004341
101.090576171875, -0.087544
101.120361328125, 0.002592
101.150390625, 0.002592
101.180419921875, 0.03726
101.21044921875, 0.002592
101.240478515625, 0.002592
101.2705078125, 0.009526
101.300537109375, 0.044194
101.33056640625, 0.03726
101.360595703125, 0.175931
101.390380859375, 0.127396
101.42041015625, -0.039009
101.450439453125, -0.115278
101.48046875, -0.018208
101.510498046875, 0.051127
101.54052734375, -0.066743
101.570556640625, -0.018208
101.6005859375, -0.025142
101.63037109375, 0.002592
101.660400390625, 0.113529
101.6904296875, -0.191547
101.720458984375, -0.066743
101.75048828125, 0.002592
101.780517578125, -0.011275
101.810546875, 0.023393
101.840576171875, -0.032076
101.87060546875, -0.05981
101.900390625, -0.066743
101.930419921875, -0.052876
101.96044921875, 0.016459
101.990478515625, -0.136079
102.0205078125, 0.051127
102.050537109375, -0.094478
102.08056640625, -0.004341
102.110595703125, -0.066743
102.140380859375, 0.016459
102.17041015625, 0.168998
102.200439453125, -0.052876
102.23046875, -0.08061
102.260498046875, 0.030326
102.29052734375, -0.073677
102.320556640625, 0.016459
102.3505859375, 0.023393
102.380615234375, -0.004341
102.410400390625, 0.148197
102.4404296875, 0.099662
102.470458984375, 0.085795
102.50048828125, -0.011275
102.530517578125, 0.002592
102.560546875, -0.101411
102.590576171875, -0.018208
102.62060546875, -0.08061
102.650390625, 0.002592
102.680419921875, -0.066743
102.71044921875, 0.051127
102.740478515625, -0.039009
102.7705078125, 0.120463
102.800537109375, 0.051127
102.83056640625, 0.099662
102.860595703125, -0.087544
102.890380859375, 0.002592
102.92041015625, 0.016459
102.950439453125, 0.030326
102.98046875, -0.004341
103.010498046875, 0.099662
103.04052734375, 0.15513
103.070556640625, 0.071928
103.1005859375, 0.127396
103.130615234375, -0.018208
103.160400390625, 0.030326
103.1904296875, -0.004341
103.220458984375, -0.039009
103.25048828125, -0.149946
103.280517578125, -0.08061
103.310546875, 0.051127
103.340576171875, -0.045943
103.37060546875, 0.092728
103.400390625, -0.149946
103.430419921875, -0.025142
103.46044921875, -0.045943
103.490478515625, 0.120463
103.5205078125, -0.149946
103.550537109375, -0.052876
103.58056640625, 0.044194
103.610595703125, 0.044194
103.640625, 0.044194
103.67041015625, 0.078861
103.700439453125, 0.030326
103.73046875, -0.122212
103.760498046875, 0.009526
103.79052734375, -0.08061
103.820556640625, 0.051127
103.8505859375, 0.071928
103.880615234375, -0.087544
103.910400390625, 0.002592
103.9404296875, 0.106596
103.970458984375, -0.045943
104.00048828125, 0.009526
104.030517578125, 0.085795
104.060546875, 0.023393
104.090576171875, -0.05981
104.12060546875, 0.106596
104.150634765625, -0.032076
104.180419921875, -0.066743
104.21044921875, -0.052876
104.240478515625, 0.044194
104.2705078125, 0.127396
104.300537109375, 0.030326
104.33056640625, -0.018208
104.360595703125, -0.018208
104.390625, 0.023393
104.42041015625, -0.05981
104.450439453125, 0.120463
104.48046875, 0.064994
104.510498046875, 0.051127
104.54052734375, -0.087544
104.570556640625, 0.03726
104.6005859375, 0.030326
104.630615234375, 0.058061
104.660400390625, 0.009526
104.6904296875, -0.094478
104.720458984375, -0.004341
104.75048828125, 0.009526
104.780517578125, -0.011275
104.810546875, -0.032076
104.840576171875, 0.099662
104.87060546875, -0.066743
104.900634765625, -0.115278
104.930419921875, 0.058061
104.96044921875, 0.078861
104.990478515625, 0.016459
105.0205078125, 0.162064
105.050537109375, -0.032076
105.08056640625, -0.191547
105.110595703125, -0.018208
105.140625, 0.009526
105.17041015625, -0.011275
105.200439453125, 0.071928
105.23046875, -0.045943
105.260498046875, -0.15688
105.29052734375, 0.044194
105.320556640625, 0.002592
105.3505859375, 0.051127
105.380615234375, -0.122212
105.41064453125, 0.030326
105.4404296875, -0.045943
105.470458984375, -0.066743
105.50048828125, 0.009526
105.530517578125, 0.016459
105.560546875, -0.094478
105.590576171875, -0.073677
105.62060546875, -0.004341
105.650634765625, -0.094478
105.680419921875, -0.108345
105.71044921875, -0.011275
105.740478515625, -0.004341
105.7705078125, 0.099662
105.800537109375, -0.136079
105.83056640625, -0.004341
105.860595703125, -0.05981
105.890625, 0.002592
105.92041015625, 0.127396
105.950439453125, 0.03726
105.98046875, -0.039009
106.010498046875, 0.044194
106.04052734375, 0.016459
106.070556640625, 0.120463
106.1005859375, 0.051127
106.130615234375, 0.127396
106.16064453125, -0.045943
106.1904296875, 0.002592
106.220458984375, 0.099662
106.25048828125, -0.004341
106.280517578125, 0.071928
106.310546875, -0.025142
106.340576171875, 0.03726
106.37060546875, 0.064994
106.400634765625, -0.045943
106.430419921875, -0.039009
106.46044921875, -0.184614
106.490478515625, -0.108345
106.5205078125, 0.058061
106.550537109375, -0.032076
106.58056640625, 0.03726
106.610595703125, -0.087544
106.640625, 0.106596
106.670654296875, 0.15513
106.700439453125, 0.224466
106.73046875, -0.05981
106.760498046875, 0.002592
106.79052734375, 0.03726
106.820556640625, -0.011275
106.8505859375, -0.039009
106.880615234375, 0.141263
106.91064453125, -0.05981
106.9404296875, 0.03726
106.970458984375, -0.032076
107.00048828125, -0.143012
107.030517578125, 0.016459
107.060546875, -0.011275
107.090576171875, -0.073677
107.12060546875, 0.092728
107.150634765625, -0.233149
107.1806640625, -0.052876
107.21044921875, -0.018208
107.240478515625, 0.002592
107.2705078125, 0.030326
107.300537109375, -0.004341
107.33056640625, -0.198481
107.360595703125, -0.025142
107.390625, 0.058061
107.420654296875, 0.009526
107.450439453125, -0.08061
107.48046875, 0.127396
107.510498046875, 0.030326
107.54052734375, -0.025142
107.570556640625, 0.058061
107.6005859375, -0.032076
107.630615234375, -0.011275
107.66064453125, 0.085795
107.6904296875, -0.004341
107.720458984375, 0.03726
107.75048828125, -0.052876
107.780517578125, -0.025142
107.810546875, 0.002592
107.840576171875, -0.066743
107.87060546875, -0.052876
107.900634765625, -0.018208
107.9306640625, 0.009526
107.96044921875, -0.025142
107.990478515625, -0.004341
108.0205078125, -0.108345
108.050537109375, 0.044194
108.08056640625, 0.113529
108.110595703125, -0.011275
108.140625, 0.099662
108.170654296875, -0.032076
108.200439453125, 0.071928
108.23046875, 0.002592
108.260498046875, 0.092728
108.29052734375, -0.025142
108.320556640625, -0.032076
108.3505859375, 0.162064
108.380615234375, 0.141263
108.41064453125, -0.073677
108.440673828125, 0.078861
108.470458984375, -0.094478
108.50048828125, 0.044194
108.530517578125, 0.058061
108.560546875, 0.016459
108.590576171875, 0.044194
108.62060546875, -0.066743
108.650634765625, -0.05981
108.6806640625, 0.2522
108.71044921875, -0.039009
108.740478515625, -0.143012
108.7705078125, 0.03726
108.800537109375, -0.018208
108.83056640625, 0.106596
108.860595703125, 0.092728
108.890625, -0.052876
108.920654296875, -0.129145
108.950439453125, 0.120463
108.98046875, -0.018208
109.010498046875, -0.032076
109.04052734375, 0.051127
109.070556640625, 0.071928
109.1005859375, 0.016459
109.130615234375, 0.127396
109.16064453125, 0.016459
109.190673828125, -0.032076
109.220458984375, 0.058061
109.25048828125, 0.085795
109.280517578125, 0.009526
109.310546875, -0.039009
109.340576171875, 0.030326
109.37060546875, 0.03726
109.400634765625, 0.009526
109.4306640625, 0.092728
109.46044921875, -0.018208
109.490478515625, 0.071928
109.5205078125, 0.078861
109.550537109375, 0.078861
109.58056640625, 0.002592
109.610595703125, 0.002592
109.640625, 0.030326
109.670654296875, 0.064994
109.70068359375, 0.099662
109.73046875, 0.051127
109.760498046875, -0.073677
109.79052734375, -0.039009
109.820556640625, 0.030326
109.8505859375, 0.071928
109.880615234375, 0.071928
109.91064453125, 0.15513
109.940673828125, 0.085795
109.970458984375, 0.071928
110.00048828125, 0.051127
110.030517578125, 0.092728
110.060546875, 0.064994
110.090576171875, -0.108345
110.12060546875, 0.016459
110.150634765625, -0.05981
110.1806640625, 0.030326
110.210693359375, 0.071928
110.240478515625, 0.078861
110.2705078125, 0.127396
110.300537109375, 0.051127
110.33056640625, 0.002592
110.360595703125, 0.044194
110.390625, -0.08061
110.420654296875, -0.129145
110.45068359375, 0.03726
110.48046875, 0.051127
110.510498046875, 0.002592
110.54052734375, -0.004341
110.570556640625, -0.025142
110.6005859375, 0.099662
110.630615234375, -0.115278
110.66064453125, -0.004341
110.690673828125, 0.009526
110.720458984375, -0.011275
110.75048828125, 0.009526
110.780517578125, -0.136079
110.810546875, 0.009526
110.840576171875, 0.175931
110.87060546875, -0.032076
110.900634765625, 0.058061
110.9306640625, 0.016459
110.960693359375, 0.03726
110.990478515625, -0.129145
111.0205078125, -0.011275
111.050537109375, 0.099662
111.08056640625, 0.051127
111.110595703125, -0.05981
111.140625, -0.094478
111.170654296875, -0.039009
111.20068359375, -0.094478
111.23046875, -0.039009
111.260498046875, 0.030326
111.29052734375, -0.004341
111.320556640625, -0.025142
111.3505859375, 0.203665
111.380615234375, 0.030326
111.41064453125, 0.044194
111.440673828125, 0.085795
111.470703125, -0.025142
111.50048828125, 0.030326
111.530517578125, 0.058061
111.560546875, -0.052876
111.590576171875, -0.004341
111.62060546875, 0.023393
111.650634765625, 0.016459
111.6806640625, 0.030326
111.710693359375, -0.066743
111.740478515625, 0.071928
111.7705078125, -0.094478
111.800537109375, 0.148197
111.83056640625, 0.002592
111.860595703125, 0.016459
111.890625, 0.106596
111.920654296875, -0.011275
111.95068359375, -0.066743
111.980712890625, 0.078861
112.010498046875, -0.004341
112.04052734375, -0.045943
112.070556640625, -0.039009
112.1005859375, -0.025142
112.130615234375, 0.148197
112.16064453125, 0.016459
112.190673828125, 0.051127
112.220703125, -0.05981
112.25048828125, 0.044194
112.280517578125, 0.023393
112.310546875, 0.071928
112.340576171875, -0.087544
112.37060546875, 0.016459
112.400634765625, -0.025142
112.4306640625, -0.018208
112.460693359375, -0.011275
112.490478515625, -0.15688
112.5205078125, 0.009526
112.550537109375, -0.025142
112.58056640625, -0.032076
112.610595703125, 0.092728
112.640625, 0.099662
112.670654296875, 0.058061
112.70068359375, 0.148197
112.730712890625, 0.016459
112.760498046875, 0.078861
112.79052734375, 0.030326
112.820556640625, -0.073677
112.8505859375, -0.025142
112.880615234375, -0.018208
112.91064453125, -0.011275
112.940673828125, 0.030326
112.970703125, -0.039009
113.00048828125, -0.032076
113.030517578125, 0.023393
113.060546875, -0.039009
113.090576171875, 0.092728
113.12060546875, -0.115278
113.150634765625, -0.129145
113.1806640625, 0.016459
113.210693359375, 0.162064
113.24072265625, 0.092728
113.2705078125, -0.011275
113.300537109375, -0.025142
113.33056640625, 0.064994
113.360595703125, -0.05981
113.390625, 0.023393
113.420654296875, -0.039009
113.45068359375, -0.018208
113.480712890625, -0.045943
113.510498046875, -0.115278
113.54052734375, 0.113529
113.570556640625, 0.078861
113.6005859375, 0.002592
113.630615234375, -0.025142
113.66064453125, 0.058061
113.690673828125, -0.018208
113.720703125, 0.03726
113.75048828125, -0.011275
113.780517578125, -0.045943
113.810546875, 0.113529
113.840576171875, 0.002592
113.87060546875, -0.032076
113.900634765625, 0.03726
113.9306640625, -0.094478
113.960693359375, 0.051127
113.99072265625, 0.002592
114.0205078125, -0.08061
114.050537109375, -0.018208
114.08056640625, -0.073677
114.110595703125, 0.058061
114.140625, 0.15513
114.170654296875, 0.051127
114.20068359375, -0.039009
114.230712890625, 0.092728
114.260498046875, 0.15513
114.29052734375, -0.136079
114.320556640625, -0.066743
114.3505859375, 0.044194
114.380615234375, 0.120463
114.41064453125, 0.099662
114.440673828125, 0.071928
114.470703125, -0.101411
114.500732421875, 0.13433
114.530517578125, -0.052876
114.560546875, 0.044194
114.590576171875, 0.141263
114.62060546875, 0.030326
114.650634765625, -0.170747
114.6806640625, 0.092728
114.710693359375, -0.052876
114.74072265625, -0.018208
114.7705078125, -0.018208
114.800537109375, -0.05981
114.83056640625, 0.044194
114.860595703125, 0.106596
114.890625, -0.011275
114.920654296875, 0.092728
114.95068359375, 0.071928
114.980712890625, 0.051127
115.0107421875, 0.071928
115.04052734375, -0.018208
115.070556640625, 0.071928
115.1005859375, 0.092728
115.130615234375, -0.05981
115.16064453125, -0.039009
115.190673828125, 0.044194
115.220703125, 0.085795
115.250732421875, -0.17768
115.280517578125, 0.064994
115.310546875, -0.108345
115.340576171875, 0.051127
115.37060546875, 0.044194
115.400634765625, -0.129145
115.4306640625, 0.044194
115.460693359375, -0.025142
115.49072265625, 0.002592
115.5205078125, 0.15513
115.550537109375, -0.045943
115.58056640625, -0.004341
115.610595703125, -0.025142
115.640625, 0.071928
115.670654296875, 0.016459
115.70068359375, 0.002592
115.730712890625, -0.011275
115.7607421875, 0.030326
115.79052734375, 0.085795
115.820556640625, -0.011275
115.8505859375, -0.108345
115.880615234375, 0.078861
115.91064453125, 0.120463
115.940673828125, -0.018208
115.970703125, 0.009526
116.000732421875, 0.03726
116.030517578125, 0.009526
116.060546875, -0.087544
116.090576171875, -0.052876
116.12060546875, 0.058061
116.150634765625, -0.066743
116.1806640625, 0.03726
116.210693359375, -0.032076
116.24072265625, -0.066743
116.270751953125, -0.032076
116.300537109375, 0.002592
116.33056640625, -0.032076
116.360595703125, -0.052876
116.390625, -0.045943
116.420654296875, 0.002592
116.45068359375, -0.025142
116.480712890625, -0.136079
116.5107421875, 0.099662
116.54052734375, -0.052876
116.570556640625, -0.039009
116.6005859375, -0.052876
116.630615234375, 0.078861
116.66064453125, 0.03726
116.690673828125, 0.078861
116.720703125, -0.011275
116.750732421875, -0.108345
116.780517578125, 0.071928
116.810546875, -0.032076
116.840576171875, -0.032076
116.87060546875, 0.162064
116.900634765625, 0.051127
116.9306640625, -0.101411
116.960693359375, 0.085795
116.99072265625, -0.108345
117.020751953125, 0.058061
117.050537109375, 0.023393
117.08056640625, -0.101411
117.110595703125, 0.071928
117.140625, -0.149946
117.170654296875, 0.03726
117.20068359375, 0.009526
117.230712890625, -0.025142
117.2607421875, -0.018208
117.29052734375, -0.025142
117.320556640625, -0.004341
117.3505859375, -0.101411
117.380615234375, -0.122212
117.41064453125, -0.05981
117.440673828125, 0.099662
117.470703125, -0.011275
117.500732421875, 0.023393
117.53076171875, 0.002592
117.560546875, 0.13433
117.590576171875, -0.073677
117.62060546875, 0.051127
117.650634765625, 0.009526
117.6806640625, 0.030326
117.710693359375, -0.094478
117.74072265625, -0.05981
117.770751953125, -0.05981
117.800537109375, 0.030326
117.83056640625, 0.016459
117.860595703125, -0.004341
117.890625, -0.094478
117.920654296875, -0.032076
117.95068359375, 0.064994
117.980712890625, 0.009526
118.0107421875, -0.039009
118.040771484375, 0.064994
118.070556640625, -0.004341
118.1005859375, 0.009526
118.130615234375, -0.025142
118.16064453125, 0.016459
118.190673828125, -0.025142
118.220703125, -0.08061
118.250732421875, -0.136079
118.28076171875, -0.032076
118.310546875, 0.078861
118.340576171875, -0.05981
118.37060546875, -0.018208
118.400634765625, -0.052876
118.4306640625, -0.018208
118.460693359375, -0.039009
118.49072265625, 0.002592
118.520751953125, -0.025142
118.550537109375, -0.05981
118.58056640625, 0.030326
118.610595703125, 0.064994
118.640625, -0.087544
118.670654296875, 0.168998
118.70068359375, 0.030326
118.730712890625, -0.025142
118.7607421875, -0.122212
118.790771484375, 0.009526
118.820556640625, 0.085795
118.8505859375, -0.094478
118.880615234375, 0.078861
118.91064453125, -0.143012
118.940673828125, 0.071928
118.970703125, 0.071928
119.000732421875, 0.009526
119.03076171875, 0.064994
119.060546875, -0.115278
119.090576171875, 0.030326
119.12060546875, 0.085795
119.150634765625, 0.106596
119.1806640625, 0.106596
119.210693359375, 0.030326
119.24072265625, 0.078861
119.270751953125, -0.004341
119.30078125, -0.08061
119.33056640625, -0.08061
119.360595703125, -0.018208
119.390625, -0.032076
119.420654296875, -0.05981
119.45068359375, -0.032076
119.480712890625, 0.030326
119.5107421875, 0.002592
119.540771484375, -0.087544
119.570556640625, -0.032076
119.6005859375, 0.058061
119.630615234375, -0.032076
119.66064453125, -0.045943
119.690673828125, -0.004341
119.720703125, -0.066743
119.750732421875, -0.191547
119.78076171875, 0.162064
119.810791015625, -0.073677
119.840576171875, -0.05981
119.87060546875, -0.108345
119.900634765625, 0.078861
119.9306640625, 0.023393
119.960693359375, 0.023393
119.99072265625, -0.05981
120.020751953125, 0.009526
120.05078125, -0.045943
120.08056640625, 0.071928
120.110595703125, 0.182865
120.140625, -0.052876
120.170654296875, 0.016459
120.20068359375, -0.073677
120.230712890625, 0.044194
120.2607421875, 0.016459
120.290771484375, 0.092728
120.320556640625, 0.016459
120.3505859375, 0.078861
120.380615234375, 0.051127
120.41064453125, 0.078861
120.440673828125, 0.002592
120.470703125, -0.122212
120.500732421875, -0.039009
120.53076171875, -0.115278
120.560791015625, -0.073677
120.590576171875, 0.078861
120.62060546875, 0.002592
120.650634765625, 0.030326
120.6806640625, 0.009526
120.710693359375, -0.052876
120.74072265625, -0.073677
120.770751953125, 0.016459
120.80078125, 0.016459
120.83056640625, 0.002592
120.860595703125, -0.039009
120.890625, 0.085795
120.920654296875, 0.148197
120.95068359375, -0.143012
120.980712890625, 0.051127
121.0107421875, 0.030326
121.040771484375, -0.08061
121.07080078125, 0.030326
121.1005859375, 0.023393
121.130615234375, 0.071928
121.16064453125, 0.002592
121.190673828125, -0.018208
121.220703125, 0.03726
121.250732421875, -0.163813
121.28076171875, 0.023393
121.310791015625, 0.071928
121.340576171875, -0.025142
121.37060546875, -0.05981
121.400634765625, -0.101411
121.4306640625, 0.051127
121.460693359375, 0.023393
121.49072265625, 0.002592
121.520751953125, 0.058061
121.55078125, 0.064994
121.58056640625, 0.175931
121.610595703125, 0.058061
121.640625, 0.217532
121.670654296875, 0.071928
121.70068359375, -0.045943
121.730712890625, 0.044194
121.7607421875, 0.064994
121.790771484375, -0.032076
121.82080078125, 0.099662
121.8505859375, 0.127396
121.880615234375, -0.052876
121.91064453125, 0.217532
121.940673828125, -0.087544
121.970703125, 0.078861
122.000732421875, 0.051127
122.03076171875, 0.009526
122.060791015625, 0.030326
122.090576171875, 0.120463
122.12060546875, -0.011275
122.150634765625, 0.03726
122.1806640625, 0.009526
122.210693359375, -0.05981
122.24072265625, -0.17768
122.270751953125, -0.094478
122.30078125, 0.051127
122.330810546875, 0.009526
122.360595703125, 0.03726
122.390625, 0.044194
122.420654296875, -0.052876
122.45068359375, 0.009526
122.480712890625, 0.044194
122.5107421875, -0.039009
122.540771484375, 0.182865
122.57080078125, 0.071928
122.6005859375, 0.044194
122.630615234375, 0.148197
122.66064453125, -0.101411
122.690673828125, 0.03726
122.720703125, -0.05981
122.750732421875, 0.002592
122.78076171875, 0.092728
122.810791015625, 0.078861
122.8408203125, -0.032076
122.87060546875, 0.078861
122.900634765625, -0.004341
122.9306640625, 0.009526
122.960693359375, -0.052876
122.99072265625, -0.025142
123.020751953125, 0.078861
123.05078125, 0.078861
123.080810546875, 0.051127
123.110595703125, -0.011275
123.140625, 0.064994
123.170654296875, -0.045943
123.20068359375, 0.085795
123.230712890625, -0.129145
123.2607421875, 0.030326
123.290771484375, -0.025142
123.32080078125, -0.05981
123.3505859375, -0.011275
123.380615234375, 0.085795
123.41064453125, 0.064994
123.440673828125, -0.018208
123.470703125, -0.073677
123.500732421875, 0.099662
123.53076171875, 0.120463
123.560791015625, 0.113529
123.5908203125, 0.03726
123.62060546875, 0.051127
123.650634765625, 0.106596
123.6806640625, 0.023393
123.710693359375, 0.002592
123.74072265625, 0.078861
123.770751953125, -0.004341
123.80078125, -0.004341
123.830810546875, 0.085795
123.860595703125, 0.051127
123.890625, -0.05981
123.920654296875, 0.099662
123.95068359375, 0.030326
123.980712890625, -0.087544
124.0107421875, 0.085795
124.040771484375, -0.018208
124.07080078125, -0.066743
124.100830078125, 0.044194
124.130615234375, 0.016459
124.16064453125, 0.03726
124.190673828125, 0.120463
124.220703125, -0.087544
124.250732421875, -0.05981
124.28076171875, -0.004341
124.310791015625, 0.078861
124.3408203125, -0.004341
124.37060546875, 0.030326
124.400634765625, 0.016459
124.4306640625, 0.085795
124.460693359375, -0.004341
124.49072265625, 0.044194
124.520751953125, 0.085795
124.55078125, 0.002592
124.580810546875, -0.011275
124.610595703125, -0.039009
124.640625, 0.030326
124.670654296875, -0.025142
124.70068359375, 0.078861
124.730712890625, 0.051127
124.7607421875, 0.099662
124.790771484375, 0.016459
124.82080078125, 0.071928
124.850830078125, 0.044194
124.880615234375, -0.004341
124.91064453125, 0.023393
124.940673828125, 0.071928
124.970703125, -0.039009
125.000732421875, -0.129145
125.03076171875, 0.15513
125.060791015625, -0.018208
125.0908203125, -0.08061
125.12060546875, 0.113529
125.150634765625, -0.108345
125.1806640625, 0.002592
125.210693359375, 0.071928
125.24072265625, -0.039009
125.270751953125, -0.122212
125.30078125, -0.066743
125.330810546875, -0.073677
125.36083984375, 0.016459
125.390625, 0.009526
125.420654296875, -0.011275
125.45068359375, 0.120463
125.480712890625, -0.004341
125.5107421875, 0.03726
125.540771484375, -0.018208
125.57080078125, -0.004341
125.600830078125, -0.129145
125.630615234375, 0.064994
125.66064453125, -0.039009
125.690673828125, 0.002592
125.720703125, -0.004341
125.750732421875, -0.025142
125.78076171875, 0.078861
125.810791015625, 0.023393
125.8408203125, -0.045943
125.870849609375, 0.030326
125.900634765625, 0.03726
125.9306640625, 0.051127
125.960693359375, 0.085795
125.99072265625, 0.058061
126.020751953125, -0.025142
126.05078125, 0.002592
126.080810546875, 0.078861
126.11083984375, 0.127396
126.140625, 0.168998
126.170654296875, 0.085795
126.20068359375, 0.023393
126.230712890625, -0.108345
126.2607421875, 0.030326
126.290771484375, 0.141263
126.32080078125, 0.03726
126.350830078125, -0.004341
126.380615234375, -0.087544
126.41064453125, 0.009526
126.440673828125, 0.009526
126.470703125, -0.032076
126.500732421875, -0.073677
126.53076171875, -0.073677
126.560791015625, 0.106596
126.5908203125, -0.226215
126.620849609375, -0.011275
126.650634765625, -0.032076
126.6806640625, 0.051127
126.710693359375, 0.002592
126.74072265625, 0.099662
126.770751953125, 0.051127
126.80078125, 0.085795
126.830810546875, 0.023393
126.86083984375, -0.004341
126.890625, -0.004341
126.920654296875, -0.018208
126.95068359375, -0.094478
126.980712890625, 0.030326
127.0107421875, 0.002592
127.040771484375, -0.073677
127.07080078125, 0.051127
127.100830078125, 0.03726
127.130859375, 0.058061
127.16064453125, 0.085795
127.190673828125, -0.045943
127.220703125, -0.011275
127.250732421875, -0.129145
127.28076171875, 0.078861
127.310791015625, -0.136079
127.3408203125, 0.064994
127.370849609375, 0.002592
127.400634765625, 0.016459
127.4306640625, -0.05981
127.460693359375, -0.08061
127.49072265625, -0.018208
127.520751953125, -0.004341
127.55078125, -0.018208
127.580810546875, -0.05981
127.61083984375, 0.002592
127.640869140625, -0.011275
127.670654296875, 0.058061
127.70068359375, 0.030326
127.730712890625, -0.226215
127.7607421875, -0.039009
127.790771484375, 0.023393
127.82080078125, 0.058061
127.850830078125, 0.03726
127.880859375, 0.106596
127.91064453125, 0.099662
127.940673828125, -0.122212
127.970703125, 0.058061
128.000732421875, 0.030326
128.03076171875, -0.08061
128.060791015625, 0.064994
128.0908203125, 0.2314
128.120849609375, -0.122212
128.150634765625, -0.011275
128.1806640625, -0.018208
128.210693359375, -0.032076
128.24072265625, -0.073677
128.270751953125, 0.148197
128.30078125, 0.016459
128.330810546875, 0.03726
128.36083984375, 0.085795
128.390869140625, -0.066743
128.420654296875, -0.018208
128.45068359375, -0.004341
128.480712890625, -0.066743
128.5107421875, 0.064994
128.540771484375, -0.018208
128.57080078125, -0.15688
128.600830078125, 0.030326
128.630859375, -0.004341
128.66064453125, -0.136079
128.690673828125, -0.136079
128.720703125, -0.039009
128.750732421875, -0.052876
128.78076171875, -0.018208
128.810791015625, 0.113529
128.8408203125, -0.018208
128.870849609375, 0.023393
128.90087890625, 0.064994
128.9306640625, 0.030326
128.960693359375, 0.016459
128.99072265625, 0.058061
129.020751953125, -0.004341
129.05078125, 0.092728
129.080810546875, -0.115278
129.11083984375, 0.141263
129.140869140625, 0.030326
129.170654296875, -0.018208
129.20068359375, -0.15688
129.230712890625, 0.058061
129.2607421875, 0.058061
129.290771484375, -0.05981
129.32080078125, -0.122212
129.350830078125, -0.039009
129.380859375, -0.032076
129.41064453125, -0.004341
129.440673828125, 0.085795
129.470703125, 0.002592
129.500732421875, 0.078861
129.53076171875, 0.182865
129.560791015625, 0.113529
129.5908203125, 0.058061
129.620849609375, -0.08061
129.65087890625, -0.087544
129.6806640625, 0.168998
129.710693359375, 0.064994
129.74072265625, 0.016459
129.770751953125, 0.064994
129.80078125, 0.016459
129.830810546875, 0.13433
129.86083984375, 0.044194
129.890869140625, 0.051127
129.920654296875, 0.092728
129.95068359375, -0.011275
129.980712890625, -0.108345
130.0107421875, 0.030326
130.040771484375, -0.011275
130.07080078125, -0.101411
130.100830078125, -0.045943
130.130859375, -0.073677
130.160888671875, 0.009526
130.190673828125, 0.051127
130.220703125, 0.141263
130.250732421875, -0.073677
130.28076171875, -0.032076
130.310791015625, -0.073677
130.3408203125, -0.045943
130.370849609375, 0.051127
130.40087890625, 0.071928
130.4306640625, -0.004341
130.460693359375, -0.052876
130.49072265625, 0.141263
130.520751953125, 0.085795
130.55078125, 0.058061
130.580810546875, 0.15513
130.61083984375, -0.032076
130.640869140625, 0.002592
130.6708984375, 0.064994
130.70068359375, -0.004341
130.730712890625, -0.052876
130.7607421875, -0.143012
130.790771484375, -0.018208
130.82080078125, 0.148197
130.850830078125, 0.078861
130.880859375, 0.009526
130.910888671875, 0.030326
130.940673828125, -0.018208
130.970703125, 0.113529
131.000732421875, -0.018208
131.03076171875, 0.023393
131.060791015625, -0.087544
131.0908203125, 0.127396
131.120849609375, -0.052876
131.15087890625, -0.094478
131.1806640625, -0.032076
131.210693359375, 0.120463
131.24072265625, 0.064994
131.270751953125, -0.066743
131.30078125, -0.039009
131.330810546875, 0.016459
131.36083984375, -0.025142
131.390869140625, -0.025142
131.4208984375, 0.120463
131.45068359375, 0.030326
131.480712890625, -0.045943
131.5107421875, -0.066743
131.540771484375, -0.011275
131.57080078125, 0.023393
131.600830078125, -0.094478
131.630859375, -0.025142
131.660888671875, -0.032076
131.690673828125, -0.066743
131.720703125, 0.141263
131.750732421875, -0.05981
131.78076171875, 0.009526
131.810791015625, 0.03726
131.8408203125, -0.004341
131.870849609375, 0.023393
131.90087890625, 0.078861
131.930908203125, 0.051127
131.960693359375, 0.002592
131.99072265625, 0.016459
132.020751953125, -0.052876
132.05078125, -0.011275
132.080810546875, -0.05981
132.11083984375, 0.071928
132.140869140625, -0.004341
132.1708984375, 0.058061
132.20068359375, -0.087544
132.230712890625, -0.066743
132.2607421875, -0.087544
132.290771484375, 0.03726
132.32080078125, -0.032076
132.350830078125, 0.03726
132.380859375, -0.101411
132.410888671875, -0.05981
132.440673828125, -0.004341
132.470703125, 0.023393
132.500732421875, -0.136079
132.53076171875, -0.032076
132.560791015625, -0.018208
132.5908203125, 0.016459
132.620849609375, 0.009526
132.65087890625, -0.004341
132.680908203125, -0.025142
132.710693359375, -0.011275
132.74072265625, -0.032076
132.770751953125, 0.085795
132.80078125, 0.03726
132.830810546875, -0.032076
132.86083984375, 0.009526
132.890869140625, 0.023393
132.9208984375, 0.13433
132.95068359375, 0.058061
132.980712890625, -0.018208
133.0107421875, -0.025142
133.040771484375, 0.044194
133.07080078125, 0.03726
133.100830078125, 0.168998
133.130859375, -0.129145
133.160888671875, -0.066743
133.19091796875, 0.023393
133.220703125, 0.058061
133.250732421875, -0.101411
133.28076171875, -0.073677
133.310791015625, -0.129145
133.3408203125, 0.023393
133.370849609375, 0.044194
133.40087890625, 0.009526
133.430908203125, -0.004341
133.460693359375, 0.127396
133.49072265625, -0.018208
133.520751953125, 0.13433
133.55078125, 0.210599
133.580810546875, -0.032076
133.61083984375, -0.045943
133.640869140625, 0.030326
133.6708984375, 0.016459
133.700927734375, -0.143012
133.730712890625, -0.101411
133.7607421875, -0.129145
133.790771484375, 0.078861
133.82080078125, -0.073677
133.850830078125, -0.045943
133.880859375, 0.078861
133.910888671875, -0.184614
133.94091796875, -0.08061
133.970703125, 0.099662
134.000732421875, 0.002592
134.03076171875, 0.175931
134.060791015625, 0.002592
134.0908203125, -0.004341
134.120849609375, 0.002592
134.15087890625, 0.058061
134.180908203125, 0.030326
134.210693359375, -0.087544
134.24072265625, 0.030326
134.270751953125, -0.039009
134.30078125, -0.025142
134.330810546875, -0.018208
134.36083984375, -0.032076
134.390869140625, 0.085795
134.4208984375, -0.032076
134.450927734375, 0.092728
134.480712890625, 0.064994
134.5107421875, -0.108345
134.540771484375, 0.044194
134.57080078125, -0.045943
134.600830078125, -0.025142
134.630859375, 0.051127
134.660888671875, -0.018208
134.69091796875, 0.016459
134.720703125, 0.162064
134.750732421875, 0.106596
134.78076171875, 0.078861
134.810791015625, 0.13433
134.8408203125, -0.039009
134.870849609375, -0.004341
134.90087890625, 0.023393
134.930908203125, -0.045943
134.9609375, 0.016459
134.99072265625, -0.073677
135.020751953125, 0.078861
135.05078125, -0.018208
135.080810546875, 0.113529
135.11083984375, -0.066743
135.140869140625, 0.120463
135.1708984375, -0.122212
135.200927734375, -0.032076
135.230712890625, -0.004341
135.2607421875, -0.045943
135.290771484375, -0.108345
135.32080078125, 0.030326
135.350830078125, 0.168998
135.380859375, 0.127396
135.410888671875, -0.032076
135.44091796875, -0.025142
135.470947265625, -0.011275
135.500732421875, -0.039009
135.53076171875, 0.092728
135.560791015625, 0.016459
135.5908203125, 0.009526
135.620849609375, 0.071928
135.65087890625, 0.03726
135.680908203125, 0.002592
135.7109375, 0.120463
135.74072265625, 0.044194
135.770751953125, 0.13433
135.80078125, 0.224466
135.830810546875, -0.05981
135.86083984375, -0.149946
135.890869140625, 0.064994
135.9208984375, 0.044194
135.950927734375, -0.073677
135.980712890625, -0.052876
136.0107421875, 0.064994
136.040771484375, -0.226215
136.07080078125, 0.162064
136.100830078125, -0.004341
136.130859375, 0.099662
136.160888671875, -0.004341
136.19091796875, 0.162064
136.220947265625, -0.163813
136.250732421875, 0.064994
136.28076171875, 0.044194
136.310791015625, 0.023393
136.3408203125, -0.025142
136.370849609375, 0.092728
136.40087890625, 0.030326
136.430908203125, -0.025142
136.4609375, -0.073677
136.49072265625, -0.073677
136.520751953125, 0.03726
136.55078125, 0.141263
136.580810546875, 0.009526
136.61083984375, -0.004341
136.640869140625, -0.094478
136.6708984375, -0.039009
136.700927734375, -0.108345
136.73095703125, 0.016459
136.7607421875, -0.045943
136.790771484375, -0.101411
136.82080078125, -0.032076
136.850830078125, 0.064994
136.880859375, -0.025142
136.910888671875, 0.099662
136.94091796875, -0.004341
136.970947265625, -0.004341
137.000732421875, -0.045943
137.03076171875, -0.108345
137.060791015625, 0.009526
137.0908203125, 0.03726
137.120849609375, 0.120463
137.15087890625, -0.018208
137.180908203125, -0.129145
137.2109375, 0.058061
137.24072265625, 0.13433
137.270751953125, 0.030326
137.30078125, 0.030326
137.330810546875, -0.039009
137.36083984375, 0.120463
137.390869140625, -0.025142
137.4208984375, 0.002592
137.450927734375, 0.099662
137.48095703125, -0.025142
137.5107421875, -0.011275
137.540771484375, -0.045943
137.57080078125, -0.004341
137.600830078125, -0.039009
137.630859375, -0.011275
137.660888671875, 0.016459
137.69091796875, 0.03726
137.720947265625, -0.143012
137.750732421875, 0.016459
137.78076171875, -0.08061
137.810791015625, 0.03726
137.8408203125, -0.004341
137.870849609375, 0.044194
137.90087890625, 0.092728
137.930908203125, 0.071928
137.9609375, 0.009526
137.990966796875, 0.009526
138.020751953125, -0.052876
138.05078125, 0.051127
138.080810546875, -0.08061
138.11083984375, -0.025142
138.140869140625, -0.004341
138.1708984375, 0.030326
138.200927734375, 0.030326
138.23095703125, -0.004341
138.2607421875, -0.066743
138.290771484375, -0.045943
138.32080078125, -0.05981
138.350830078125, -0.018208
138.380859375, 0.009526
138.410888671875, 0.13433
138.44091796875, 0.120463
138.470947265625, -0.094478
138.5009765625, -0.032076
138.53076171875, 0.016459
138.560791015625, 0.03726
138.5908203125, 0.15513
138.620849609375, -0.039009
138.65087890625, -0.052876
138.680908203125, 0.002592
138.7109375, -0.08061
138.740966796875, 0.002592
138.770751953125, -0.039009
138.80078125, -0.039009
138.830810546875, 0.002592
138.86083984375, -0.025142
138.890869140625, -0.087544
138.9208984375, 0.141263
138.950927734375, 0.071928
138.98095703125, 0.030326
139.0107421875, 0.127396
139.040771484375, -0.05981
139.07080078125, 0.058061
139.100830078125, 0.03726
139.130859375, -0.032076
139.160888671875, -0.004341
139.19091796875, -0.05981
139.220947265625, -0.045943
139.2509765625, 0.058061
139.28076171875, 0.099662
139.310791015625, -0.136079
139.3408203125, -0.032076
139.370849609375, 0.092728
139.40087890625, -0.073677
139.430908203125, -0.045943
139.4609375, 0.044194
139.490966796875, -0.094478
139.520751953125, -0.039009
139.55078125, -0.025142
139.580810546875, -0.018208
139.61083984375, 0.058061
139.640869140625, -0.004341
139.6708984375, 0.044194
139.700927734375, 0.002592
139.73095703125, -0.039009
139.760986328125, -0.032076
139.790771484375, 0.071928
139.82080078125, -0.05981
139.850830078125, -0.045943
139.880859375, 0.009526
139.910888671875, 0.15513
139.94091796875, 0.03726
139.970947265625, -0.011275
140.0009765625, -0.115278
140.03076171875, -0.101411
140.060791015625, -0.025142
140.0908203125, 0.058061
140.120849609375, 0.016459
140.15087890625, -0.039009
140.180908203125, 0.03726
140.2109375, 0.078861
140.240966796875, -0.08061
140.270751953125, -0.05981
140.30078125, 0.078861
140.330810546875, -0.018208
140.36083984375, 0.002592
140.390869140625, 0.2314
140.4208984375, -0.101411
140.450927734375, -0.039009
140.48095703125, -0.17768
140.510986328125, -0.184614
140.540771484375, 0.030326
140.57080078125, -0.011275
140.600830078125, 0.071928
140.630859375, 0.023393
140.660888671875, 0.092728
140.69091796875, 0.071928
140.720947265625, -0.039009
140.7509765625, 0.141263
140.78076171875, 0.016459
140.810791015625, -0.073677
140.8408203125, -0.108345
140.870849609375, -0.05981
140.90087890625, 0.002592
140.930908203125, -0.05981
140.9609375, -0.087544
140.990966796875, -0.039009
141.02099609375, 0.03726
141.05078125, 0.148197
141.080810546875, -0.045943
141.11083984375, -0.122212
141.140869140625, -0.122212
141.1708984375, 0.044194
141.200927734375, -0.094478
141.23095703125, 0.030326
141.260986328125, 0.009526
141.290771484375, 0.058061
141.32080078125, 0.044194
141.350830078125, -0.08061
141.380859375, 0.064994
141.410888671875, -0.032076
141.44091796875, -0.08061
141.470947265625, -0.011275
141.5009765625, -0.018208
141.531005859375, -0.045943
141.560791015625, 0.03726
141.5908203125, -0.115278
141.620849609375, 0.016459
141.65087890625, -0.094478
141.680908203125, 0.058061
141.7109375, 0.002592
141.740966796875, -0.05981
141.77099609375, -0.032076
141.80078125, 0.044194
141.830810546875, -0.219282
141.86083984375, 0.030326
141.890869140625, -0.025142
141.9208984375, -0.136079
141.950927734375, 0.071928
141.98095703125, 0.009526
142.010986328125, 0.078861
142.040771484375, -0.004341
142.07080078125, -0.025142
142.100830078125, 0.044194
142.130859375, -0.122212
142.160888671875, -0.018208
142.19091796875, -0.011275
142.220947265625, 0.009526
142.2509765625, -0.108345
142.281005859375, 0.064994
142.310791015625, 0.009526
142.3408203125, -0.136079
142.370849609375, -0.066743
142.40087890625, -0.004341
142.430908203125, 0.044194
142.4609375, 0.15513
142.490966796875, -0.032076
142.52099609375, -0.011275
142.55078125, 0.023393
142.580810546875, -0.066743
142.61083984375, -0.011275
142.640869140625, -0.025142
142.6708984375, -0.052876
142.700927734375, 0.016459
142.73095703125, -0.025142
142.760986328125, -0.115278
142.791015625, 0.002592
142.82080078125, -0.018208
142.850830078125, 0.03726
142.880859375, -0.004341
142.910888671875, 0.13433
142.94091796875, 0.058061
142.970947265625, -0.066743
143.0009765625, -0.032076
143.031005859375, 0.016459
143.060791015625, -0.115278
143.0908203125, 0.051127
143.120849609375, 0.009526
143.15087890625, 0.009526
143.180908203125, -0.05981
143.2109375, 0.058061
143.240966796875, 0.113529
143.27099609375, -0.018208
143.301025390625, -0.018208
143.330810546875, 0.009526
143.36083984375, 0.023393
143.390869140625, 0.106596
143.4208984375, -0.011275
143.450927734375, 0.092728
143.48095703125, -0.004341
143.510986328125, 0.009526
143.541015625, -0.025142
143.57080078125, -0.163813
143.600830078125, -0.05981
143.630859375, 0.058061
143.660888671875, 0.023393
143.69091796875, -0.025142
143.720947265625, -0.011275
143.7509765625, 0.106596
143.781005859375, 0.051127
143.810791015625, -0.045943
143.8408203125, -0.039009
143.870849609375, 0.016459
143.90087890625, 0.162064
143.930908203125, 0.023393
143.9609375, -0.108345
143.990966796875, -0.011275
144.02099609375, 0.002592
144.051025390625, 0.044194
144.080810546875, -0.032076
144.11083984375, 0.002592
144.140869140625, 0.141263
144.1708984375, 0.099662
144.200927734375, -0.025142
144.23095703125, -0.032076
144.260986328125, -0.004341
144.291015625, -0.05981
144.32080078125, 0.141263
144.350830078125, -0.004341
144.380859375, -0.115278
144.410888671875, 0.030326
144.44091796875, 0.03726
144.470947265625, -0.066743
144.5009765625, 0.092728
144.531005859375, 0.009526
144.56103515625, -0.018208
144.5908203125, -0.052876
144.620849609375, 0.03726
144.65087890625, 0.058061
144.680908203125, -0.004341
144.7109375, 0.189798
144.740966796875, 0.051127
144.77099609375, -0.045943
144.801025390625, -0.052876
144.830810546875, 0.058061
144.86083984375, -0.025142
144.890869140625, -0.025142
144.9208984375, 0.071928
144.950927734375, -0.05981
144.98095703125, -0.045943
145.010986328125, 0.009526
145.041015625, 0.058061
145.07080078125, -0.087544
145.100830078125, -0.045943
145.130859375, -0.025142
145.160888671875, 0.106596
145.19091796875, -0.101411
145.220947265625, -0.066743
145.2509765625, 0.120463
145.281005859375, -0.066743
145.31103515625, -0.045943
145.3408203125, 0.016459
145.370849609375, -0.066743
145.40087890625, 0.023393
145.430908203125, 0.051127
145.4609375, 0.085795
145.490966796875, -0.018208
145.52099609375, -0.094478
145.551025390625, 0.051127
145.580810546875, 0.023393
145.61083984375, 0.002592
145.640869140625, -0.011275
145.6708984375, 0.023393
145.700927734375, -0.08061
145.73095703125, 0.023393
145.760986328125, -0.018208
145.791015625, 0.078861
145.821044921875, 0.03726
145.850830078125, -0.149946
145.880859375, -0.039009
145.910888671875, -0.039009
145.94091796875, -0.039009
145.970947265625, 0.13433
146.0009765625, -0.018208
146.031005859375, 0.064994
146.06103515625, 0.058061
146.0908203125, 0.162064
146.120849609375, 0.085795
146.15087890625, 0.009526
146.180908203125, -0.05981
146.2109375, 0.113529
146.240966796875, 0.051127
146.27099609375, 0.009526
146.301025390625, 0.030326
146.3310546875, -0.05981
146.36083984375, -0.052876
146.390869140625, 0.058061
146.4208984375, 0.016459
146.450927734375, -0.018208
146.48095703125, -0.094478
146.510986328125, 0.023393
146.541015625, 0.044194
146.571044921875, -0.011275
146.600830078125, 0.064994
146.630859375, -0.025142
146.660888671875, 0.030326
146.69091796875, 0.106596
146.720947265625, -0.05981
146.7509765625, 0.058061
146.781005859375, -0.226215
146.81103515625, 0.03726
146.8408203125, -0.039009
146.870849609375, -0.101411
146.90087890625, -0.073677
146.930908203125, 0.085795
146.9609375, -0.115278
146.990966796875, -0.122212
147.02099609375, 0.023393
147.051025390625, 0.064994
147.0810546875, -0.05981
147.11083984375, 0.106596
147.140869140625, 0.071928
147.1708984375, 0.03726
147.200927734375, 0.085795
147.23095703125, 0.023393
147.260986328125, 0.009526
147.291015625, 0.044194
147.321044921875, -0.032076
147.350830078125, -0.004341
147.380859375, -0.039009
147.410888671875, -0.05981
147.44091796875, 0.148197
147.470947265625, -0.129145
147.5009765625, -0.025142
147.531005859375, -0.004341
147.56103515625, 0.085795
147.591064453125, -0.073677
147.620849609375, -0.15688
147.65087890625, 0.106596
147.680908203125, -0.004341
147.7109375, -0.143012
147.740966796875, -0.101411
147.77099609375, -0.032076
147.801025390625, -0.018208
147.8310546875, 0.148197
147.86083984375, 0.127396
147.890869140625, -0.191547
147.9208984375, 0.016459
147.950927734375, -0.032076
147.98095703125, -0.018208
148.010986328125, -0.052876
148.041015625, 0.120463
148.071044921875, -0.039009
148.10107421875, 0.071928
148.130859375, -0.05981
148.160888671875, -0.045943
148.19091796875, 0.016459
148.220947265625, -0.025142
148.2509765625, -0.073677
148.281005859375, 0.030326
148.31103515625, 0.078861
148.341064453125, -0.045943
148.370849609375, 0.113529
148.40087890625, 0.064994
148.430908203125, 0.030326
148.4609375, 0.127396
148.490966796875, 0.009526
148.52099609375, 0.127396
148.551025390625, -0.087544
148.5810546875, 0.03726
148.61083984375, -0.039009
148.640869140625, 0.162064
148.6708984375, 0.044194
148.700927734375, -0.018208
148.73095703125, 0.058061
148.760986328125, -0.045943
148.791015625, -0.15688
148.821044921875, -0.066743
148.85107421875, -0.101411
148.880859375, 0.030326
148.910888671875, -0.011275
148.94091796875, -0.05981
148.970947265625, 0.023393
149.0009765625, 0.044194
149.031005859375, 0.058061
149.06103515625, 0.009526
149.091064453125, -0.073677
149.120849609375, 0.009526
149.15087890625, 0.078861
149.180908203125, 0.023393
149.2109375, -0.115278
149.240966796875, -0.066743
149.27099609375, 0.071928
149.301025390625, 0.002592
149.3310546875, 0.002592
149.361083984375, 0.078861
149.390869140625, -0.108345
149.4208984375, -0.087544
149.450927734375, 0.002592
149.48095703125, 0.002592
149.510986328125, -0.143012
149.541015625, 0.044194
149.571044921875, 0.071928
149.60107421875, 0.044194
149.630859375, 0.051127
149.660888671875, 0.044194
149.69091796875, 0.113529
149.720947265625, 0.127396
149.7509765625, -0.018208
149.781005859375, -0.004341
149.81103515625, -0.05981
149.841064453125, 0.009526
149.870849609375, -0.066743
149.90087890625, 0.002592
149.930908203125, 0.023393
149.9609375, 0.13433
149.990966796875, 0.023393
150.02099609375, -0.066743
150.051025390625, 0.148197
150.0810546875, -0.073677
150.111083984375, -0.052876
150.140869140625, 0.044194
150.1708984375, 0.078861
150.200927734375, -0.052876
150.23095703125, -0.066743
150.260986328125, 0.03726
150.291015625, 0.085795
150.321044921875, -0.025142
150.35107421875, 0.078861
150.380859375, 0.064994
150.410888671875, 0.016459
150.44091796875, -0.143012
150.470947265625, -0.018208
150.5009765625, 0.058061
150.531005859375, 0.092728
150.56103515625, -0.066743
150.591064453125, -0.115278
150.62109375, -0.004341
150.65087890625, 0.085795
150.680908203125, 0.051127
150.7109375, 0.044194
150.740966796875, -0.094478
150.77099609375, -0.032076
150.801025390625, -0.115278
150.8310546875, 0.085795
150.861083984375, 0.085795
150.890869140625, -0.004341
150.9208984375, 0.064994
150.950927734375, -0.018208
150.98095703125, -0.045943
151.010986328125, 0.120463
151.041015625, -0.052876
151.071044921875, 0.030326
151.10107421875, 0.078861
151.131103515625, -0.143012
151.160888671875, 0.016459
151.19091796875, 0.099662
151.220947265625, -0.011275
151.2509765625, -0.066743
151.281005859375, -0.018208
151.31103515625, -0.052876
151.341064453125, -0.087544
151.37109375, -0.011275
151.40087890625, 0.175931
151.430908203125, 0.058061
151.4609375, 0.051127
151.490966796875, -0.032076
151.52099609375, 0.071928
151.551025390625, 0.078861
151.5810546875, -0.025142
151.611083984375, -0.05981
151.640869140625, 0.051127
151.6708984375, 0.15513
151.700927734375, -0.011275
151.73095703125, -0.045943
151.760986328125, 0.071928
151.791015625, 0.044194
151.821044921875, -0.066743
151.85107421875, 0.051127
151.881103515625, 0.127396
151.910888671875, 0.002592
151.94091796875, -0.039009
151.970947265625, 0.092728
152.0009765625, -0.045943
152.031005859375, -0.05981
152.06103515625, 0.051127
152.091064453125, 0.092728
152.12109375, 0.071928
152.15087890625, -0.011275
152.180908203125, -0.025142
152.2109375, 0.085795
152.240966796875, 0.064994
152.27099609375, 0.106596
152.301025390625, -0.039009
152.3310546875, -0.025142
152.361083984375, -0.039009
152.39111328125, 0.044194
152.4208984375, 0.099662
152.450927734375, 0.03726
152.48095703125, -0.039009
152.510986328125, -0.045943
152.541015625, -0.087544
152.571044921875, 0.016459
152.60107421875, -0.136079
152.631103515625, 0.099662
152.660888671875, -0.004341
152.69091796875, -0.101411
152.720947265625, 0.085795
152.7509765625, -0.018208
152.781005859375, -0.025142
152.81103515625, 0.064994
152.841064453125, -0.122212
152.87109375, -0.045943
152.90087890625, 0.023393
152.930908203125, -0.011275
152.9609375, 0.044194
152.990966796875, -0.045943
153.02099609375, 0.002592
153.051025390625, -0.018208
153.0810546875, -0.094478
153.111083984375, -0.05981
153.14111328125, 0.127396
153.1708984375, -0.011275
153.200927734375, 0.113529
153.23095703125, 0.13433
153.260986328125, 0.071928
153.291015625, 0.120463
153.321044921875, 0.058061
153.35107421875, 0.016459
153.381103515625, -0.115278
153.410888671875, 0.099662
153.44091796875, -0.039009
153.470947265625, -0.066743
153.5009765625, 0.085795
153.531005859375, 0.009526
153.56103515625, -0.094478
153.591064453125, 0.071928
153.62109375, 0.044194
153.651123046875, 0.13433
153.680908203125, -0.101411
153.7109375, 0.009526
153.740966796875, 0.064994
153.77099609375, -0.136079
153.801025390625, -0.025142
153.8310546875, -0.05981
153.861083984375, -0.05981
153.89111328125, 0.064994
153.9208984375, -0.032076
153.950927734375, 0.03726
153.98095703125, -0.018208
154.010986328125, 0.141263
154.041015625, 0.03726
154.071044921875, 0.064994
154.10107421875, 0.009526
154.131103515625, 0.002592
154.1611328125, -0.149946
154.19091796875, 0.044194
154.220947265625, 0.058061
154.2509765625, 0.023393
154.281005859375, 0.051127
154.31103515625, -0.039009
154.341064453125, -0.045943
154.37109375, -0.122212
154.401123046875, -0.087544
154.430908203125, -0.052876
154.4609375, 0.162064
154.490966796875, 0.044194
154.52099609375, -0.011275
154.551025390625, -0.045943
154.5810546875, -0.052876
154.611083984375, -0.05981
154.64111328125, 0.002592
154.6708984375, -0.004341
154.700927734375, -0.018208
154.73095703125, 0.023393
154.760986328125, 0.141263
154.791015625, -0.08061
154.821044921875, 0.023393
154.85107421875, -0.025142
154.881103515625, 0.016459
154.9111328125, 0.009526
154.94091796875, -0.032076
154.970947265625, 0.002592
155.0009765625, -0.032076
155.031005859375, -0.087544
155.06103515625, 0.141263
155.091064453125, -0.004341
155.12109375, 0.023393
155.151123046875, 0.002592
155.180908203125, 0.078861
155.2109375, -0.004341
155.240966796875, -0.05981
155.27099609375, -0.039009
155.301025390625, -0.032076
155.3310546875, 0.03726
155.361083984375, 0.016459
155.39111328125, 0.009526
155.421142578125, -0.115278
155.450927734375, 0.099662
155.48095703125, -0.052876
155.510986328125, -0.052876
155.541015625, 0.071928
155.571044921875, -0.08061
155.60107421875, -0.018208
155.631103515625, -0.101411
155.6611328125, 0.03726
155.69091796875, 0.016459
155.720947265625, 0.058061
155.7509765625, -0.025142
155.781005859375, 0.03726
155.81103515625, -0.066743
155.841064453125, -0.025142
155.87109375, 0.002592
155.901123046875, 0.002592
155.93115234375, -0.115278
155.9609375, 0.009526
155.990966796875, -0.039009
156.02099609375, 0.078861
156.051025390625, 0.051127
156.0810546875, -0.039009
156.111083984375, -0.115278
156.14111328125, 0.051127
156.171142578125, 0.002592
156.200927734375, -0.025142
156.23095703125, 0.023393
156.260986328125, 0.009526
156.291015625, 0.120463
156.321044921875, 0.044194
156.35107421875, -0.108345
156.381103515625, 0.141263
156.4111328125, 0.016459
156.44091796875, -0.052876
156.470947265625, 0.051127
156.5009765625, 0.002592
156.531005859375, 0.009526
156.56103515625, -0.011275
156.591064453125, 0.023393
156.62109375, 0.085795
156.651123046875, -0.094478
156.68115234375, -0.045943
156.7109375, -0.087544
156.740966796875, -0.136079
156.77099609375, -0.045943
156.801025390625, 0.085795
156.8310546875, 0.03726
156.861083984375, 0.030326
156.89111328125, -0.08061
156.921142578125, -0.039009
156.950927734375, -0.011275
156.98095703125, -0.05981
157.010986328125, -0.004341
157.041015625, -0.018208
157.071044921875, -0.039009
157.10107421875, 0.023393
157.131103515625, -0.094478
157.1611328125, -0.032076
157.191162109375, -0.018208
157.220947265625, 0.002592
157.2509765625, -0.08061
157.281005859375, 0.13433
157.31103515625, -0.039009
157.341064453125, -0.143012
157.37109375, -0.032076
157.401123046875, 0.064994
157.43115234375, 0.03726
157.4609375, 0.051127
157.490966796875, -0.004341
157.52099609375, -0.018208
157.551025390625, -0.032076
157.5810546875, 0.085795
157.611083984375, -0.205414
157.64111328125, -0.073677
157.671142578125, -0.17768
157.700927734375, 0.113529
157.73095703125, -0.045943
157.760986328125, 0.078861
157.791015625, 0.092728
157.821044921875, 0.044194
157.85107421875, 0.085795
157.881103515625, -0.011275
157.9111328125, -0.05981
157.941162109375, -0.011275
157.970947265625, -0.018208
158.0009765625, -0.004341
158.031005859375, 0.141263
158.06103515625, 0.099662
158.091064453125, -0.163813
158.12109375, 0.030326
158.151123046875, -0.05981
158.18115234375, 0.106596
158.2109375, 0.120463
158.240966796875, -0.018208
158.27099609375, -0.05981
158.301025390625, -0.052876
158.3310546875, -0.004341
158.361083984375, 0.002592
158.39111328125, -0.045943
158.421142578125, -0.011275
158.451171875, -0.108345
158.48095703125, 0.009526
158.510986328125, 0.051127
158.541015625, 0.03726
158.571044921875, 0.051127
158.60107421875, -0.004341
158.631103515625, -0.052876
158.6611328125, 0.085795
158.691162109375, -0.073677
158.720947265625, 0.044194
158.7509765625, 0.051127
158.781005859375, -0.039009
158.81103515625, 0.051127
158.841064453125, 0.051127
158.87109375, -0.018208
158.901123046875, -0.149946
158.93115234375, 0.127396
158.961181640625, -0.094478
158.990966796875, 0.009526
159.02099609375, -0.018208
159.051025390625, -0.039009
159.0810546875, -0.163813
159.111083984375, 0.016459
159.14111328125, -0.025142
159.171142578125, 0.002592
159.201171875, 0.030326
159.23095703125, 0.092728
159.260986328125, -0.011275
159.291015625, -0.052876
159.321044921875, -0.032076
159.35107421875, -0.05981
159.381103515625, 0.016459
159.4111328125, -0.039009
159.441162109375, 0.13433
159.470947265625, 0.148197
159.5009765625, 0.064994
159.531005859375, 0.051127
159.56103515625, 0.023393
159.591064453125, -0.011275
159.62109375, 0.092728
159.651123046875, 0.051127
159.68115234375, 0.016459
159.711181640625, -0.018208
159.740966796875, 0.141263
159.77099609375, 0.064994
159.801025390625, -0.004341
159.8310546875, 0.078861
159.861083984375, -0.052876
159.89111328125, -0.136079
159.921142578125, 0.064994
159.951171875, 0.113529
159.98095703125, -0.025142
160.010986328125, 0.051127
160.041015625, -0.011275
160.071044921875, -0.052876
160.10107421875, 0.044194
160.131103515625, 0.106596
160.1611328125, -0.15688
160.191162109375, 0.071928
160.22119140625, 0.13433
160.2509765625, -0.018208
160.281005859375, 0.009526
160.31103515625, -0.025142
160.341064453125, -0.045943
160.37109375, 0.078861
160.401123046875, 0.044194
160.43115234375, -0.025142
160.461181640625, 0.106596
160.490966796875, 0.13433
160.52099609375, 0.030326
160.551025390625, 0.023393
160.5810546875, -0.018208
160.611083984375, 0.113529
160.64111328125, -0.08061
160.671142578125, -0.039009
160.701171875, -0.025142
160.73095703125, 0.071928
160.760986328125, 0.078861
160.791015625, -0.045943
160.821044921875, 0.148197
160.85107421875, -0.066743
160.881103515625, -0.115278
160.9111328125, 0.15513
160.941162109375, 0.002592
160.97119140625, 0.120463
161.0009765625, 0.064994
161.031005859375, 0.113529
161.06103515625, 0.085795
161.091064453125, 0.044194
161.12109375, 0.099662
161.151123046875, 0.058061
161.18115234375, -0.122212
161.211181640625, 0.071928
161.240966796875, -0.039009
161.27099609375, -0.122212
161.301025390625, -0.039009
161.3310546875, 0.106596
161.361083984375, -0.004341
161.39111328125, 0.141263
161.421142578125, 0.106596
161.451171875, 0.064994
161.481201171875, 0.106596
161.510986328125, -0.045943
161.541015625, 0.023393
161.571044921875, 0.002592
161.60107421875, -0.101411
161.631103515625, 0.120463
161.6611328125, -0.094478
161.691162109375, 0.106596
161.72119140625, 0.058061
161.7509765625, -0.066743
161.781005859375, 0.030326
161.81103515625, 0.217532
161.841064453125, -0.032076
161.87109375, -0.05981
161.901123046875, 0.058061
161.93115234375, -0.032076
161.961181640625, 0.099662
161.9912109375, 0.141263
162.02099609375, -0.15688
162.051025390625, -0.136079
162.0810546875, 0.106596
162.111083984375, 0.15513
162.14111328125, 0.03726
162.171142578125, 0.051127
162.201171875, -0.073677
162.231201171875, 0.078861
162.260986328125, -0.136079
162.291015625, 0.078861
162.321044921875, 0.044194
162.35107421875, -0.032076
162.381103515625, -0.087544
162.4111328125, 0.071928
162.441162109375, 0.030326
162.47119140625, -0.08061
162.5009765625, 0.030326
162.531005859375, 0.058061
162.56103515625, 0.051127
162.591064453125, 0.058061
162.62109375, 0.099662
162.651123046875, -0.08061
162.68115234375, -0.052876
162.711181640625, -0.087544
162.7412109375, 0.071928
162.77099609375, 0.009526
162.801025390625, 0.051127
162.8310546875, -0.212348
162.861083984375, -0.052876
162.89111328125, -0.066743
162.921142578125, 0.009526
162.951171875, 0.016459
162.981201171875, -0.011275
163.010986328125, -0.004341
163.041015625, -0.052876
163.071044921875, 0.141263
163.10107421875, 0.099662
163.131103515625, 0.009526
163.1611328125, -0.073677
163.191162109375, 0.064994
163.22119140625, 0.058061
163.251220703125, -0.170747
163.281005859375, 0.016459
163.31103515625, 0.071928
163.341064453125, 0.016459
163.37109375, -0.011275
163.401123046875, 0.106596
163.43115234375, -0.025142
163.461181640625, -0.066743
163.4912109375, 0.182865
163.52099609375, 0.099662
163.551025390625, 0.078861
163.5810546875, -0.025142
163.611083984375, -0.136079
163.64111328125, 0.016459
163.671142578125, -0.004341
163.701171875, -0.004341
163.731201171875, 0.085795
163.76123046875, -0.004341
163.791015625, -0.039009
163.821044921875, -0.052876
163.85107421875, -0.018208
163.881103515625, 0.03726
163.9111328125, -0.004341
163.941162109375, -0.025142
163.97119140625, -0.011275
164.001220703125, 0.058061
164.031005859375, -0.143012
164.06103515625, -0.004341
164.091064453125, -0.052876
164.12109375, 0.051127
164.151123046875, 0.03726
164.18115234375, -0.094478
164.211181640625, -0.032076
164.2412109375, -0.115278
164.27099609375, -0.018208
164.301025390625, -0.045943
164.3310546875, -0.039009
164.361083984375, -0.108345
164.39111328125, 0.03726
164.421142578125, 0.023393
164.451171875, 0.044194
164.481201171875, 0.044194
164.51123046875, 0.106596
164.541015625, -0.143012
164.571044921875, -0.087544
164.60107421875, 0.051127
164.631103515625, -0.073677
164.6611328125, 0.071928
164.691162109375, 0.002592
164.72119140625, 0.127396
164.751220703125, -0.032076
164.781005859375, -0.05981
164.81103515625, 0.162064
164.841064453125, 0.009526
164.87109375, -0.011275
164.901123046875, 0.113529
164.93115234375, 0.058061
164.961181640625, 0.030326
164.9912109375, -0.032076
165.021240234375, 0.002592
165.051025390625, -0.011275
165.0810546875, -0.073677
165.111083984375, 0.078861
165.14111328125, -0.004341
165.171142578125, 0.016459
165.201171875, -0.004341
165.231201171875, -0.045943
165.26123046875, -0.045943
165.291015625, -0.184614
165.321044921875, 0.071928
165.35107421875, -0.122212
165.381103515625, -0.025142
165.4111328125, -0.039009
165.441162109375, -0.05981
165.47119140625, -0.025142
165.501220703125, -0.011275
165.531005859375, 0.064994
165.56103515625, 0.071928
165.591064453125, -0.073677
165.62109375, 0.03726
165.651123046875, 0.141263
165.68115234375, 0.113529
165.711181640625, -0.004341
165.7412109375, 0.002592
165.771240234375, -0.101411
165.801025390625, 0.030326
165.8310546875, 0.030326
165.861083984375, -0.011275
165.89111328125, 0.092728
165.921142578125, -0.004341
165.951171875, -0.101411
165.981201171875, 0.002592
166.01123046875, 0.030326
166.041015625, 0.078861
166.071044921875, -0.073677
166.10107421875, -0.212348
166.131103515625, -0.004341
166.1611328125, -0.004341
166.191162109375, 0.127396
166.22119140625, -0.025142
166.251220703125, 0.141263
166.28125, -0.039009
166.31103515625, -0.122212
166.341064453125, 0.016459
166.37109375, 0.168998
166.401123046875, 0.023393
166.43115234375, -0.073677
166.461181640625, 0.044194
166.4912109375, 0.15513
166.521240234375, -0.087544
166.551025390625, 0.051127
166.5810546875, -0.122212
166.611083984375, 0.016459
166.64111328125, 0.030326
166.671142578125, 0.03726
166.701171875, -0.073677
166.731201171875, 0.016459
166.76123046875, 0.078861
166.791259765625, 0.058061
166.821044921875, -0.101411
166.85107421875, -0.143012
166.881103515625, -0.045943
166.9111328125, -0.018208
166.941162109375, 0.044194
166.97119140625, -0.011275
167.001220703125, 0.071928
167.03125, 0.002592
167.06103515625, -0.122212
167.091064453125, -0.101411
167.12109375, 0.023393
167.151123046875, -0.004341
167.18115234375, 0.023393
167.211181640625, 0.009526
167.2412109375, -0.025142
167.271240234375, 0.03726
167.301025390625, -0.108345
167.3310546875, -0.011275
167.361083984375, 0.016459
167.39111328125, -0.087544
167.421142578125, -0.108345
167.451171875, -0.066743
167.481201171875, 0.064994
167.51123046875, 0.030326
167.541259765625, -0.025142
167.571044921875, 0.002592
167.60107421875, -0.05981
167.631103515625, 0.13433
167.6611328125, -0.094478
167.691162109375, -0.045943
167.72119140625, -0.052876
167.751220703125, -0.039009
167.78125, -0.032076
167.81103515625, 0.120463
167.841064453125, -0.073677
167.87109375, -0.052876
167.901123046875, -0.004341
167.93115234375, -0.004341
167.961181640625, 0.127396
167.9912109375, 0.092728
168.021240234375, -0.163813
168.05126953125, -0.122212
168.0810546875, -0.108345
168.111083984375, 0.051127
168.14111328125, 0.016459
168.171142578125, 0.023393
168.201171875, 0.002592
168.231201171875, 0.092728
168.26123046875, 0.002592
168.291259765625, -0.073677
168.321044921875, 0.092728
168.35107421875, 0.009526
168.381103515625, 0.002592
168.4111328125, -0.073677
168.441162109375, -0.018208
168.47119140625, 0.044194
168.501220703125, -0.108345
168.53125, 0.03726
168.56103515625, -0.032076
168.591064453125, 0.044194
168.62109375, -0.05981
168.651123046875, 0.064994
168.68115234375, 0.002592
168.711181640625, 0.13433
168.7412109375, -0.129145
168.771240234375, -0.066743
168.80126953125, 0.099662
168.8310546875, 0.030326
168.861083984375, 0.064994
168.89111328125, -0.025142
168.921142578125, 0.064994
168.951171875, -0.073677
168.981201171875, 0.085795
169.01123046875, -0.011275
169.041259765625, -0.045943
169.071044921875, 0.071928
169.10107421875, -0.011275
169.131103515625, -0.08061
169.1611328125, -0.018208
169.191162109375, 0.085795
169.22119140625, -0.066743
169.251220703125, -0.004341
169.28125, 0.064994
169.311279296875, -0.066743
169.341064453125, -0.018208
169.37109375, 0.016459
169.401123046875, 0.092728
169.43115234375, 0.071928
169.461181640625, 0.078861
169.4912109375, 0.2522
169.521240234375, -0.094478
169.55126953125, -0.018208
169.5810546875, 0.03726
169.611083984375, 0.099662
169.64111328125, -0.004341
169.671142578125, 0.127396
169.701171875, 0.13433
169.731201171875, 0.009526
169.76123046875, 0.002592
169.791259765625, -0.136079
169.8212890625, -0.073677
169.85107421875, 0.023393
169.881103515625, 0.009526
169.9111328125, 0.03726
169.941162109375, -0.073677
169.97119140625, -0.011275
170.001220703125, -0.087544
170.03125, 0.064994
170.061279296875, -0.011275
170.091064453125, 0.030326
170.12109375, -0.032076
170.151123046875, -0.011275
170.18115234375, 0.051127
170.211181640625, 0.044194
170.2412109375, -0.032076
170.271240234375, -0.052876
170.30126953125, -0.045943
170.3310546875, -0.032076
170.361083984375, -0.004341
170.39111328125, -0.052876
170.421142578125, 0.092728
170.451171875, 0.051127
170.481201171875, 0.03726
170.51123046875, 0.078861
170.541259765625, -0.08061
170.5712890625, -0.018208
170.60107421875, -0.05981
170.631103515625, -0.004341
170.6611328125, 0.044194
170.691162109375, 0.03726
170.72119140625, 0.092728
170.751220703125, 0.03726
170.78125, 0.196732
170.811279296875, 0.078861
170.841064453125, -0.045943
170.87109375, -0.018208
170.901123046875, -0.073677
170.93115234375, -0.045943
170.961181640625, -0.066743
170.9912109375, 0.051127
171.021240234375, 0.009526
171.05126953125, 0.002592
171.081298828125, -0.143012
171.111083984375, -0.136079
171.14111328125, 0.064994
171.171142578125, 0.085795
171.201171875, -0.039009
171.231201171875, -0.052876
171.26123046875, 0.051127
171.291259765625, 0.002592
171.3212890625, 0.064994
171.35107421875, 0.03726
171.381103515625, 0.030326
171.4111328125, 0.064994
171.441162109375, 0.051127
171.47119140625, 0.03726
171.501220703125, 0.023393
171.53125, 0.016459
171.561279296875, 0.009526
171.59130859375, 0.002592
171.62109375, -0.073677
171.651123046875, 0.13433
171.68115234375, -0.018208
171.711181640625, 0.085795
171.7412109375, -0.025142
171.771240234375, 0.044194
171.80126953125, -0.039009
171.831298828125, 0.085795
171.861083984375, 0.085795
171.89111328125, 0.085795
171.921142578125, 0.203665
171.951171875, 0.051127
171.981201171875, 0.016459
172.01123046875, 0.002592
172.041259765625, 0.120463
172.0712890625, -0.018208
172.10107421875, -0.045943
172.131103515625, -0.039009
172.1611328125, -0.05981
172.191162109375, -0.018208
172.22119140625, 0.127396
172.251220703125, -0.240082
172.28125, 0.127396
172.311279296875, -0.087544
172.34130859375, -0.018208
172.37109375, -0.05981
172.401123046875, -0.025142
172.43115234375, 0.002592
172.461181640625, -0.073677
172.4912109375, -0.011275
172.521240234375, -0.011275
172.55126953125, 0.099662
172.581298828125, 0.030326
172.611083984375, 0.078861
172.64111328125, -0.052876
172.671142578125, 0.016459
172.701171875, -0.045943
172.731201171875, 0.092728
172.76123046875, -0.039009
172.791259765625, 0.058061
172.8212890625, -0.108345
172.851318359375, 0.016459
172.881103515625, 0.113529
172.9111328125, 0.085795
172.941162109375, 0.078861
172.97119140625, 0.044194
173.001220703125, 0.127396
173.03125, 0.078861
173.061279296875, 0.058061
173.09130859375, -0.115278
173.12109375, -0.066743
173.151123046875, 0.023393
173.18115234375, -0.052876
173.211181640625, 0.023393
173.2412109375, 0.016459
173.271240234375, 0.023393
173.30126953125, -0.032076
173.331298828125, 0.064994
173.361083984375, -0.045943
173.39111328125, 0.009526
173.421142578125, -0.108345
173.451171875, -0.011275
173.481201171875, 0.064994
173.51123046875, -0.018208
173.541259765625, -0.163813
173.5712890625, 0.030326
173.601318359375, -0.004341
173.631103515625, -0.018208
173.6611328125, -0.052876
173.691162109375, 0.106596
173.72119140625, -0.032076
173.751220703125, 0.127396
173.78125, -0.066743
173.811279296875, -0.045943
173.84130859375, 0.051127
173.87109375, 0.064994
173.901123046875, 0.023393
173.93115234375, 0.009526
173.961181640625, -0.039009
173.9912109375, 0.064994
174.021240234375, -0.039009
174.05126953125, -0.122212
174.081298828125, 0.009526
174.111328125, 0.071928
174.14111328125, 0.03726
174.171142578125, -0.039009
174.201171875, 0.141263
174.231201171875, 0.078861
174.26123046875, -0.05981
174.291259765625, -0.004341
174.3212890625, -0.018208
174.351318359375, 0.002592
174.381103515625, -0.087544
174.4111328125, 0.064994
174.441162109375, 0.203665
174.47119140625, 0.078861
174.501220703125, -0.045943
174.53125, 0.15513
174.561279296875, -0.039009
174.59130859375, 0.044194
174.621337890625, 0.023393
174.651123046875, -0.122212
174.68115234375, -0.066743
174.711181640625, 0.099662
174.7412109375, -0.025142
174.771240234375, 0.03726
174.80126953125, 0.120463
174.831298828125, -0.045943
174.861328125, 0.016459
174.89111328125, -0.004341
174.921142578125, 0.044194
174.951171875, 0.023393
174.981201171875, 0.058061
175.01123046875, 0.03726
175.041259765625, 0.016459
175.0712890625, -0.039009
175.101318359375, 0.044194
175.131103515625, 0.127396
175.1611328125, 0.064994
175.191162109375, 0.113529
175.22119140625, -0.032076
175.251220703125, 0.023393
175.28125, 0.064994
175.311279296875, -0.094478
175.34130859375, -0.219282
175.371337890625, -0.039009
175.401123046875, 0.009526
175.43115234375, 0.044194
175.461181640625, -0.032076
175.4912109375, 0.175931
175.521240234375, 0.002592
175.55126953125, 0.044194
175.581298828125, -0.205414
175.611328125, 0.051127
175.64111328125, -0.136079
175.671142578125, 0.064994
175.701171875, 0.009526
175.731201171875, -0.045943
175.76123046875, 0.127396
175.791259765625, 0.113529
175.8212890625, 0.023393
175.851318359375, -0.004341
175.88134765625, 0.009526
175.9111328125, 0.203665
175.941162109375, -0.018208
175.97119140625, 0.13433
176.001220703125, 0.023393
176.03125, 0.13433
176.061279296875, 0.058061
176.09130859375, 0.085795
176.121337890625, -0.025142
176.151123046875, -0.018208
176.18115234375, -0.011275
176.211181640625, 0.051127
176.2412109375, -0.129145
176.271240234375, -0.108345
176.30126953125, -0.004341
176.331298828125, 0.009526
176.361328125, -0.066743
176.39111328125, -0.094478
176.421142578125, 0.064994
176.451171875, 0.058061
176.481201171875, -0.094478
176.51123046875, -0.122212
176.541259765625, 0.058061
176.5712890625, -0.011275
176.601318359375, -0.025142
176.63134765625, 0.168998
176.6611328125, -0.039009
176.691162109375, -0.011275
176.72119140625, -0.032076
176.751220703125, 0.030326
176.78125, -0.073677
176.811279296875, -0.032076
176.84130859375, -0.004341
176.871337890625, -0.011275
176.901123046875, 0.016459
176.93115234375, -0.08061
176.961181640625, 0.064994
176.9912109375, -0.052876
177.021240234375, -0.115278
177.05126953125, -0.191547
177.081298828125, -0.004341
177.111328125, -0.004341
177.141357421875, 0.078861
177.171142578125, 0.058061
177.201171875, 0.058061
177.231201171875, -0.08061
177.26123046875, -0.025142
177.291259765625, 0.085795
177.3212890625, 0.030326
177.351318359375, 0.002592
177.38134765625, 0.016459
177.4111328125, -0.018208
177.441162109375, -0.087544
177.47119140625, -0.011275
177.501220703125, -0.149946
177.53125, -0.052876
177.561279296875, 0.030326
177.59130859375, 0.113529
177.621337890625, 0.141263
177.6513671875, 0.15513
177.68115234375, 0.023393
177.711181640625, -0.066743
177.7412109375, -0.032076
177.771240234375, 0.030326
177.80126953125, 0.016459
177.831298828125, 0.106596
177.861328125, -0.163813
177.891357421875, 0.064994
177.921142578125, 0.058061
177.951171875, 0.051127
177.981201171875, 0.023393
178.01123046875, -0.073677
178.041259765625, 0.113529
178.0712890625, -0.039009
178.101318359375, 0.058061
178.13134765625, 0.078861
178.1611328125, 0.044194
178.191162109375, -0.052876
178.22119140625, 0.002592
178.251220703125, -0.018208
178.28125, -0.191547
178.311279296875, 0.113529
178.34130859375, 0.064994
178.371337890625, -0.011275
178.4013671875, -0.011275
178.43115234375, -0.004341
178.461181640625, -0.087544
178.4912109375, -0.087544
178.521240234375, 0.051127
178.55126953125, -0.039009
178.581298828125, -0.115278
178.611328125, -0.032076
178.641357421875, -0.052876
178.671142578125, -0.087544
178.701171875, 0.148197
178.731201171875, -0.08061
178.76123046875, 0.002592
178.791259765625, 0.141263
178.8212890625, 0.058061
178.851318359375, -0.073677
178.88134765625, 0.120463
178.911376953125, 0.058061
178.941162109375, -0.039009
178.97119140625, 0.078861
179.001220703125, -0.101411
179.03125, -0.004341
179.061279296875, 0.113529
179.09130859375, 0.106596
179.121337890625, -0.094478
179.1513671875, 0.002592
179.18115234375, -0.025142
179.211181640625, 0.113529
179.2412109375, 0.016459
179.271240234375, -0.032076
179.30126953125, -0.011275
179.331298828125, -0.039009
179.361328125, 0.058061
179.391357421875, 0.002592
179.42138671875, 0.051127
179.451171875, -0.045943
179.481201171875, 0.044194
179.51123046875, 0.051127
179.541259765625, 0.127396
179.5712890625, 0.023393
179.601318359375, 0.15513
179.63134765625, 0.064994
179.661376953125, -0.045943
179.691162109375, 0.127396
179.72119140625, -0.004341
179.751220703125, 0.071928
179.78125, 0.002592
179.811279296875, 0.13433
179.84130859375, 0.148197
179.871337890625, 0.099662
179.9013671875, 0.092728
179.93115234375, 0.085795
179.961181640625, 0.002592
179.9912109375, 0.071928
180.021240234375, 0.058061
180.05126953125, -0.045943
180.081298828125, 0.078861
180.111328125, 0.030326
180.141357421875, 0.009526
180.17138671875, -0.025142
180.201171875, -0.08061
180.231201171875, -0.108345
180.26123046875, 0.120463
180.291259765625, 0.030326
180.3212890625, -0.149946
180.351318359375, -0.149946
180.38134765625, -0.129145
180.411376953125, -0.094478
180.441162109375, -0.066743
180.47119140625, -0.052876
180.501220703125, -0.025142
180.53125, 0.044194
180.561279296875, 0.030326
180.59130859375, 0.023393
180.621337890625, 0.078861
180.6513671875, 0.162064
180.681396484375, -0.066743
180.711181640625, 0.009526
180.7412109375, -0.004341
180.771240234375, -0.066743
180.80126953125, 0.058061
180.831298828125, 0.002592
180.861328125, -0.004341
180.891357421875, 0.002592
180.92138671875, 0.002592
180.951171875, -0.143012
180.981201171875, 0.03726
181.01123046875, 0.051127
181.041259765625, 0.023393
181.0712890625, 0.071928
181.101318359375, -0.025142
181.13134765625, 0.141263
181.161376953125, -0.025142
181.191162109375, -0.05981
181.22119140625, 0.113529
181.251220703125, 0.016459
181.28125, 0.259134
181.311279296875, 0.078861
181.34130859375, -0.039009
181.371337890625, 0.071928
181.4013671875, -0.045943
181.431396484375, 0.078861
181.461181640625, 0.030326
181.4912109375, -0.018208
181.521240234375, 0.002592
181.55126953125, -0.032076
181.581298828125, 0.078861
181.611328125, -0.066743
181.641357421875, 0.058061
181.67138671875, 0.023393
181.701171875, -0.032076
181.731201171875, 0.03726
181.76123046875, 0.106596
181.791259765625, 0.120463
181.8212890625, 0.023393
181.851318359375, -0.004341
181.88134765625, 0.023393
181.911376953125, 0.030326
181.94140625, 0.03726
181.97119140625, -0.094478
182.001220703125, -0.004341
182.03125, -0.025142
182.061279296875, -0.101411
182.09130859375, 0.044194
182.121337890625, -0.011275
182.1513671875, -0.205414
182.181396484375, -0.073677
182.211181640625, 0.044194
182.2412109375, -0.011275
182.271240234375, -0.087544
182.30126953125, -0.018208
182.331298828125, 0.03726
182.361328125, -0.149946
182.391357421875, -0.004341
182.42138671875, 0.113529
182.451416015625, 0.016459
182.481201171875, 0.120463
182.51123046875, -0.011275
182.541259765625, -0.066743
182.5712890625, 0.002592
182.601318359375, 0.016459
182.63134765625, -0.073677
182.661376953125, 0.03726
182.69140625, 0.030326
182.72119140625, 0.064994
182.751220703125, -0.045943
182.78125, 0.030326
182.811279296875, 0.002592
182.84130859375, 0.15513
182.871337890625, -0.052876
182.9013671875, 0.078861
182.931396484375, 0.064994
182.961181640625, -0.039009
182.9912109375, 0.141263
183.021240234375, 0.03726
183.05126953125, 0.009526
183.081298828125, 0.085795
183.111328125, 0.044194
183.141357421875, -0.018208
183.17138671875, 0.023393
183.201416015625, 0.009526
183.231201171875, 0.009526
183.26123046875, 0.002592
183.291259765625, -0.101411
183.3212890625, 0.002592
183.351318359375, 0.071928
183.38134765625, 0.009526
183.411376953125, 0.044194
183.44140625, 0.002592
183.47119140625, -0.08061
183.501220703125, -0.05981
183.53125, -0.066743
183.561279296875, 0.002592
183.59130859375, 0.023393
183.621337890625, 0.120463
183.6513671875, 0.085795
183.681396484375, -0.011275
183.71142578125, -0.198481
183.7412109375, 0.120463
183.771240234375, 0.03726
183.80126953125, -0.032076
183.831298828125, 0.071928
183.861328125, 0.03726
183.891357421875, 0.016459
183.92138671875, 0.071928
183.951416015625, -0.018208
183.981201171875, -0.045943
184.01123046875, -0.018208
184.041259765625, -0.045943
184.0712890625, 0.023393
184.101318359375, -0.17768
184.13134765625, 0.023393
184.161376953125, 0.002592
184.19140625, -0.011275
184.22119140625, 0.023393
184.251220703125, -0.004341
184.28125, 0.009526
184.311279296875, 0.03726
184.34130859375, 0.085795
184.371337890625, -0.108345
184.4013671875, -0.08061
184.431396484375, -0.052876
184.46142578125, -0.018208
184.4912109375, 0.023393
184.521240234375, 0.051127
184.55126953125, 0.009526
184.581298828125, -0.066743
184.611328125, 0.002592
184.641357421875, -0.05981
184.67138671875, 0.03726
184.701416015625, -0.045943
184.731201171875, -0.011275
184.76123046875, -0.094478
184.791259765625, 0.058061
184.8212890625, -0.039009
184.851318359375, 0.03726
184.88134765625, -0.073677
184.911376953125, 0.016459
184.94140625, -0.073677
184.971435546875, 0.099662
185.001220703125, -0.136079
185.03125, -0.129145
185.061279296875, 0.092728
185.09130859375, 0.071928
185.121337890625, 0.009526
185.1513671875, 0.016459
185.181396484375, -0.087544
185.21142578125, -0.032076
185.2412109375, 0.13433
185.271240234375, 0.030326
185.30126953125, -0.045943
185.331298828125, 0.092728
185.361328125, 0.030326
185.391357421875, 0.071928
185.42138671875, -0.011275
185.451416015625, -0.039009
185.4814453125, -0.011275
185.51123046875, 0.058061
185.541259765625, 0.023393
185.5712890625, 0.078861
185.601318359375, -0.052876
185.63134765625, 0.148197
185.661376953125, 0.016459
185.69140625, 0.051127
185.721435546875, 0.085795
185.751220703125, 0.071928
185.78125, 0.009526
185.811279296875, 0.092728
185.84130859375, -0.05981
185.871337890625, 0.092728
185.9013671875, 0.120463
185.931396484375, -0.087544
185.96142578125, -0.122212
185.9912109375, 0.051127
186.021240234375, -0.004341
186.05126953125, 0.168998
186.081298828125, -0.045943
186.111328125, -0.025142
186.141357421875, -0.045943
186.17138671875, -0.094478
186.201416015625, 0.113529
186.2314453125, 0.078861
186.26123046875, -0.025142
186.291259765625, 0.023393
186.3212890625, 0.071928
186.351318359375, -0.025142
186.38134765625, 0.058061
186.411376953125, -0.025142
186.44140625, 0.141263
186.471435546875, 0.120463
186.501220703125, -0.025142
186.53125, 0.023393
186.561279296875, -0.045943
186.59130859375, -0.032076
186.621337890625, 0.044194
186.6513671875, 0.016459
186.681396484375, -0.045943
186.71142578125, 0.092728
186.741455078125, -0.039009
186.771240234375, -0.122212
186.80126953125, -0.115278
186.831298828125, -0.025142
186.861328125, -0.08061
186.891357421875, -0.039009
186.92138671875, -0.05981
186.951416015625, 0.009526
186.9814453125, 0.092728
187.01123046875, -0.143012
187.041259765625, 0.051127
187.0712890625, 0.141263
187.101318359375, -0.045943
187.13134765625, -0.032076
187.161376953125, 0.030326
187.19140625, 0.016459
187.221435546875, 0.023393
187.25146484375, -0.066743
187.28125, -0.025142
187.311279296875, 0.099662
187.34130859375, 0.051127
187.371337890625, -0.073677
187.4013671875, 0.002592
187.431396484375, 0.009526
187.46142578125, -0.05981
187.491455078125, 0.023393
187.521240234375, 0.03726
187.55126953125, 0.03726
187.581298828125, -0.073677
187.611328125, -0.143012
187.641357421875, -0.039009
187.67138671875, 0.099662
187.701416015625, -0.039009
187.7314453125, 0.044194
187.76123046875, -0.052876
187.791259765625, -0.052876
187.8212890625, -0.011275
187.851318359375, 0.002592
187.88134765625, -0.032076
187.911376953125, 0.078861
187.94140625, -0.05981
187.971435546875, 0.106596
188.00146484375, -0.052876
188.03125, -0.073677
188.061279296875, -0.032076
188.09130859375, 0.148197
188.121337890625, 0.120463
188.1513671875, 0.030326
188.181396484375, 0.051127
188.21142578125, 0.023393
188.241455078125, -0.170747
188.271240234375, -0.073677
188.30126953125, -0.129145
188.331298828125, -0.129145
188.361328125, 0.023393
188.391357421875, 0.002592
188.42138671875, -0.032076
188.451416015625, 0.051127
188.4814453125, 0.002592
188.511474609375, -0.115278
188.541259765625, -0.094478
188.5712890625, 0.078861
188.601318359375, -0.011275
188.63134765625, -0.066743
188.661376953125, -0.039009
188.69140625, -0.011275
188.721435546875, 0.023393
188.75146484375, -0.08061
188.78125, -0.087544
188.811279296875, 0.044194
188.84130859375, 0.009526
188.871337890625, -0.108345
188.9013671875, 0.071928
188.931396484375, 0.023393
188.96142578125, 0.071928
188.991455078125, -0.045943
189.021240234375, -0.05981
189.05126953125, 0.051127
189.081298828125, 0.051127
189.111328125, 0.064994
189.141357421875, 0.030326
189.17138671875, 0.099662
189.201416015625, 0.030326
189.2314453125, -0.129145
189.261474609375, 0.002592
189.291259765625, 0.210599
189.3212890625, 0.141263
189.351318359375, 0.058061
189.38134765625, 0.168998
189.411376953125, -0.094478
189.44140625, -0.011275
189.471435546875, 0.009526
189.50146484375, 0.016459
189.53125, 0.092728
189.561279296875, -0.025142
189.59130859375, -0.032076
189.621337890625, -0.05981
189.6513671875, 0.141263
189.681396484375, 0.051127
189.71142578125, 0.092728
189.741455078125, -0.018208
189.771484375, 0.03726
189.80126953125, -0.045943
189.831298828125, -0.004341
189.861328125, 0.016459
189.891357421875, 0.051127
189.92138671875, -0.149946
189.951416015625, 0.044194
189.9814453125, 0.106596
190.011474609375, -0.045943
190.041259765625, 0.127396
190.0712890625, -0.039009
190.101318359375, -0.025142
190.13134765625, -0.094478
190.161376953125, 0.113529
190.19140625, -0.025142
190.221435546875, -0.004341
190.25146484375, 0.071928
190.281494140625, -0.025142
190.311279296875, 0.106596
190.34130859375, 0.044194
190.371337890625, -0.018208
190.4013671875, 0.078861
190.431396484375, -0.025142
190.46142578125, 0.078861
190.491455078125, -0.066743
190.521484375, -0.05981
190.55126953125, 0.051127
190.581298828125, 0.023393
190.611328125, -0.018208
190.641357421875, -0.08061
190.67138671875, 0.13433
190.701416015625, -0.032076
190.7314453125, 0.009526
190.761474609375, -0.052876
190.791259765625, -0.094478
190.8212890625, -0.004341
190.851318359375, -0.08061
190.88134765625, 0.13433
190.911376953125, -0.018208
190.94140625, 0.023393
190.971435546875, 0.113529
191.00146484375, -0.045943
191.031494140625, 0.044194
191.061279296875, 0.058061
191.09130859375, -0.17768
191.121337890625, -0.143012
191.1513671875, 0.002592
191.181396484375, 0.092728
191.21142578125, 0.078861
191.241455078125, -0.052876
191.271484375, -0.08061
191.30126953125, 0.058061
191.331298828125, 0.051127
191.361328125, 0.106596
191.391357421875, -0.011275
191.42138671875, 0.03726
191.451416015625, -0.011275
191.4814453125, -0.101411
191.511474609375, 0.106596
191.54150390625, 0.113529
191.5712890625, -0.073677
191.601318359375, 0.120463
191.63134765625, 0.085795
191.661376953125, 0.009526
191.69140625, 0.03726
191.721435546875, 0.085795
191.75146484375, -0.018208
191.781494140625, -0.066743
191.811279296875, 0.023393
191.84130859375, -0.032076
191.871337890625, -0.018208
191.9013671875, 0.009526
191.931396484375, 0.078861
191.96142578125, -0.039009
191.991455078125, -0.011275
192.021484375, 0.15513
192.051513671875, -0.052876
192.081298828125, -0.122212
192.111328125, -0.184614
192.141357421875, 0.071928
192.17138671875, -0.018208
192.201416015625, 0.023393
192.2314453125, 0.030326
192.261474609375, 0.03726
192.29150390625, 0.03726
192.3212890625, 0.002592
192.351318359375, 0.051127
192.38134765625, 0.127396
192.411376953125, 0.051127
192.44140625, 0.092728
192.471435546875, 0.085795
192.50146484375, 0.03726
192.531494140625, -0.087544
192.561279296875, -0.011275
192.59130859375, -0.025142
192.621337890625, 0.13433
192.6513671875, 0.002592
192.681396484375, 0.085795
192.71142578125, 0.009526
192.741455078125, -0.191547
192.771484375, -0.032076
192.801513671875, -0.052876
192.831298828125, -0.039009
192.861328125, 0.051127
192.891357421875, -0.032076
192.92138671875, 0.071928
192.951416015625, 0.051127
192.9814453125, 0.030326
193.011474609375, -0.004341
193.04150390625, -0.045943
193.0712890625, -0.011275
193.101318359375, 0.15513
193.13134765625, 0.030326
193.161376953125, 0.071928
193.19140625, 0.162064
193.221435546875, -0.018208
193.25146484375, -0.143012
193.281494140625, 0.148197
193.3115234375, 0.051127
193.34130859375, -0.039009
193.371337890625, -0.087544
193.4013671875, -0.018208
193.431396484375, 0.051127
193.46142578125, -0.052876
193.491455078125, 0.085795
193.521484375, 0.002592
193.551513671875, 0.023393
193.581298828125, -0.087544
193.611328125, 0.009526
193.641357421875, 0.058061
193.67138671875, 0.051127
193.701416015625, -0.05981
193.7314453125, -0.011275
193.761474609375, -0.101411
193.79150390625, 0.058061
193.8212890625, 0.009526
193.851318359375, 0.058061
193.88134765625, -0.004341
193.911376953125, 0.162064
193.94140625, 0.175931
193.971435546875, 0.03726
194.00146484375, -0.129145
194.031494140625, 0.127396
194.0615234375, 0.009526
194.09130859375, 0.162064
194.121337890625, 0.092728
194.1513671875, 0.023393
194.181396484375, 0.141263
194.21142578125, 0.030326
194.241455078125, 0.078861
194.271484375, -0.039009
194.301513671875, 0.030326
194.331298828125, -0.025142
194.361328125, 0.078861
194.391357421875, -0.073677
194.42138671875, 0.03726
194.451416015625, -0.073677
194.4814453125, 0.016459
194.511474609375, 0.03726
194.54150390625, 0.030326
194.571533203125, 0.13433
194.601318359375, 0.064994
194.63134765625, -0.018208
194.661376953125, -0.025142
194.69140625, 0.113529
194.721435546875, -0.045943
194.75146484375, 0.030326
194.781494140625, 0.120463
194.8115234375, 0.071928
194.84130859375, -0.004341
194.871337890625, 0.023393
194.9013671875, -0.011275
194.931396484375, 0.044194
194.96142578125, 0.030326
194.991455078125, -0.101411
195.021484375, 0.009526
195.051513671875, 0.023393
195.08154296875, 0.085795
195.111328125, -0.122212
195.141357421875, -0.045943
195.17138671875, 0.016459
195.201416015625, 0.002592
195.2314453125, -0.045943
195.261474609375, 0.127396
195.29150390625, 0.030326
195.321533203125, -0.039009
195.351318359375, -0.066743
195.38134765625, -0.087544
195.411376953125, 0.092728
195.44140625, -0.039009
195.471435546875, 0.030326
195.50146484375, -0.025142
195.531494140625, 0.03726
195.5615234375, -0.073677
195.59130859375, 0.051127
195.621337890625, 0.030326
195.6513671875, -0.087544
195.681396484375, 0.002592
195.71142578125, -0.004341
195.741455078125, -0.032076
195.771484375, 0.044194
195.801513671875, 0.030326
195.83154296875, -0.032076
195.861328125, 0.023393
195.891357421875, 0.092728
195.92138671875, 0.016459
195.951416015625, -0.05981
195.9814453125, 0.016459
196.011474609375, -0.011275
196.04150390625, -0.087544
196.071533203125, 0.009526
196.101318359375, 0.030326
196.13134765625, -0.004341
196.161376953125, -0.025142
196.19140625, 0.099662
196.221435546875, -0.032076
196.25146484375, 0.016459
196.281494140625, 0.03726
196.3115234375, 0.064994
196.341552734375, 0.016459
196.371337890625, -0.018208
196.4013671875, 0.030326
196.431396484375, -0.025142
196.46142578125, -0.004341
196.491455078125, -0.08061
196.521484375, -0.170747
196.551513671875, 0.127396
196.58154296875, 0.085795
196.611328125, -0.108345
196.641357421875, -0.066743
196.67138671875, -0.011275
196.701416015625, -0.004341
196.7314453125, -0.039009
196.761474609375, 0.058061
196.79150390625, 0.044194
196.821533203125, -0.094478
196.851318359375, 0.03726
196.88134765625, -0.045943
196.911376953125, 0.044194
196.94140625, 0.002592
196.971435546875, 0.044194
197.00146484375, -0.05981
197.031494140625, 0.13433
197.0615234375, 0.023393
197.091552734375, 0.023393
197.121337890625, 0.030326
197.1513671875, -0.011275
197.181396484375, 0.071928
197.21142578125, 0.071928
197.241455078125, 0.071928
197.271484375, -0.032076
197.301513671875, -0.018208
197.33154296875, 0.030326
197.361328125, -0.032076
197.391357421875, -0.05981
197.42138671875, -0.115278
197.451416015625, -0.052876
197.4814453125, 0.085795
197.511474609375, 0.002592
197.54150390625, 0.058061
197.571533203125, -0.143012
197.6015625, 0.106596
197.63134765625, -0.039009
197.661376953125, 0.071928
197.69140625, -0.066743
197.721435546875, -0.011275
197.75146484375, -0.025142
197.781494140625, 0.051127
197.8115234375, -0.045943
197.841552734375, -0.045943
197.871337890625, 0.009526
197.9013671875, -0.066743
197.931396484375, 0.085795
197.96142578125, 0.2314
197.991455078125, 0.016459
198.021484375, 0.078861
198.051513671875, -0.004341
198.08154296875, 0.002592
198.111572265625, -0.025142
198.141357421875, -0.101411
198.17138671875, -0.011275
198.201416015625, 0.03726
198.2314453125, 0.085795
198.261474609375, -0.045943
198.29150390625, 0.030326
198.321533203125, 0.009526
198.3515625, -0.073677
198.38134765625, -0.011275
198.411376953125, -0.05981
198.44140625, -0.122212
198.471435546875, 0.016459
198.50146484375, -0.032076
198.531494140625, -0.004341
198.5615234375, 0.030326
198.591552734375, -0.052876
198.621337890625, 0.058061
198.6513671875, 0.085795
198.681396484375, -0.025142
198.71142578125, 0.002592
198.741455078125, -0.05981
198.771484375, -0.073677
198.801513671875, -0.032076
198.83154296875, 0.058061
198.861572265625, 0.016459
198.891357421875, -0.108345
198.92138671875, 0.196732
198.951416015625, -0.143012
198.9814453125, -0.170747
199.011474609375, -0.004341
199.04150390625, 0.016459
199.071533203125, 0.023393
199.1015625, -0.032076
199.13134765625, 0.078861
199.161376953125, -0.039009
199.19140625, -0.122212
199.221435546875, 0.009526
199.25146484375, -0.032076
199.281494140625, -0.039009
199.3115234375, -0.066743
199.341552734375, 0.058061
199.37158203125, 0.030326
199.4013671875, -0.129145
199.431396484375, 0.162064
199.46142578125, 0.044194
199.491455078125, 0.120463
199.521484375, 0.113529
199.551513671875, 0.148197
199.58154296875, -0.018208
199.611572265625, -0.004341
199.641357421875, 0.064994
199.67138671875, 0.064994
199.701416015625, 0.064994
199.7314453125, -0.066743
199.761474609375, -0.004341
199.79150390625, 0.071928
199.821533203125, 0.064994
199.8515625, -0.039009
199.881591796875, 0.009526
199.911376953125, -0.122212
199.94140625, 0.002592
199.971435546875, -0.052876
200.00146484375, 0.051127
200.031494140625, 0.03726
200.0615234375, -0.05981
200.091552734375, -0.052876
200.12158203125, 0.078861
200.1513671875, 0.064994
200.181396484375, -0.004341
200.21142578125, -0.073677
200.241455078125, 0.085795
200.271484375, -0.004341
200.301513671875, -0.018208
200.33154296875, -0.052876
200.361572265625, 0.058061
200.391357421875, 0.051127
200.42138671875, -0.025142
200.451416015625, -0.032076
200.4814453125, -0.094478
200.511474609375, 0.03726
200.54150390625, -0.011275
200.571533203125, 0.210599
200.6015625, 0.078861
200.631591796875, -0.05981
200.661376953125, -0.073677
200.69140625, 0.078861
200.721435546875, -0.052876
200.75146484375, 0.120463
200.781494140625, 0.058061
200.8115234375, -0.045943
200.841552734375, 0.044194
200.87158203125, -0.011275
200.9013671875, 0.113529
200.931396484375, -0.094478
200.96142578125, 0.016459
200.991455078125, -0.004341
201.021484375, 0.051127
201.051513671875, -0.073677
201.08154296875, 0.030326
201.111572265625, -0.122212
201.1416015625, 0.03726
201.17138671875, 0.03726
201.201416015625, 0.051127
201.2314453125, -0.004341
201.261474609375, 0.064994
201.29150390625, 0.002592
201.321533203125, 0.099662
201.3515625, 0.03726
201.381591796875, 0.044194
201.411376953125, -0.094478
201.44140625, 0.016459
201.471435546875, -0.045943
201.50146484375, -0.004341
201.531494140625, 0.009526
201.5615234375, 0.092728
201.591552734375, 0.266067
201.62158203125, 0.175931
201.6513671875, 0.002592
201.681396484375, -0.115278
201.71142578125, -0.066743
201.741455078125, 0.092728
201.771484375, 0.058061
201.801513671875, 0.078861
201.83154296875, 0.085795
201.861572265625, 0.002592
201.8916015625, 0.03726
201.92138671875, 0.071928
201.951416015625, -0.004341
201.9814453125, 0.085795
202.011474609375, -0.011275
202.04150390625, -0.05981
202.071533203125, -0.039009
202.1015625, 0.023393
202.131591796875, 0.009526
202.161376953125, -0.066743
202.19140625, 0.044194
202.221435546875, 0.009526
202.25146484375, -0.115278
202.281494140625, 0.058061
202.3115234375, 0.064994
202.341552734375, 0.064994
202.37158203125, -0.191547
202.401611328125, 0.092728
202.431396484375, 0.058061
202.46142578125, 0.13433
202.491455078125, 0.13433
202.521484375, -0.05981
202.551513671875, 0.044194
202.58154296875, -0.004341
202.611572265625, 0.044194
202.6416015625, -0.05981
202.67138671875, 0.016459
202.701416015625, 0.03726
202.7314453125, -0.066743
202.761474609375, 0.009526
202.79150390625, 0.141263
202.821533203125, 0.030326
202.8515625, -0.073677
202.881591796875, -0.004341
202.91162109375, -0.05981
202.94140625, -0.115278
202.971435546875, 0.175931
203.00146484375, -0.08061
203.031494140625, -0.240082
203.0615234375, -0.018208
203.091552734375, 0.016459
203.12158203125, -0.108345
203.151611328125, -0.108345
203.181396484375, -0.004341
203.21142578125, 0.044194
203.241455078125, 0.016459
203.271484375, -0.05981
203.301513671875, 0.009526
203.33154296875, 0.071928
203.361572265625, 0.016459
203.3916015625, -0.045943
203.42138671875, 0.023393
203.451416015625, 0.044194
203.4814453125, -0.087544
203.511474609375, -0.094478
203.54150390625, 0.044194
203.571533203125, -0.025142
203.6015625, 0.058061
203.631591796875, 0.030326
203.66162109375, 0.023393
203.69140625, 0.002592
203.721435546875, 0.023393
203.75146484375, 0.044194
203.781494140625, 0.058061
203.8115234375, 0.127396
203.841552734375, -0.143012
203.87158203125, 0.030326
203.901611328125, 0.016459
203.931396484375, 0.078861
203.96142578125, -0.163813
203.991455078125, -0.025142
204.021484375, -0.004341
204.051513671875, 0.051127
204.08154296875, -0.018208
204.111572265625, 0.064994
204.1416015625, 0.13433
204.171630859375, 0.085795
204.201416015625, 0.092728
204.2314453125, 0.03726
204.261474609375, 0.058061
204.29150390625, -0.011275
204.321533203125, -0.004341
204.3515625, -0.108345
204.381591796875, 0.071928
204.41162109375, -0.073677
204.44140625, 0.15513
204.471435546875, 0.203665
204.50146484375, 0.030326
204.531494140625, -0.004341
204.5615234375, 0.196732
204.591552734375, 0.064994
204.62158203125, 0.030326
204.651611328125, 0.030326
204.681396484375, 0.058061
204.71142578125, 0.085795
204.741455078125, -0.170747
204.771484375, -0.226215
204.801513671875, -0.018208
204.83154296875, 0.023393
204.861572265625, 0.030326
204.8916015625, -0.073677
204.921630859375, -0.191547
204.951416015625, -0.018208
204.9814453125, -0.011275
205.011474609375, 0.113529
205.04150390625, 0.03726
205.071533203125, 0.071928
205.1015625, 0.030326
205.131591796875, 0.009526
205.16162109375, 0.044194
205.19140625, -0.08061
205.221435546875, 0.064994
205.25146484375, -0.066743
205.281494140625, 0.016459
205.3115234375, 0.030326
205.341552734375, 0.106596
205.37158203125, 0.044194
205.401611328125, 0.023393
205.431640625, -0.004341
205.46142578125, 0.058061
205.491455078125, 0.009526
205.521484375, 0.064994
205.551513671875, 0.016459
205.58154296875, 0.210599
205.611572265625, 0.113529
205.6416015625, -0.05981
205.671630859375, -0.004341
205.701416015625, 0.148197
205.7314453125, 0.058061
205.761474609375, 0.13433
205.79150390625, -0.004341
205.821533203125, -0.073677
205.8515625, 0.002592
205.881591796875, -0.032076
205.91162109375, -0.05981
205.941650390625, 0.058061
205.971435546875, 0.196732
206.00146484375, -0.025142
206.031494140625, 0.002592
206.0615234375, 0.03726
206.091552734375, -0.170747
206.12158203125, 0.03726
206.151611328125, 0.15513
206.181640625, 0.03726
206.21142578125, -0.08061
206.241455078125, 0.030326
206.271484375, 0.058061
206.301513671875, -0.018208
206.33154296875, 0.030326
206.361572265625, 0.064994
206.3916015625, 0.058061
206.421630859375, 0.051127
206.451416015625, 0.002592
206.4814453125, -0.004341
206.511474609375, 0.009526
206.54150390625, 0.13433
206.571533203125, -0.05981
206.6015625, 0.030326
206.631591796875, -0.094478
206.66162109375, 0.058061
206.691650390625, -0.073677
206.721435546875, -0.115278
206.75146484375, -0.052876
206.781494140625, 0.016459
206.8115234375, -0.025142
206.841552734375, 0.051127
206.87158203125, -0.018208
206.901611328125, 0.009526
206.931640625, 0.03726
206.96142578125, 0.044194
206.991455078125, 0.085795
207.021484375, -0.039009
207.051513671875, 0.058061
207.08154296875, 0.051127
207.111572265625, 0.078861
207.1416015625, -0.066743
207.171630859375, -0.018208
207.20166015625, 0.044194
207.2314453125, -0.129145
207.261474609375, 0.016459
207.29150390625, -0.018208
207.321533203125, 0.064994
207.3515625, -0.011275
207.381591796875, -0.101411
207.41162109375, 0.016459
207.441650390625, 0.058061
207.471435546875, -0.018208
207.50146484375, 0.099662
207.531494140625, -0.025142
207.5615234375, -0.045943
207.591552734375, 0.217532
207.62158203125, 0.009526
207.651611328125, -0.032076
207.681640625, -0.025142
207.711669921875, -0.122212
207.741455078125, 0.106596
207.771484375, 0.023393
207.801513671875, 0.016459
207.83154296875, 0.030326
207.861572265625, -0.143012
207.8916015625, 0.085795
207.921630859375, 0.078861
207.95166015625, 0.009526
207.9814453125, 0.064994
208.011474609375, 0.064994
208.04150390625, 0.064994
208.071533203125, -0.032076
208.1015625, 0.113529
208.131591796875, -0.004341
208.16162109375, 0.092728
208.191650390625, 0.030326
208.221435546875, -0.073677
208.25146484375, 0.071928
208.281494140625, -0.004341
208.3115234375, -0.032076
208.341552734375, 0.051127
208.37158203125, -0.087544
208.401611328125, -0.122212
208.431640625, 0.03726
208.461669921875, 0.03726
208.491455078125, 0.099662
208.521484375, 0.044194
208.551513671875, 0.127396
208.58154296875, -0.011275
208.611572265625, -0.039009
208.6416015625, -0.108345
208.671630859375, 0.106596
208.70166015625, -0.004341
208.7314453125, 0.009526
208.761474609375, 0.030326
208.79150390625, -0.039009
208.821533203125, -0.011275
208.8515625, -0.108345
208.881591796875, -0.004341
208.91162109375, -0.018208
208.941650390625, -0.108345
208.9716796875, 0.085795
209.00146484375, 0.044194
209.031494140625, 0.058061
209.0615234375, 0.099662
209.091552734375, 0.071928
209.12158203125, -0.025142
209.151611328125, -0.032076
209.181640625, -0.17768
209.211669921875, 0.058061
209.241455078125, 0.051127
209.271484375, 0.044194
209.301513671875, 0.113529
209.33154296875, -0.05981
209.361572265625, -0.08061
209.3916015625, -0.05981
209.421630859375, -0.108345
209.45166015625, 0.030326
209.4814453125, -0.018208
209.511474609375, 0.078861
209.54150390625, 0.023393
209.571533203125, -0.045943
209.6015625, -0.011275
209.631591796875, -0.129145
209.66162109375, -0.073677
209.691650390625, 0.092728
209.7216796875, -0.039009
209.75146484375, -0.032076
209.781494140625, 0.168998
209.8115234375, -0.018208
209.841552734375, 0.03726
209.87158203125, 0.099662
209.901611328125, 0.064994
209.931640625, 0.099662
209.961669921875, 0.078861
209.991455078125, -0.018208
210.021484375, 0.2314
210.051513671875, 0.016459
210.08154296875, -0.066743
210.111572265625, 0.085795
210.1416015625, 0.120463
210.171630859375, -0.039009
210.20166015625, -0.087544
210.231689453125, -0.025142
210.261474609375, 0.120463
210.29150390625, 0.016459
210.321533203125, -0.066743
210.3515625, 0.009526
210.381591796875, -0.025142
210.41162109375, -0.011275
210.441650390625, 0.064994
210.4716796875, -0.066743
210.50146484375, -0.143012
210.531494140625, 0.085795
210.5615234375, 0.120463
210.591552734375, 0.016459
210.62158203125, 0.120463
210.651611328125, 0.051127
210.681640625, -0.05981
210.711669921875, 0.078861
210.74169921875, -0.05981
210.771484375, 0.15513
210.801513671875, 0.016459
210.83154296875, 0.023393
210.861572265625, 0.092728
210.8916015625, 0.148197
210.921630859375, -0.08061
210.95166015625, 0.078861
210.981689453125, 0.044194
211.011474609375, -0.039009
211.04150390625, -0.011275
211.071533203125, 0.058061
211.1015625, 0.023393
211.131591796875, 0.009526
211.16162109375, -0.129145
211.191650390625, -0.039009
211.2216796875, 0.2314
211.25146484375, -0.087544
211.281494140625, -0.066743
211.3115234375, 0.127396
211.341552734375, -0.149946
211.37158203125, 0.023393
211.401611328125, 0.051127
211.431640625, -0.045943
211.461669921875, -0.011275
211.49169921875, -0.073677
211.521484375, 0.064994
211.551513671875, 0.030326
211.58154296875, 0.030326
211.611572265625, 0.203665
211.6416015625, -0.032076
211.671630859375, -0.032076
211.70166015625, 0.023393
211.731689453125, 0.002592
211.761474609375, -0.045943
211.79150390625, 0.064994
211.821533203125, -0.032076
211.8515625, 0.106596
211.881591796875, -0.011275
211.91162109375, 0.148197
211.941650390625, -0.025142
211.9716796875, -0.045943
212.001708984375, 0.106596
212.031494140625, -0.08061
212.0615234375, 0.092728
212.091552734375, 0.064994
212.12158203125, -0.011275
212.151611328125, -0.073677
212.181640625, -0.052876
212.211669921875, -0.101411
212.24169921875, 0.092728
212.271484375, 0.092728
212.301513671875, 0.078861
212.33154296875, 0.092728
212.361572265625, 0.085795
212.3916015625, -0.066743
212.421630859375, 0.058061
212.45166015625, -0.032076
212.481689453125, -0.025142
212.511474609375, -0.073677
212.54150390625, 0.023393
212.571533203125, -0.032076
212.6015625, 0.120463
212.631591796875, 0.217532
212.66162109375, 0.120463
212.691650390625, 0.071928
212.7216796875, -0.032076
212.751708984375, 0.051127
212.781494140625, -0.073677
212.8115234375, -0.025142
212.841552734375, 0.085795
212.87158203125, -0.004341
212.901611328125, 0.009526
212.931640625, -0.129145
212.961669921875, -0.052876
212.99169921875, 0.023393
213.021484375, -0.004341
213.051513671875, -0.018208
213.08154296875, -0.08061
213.111572265625, 0.03726
213.1416015625, 0.13433
213.171630859375, 0.030326
213.20166015625, 0.058061
213.231689453125, 0.016459
213.26171875, -0.066743
213.29150390625, -0.143012
213.321533203125, 0.009526
213.3515625, -0.039009
213.381591796875, 0.058061
213.41162109375, 0.058061
213.441650390625, -0.039009
213.4716796875, 0.023393
213.501708984375, 0.15513
213.531494140625, 0.030326
213.5615234375, 0.071928
213.591552734375, 0.051127
213.62158203125, 0.016459
213.651611328125, 0.051127
213.681640625, -0.066743
213.711669921875, -0.108345
213.74169921875, -0.045943
213.771728515625, 0.127396
213.801513671875, 0.064994
213.83154296875, 0.03726
213.861572265625, 0.009526
213.8916015625, 0.016459
213.921630859375, 0.023393
213.95166015625, -0.052876
213.981689453125, -0.018208
214.01171875, 0.141263
214.04150390625, 0.058061
214.071533203125, 0.030326
214.1015625, 0.071928
214.131591796875, 0.113529
214.16162109375, -0.094478
214.191650390625, -0.039009
214.2216796875, -0.101411
214.251708984375, 0.106596
214.281494140625, 0.030326
214.3115234375, 0.092728
214.341552734375, 0.078861
214.37158203125, -0.004341
214.401611328125, 0.085795
214.431640625, -0.004341
214.461669921875, 0.044194
214.49169921875, -0.066743
214.521728515625, -0.163813
214.551513671875, -0.025142
214.58154296875, -0.115278
214.611572265625, 0.016459
214.6416015625, -0.08061
214.671630859375, -0.011275
214.70166015625, -0.05981
214.731689453125, 0.044194
214.76171875, -0.143012
214.79150390625, -0.05981
214.821533203125, 0.078861
214.8515625, -0.101411
214.881591796875, -0.018208
214.91162109375, 0.113529
214.941650390625, 0.106596
214.9716796875, 0.030326
215.001708984375, -0.066743
215.03173828125, 0.016459
215.0615234375, -0.011275
215.091552734375, 0.023393
215.12158203125, 0.120463
215.151611328125, -0.066743
215.181640625, 0.148197
215.211669921875, -0.05981
215.24169921875, 0.002592
215.271728515625, 0.03726
215.301513671875, -0.136079
215.33154296875, 0.058061
215.361572265625, -0.08061
215.3916015625, 0.030326
215.421630859375, 0.064994
215.45166015625, -0.094478
215.481689453125, 0.044194
215.51171875, 0.058061
215.541748046875, -0.011275
215.571533203125, -0.004341
215.6015625, 0.002592
215.631591796875, 0.120463
215.66162109375, -0.052876
215.691650390625, 0.071928
215.7216796875, 0.078861
215.751708984375, -0.004341
215.78173828125, 0.13433
215.8115234375, -0.032076
215.841552734375, 0.051127
215.87158203125, -0.052876
215.901611328125, 0.051127
215.931640625, 0.03726
215.961669921875, 0.03726
215.99169921875, 0.03726
216.021728515625, 0.002592
216.051513671875, -0.025142
216.08154296875, -0.087544
216.111572265625, 0.030326
216.1416015625, -0.011275
216.171630859375, 0.002592
216.20166015625, 0.03726
216.231689453125, -0.018208
216.26171875, 0.113529
216.291748046875, -0.032076
216.321533203125, -0.108345
216.3515625, 0.106596
216.381591796875, 0.03726
216.41162109375, -0.212348
216.441650390625, -0.08061
216.4716796875, 0.141263
216.501708984375, 0.044194
216.53173828125, 0.016459
216.5615234375, 0.016459
216.591552734375, -0.039009
216.62158203125, -0.05981
216.651611328125, -0.052876
216.681640625, 0.182865
216.711669921875, -0.052876
216.74169921875, -0.073677
216.771728515625, 0.009526
216.8017578125, 0.03726
216.83154296875, 0.099662
216.861572265625, -0.032076
216.8916015625, 0.162064
216.921630859375, -0.094478
216.95166015625, -0.08061
216.981689453125, 0.009526
217.01171875, -0.018208
217.041748046875, -0.011275
217.071533203125, -0.073677
217.1015625, -0.011275
217.131591796875, -0.032076
217.16162109375, 0.099662
217.191650390625, 0.051127
217.2216796875, 0.092728
217.251708984375, 0.071928
217.28173828125, -0.05981
217.3115234375, 0.009526
217.341552734375, 0.071928
217.37158203125, -0.004341
217.401611328125, -0.108345
217.431640625, -0.05981
217.461669921875, -0.032076
217.49169921875, 0.058061
217.521728515625, 0.148197
217.5517578125, -0.094478
217.58154296875, -0.039009
217.611572265625, 0.023393
217.6416015625, 0.002592
217.671630859375, 0.099662
217.70166015625, 0.002592
217.731689453125, 0.078861
217.76171875, -0.05981
217.791748046875, -0.032076
217.821533203125, 0.009526
217.8515625, -0.073677
217.881591796875, -0.039009
217.91162109375, 0.106596
217.941650390625, -0.045943
217.9716796875, 0.023393
218.001708984375, 0.092728
218.03173828125, 0.099662
218.061767578125, 0.106596
218.091552734375, 0.023393
218.12158203125, -0.087544
218.151611328125, 0.002592
218.181640625, -0.018208
218.211669921875, 0.113529
218.24169921875, -0.052876
218.271728515625, 0.016459
218.3017578125, 0.196732
218.33154296875, -0.018208
218.361572265625, -0.052876
218.3916015625, -0.025142
218.421630859375, 0.002592
218.45166015625, -0.087544
218.481689453125, -0.045943
218.51171875, 0.141263
218.541748046875, -0.066743
218.57177734375, 0.03726
218.6015625, -0.115278
218.631591796875, 0.058061
218.66162109375, -0.05981
218.691650390625, -0.018208
218.7216796875, 0.016459
218.751708984375, 0.085795
218.78173828125, 0.044194
218.811767578125, -0.094478
218.841552734375, 0.030326
218.87158203125, -0.018208
218.901611328125, -0.039009
218.931640625, -0.08061
218.961669921875, 0.064994
218.99169921875, -0.039009
219.021728515625, 0.085795
219.0517578125, 0.099662
219.08154296875, -0.011275
219.111572265625, 0.002592
219.1416015625, -0.032076
219.171630859375, 0.092728
219.20166015625, 0.009526
219.231689453125, -0.087544
219.26171875, 0.009526
219.291748046875, 0.051127
219.32177734375, 0.030326
219.3515625, 0.071928
219.381591796875, 0.002592
219.41162109375, -0.108345
219.441650390625, 0.106596
219.4716796875, -0.011275
219.501708984375, 0.030326
219.53173828125, 0.016459
219.561767578125, 0.016459
219.591552734375, -0.004341
219.62158203125, 0.009526
219.651611328125, -0.032076
219.681640625, 0.058061
219.711669921875, -0.011275
219.74169921875, -0.08061
219.771728515625, 0.016459
219.8017578125, 0.064994
219.831787109375, -0.08061
219.861572265625, -0.073677
219.8916015625, -0.05981
219.921630859375, -0.108345
219.95166015625, 0.113529
219.981689453125, 0.071928
220.01171875, 0.099662
220.041748046875, -0.115278
220.07177734375, -0.087544
220.1015625, 0.085795
220.131591796875, 0.03726
220.16162109375, 0.016459
220.191650390625, 0.127396
220.2216796875, 0.009526
220.251708984375, 0.078861
220.28173828125, 0.016459
220.311767578125, 0.099662
220.341552734375, 0.092728
220.37158203125, -0.004341
220.401611328125, -0.018208
220.431640625, 0.030326
220.461669921875, -0.094478
220.49169921875, -0.149946
220.521728515625, 0.085795
220.5517578125, 0.016459
220.581787109375, 0.016459
220.611572265625, 0.044194
220.6416015625, -0.05981
220.671630859375, -0.032076
220.70166015625, -0.025142
220.731689453125, 0.030326
220.76171875, -0.032076
220.791748046875, -0.011275
220.82177734375, -0.004341
220.8515625, -0.087544
220.881591796875, 0.13433
220.91162109375, -0.032076
220.941650390625, 0.016459
220.9716796875, -0.052876
221.001708984375, -0.011275
221.03173828125, -0.004341
221.061767578125, -0.039009
221.091796875, 0.023393
221.12158203125, 0.099662
221.151611328125, -0.039009
221.181640625, -0.073677
221.211669921875, -0.039009
221.24169921875, 0.064994
221.271728515625, -0.011275
221.3017578125, 0.002592
221.331787109375, -0.039009
221.361572265625, -0.018208
221.3916015625, -0.004341
221.421630859375, 0.051127
221.45166015625, -0.025142
221.481689453125, 0.099662
221.51171875, -0.018208
221.541748046875, 0.002592
221.57177734375, -0.011275
221.601806640625, 0.030326
221.631591796875, 0.064994
221.66162109375, -0.045943
221.691650390625, 0.085795
221.7216796875, 0.162064
221.751708984375, 0.224466
221.78173828125, -0.004341
221.811767578125, 0.002592
221.841796875, 0.044194
221.87158203125, -0.011275
221.901611328125, 0.113529
221.931640625, -0.052876
221.961669921875, 0.078861
221.99169921875, 0.064994
222.021728515625, -0.066743
222.0517578125, 0.016459
222.081787109375, -0.052876
222.111572265625, -0.087544
222.1416015625, -0.025142
222.171630859375, -0.052876
222.20166015625, 0.030326
222.231689453125, -0.052876
222.26171875, -0.011275
222.291748046875, 0.002592
222.32177734375, 0.078861
222.351806640625, -0.05981
222.381591796875, 0.085795
222.41162109375, 0.044194
222.441650390625, 0.023393
222.4716796875, -0.122212
222.501708984375, -0.066743
222.53173828125, -0.129145
222.561767578125, -0.025142
222.591796875, -0.039009
222.62158203125, 0.148197
222.651611328125, 0.099662
222.681640625, 0.078861
222.711669921875, 0.106596
222.74169921875, 0.016459
222.771728515625, 0.106596
222.8017578125, -0.025142
222.831787109375, 0.058061
222.86181640625, -0.039009
222.8916015625, -0.025142
222.921630859375, 0.141263
222.95166015625, 0.120463
222.981689453125, -0.045943
223.01171875, 0.009526
223.041748046875, -0.039009
223.07177734375, 0.016459
223.101806640625, 0.113529
223.131591796875, 0.099662
223.16162109375, -0.129145
223.191650390625, 0.078861
223.2216796875, -0.018208
223.251708984375, 0.127396
223.28173828125, 0.030326
223.311767578125, 0.13433
223.341796875, 0.106596
223.371826171875, 0.023393
223.401611328125, -0.143012
223.431640625, 0.064994
223.461669921875, 0.03726
223.49169921875, 0.113529
223.521728515625, 0.030326
223.5517578125, 0.009526
223.581787109375, 0.016459
223.61181640625, -0.108345
223.6416015625, -0.08061
223.671630859375, -0.032076
223.70166015625, -0.143012
223.731689453125, -0.025142
223.76171875, -0.045943
223.791748046875, 0.044194
223.82177734375, -0.045943
223.851806640625, -0.066743
223.881591796875, 0.162064
223.91162109375, 0.071928
223.941650390625, 0.03726
223.9716796875, 0.058061
224.001708984375, 0.03726
224.03173828125, 0.13433
224.061767578125, 0.085795
224.091796875, 0.002592
224.121826171875, 0.064994
224.151611328125, 0.182865
224.181640625, -0.039009
224.211669921875, 0.085795
224.24169921875, 0.071928
224.271728515625, -0.149946
224.3017578125, 0.120463
224.331787109375, 0.058061
224.36181640625, 0.175931
224.3916015625, 0.009526
224.421630859375, -0.018208
224.45166015625, 0.016459
224.481689453125, 0.03726
224.51171875, 0.071928
224.541748046875, 0.009526
224.57177734375, -0.05981
224.601806640625, 0.113529
224.6318359375, 0.064994
224.66162109375, -0.115278
224.691650390625, -0.08061
224.7216796875, -0.004341
224.751708984375, -0.073677
224.78173828125, 0.141263
224.811767578125, 0.016459
224.841796875, -0.025142
224.871826171875, -0.045943
224.901611328125, 0.023393
224.931640625, -0.094478
224.961669921875, -0.045943
224.99169921875, 0.099662
225.021728515625, 0.085795
225.0517578125, 0.058061
225.081787109375, 0.044194
225.11181640625, 0.016459
225.1416015625, 0.071928
225.171630859375, 0.092728
225.20166015625, -0.018208
225.231689453125, -0.039009
225.26171875, 0.002592
225.291748046875, -0.004341
225.32177734375, 0.023393
225.351806640625, -0.039009
225.3818359375, 0.030326
225.41162109375, 0.064994
225.441650390625, 0.044194
225.4716796875, 0.106596
225.501708984375, 0.175931
225.53173828125, -0.087544
225.561767578125, 0.085795
225.591796875, 0.03726
225.621826171875, -0.05981
225.651611328125, 0.058061
225.681640625, -0.018208
225.711669921875, 0.002592
225.74169921875, -0.073677
225.771728515625, -0.191547
225.8017578125, 0.002592
225.831787109375, -0.087544
225.86181640625, -0.170747
225.891845703125, -0.05981
225.921630859375, 0.058061
225.95166015625, 0.002592
225.981689453125, 0.002592
226.01171875, 0.016459
226.041748046875, -0.087544
226.07177734375, 0.127396
226.101806640625, -0.17768
226.1318359375, 0.120463
226.16162109375, 0.016459
226.191650390625, 0.085795
226.2216796875, 0.051127
226.251708984375, 0.03726
226.28173828125, -0.018208
226.311767578125, 0.071928
226.341796875, -0.032076
226.371826171875, -0.066743
226.40185546875, 0.092728
226.431640625, -0.136079
226.461669921875, -0.087544
226.49169921875, 0.030326
226.521728515625, 0.002592
226.5517578125, -0.011275
226.581787109375, -0.163813
226.61181640625, 0.120463
226.641845703125, 0.099662
226.671630859375, 0.002592
226.70166015625, 0.15513
226.731689453125, -0.045943
226.76171875, 0.002592
226.791748046875, 0.162064
226.82177734375, -0.018208
226.851806640625, -0.17768
226.8818359375, -0.073677
226.91162109375, -0.011275
226.941650390625, 0.044194
226.9716796875, 0.002592
227.001708984375, -0.004341
227.03173828125, -0.032076
227.061767578125, 0.023393
227.091796875, 0.078861
227.121826171875, -0.05981
227.15185546875, -0.004341
227.181640625, 0.002592
227.211669921875, 0.064994
227.24169921875, 0.023393
227.271728515625, 0.071928
227.3017578125, -0.052876
227.331787109375, 0.071928
227.36181640625, -0.073677
227.391845703125, -0.018208
227.421630859375, 0.016459
227.45166015625, 0.03726
227.481689453125, -0.004341
227.51171875, 0.002592
227.541748046875, 0.002592
227.57177734375, -0.260883
227.601806640625, -0.073677
227.6318359375, 0.064994
227.661865234375, 0.099662
227.691650390625, -0.032076
227.7216796875, -0.011275
227.751708984375, 0.051127
227.78173828125, -0.05981
227.811767578125, 0.106596
227.841796875, 0.064994
227.871826171875, -0.018208
227.90185546875, -0.045943
227.931640625, 0.030326
227.961669921875, 0.030326
227.99169921875, -0.032076
228.021728515625, 0.058061
228.0517578125, -0.045943
228.081787109375, 0.009526
228.11181640625, -0.025142
228.141845703125, -0.066743
228.171630859375, -0.039009
228.20166015625, 0.002592
228.231689453125, 0.106596
228.26171875, 0.023393
228.291748046875, 0.051127
228.32177734375, -0.039009
228.351806640625, 0.03726
228.3818359375, 0.051127
228.411865234375, -0.039009
228.441650390625, 0.071928
228.4716796875, -0.094478
228.501708984375, -0.143012
228.53173828125, -0.011275
228.561767578125, -0.011275
228.591796875, 0.245267
228.621826171875, -0.08061
228.65185546875, 0.15513
228.681640625, 0.016459
228.711669921875, 0.078861
228.74169921875, -0.025142
228.771728515625, 0.044194
228.8017578125, -0.087544
228.831787109375, -0.011275
228.86181640625, 0.023393
228.891845703125, 0.224466
228.921875, -0.039009
228.95166015625, 0.002592
228.981689453125, 0.016459
229.01171875, -0.05981
229.041748046875, 0.009526
229.07177734375, -0.039009
229.101806640625, 0.044194
229.1318359375, 0.092728
229.161865234375, 0.023393
229.191650390625, 0.023393
229.2216796875, 0.016459
229.251708984375, -0.143012
229.28173828125, -0.018208
229.311767578125, 0.016459
229.341796875, 0.106596
229.371826171875, 0.023393
229.40185546875, -0.073677
229.431884765625, -0.17768
229.461669921875, -0.039009
229.49169921875, 0.023393
229.521728515625, -0.011275
229.5517578125, -0.018208
229.581787109375, 0.002592
229.61181640625, 0.113529
229.641845703125, 0.099662
229.671875, -0.05981
229.70166015625, -0.018208
229.731689453125, -0.066743
229.76171875, -0.149946
229.791748046875, 0.113529
229.82177734375, -0.108345
229.851806640625, -0.094478
229.8818359375, -0.087544
229.911865234375, 0.127396
229.941650390625, 0.051127
229.9716796875, 0.127396
230.001708984375, 0.016459
230.03173828125, -0.004341
230.061767578125, -0.073677
230.091796875, 0.023393
230.121826171875, 0.002592
230.15185546875, 0.064994
230.181884765625, 0.03726
230.211669921875, 0.023393
230.24169921875, -0.108345
230.271728515625, -0.004341
230.3017578125, 0.023393
230.331787109375, -0.018208
230.36181640625, 0.009526
230.391845703125, -0.004341
230.421875, -0.039009
230.45166015625, 0.03726
230.481689453125, -0.018208
230.51171875, -0.108345
230.541748046875, -0.122212
230.57177734375, -0.05981
230.601806640625, -0.129145
230.6318359375, 0.099662
230.661865234375, 0.051127
230.69189453125, -0.032076
230.7216796875, -0.039009
230.751708984375, 0.168998
230.78173828125, -0.011275
230.811767578125, 0.009526
230.841796875, 0.092728
230.871826171875, -0.073677
230.90185546875, 0.106596
230.931884765625, -0.101411
230.961669921875, 0.092728
230.99169921875, 0.099662
231.021728515625, 0.092728
231.0517578125, -0.052876
231.081787109375, 0.175931
231.11181640625, -0.004341
231.141845703125, 0.078861
231.171875, -0.032076
231.201904296875, 0.15513
231.231689453125, 0.099662
231.26171875, 0.023393
231.291748046875, 0.03726
231.32177734375, 0.058061
231.351806640625, -0.122212
231.3818359375, -0.011275
231.411865234375, 0.182865
231.44189453125, -0.15688
231.4716796875, -0.066743
231.501708984375, -0.08061
231.53173828125, 0.002592
231.561767578125, -0.066743
231.591796875, 0.051127
231.621826171875, -0.052876
231.65185546875, 0.044194
231.681884765625, -0.052876
231.711669921875, 0.016459
231.74169921875, 0.106596
231.771728515625, 0.051127
231.8017578125, -0.018208
231.831787109375, 0.002592
231.86181640625, 0.113529
231.891845703125, 0.044194
231.921875, -0.08061
231.951904296875, 0.03726
231.981689453125, 0.002592
232.01171875, -0.052876
232.041748046875, -0.018208
232.07177734375, 0.016459
232.101806640625, -0.039009
232.1318359375, 0.009526
232.161865234375, 0.023393
232.19189453125, -0.011275
232.2216796875, 0.092728
232.251708984375, -0.052876
232.28173828125, -0.129145
232.311767578125, 0.03726
232.341796875, -0.05981
232.371826171875, -0.08061
232.40185546875, -0.045943
232.431884765625, -0.198481
232.4619140625, -0.05981
232.49169921875, 0.023393
232.521728515625, -0.039009
232.5517578125, 0.03726
232.581787109375, -0.004341
232.61181640625, 0.009526
232.641845703125, -0.025142
232.671875, 0.13433
232.701904296875, -0.045943
232.731689453125, -0.066743
232.76171875, 0.092728
232.791748046875, 0.175931
232.82177734375, 0.071928
232.851806640625, -0.032076
232.8818359375, -0.032076
232.911865234375, -0.025142
232.94189453125, 0.03726
232.9716796875, 0.113529
233.001708984375, 0.058061
233.03173828125, 0.051127
233.061767578125, 0.058061
233.091796875, -0.122212
233.121826171875, 0.002592
233.15185546875, 0.127396
233.181884765625, 0.016459
233.2119140625, -0.032076
233.24169921875, 0.030326
233.271728515625, 0.092728
233.3017578125, -0.052876
233.331787109375, -0.032076
233.36181640625, -0.025142
233.391845703125, -0.039009
233.421875, -0.039009
233.451904296875, 0.162064
233.481689453125, -0.032076
233.51171875, 0.099662
233.541748046875, 0.016459
233.57177734375, -0.025142
233.601806640625, -0.018208
233.6318359375, -0.004341
233.661865234375, -0.011275
233.69189453125, 0.009526
233.721923828125, 0.023393
233.751708984375, -0.073677
233.78173828125, 0.064994
233.811767578125, -0.108345
233.841796875, 0.064994
233.871826171875, -0.052876
233.90185546875, -0.004341
233.931884765625, 0.058061
233.9619140625, 0.023393
233.99169921875, -0.025142
234.021728515625, -0.05981
234.0517578125, 0.064994
234.081787109375, -0.05981
234.11181640625, -0.018208
234.141845703125, 0.044194
234.171875, -0.15688
234.201904296875, 0.03726
234.23193359375, -0.045943
234.26171875, 0.03726
234.291748046875, 0.051127
234.32177734375, 0.023393
234.351806640625, 0.044194
234.3818359375, 0.058061
234.411865234375, -0.149946
234.44189453125, -0.122212
234.471923828125, 0.13433
234.501708984375, -0.018208
234.53173828125, 0.058061
234.561767578125, 0.002592
234.591796875, 0.092728
234.621826171875, -0.025142
234.65185546875, -0.066743
234.681884765625, -0.039009
234.7119140625, 0.03726
234.74169921875, -0.101411
234.771728515625, -0.073677
234.8017578125, 0.03726
234.831787109375, 0.016459
234.86181640625, 0.099662
234.891845703125, 0.023393
234.921875, -0.025142
234.951904296875, 0.002592
234.98193359375, 0.016459
235.01171875, 0.064994
235.041748046875, -0.039009
235.07177734375, 0.023393
235.101806640625, 0.071928
235.1318359375, -0.018208
235.161865234375, -0.052876
235.19189453125, -0.066743
235.221923828125, 0.051127
235.251708984375, 0.092728
235.28173828125, 0.058061
235.311767578125, 0.044194
235.341796875, 0.113529
235.371826171875, 0.085795
235.40185546875, 0.13433
235.431884765625, 0.058061
235.4619140625, 0.092728
235.491943359375, 0.009526
235.521728515625, 0.051127
235.5517578125, 0.03726
235.581787109375, -0.025142
235.61181640625, -0.039009
235.641845703125, 0.085795
235.671875, -0.08061
235.701904296875, 0.15513
235.73193359375, -0.039009
235.76171875, -0.004341
235.791748046875, -0.108345
235.82177734375, 0.030326
235.851806640625, 0.127396
235.8818359375, -0.129145
235.911865234375, -0.136079
235.94189453125, 0.016459
235.971923828125, 0.03726
236.001953125, -0.066743
236.03173828125, -0.101411
236.061767578125, 0.023393
236.091796875, -0.08061
236.121826171875, 0.099662
236.15185546875, -0.094478
236.181884765625, 0.016459
236.2119140625, 0.016459
236.241943359375, -0.08061
236.271728515625, 0.106596
236.3017578125, 0.106596
236.331787109375, 0.009526
236.36181640625, 0.03726
236.391845703125, -0.039009
236.421875, 0.009526
236.451904296875, -0.032076
236.48193359375, 0.120463
236.51171875, 0.002592
236.541748046875, -0.018208
236.57177734375, 0.016459
236.601806640625, 0.078861
236.6318359375, 0.051127
236.661865234375, -0.011275
236.69189453125, 0.085795
236.721923828125, 0.03726
236.751953125, 0.051127
236.78173828125, -0.018208
236.811767578125, -0.05981
236.841796875, -0.087544
236.871826171875, -0.115278
236.90185546875, -0.045943
236.931884765625, -0.011275
236.9619140625, 0.002592
236.991943359375, -0.011275
237.021728515625, 0.092728
237.0517578125, 0.092728
237.081787109375, -0.094478
237.11181640625, -0.087544
237.141845703125, 0.064994
237.171875, 0.044194
237.201904296875, -0.122212
237.23193359375, 0.051127
237.261962890625, -0.011275
237.291748046875, 0.071928
237.32177734375, 0.099662
237.351806640625, 0.078861
237.3818359375, -0.087544
237.411865234375, -0.115278
237.44189453125, 0.058061
237.471923828125, -0.004341
237.501953125, 0.058061
237.53173828125, 0.016459
237.561767578125, 0.099662
237.591796875, -0.032076
237.621826171875, -0.094478
237.65185546875, 0.078861
237.681884765625, 0.03726
237.7119140625, 0.092728
237.741943359375, -0.17768
237.771728515625, 0.099662
237.8017578125, -0.004341
237.831787109375, 0.064994
237.86181640625, -0.025142
237.891845703125, -0.011275
237.921875, -0.025142
237.951904296875, -0.052876
237.98193359375, -0.101411
238.011962890625, -0.101411
238.041748046875, 0.002592
238.07177734375, -0.018208
238.101806640625, -0.087544
238.1318359375, 0.071928
238.161865234375, -0.018208
238.19189453125, 0.044194
238.221923828125, 0.078861
238.251953125, -0.045943
238.28173828125, -0.032076
238.311767578125, 0.078861
238.341796875, -0.066743
238.371826171875, 0.016459
238.40185546875, 0.127396
238.431884765625, 0.016459
238.4619140625, 0.064994
238.491943359375, 0.030326
238.52197265625, -0.018208
238.5517578125, -0.247016
238.581787109375, 0.009526
238.61181640625, 0.009526
238.641845703125, 0.120463
238.671875, -0.018208
238.701904296875, 0.106596
238.73193359375, -0.066743
238.761962890625, 0.023393
238.791748046875, 0.106596
238.82177734375, -0.129145
238.851806640625, 0.148197
238.8818359375, -0.094478
238.911865234375, -0.025142
238.94189453125, -0.212348
238.971923828125, 0.217532
239.001953125, -0.011275
239.031982421875, 0.113529
239.061767578125, 0.009526
239.091796875, 0.058061
239.121826171875, -0.039009
239.15185546875, -0.004341
239.181884765625, 0.03726
239.2119140625, 0.141263
239.241943359375, 0.078861
239.27197265625, 0.051127
239.3017578125, 0.071928
239.331787109375, -0.045943
239.36181640625, -0.087544
239.391845703125, 0.182865
239.421875, -0.05981
239.451904296875, 0.030326
239.48193359375, -0.039009
239.511962890625, 0.064994
239.541748046875, -0.032076
239.57177734375, 0.051127
239.601806640625, -0.094478
239.6318359375, -0.025142
239.661865234375, 0.009526
239.69189453125, 0.002592
239.721923828125, 0.058061
239.751953125, 0.085795
239.781982421875, -0.094478
239.811767578125, -0.05981
239.841796875, -0.039009
239.871826171875, -0.025142
239.90185546875, -0.039009
239.931884765625, 0.106596
239.9619140625, 0.085795
239.991943359375, -0.018208
240.02197265625, -0.039009
240.0517578125, -0.011275
240.081787109375, -0.05981
240.11181640625, -0.129145
240.141845703125, 0.016459
240.171875, 0.085795
240.201904296875, -0.039009
240.23193359375, 0.009526
240.261962890625, 0.051127
240.2919921875, -0.122212
240.32177734375, -0.094478
240.351806640625, 0.13433
240.3818359375, 0.009526
240.411865234375, 0.03726
240.44189453125, -0.025142
240.471923828125, 0.13433
240.501953125, -0.136079
240.531982421875, -0.011275
240.561767578125, -0.087544
240.591796875, 0.092728
240.621826171875, 0.044194
240.65185546875, 0.064994
240.681884765625, 0.058061
240.7119140625, -0.011275
240.741943359375, 0.064994
240.77197265625, -0.108345
240.8017578125, -0.004341
240.831787109375, -0.073677
240.86181640625, -0.039009
240.891845703125, -0.136079
240.921875, 0.016459
240.951904296875, 0.106596
240.98193359375, -0.039009
241.011962890625, -0.045943
241.0419921875, 0.099662
241.07177734375, 0.078861
241.101806640625, 0.030326
241.1318359375, 0.009526
241.161865234375, -0.052876
241.19189453125, 0.002592
241.221923828125, 0.120463
241.251953125, -0.039009
241.281982421875, -0.011275
241.311767578125, 0.085795
241.341796875, -0.011275
241.371826171875, -0.052876
241.40185546875, -0.045943
241.431884765625, 0.051127
241.4619140625, 0.127396
241.491943359375, 0.002592
241.52197265625, 0.078861
241.552001953125, -0.032076
241.581787109375, 0.182865
241.61181640625, 0.099662
241.641845703125, 0.092728
241.671875, -0.032076
241.701904296875, -0.066743
241.73193359375, 0.106596
241.761962890625, 0.13433
241.7919921875, 0.030326
241.82177734375, -0.018208
241.851806640625, 0.009526
241.8818359375, 0.078861
241.911865234375, 0.030326
241.94189453125, 0.071928
241.971923828125, 0.106596
242.001953125, 0.030326
242.031982421875, -0.05981
242.06201171875, 0.016459
242.091796875, -0.045943
242.121826171875, 0.071928
242.15185546875, -0.052876
242.181884765625, -0.018208
242.2119140625, -0.025142
242.241943359375, -0.073677
242.27197265625, -0.101411
242.302001953125, -0.039009
242.331787109375, 0.016459
242.36181640625, -0.08061
242.391845703125, -0.087544
242.421875, -0.039009
242.451904296875, -0.129145
242.48193359375, 0.03726
242.511962890625, 0.030326
242.5419921875, -0.004341
242.57177734375, 0.092728
242.601806640625, -0.004341
242.6318359375, 0.058061
242.661865234375, 0.092728
242.69189453125, -0.039009
242.721923828125, 0.071928
242.751953125, 0.071928
242.781982421875, -0.039009
242.81201171875, 0.092728
242.841796875, -0.011275
242.871826171875, 0.03726
242.90185546875, 0.051127
242.931884765625, 0.113529
242.9619140625, -0.066743
242.991943359375, -0.018208
243.02197265625, 0.106596
243.052001953125, -0.163813
243.081787109375, 0.023393
243.11181640625, 0.03726
243.141845703125, 0.030326
243.171875, 0.002592
243.201904296875, -0.108345
243.23193359375, -0.039009
243.261962890625, -0.066743
243.2919921875, -0.032076
243.322021484375, -0.05981
243.351806640625, -0.018208
243.3818359375, 0.127396
243.411865234375, 0.03726
243.44189453125, 0.016459
243.471923828125, -0.032076
243.501953125, 0.099662
243.531982421875, 0.058061
243.56201171875, 0.016459
243.591796875, 0.03726
243.621826171875, -0.101411
243.65185546875, -0.004341
243.681884765625, -0.045943
243.7119140625, -0.004341
243.741943359375, -0.018208
243.77197265625, -0.122212
243.802001953125, 0.099662
243.83203125, -0.032076
243.86181640625, 0.009526
243.891845703125, -0.004341
243.921875, 0.002592
243.951904296875, 0.064994
243.98193359375, 0.071928
244.011962890625, -0.045943
244.0419921875, -0.05981
244.072021484375, 0.023393
244.101806640625, 0.064994
244.1318359375, 0.044194
244.161865234375, 0.051127
244.19189453125, 0.03726
244.221923828125, 0.064994
244.251953125, 0.044194
244.281982421875, 0.078861
244.31201171875, 0.03726
244.341796875, -0.011275
244.371826171875, 0.002592
244.40185546875, 0.03726
244.431884765625, 0.113529
244.4619140625, 0.064994
244.491943359375, 0.064994
244.52197265625, -0.004341
244.552001953125, 0.064994
244.58203125, 0.030326
244.61181640625, -0.129145
244.641845703125, 0.030326
244.671875, -0.011275
244.701904296875, -0.05981
244.73193359375, -0.039009
244.761962890625, -0.136079
244.7919921875, -0.045943
244.822021484375, 0.071928
244.851806640625, -0.039009
244.8818359375, 0.113529
244.911865234375, -0.08061
244.94189453125, 0.196732
244.971923828125, -0.011275
245.001953125, 0.071928
245.031982421875, 0.002592
245.06201171875, 0.016459
245.092041015625, -0.011275
245.121826171875, 0.078861
245.15185546875, -0.163813
245.181884765625, -0.004341
245.2119140625, 0.030326
245.241943359375, 0.15513
245.27197265625, -0.018208
245.302001953125, -0.08061
245.33203125, 0.03726
245.36181640625, -0.052876
245.391845703125, -0.039009
245.421875, 0.113529
245.451904296875, -0.032076
245.48193359375, -0.011275
245.511962890625, 0.127396
245.5419921875, 0.002592
245.572021484375, -0.025142
245.601806640625, -0.018208
245.6318359375, 0.120463
245.661865234375, 0.168998
245.69189453125, -0.05981
245.721923828125, -0.045943
245.751953125, -0.073677
245.781982421875, -0.052876
245.81201171875, 0.051127
245.842041015625, 0.148197
245.871826171875, -0.052876
245.90185546875, 0.030326
245.931884765625, 0.030326
245.9619140625, 0.009526
245.991943359375, 0.064994
246.02197265625, -0.004341
246.052001953125, 0.092728
246.08203125, 0.064994
246.11181640625, 0.023393
246.141845703125, 0.002592
246.171875, -0.094478
246.201904296875, 0.064994
246.23193359375, -0.025142
246.261962890625, -0.108345
246.2919921875, 0.182865
246.322021484375, 0.168998
246.35205078125, -0.108345
246.3818359375, -0.066743
246.411865234375, 0.03726
246.44189453125, -0.004341
246.471923828125, 0.051127
246.501953125, 0.023393
246.531982421875, 0.13433
246.56201171875, 0.078861
246.592041015625, 0.051127
246.621826171875, -0.05981
246.65185546875, -0.025142
246.681884765625, 0.002592
246.7119140625, -0.011275
246.741943359375, 0.085795
246.77197265625, 0.064994
246.802001953125, 0.016459
246.83203125, -0.039009
246.862060546875, -0.011275
246.891845703125, 0.064994
246.921875, 0.009526
246.951904296875, -0.094478
246.98193359375, -0.136079
247.011962890625, -0.045943
247.0419921875, -0.066743
247.072021484375, 0.051127
247.10205078125, -0.122212
247.1318359375, -0.045943
247.161865234375, 0.078861
247.19189453125, 0.078861
247.221923828125, 0.13433
247.251953125, -0.094478
247.281982421875, 0.127396
247.31201171875, -0.039009
247.342041015625, 0.113529
247.371826171875, -0.052876
247.40185546875, -0.073677
247.431884765625, 0.058061
247.4619140625, 0.175931
247.491943359375, 0.092728
247.52197265625, 0.044194
247.552001953125, 0.051127
247.58203125, -0.004341
247.612060546875, 0.002592
247.641845703125, 0.182865
247.671875, 0.071928
247.701904296875, -0.045943
247.73193359375, -0.08061
247.761962890625, -0.032076
247.7919921875, 0.030326
247.822021484375, 0.078861
247.85205078125, 0.189798
247.8818359375, -0.087544
247.911865234375, 0.148197
247.94189453125, 0.099662
247.971923828125, 0.092728
248.001953125, -0.087544
248.031982421875, -0.018208
248.06201171875, -0.066743
248.092041015625, 0.099662
248.1220703125, 0.051127
248.15185546875, -0.073677
248.181884765625, -0.011275
248.2119140625, -0.018208
248.241943359375, -0.004341
248.27197265625, -0.004341
248.302001953125, -0.073677
248.33203125, -0.032076
248.362060546875, -0.004341
248.391845703125, -0.122212
248.421875, -0.032076
248.451904296875, 0.120463
248.48193359375, 0.141263
248.511962890625, -0.045943
248.5419921875, 0.023393
248.572021484375, 0.002592
248.60205078125, -0.087544
248.6318359375, 0.030326
248.661865234375, -0.052876
248.69189453125, -0.032076
248.721923828125, -0.004341
248.751953125, -0.011275
248.781982421875, -0.032076
248.81201171875, -0.018208
248.842041015625, 0.058061
248.8720703125, 0.071928
248.90185546875, -0.149946
248.931884765625, 0.058061
248.9619140625, 0.009526
248.991943359375, 0.030326
249.02197265625, 0.030326
249.052001953125, -0.004341
249.08203125, -0.073677
249.112060546875, 0.064994
249.141845703125, 0.175931
249.171875, 0.030326
249.201904296875, 0.051127
249.23193359375, 0.044194
249.261962890625, 0.044194
249.2919921875, -0.011275
249.322021484375, -0.066743
249.35205078125, -0.011275
249.382080078125, 0.016459
249.411865234375, 0.03726
249.44189453125, 0.078861
249.471923828125, -0.011275
249.501953125, -0.073677
249.531982421875, 0.030326
249.56201171875, 0.078861
249.592041015625, 0.051127
249.6220703125, 0.064994
249.65185546875, -0.025142
249.681884765625, -0.073677
249.7119140625, 0.009526
249.741943359375, 0.009526
249.77197265625, 0.030326
249.802001953125, 0.016459
249.83203125, 0.106596
249.862060546875, -0.045943
249.89208984375, -0.045943
249.921875, 0.127396
249.951904296875, -0.066743
249.98193359375, 0.120463
250.011962890625, 0.051127
250.0419921875, -0.066743
250.072021484375, 0.023393
250.10205078125, 0.113529
250.132080078125, 0.002592
250.161865234375, 0.044194
250.19189453125, 0.009526
250.221923828125, -0.163813
250.251953125, -0.066743
250.281982421875, -0.032076
250.31201171875, -0.045943
250.342041015625, -0.025142
250.3720703125, -0.011275
250.40185546875, 0.030326
250.431884765625, 0.13433
250.4619140625, -0.025142
250.491943359375, -0.004341
250.52197265625, 0.016459
250.552001953125, -0.052876
250.58203125, 0.002592
250.612060546875, -0.15688
250.64208984375, 0.203665
250.671875, 0.023393
250.701904296875, 0.03726
250.73193359375, 0.058061
250.761962890625, 0.044194
250.7919921875, 0.002592
250.822021484375, -0.129145
250.85205078125, 0.078861
250.882080078125, 0.002592
250.911865234375, -0.011275
250.94189453125, 0.071928
250.971923828125, -0.032076
251.001953125, -0.004341
251.031982421875, -0.039009
251.06201171875, 0.106596
251.092041015625, 0.009526
251.1220703125, -0.039009
251.152099609375, 0.051127
251.181884765625, 0.044194
251.2119140625, 0.023393
251.241943359375, 0.092728
251.27197265625, 0.016459
251.302001953125, 0.002592
251.33203125, -0.004341
251.362060546875, -0.101411
251.39208984375, 0.044194
251.421875, -0.032076
251.451904296875, 0.03726
251.48193359375, -0.073677
251.511962890625, 0.030326
251.5419921875, 0.030326
251.572021484375, 0.002592
251.60205078125, 0.002592
251.632080078125, -0.052876
251.662109375, 0.092728
251.69189453125, 0.002592
251.721923828125, -0.115278
251.751953125, -0.004341
251.781982421875, 0.15513
251.81201171875, -0.08061
251.842041015625, -0.025142
251.8720703125, -0.045943
251.902099609375, 0.023393
251.931884765625, -0.05981
251.9619140625, -0.045943
251.991943359375, 0.030326
252.02197265625, 0.078861
252.052001953125, -0.039009
252.08203125, -0.045943
252.112060546875, 0.058061
252.14208984375, 0.120463
252.171875, -0.032076
252.201904296875, -0.073677
252.23193359375, -0.018208
252.261962890625, -0.115278
252.2919921875, 0.071928
252.322021484375, 0.030326
252.35205078125, -0.066743
252.382080078125, 0.023393
252.412109375, -0.032076
252.44189453125, 0.030326
252.471923828125, 0.023393
252.501953125, -0.032076
252.531982421875, 0.009526
252.56201171875, 0.023393
252.592041015625, 0.148197
252.6220703125, -0.087544
252.652099609375, 0.217532
252.681884765625, 0.016459
252.7119140625, -0.045943
252.741943359375, -0.039009
252.77197265625, 0.078861
252.802001953125, 0.071928
252.83203125, -0.032076
252.862060546875, -0.025142
252.89208984375, 0.058061
252.922119140625, -0.129145
252.951904296875, 0.009526
252.98193359375, 0.023393
253.011962890625, 0.009526
253.0419921875, 0.106596
253.072021484375, -0.087544
253.10205078125, -0.025142
253.132080078125, 0.009526
253.162109375, -0.149946
253.19189453125, -0.073677
253.221923828125, 0.009526
253.251953125, -0.212348
253.281982421875, 0.030326
253.31201171875, 0.009526
253.342041015625, -0.08061
253.3720703125, -0.032076
253.402099609375, 0.085795
253.431884765625, 0.148197
253.4619140625, 0.051127
253.491943359375, -0.219282
253.52197265625, 0.016459
253.552001953125, 0.078861
253.58203125, -0.052876
253.612060546875, 0.044194
253.64208984375, -0.052876
253.672119140625, 0.099662
253.701904296875, 0.044194
253.73193359375, -0.15688
253.761962890625, 0.071928
253.7919921875, 0.085795
253.822021484375, 0.113529
253.85205078125, 0.03726
253.882080078125, 0.058061
253.912109375, 0.071928
253.94189453125, -0.08061
253.971923828125, -0.011275
254.001953125, -0.011275
254.031982421875, 0.058061
254.06201171875, -0.025142
254.092041015625, 0.078861
254.1220703125, -0.004341
254.152099609375, 0.120463
254.18212890625, -0.052876
254.2119140625, -0.087544
254.241943359375, -0.066743
254.27197265625, -0.101411
254.302001953125, 0.016459
254.33203125, 0.058061
254.362060546875, 0.078861
254.39208984375, -0.073677
254.422119140625, 0.009526
254.451904296875, 0.009526
254.48193359375, 0.127396
254.511962890625, 0.064994
254.5419921875, -0.073677
254.572021484375, -0.08061
254.60205078125, 0.13433
254.632080078125, 0.182865
254.662109375, -0.045943
254.692138671875, 0.058061
254.721923828125, -0.066743
254.751953125, 0.03726
254.781982421875, -0.018208
254.81201171875, 0.141263
254.842041015625, -0.08061
254.8720703125, 0.085795
254.902099609375, -0.087544
254.93212890625, 0.058061
254.9619140625, 0.023393
254.991943359375, 0.058061
255.02197265625, 0.092728
255.052001953125, -0.032076
255.08203125, -0.011275
255.112060546875, -0.052876
255.14208984375, 0.03726
255.172119140625, 0.009526
255.201904296875, 0.044194
255.23193359375, -0.052876
255.261962890625, -0.018208
255.2919921875, -0.018208
255.322021484375, 0.078861
255.35205078125, 0.113529
255.382080078125, -0.05981
255.412109375, 0.071928
255.442138671875, -0.052876
255.471923828125, -0.032076
255.501953125, 0.044194
255.531982421875, -0.018208
255.56201171875, -0.004341
255.592041015625, -0.08061
255.6220703125, 0.141263
255.652099609375, -0.05981
255.68212890625, -0.032076
255.7119140625, 0.016459
255.741943359375, 0.064994
255.77197265625, 0.085795
255.802001953125, 0.044194
255.83203125, 0.009526
255.862060546875, -0.018208
255.89208984375, 0.106596
255.922119140625, -0.018208
255.9521484375, 0.009526
255.98193359375, -0.108345
256.011962890625, 0.106596
256.0419921875, -0.052876
256.072021484375, -0.025142
256.10205078125, 0.085795
256.132080078125, 0.030326
256.162109375, -0.129145
256.192138671875, 0.002592
256.221923828125, 0.009526
256.251953125, 0.03726
256.281982421875, -0.073677
256.31201171875, -0.018208
256.342041015625, 0.141263
256.3720703125, 0.002592
256.402099609375, -0.032076
256.43212890625, -0.032076
256.4619140625, -0.066743
256.491943359375, 0.023393
256.52197265625, 0.009526
256.552001953125, 0.058061
256.58203125, 0.030326
256.612060546875, 0.009526
256.64208984375, 0.13433
256.672119140625, 0.092728
256.7021484375, 0.113529
256.73193359375, -0.052876
256.761962890625, 0.023393
256.7919921875, -0.052876
256.822021484375, 0.13433
256.85205078125, 0.058061
256.882080078125, 0.099662
256.912109375, -0.025142
256.942138671875, 0.002592
256.971923828125, 0.120463
257.001953125, -0.004341
257.031982421875, -0.094478
257.06201171875, -0.052876
257.092041015625, -0.052876
257.1220703125, -0.018208
257.152099609375, -0.018208
257.18212890625, 0.092728
257.212158203125, 0.085795
257.241943359375, 0.120463
257.27197265625, -0.101411
257.302001953125, -0.05981
257.33203125, 0.141263
257.362060546875, 0.030326
257.39208984375, -0.066743
257.422119140625, -0.052876
257.4521484375, -0.045943
257.48193359375, 0.016459
257.511962890625, -0.032076
257.5419921875, 0.044194
257.572021484375, 0.03726
257.60205078125, -0.052876
257.632080078125, 0.023393
257.662109375, 0.113529
257.692138671875, -0.05981
257.72216796875, -0.08061
257.751953125, 0.13433
257.781982421875, 0.030326
257.81201171875, 0.064994
257.842041015625, 0.023393
257.8720703125, 0.016459
257.902099609375, -0.073677
257.93212890625, -0.032076
257.962158203125, 0.023393
257.991943359375, 0.03726
258.02197265625, -0.025142
258.052001953125, 0.009526
258.08203125, 0.113529
258.112060546875, 0.085795
258.14208984375, 0.044194
258.172119140625, 0.085795
258.2021484375, -0.052876
258.23193359375, 0.078861
258.261962890625, -0.032076
258.2919921875, 0.168998
258.322021484375, 0.023393
258.35205078125, 0.030326
258.382080078125, -0.025142
258.412109375, 0.092728
258.442138671875, 0.016459
258.47216796875, 0.051127
258.501953125, 0.002592
258.531982421875, -0.004341
258.56201171875, -0.018208
258.592041015625, 0.071928
258.6220703125, 0.044194
258.652099609375, 0.023393
258.68212890625, 0.078861
258.712158203125, 0.085795
258.741943359375, 0.071928
258.77197265625, 0.15513
258.802001953125, -0.05981
258.83203125, 0.078861
258.862060546875, 0.03726
258.89208984375, 0.078861
258.922119140625, 0.085795
258.9521484375, 0.030326
258.982177734375, 0.092728
259.011962890625, -0.025142
259.0419921875, 0.044194
259.072021484375, -0.039009
259.10205078125, 0.064994
259.132080078125, 0.03726
259.162109375, 0.148197
259.192138671875, -0.122212
259.22216796875, -0.039009
259.251953125, -0.011275
259.281982421875, 0.078861
259.31201171875, 0.127396
259.342041015625, -0.039009
259.3720703125, 0.064994
259.402099609375, -0.087544
259.43212890625, -0.004341
259.462158203125, 0.196732
259.4921875, 0.016459
259.52197265625, -0.05981
259.552001953125, -0.018208
259.58203125, -0.018208
259.612060546875, 0.148197
259.64208984375, -0.018208
259.672119140625, -0.004341
259.7021484375, 0.127396
259.732177734375, 0.009526
259.761962890625, -0.066743
259.7919921875, -0.052876
259.822021484375, 0.044194
259.85205078125, 0.071928
259.882080078125, 0.044194
259.912109375, 0.030326
259.942138671875, 0.044194
259.97216796875, 0.044194
260.001953125, 0.099662
260.031982421875, -0.05981
260.06201171875, 0.030326
260.092041015625, 0.002592
260.1220703125, 0.071928
260.152099609375, -0.052876
260.18212890625, 0.030326
260.212158203125, 0.141263
260.2421875, -0.191547
260.27197265625, 0.03726
260.302001953125, -0.039009
260.33203125, -0.087544
260.362060546875, -0.018208
260.39208984375, 0.092728
260.422119140625, -0.149946
260.4521484375, 0.092728
260.482177734375, 0.016459
260.511962890625, 0.106596
260.5419921875, -0.087544
260.572021484375, 0.044194
260.60205078125, -0.011275
260.632080078125, -0.018208
260.662109375, 0.064994
260.692138671875, -0.025142
260.72216796875, -0.039009
260.752197265625, 0.127396
260.781982421875, 0.016459
260.81201171875, -0.052876
260.842041015625, 0.023393
260.8720703125, -0.066743
260.902099609375, -0.087544
260.93212890625, -0.08061
260.962158203125, 0.044194
260.9921875, -0.039009
261.02197265625, -0.045943
261.052001953125, 0.044194
261.08203125, 0.03726
261.112060546875, -0.08061
261.14208984375, -0.05981
261.172119140625, -0.011275
261.2021484375, 0.044194
261.232177734375, 0.148197
261.261962890625, 0.058061
261.2919921875, 0.002592
261.322021484375, 0.03726
261.35205078125, -0.122212
261.382080078125, -0.039009
261.412109375, -0.05981
261.442138671875, 0.009526
261.47216796875, -0.05981
261.502197265625, 0.051127
261.531982421875, -0.05981
261.56201171875, 0.064994
261.592041015625, -0.108345
261.6220703125, 0.002592
261.652099609375, -0.045943
261.68212890625, 0.023393
261.712158203125, -0.004341
261.7421875, -0.004341
261.77197265625, 0.092728
261.802001953125, 0.064994
261.83203125, 0.113529
261.862060546875, 0.071928
261.89208984375, -0.011275
261.922119140625, -0.05981
261.9521484375, -0.08061
261.982177734375, 0.168998
262.01220703125, 0.099662
262.0419921875, 0.051127
262.072021484375, 0.106596
262.10205078125, 0.071928
262.132080078125, -0.066743
262.162109375, -0.032076
262.192138671875, -0.004341
262.22216796875, -0.094478
262.252197265625, -0.039009
262.281982421875, 0.13433
262.31201171875, -0.073677
262.342041015625, 0.002592
262.3720703125, -0.032076
262.402099609375, 0.030326
262.43212890625, 0.064994
262.462158203125, 0.016459
262.4921875, 0.106596
262.522216796875, -0.17768
262.552001953125, 0.023393
262.58203125, -0.129145
262.612060546875, 0.071928
262.64208984375, -0.025142
262.672119140625, -0.039009
262.7021484375, 0.15513
262.732177734375, -0.018208
262.76220703125, 0.009526
262.7919921875, -0.004341
262.822021484375, -0.004341
262.85205078125, 0.03726
262.882080078125, 0.03726
262.912109375, 0.058061
262.942138671875, -0.011275
262.97216796875, 0.023393
263.002197265625, 0.002592
263.031982421875, -0.122212
263.06201171875, -0.066743
263.092041015625, 0.071928
263.1220703125, -0.011275
263.152099609375, -0.08061
263.18212890625, -0.039009
263.212158203125, -0.032076
263.2421875, 0.002592
263.272216796875, 0.023393
263.302001953125, -0.066743
263.33203125, 0.030326
263.362060546875, 0.15513
263.39208984375, 0.051127
263.422119140625, 0.064994
263.4521484375, 0.13433
263.482177734375, 0.016459
263.51220703125, -0.011275
263.5419921875, -0.045943
263.572021484375, 0.002592
263.60205078125, 0.023393
263.632080078125, 0.023393
263.662109375, 0.120463
263.692138671875, 0.03726
263.72216796875, 0.092728
263.752197265625, 0.009526
263.7822265625, -0.018208
263.81201171875, -0.087544
263.842041015625, -0.115278
263.8720703125, -0.011275
263.902099609375, 0.099662
263.93212890625, 0.078861
263.962158203125, 0.058061
263.9921875, 0.016459
264.022216796875, 0.044194
264.052001953125, 0.058061
264.08203125, -0.052876
264.112060546875, -0.025142
264.14208984375, 0.141263
264.172119140625, 0.044194
264.2021484375, -0.073677
264.232177734375, -0.011275
264.26220703125, -0.05981
264.2919921875, 0.002592
264.322021484375, 0.141263
264.35205078125, -0.094478
264.382080078125, -0.004341
264.412109375, 0.016459
264.442138671875, 0.030326
264.47216796875, 0.051127
264.502197265625, 0.078861
264.5322265625, 0.030326
264.56201171875, 0.175931
264.592041015625, 0.113529
264.6220703125, 0.002592
264.652099609375, 0.051127
264.68212890625, -0.108345
264.712158203125, 0.092728
264.7421875, 0.071928
264.772216796875, -0.260883
264.802001953125, 0.092728
264.83203125, -0.05981
264.862060546875, 0.182865
264.89208984375, -0.004341
264.922119140625, -0.129145
264.9521484375, -0.073677
264.982177734375, 0.030326
265.01220703125, 0.092728
265.042236328125, 0.030326
265.072021484375, 0.044194
265.10205078125, 0.168998
265.132080078125, 0.044194
265.162109375, 0.092728
265.192138671875, -0.032076
265.22216796875, -0.052876
265.252197265625, 0.051127
265.2822265625, 0.016459
265.31201171875, -0.08061
265.342041015625, 0.023393
265.3720703125, 0.030326
265.402099609375, 0.13433
265.43212890625, 0.030326
265.462158203125, 0.078861
265.4921875, 0.023393
265.522216796875, -0.129145
265.55224609375, -0.011275
265.58203125, -0.004341
265.612060546875, -0.004341
265.64208984375, 0.071928
265.672119140625, 0.03726
265.7021484375, 0.002592
265.732177734375, -0.066743
265.76220703125, -0.032076
265.792236328125, -0.143012
265.822021484375, 0.058061
265.85205078125, 0.023393
265.882080078125, -0.039009
265.912109375, -0.004341
265.942138671875, -0.025142
265.97216796875, -0.025142
266.002197265625, 0.058061
266.0322265625, -0.149946
266.06201171875, 0.002592
266.092041015625, 0.030326
266.1220703125, 0.023393
266.152099609375, 0.13433
266.18212890625, 0.113529
266.212158203125, -0.039009
266.2421875, -0.004341
266.272216796875, 0.009526
266.30224609375, 0.064994
266.33203125, -0.066743
266.362060546875, 0.023393
266.39208984375, -0.05981
266.422119140625, -0.052876
266.4521484375, 0.15513
266.482177734375, -0.05981
266.51220703125, 0.071928
266.542236328125, -0.045943
266.572021484375, 0.13433
266.60205078125, -0.066743
266.632080078125, 0.002592
266.662109375, 0.15513
266.692138671875, 0.092728
266.72216796875, -0.094478
266.752197265625, -0.032076
266.7822265625, -0.066743
266.812255859375, 0.016459
266.842041015625, -0.08061
266.8720703125, -0.08061
266.902099609375, 0.071928
266.93212890625, -0.011275
266.962158203125, -0.05981
266.9921875, -0.101411
267.022216796875, 0.044194
267.05224609375, -0.087544
267.08203125, 0.071928
267.112060546875, 0.009526
267.14208984375, -0.011275
267.172119140625, 0.044194
267.2021484375, -0.05981
267.232177734375, -0.011275
267.26220703125, 0.099662
267.292236328125, 0.023393
267.322265625, -0.004341
267.35205078125, 0.016459
267.382080078125, 0.016459
267.412109375, -0.066743
267.442138671875, -0.198481
267.47216796875, 0.099662
267.502197265625, 0.099662
267.5322265625, 0.071928
267.562255859375, 0.127396
267.592041015625, 0.030326
267.6220703125, -0.025142
267.652099609375, 0.092728
267.68212890625, -0.018208
267.712158203125, 0.099662
267.7421875, 0.085795
267.772216796875, -0.011275
267.80224609375, 0.023393
267.83203125, 0.051127
267.862060546875, -0.018208
267.89208984375, 0.03726
267.922119140625, 0.016459
267.9521484375, -0.115278
267.982177734375, 0.030326
268.01220703125, -0.115278
268.042236328125, -0.039009
268.072265625, 0.016459
268.10205078125, -0.032076
268.132080078125, -0.129145
268.162109375, -0.115278
268.192138671875, -0.011275
268.22216796875, -0.025142
268.252197265625, 0.078861
268.2822265625, 0.03726
268.312255859375, -0.066743
268.342041015625, 0.127396
268.3720703125, 0.078861
268.402099609375, -0.087544
268.43212890625, 0.009526
268.462158203125, -0.025142
268.4921875, -0.073677
268.522216796875, -0.066743
268.55224609375, 0.002592
268.582275390625, -0.122212
268.612060546875, -0.129145
268.64208984375, 0.085795
268.672119140625, 0.023393
268.7021484375, -0.004341
268.732177734375, 0.106596
268.76220703125, -0.032076
268.792236328125, -0.045943
268.822265625, -0.15688
268.85205078125, -0.004341
268.882080078125, 0.15513
268.912109375, 0.030326
268.942138671875, -0.018208
268.97216796875, 0.023393
269.002197265625, -0.08061
269.0322265625, -0.039009
269.062255859375, 0.15513
269.092041015625, -0.247016
269.1220703125, 0.002592
269.152099609375, 0.127396
269.18212890625, -0.025142
269.212158203125, -0.198481
269.2421875, 0.113529
269.272216796875, -0.039009
269.30224609375, -0.004341
269.332275390625, 0.002592
269.362060546875, 0.071928
269.39208984375, -0.05981
269.422119140625, 0.044194
269.4521484375, 0.023393
269.482177734375, 0.13433
269.51220703125, 0.03726
269.542236328125, -0.087544
269.572265625, 0.002592
269.60205078125, -0.004341
269.632080078125, 0.085795
269.662109375, -0.011275
269.692138671875, -0.004341
269.72216796875, 0.030326
269.752197265625, 0.064994
269.7822265625, -0.018208
269.812255859375, 0.099662
269.84228515625, 0.058061
269.8720703125, -0.039009
269.902099609375, 0.016459
269.93212890625, -0.004341
269.962158203125, 0.044194
269.9921875, -0.05981
270.022216796875, -0.025142
270.05224609375, -0.08061
270.082275390625, 0.051127
270.112060546875, -0.032076
270.14208984375, 0.071928
270.172119140625, -0.011275
270.2021484375, 0.106596
270.232177734375, -0.045943
270.26220703125, -0.011275
270.292236328125, -0.011275
270.322265625, 0.051127
270.352294921875, 0.044194
270.382080078125, 0.002592
270.412109375, 0.078861
270.442138671875, -0.025142
270.47216796875, -0.011275
270.502197265625, 0.030326
270.5322265625, 0.071928
270.562255859375, 0.016459
270.59228515625, -0.08061
270.6220703125, 0.009526
270.652099609375, 0.023393
270.68212890625, 0.016459
270.712158203125, 0.078861
270.7421875, 0.023393
270.772216796875, 0.030326
270.80224609375, 0.030326
270.832275390625, 0.051127
270.862060546875, 0.141263
270.89208984375, 0.058061
270.922119140625, -0.170747
270.9521484375, -0.066743
270.982177734375, 0.016459
271.01220703125, -0.066743
271.042236328125, -0.011275
271.072265625, 0.023393
271.102294921875, -0.045943
271.132080078125, 0.030326
271.162109375, 0.099662
271.192138671875, 0.127396
271.22216796875, 0.030326
271.252197265625, 0.044194
271.2822265625, 0.064994
271.312255859375, 0.002592
271.34228515625, 0.023393
271.3720703125, 0.051127
271.402099609375, -0.045943
271.43212890625, 0.002592
271.462158203125, -0.08061
271.4921875, -0.039009
271.522216796875, -0.018208
271.55224609375, 0.127396
271.582275390625, -0.011275
271.6123046875, 0.016459
271.64208984375, 0.148197
271.672119140625, -0.039009
271.7021484375, 0.085795
271.732177734375, -0.011275
271.76220703125, -0.066743
271.792236328125, 0.071928
271.822265625, 0.168998
271.852294921875, 0.030326
271.882080078125, 0.044194
271.912109375, 0.085795
271.942138671875, 0.092728
271.97216796875, 0.002592
272.002197265625, 0.085795
272.0322265625, -0.101411
272.062255859375, 0.051127
272.09228515625, -0.004341
272.122314453125, 0.058061
272.152099609375, -0.039009
272.18212890625, -0.129145
272.212158203125, 0.071928
272.2421875, 0.044194
272.272216796875, 0.113529
272.30224609375, -0.170747
272.332275390625, -0.039009
272.3623046875, -0.15688
272.39208984375, 0.009526
272.422119140625, 0.030326
272.4521484375, -0.025142
272.482177734375, 0.113529
272.51220703125, 0.113529
272.542236328125, 0.023393
272.572265625, -0.011275
272.602294921875, 0.044194
272.632080078125, -0.018208
272.662109375, 0.085795
272.692138671875, 0.099662
272.72216796875, 0.085795
272.752197265625, -0.039009
272.7822265625, 0.016459
272.812255859375, 0.071928
272.84228515625, 0.071928
272.872314453125, -0.212348
272.902099609375, 0.113529
272.93212890625, 0.002592
272.962158203125, -0.018208
272.9921875, -0.004341
273.022216796875, 0.023393
273.05224609375, 0.016459
273.082275390625, -0.032076
273.1123046875, 0.03726
273.14208984375, -0.05981
273.172119140625, -0.094478
273.2021484375, 0.141263
273.232177734375, 0.009526
273.26220703125, 0.141263
273.292236328125, 0.023393
273.322265625, 0.078861
273.352294921875, 0.023393
273.38232421875, 0.085795
273.412109375, 0.127396
273.442138671875, 0.023393
273.47216796875, -0.011275
273.502197265625, -0.087544
273.5322265625, 0.044194
273.562255859375, 0.120463
273.59228515625, -0.039009
273.622314453125, 0.023393
273.652099609375, 0.092728
273.68212890625, 0.078861
273.712158203125, -0.184614
273.7421875, -0.101411
273.772216796875, -0.087544
273.80224609375, -0.122212
273.832275390625, 0.127396
273.8623046875, 0.120463
273.89208984375, 0.002592
273.922119140625, 0.002592
273.9521484375, 0.002592
273.982177734375, -0.108345
274.01220703125, -0.08061
274.042236328125, 0.016459
274.072265625, 0.058061
274.102294921875, 0.058061
274.13232421875, -0.018208
274.162109375, 0.002592
274.192138671875, -0.039009
274.22216796875, 0.044194
274.252197265625, 0.002592
274.2822265625, -0.045943
274.312255859375, -0.094478
274.34228515625, 0.03726
274.372314453125, -0.066743
274.402099609375, -0.004341
274.43212890625, -0.045943
274.462158203125, 0.023393
274.4921875, 0.009526
274.522216796875, 0.023393
274.55224609375, -0.018208
274.582275390625, 0.016459
274.6123046875, 0.051127
274.642333984375, -0.032076
274.672119140625, -0.087544
274.7021484375, 0.120463
274.732177734375, 0.168998
274.76220703125, -0.066743
274.792236328125, -0.039009
274.822265625, 0.016459
274.852294921875, -0.011275
274.88232421875, 0.127396
274.912109375, 0.099662
274.942138671875, -0.094478
274.97216796875, 0.051127
275.002197265625, 0.189798
275.0322265625, -0.052876
275.062255859375, 0.071928
275.09228515625, 0.071928
275.122314453125, -0.101411
275.15234375, 0.210599
275.18212890625, -0.039009
275.212158203125, 0.002592
275.2421875, -0.288617
275.272216796875, -0.129145
275.30224609375, 0.13433
275.332275390625, -0.025142
275.3623046875, 0.044194
275.392333984375, 0.009526
275.422119140625, 0.148197
275.4521484375, -0.08061
275.482177734375, -0.08061
275.51220703125, -0.170747
275.542236328125, 0.175931
275.572265625, 0.009526
275.602294921875, -0.052876
275.63232421875, -0.011275
275.662109375, -0.05981
275.692138671875, 0.030326
275.72216796875, -0.025142
275.752197265625, -0.087544
275.7822265625, 0.002592
275.812255859375, -0.025142
275.84228515625, -0.073677
275.872314453125, 0.092728
275.90234375, 0.051127
275.93212890625, 0.085795
275.962158203125, -0.039009
275.9921875, -0.032076
276.022216796875, 0.058061
276.05224609375, -0.045943
276.082275390625, 0.016459
276.1123046875, -0.045943
276.142333984375, -0.032076
276.172119140625, 0.064994
276.2021484375, -0.011275
276.232177734375, -0.143012
276.26220703125, 0.030326
276.292236328125, 0.016459
276.322265625, -0.073677
276.352294921875, 0.002592
276.38232421875, 0.071928
276.412353515625, -0.025142
276.442138671875, -0.149946
276.47216796875, 0.099662
276.502197265625, 0.092728
276.5322265625, 0.016459
276.562255859375, 0.03726
276.59228515625, 0.064994
276.622314453125, -0.101411
276.65234375, 0.127396
276.68212890625, -0.018208
276.712158203125, 0.030326
276.7421875, -0.129145
276.772216796875, -0.045943
276.80224609375, -0.032076
276.832275390625, -0.108345
276.8623046875, 0.058061
276.892333984375, 0.085795
276.922119140625, 0.044194
276.9521484375, -0.05981
276.982177734375, 0.030326
277.01220703125, 0.002592
277.042236328125, -0.018208
277.072265625, -0.052876
277.102294921875, 0.182865
277.13232421875, -0.011275
277.162353515625, 0.023393
277.192138671875, -0.045943
277.22216796875, 0.016459
277.252197265625, 0.13433
277.2822265625, -0.108345
277.312255859375, -0.101411
277.34228515625, -0.018208
277.372314453125, -0.032076
277.40234375, -0.025142
277.43212890625, 0.023393
277.462158203125, -0.011275
277.4921875, 0.224466
277.522216796875, 0.078861
277.55224609375, -0.094478
277.582275390625, -0.032076
277.6123046875, -0.045943
277.642333984375, 0.009526
277.67236328125, 0.03726
277.7021484375, -0.025142
277.732177734375, 0.085795
277.76220703125, 0.058061
277.792236328125, -0.115278
277.822265625, 0.044194
277.852294921875, -0.039009
277.88232421875, 0.078861
277.912353515625, -0.094478
277.942138671875, -0.05981
277.97216796875, 0.168998
278.002197265625, -0.052876
278.0322265625, -0.094478
278.062255859375, -0.073677
278.09228515625, -0.025142
278.122314453125, -0.039009
278.15234375, 0.016459
278.182373046875, -0.011275
278.212158203125, 0.023393
278.2421875, -0.094478
278.272216796875, 0.092728
278.30224609375, 0.058061
278.332275390625, 0.071928
278.3623046875, 0.002592
278.392333984375, -0.039009
278.42236328125, 0.044194
278.4521484375, 0.002592
278.482177734375, 0.030326
278.51220703125, -0.032076
278.542236328125, 0.085795
278.572265625, -0.094478
278.602294921875, -0.039009
278.63232421875, -0.066743
278.662353515625, 0.030326
278.692138671875, -0.149946
278.72216796875, -0.219282
278.752197265625, 0.058061
278.7822265625, -0.025142
278.812255859375, 0.099662
278.84228515625, -0.032076
278.872314453125, 0.03726
278.90234375, 0.002592
278.932373046875, 0.245267
278.962158203125, 0.016459
278.9921875, 0.099662
279.022216796875, 0.141263
279.05224609375, 0.016459
279.082275390625, -0.011275
279.1123046875, 0.023393
279.142333984375, -0.115278
279.17236328125, 0.044194
279.2021484375, 0.03726
279.232177734375, 0.189798
279.26220703125, 0.099662
279.292236328125, 0.016459
279.322265625, -0.073677
279.352294921875, 0.092728
279.38232421875, 0.15513
279.412353515625, -0.032076
279.4423828125, 0.058061
279.47216796875, 0.13433
279.502197265625, 0.016459
279.5322265625, 0.106596
279.562255859375, 0.030326
279.59228515625, 0.009526
279.622314453125, -0.018208
279.65234375, -0.073677
279.682373046875, 0.078861
279.712158203125, 0.03726
279.7421875, 0.113529
279.772216796875, 0.009526
279.80224609375, -0.052876
279.832275390625, -0.032076
279.8623046875, -0.039009
279.892333984375, 0.002592
279.92236328125, 0.002592
279.952392578125, 0.044194
279.982177734375, 0.168998
280.01220703125, 0.175931
280.042236328125, 0.106596
280.072265625, 0.030326
280.102294921875, 0.106596
280.13232421875, -0.039009
280.162353515625, 0.085795
280.1923828125, 0.099662
280.22216796875, 0.092728
280.252197265625, 0.092728
280.2822265625, -0.045943
280.312255859375, 0.071928
280.34228515625, -0.032076
280.372314453125, 0.03726
280.40234375, 0.023393
280.432373046875, 0.002592
280.462158203125, 0.106596
280.4921875, 0.016459
280.522216796875, -0.066743
280.55224609375, 0.023393
280.582275390625, -0.066743
280.6123046875, 0.016459
280.642333984375, 0.023393
280.67236328125, 0.085795
280.702392578125, -0.045943
280.732177734375, -0.011275
280.76220703125, -0.011275
280.792236328125, 0.03726
280.822265625, -0.018208
280.852294921875, 0.099662
280.88232421875, -0.108345
280.912353515625, 0.030326
280.9423828125, 0.03726
280.97216796875, 0.051127
281.002197265625, -0.025142
281.0322265625, -0.011275
281.062255859375, -0.032076
281.09228515625, -0.08061
281.122314453125, 0.085795
281.15234375, 0.030326
281.182373046875, -0.122212
281.21240234375, 0.071928
281.2421875, 0.03726
281.272216796875, -0.087544
281.30224609375, -0.025142
281.332275390625, 0.092728
281.3623046875, 0.016459
281.392333984375, 0.009526
281.42236328125, 0.058061
281.452392578125, 0.03726
281.482177734375, 0.002592
281.51220703125, 0.009526
281.542236328125, 0.099662
281.572265625, 0.044194
281.602294921875, 0.044194
281.63232421875, 0.058061
281.662353515625, -0.094478
281.6923828125, -0.004341
281.72216796875, 0.064994
281.752197265625, 0.044194
281.7822265625, -0.129145
281.812255859375, 0.023393
281.84228515625, -0.05981
281.872314453125, 0.162064
281.90234375, -0.087544
281.932373046875, -0.136079
281.96240234375, -0.05981
281.9921875, 0.030326
282.022216796875, 0.168998
282.05224609375, 0.044194
282.082275390625, 0.064994
282.1123046875, -0.122212
282.142333984375, -0.004341
282.17236328125, 0.148197
282.202392578125, 0.044194
282.232177734375, -0.011275
282.26220703125, 0.071928
282.292236328125, 0.099662
282.322265625, 0.071928
282.352294921875, 0.092728
282.38232421875, -0.101411
282.412353515625, 0.141263
282.4423828125, -0.115278
282.472412109375, 0.002592
282.502197265625, -0.025142
282.5322265625, -0.094478
282.562255859375, 0.085795
282.59228515625, -0.011275
282.622314453125, 0.016459
282.65234375, -0.025142
282.682373046875, 0.009526
282.71240234375, -0.05981
282.7421875, 0.009526
282.772216796875, 0.044194
282.80224609375, -0.025142
282.832275390625, 0.030326
282.8623046875, -0.073677
282.892333984375, 0.023393
282.92236328125, -0.129145
282.952392578125, -0.045943
282.982421875, -0.094478
283.01220703125, -0.032076
283.042236328125, -0.039009
283.072265625, -0.05981
283.102294921875, -0.066743
283.13232421875, -0.025142
283.162353515625, 0.023393
283.1923828125, 0.141263
283.222412109375, 0.15513
283.252197265625, 0.092728
283.2822265625, 0.009526
283.312255859375, -0.004341
283.34228515625, 0.071928
283.372314453125, -0.032076
283.40234375, 0.13433
283.432373046875, -0.052876
283.46240234375, 0.071928
283.4921875, -0.039009
283.522216796875, 0.078861
283.55224609375, 0.03726
283.582275390625, 0.099662
283.6123046875, 0.051127
283.642333984375, -0.108345
283.67236328125, 0.085795
283.702392578125, -0.05981
283.732421875, 0.051127
283.76220703125, 0.002592
283.792236328125, 0.071928
283.822265625, 0.099662
283.852294921875, -0.011275
283.88232421875, 0.120463
283.912353515625, 0.03726
283.9423828125, 0.058061
283.972412109375, 0.030326
284.002197265625, 0.182865
284.0322265625, 0.058061
284.062255859375, 0.044194
284.09228515625, 0.099662
284.122314453125, 0.092728
284.15234375, 0.030326
284.182373046875, 0.085795
284.21240234375, 0.051127
284.242431640625, 0.016459
284.272216796875, 0.030326
284.30224609375, -0.011275
284.332275390625, 0.196732
284.3623046875, -0.05981
284.392333984375, -0.094478
284.42236328125, 0.113529
284.452392578125, -0.039009
284.482421875, -0.004341
284.51220703125, -0.025142
284.542236328125, 0.058061
284.572265625, -0.094478
284.602294921875, 0.141263
284.63232421875, -0.122212
284.662353515625, 0.113529
284.6923828125, 0.058061
284.722412109375, 0.044194
284.752197265625, 0.148197
284.7822265625, -0.039009
284.812255859375, -0.052876
284.84228515625, -0.052876
284.872314453125, 0.051127
284.90234375, 0.023393
284.932373046875, 0.016459
284.96240234375, 0.002592
284.992431640625, -0.018208
285.022216796875, 0.009526
285.05224609375, 0.141263
285.082275390625, 0.092728
285.1123046875, 0.044194
285.142333984375, -0.122212
285.17236328125, -0.05981
285.202392578125, -0.018208
285.232421875, -0.05981
285.26220703125, 0.030326
285.292236328125, -0.039009
285.322265625, 0.016459
285.352294921875, 0.051127
285.38232421875, -0.05981
285.412353515625, 0.113529
285.4423828125, 0.106596
285.472412109375, -0.087544
285.50244140625, -0.073677
285.5322265625, -0.052876
285.562255859375, 0.002592
285.59228515625, 0.13433
285.622314453125, -0.004341
285.65234375, -0.05981
285.682373046875, 0.016459
285.71240234375, 0.092728
285.742431640625, -0.066743
285.772216796875, -0.004341
285.80224609375, 0.196732
285.832275390625, 0.016459
285.8623046875, -0.108345
285.892333984375, -0.122212
285.92236328125, -0.039009
285.952392578125, 0.023393
285.982421875, -0.087544
286.012451171875, 0.058061
286.042236328125, -0.198481
286.072265625, 0.085795
286.102294921875, -0.004341
286.13232421875, -0.039009
286.162353515625, -0.094478
286.1923828125, -0.073677
286.222412109375, 0.023393
286.25244140625, 0.023393
286.2822265625, 0.141263
286.312255859375, -0.066743
286.34228515625, -0.004341
286.372314453125, 0.016459
286.40234375, -0.045943
286.432373046875, 0.064994
286.46240234375, -0.045943
286.492431640625, -0.004341
286.522216796875, 0.071928
286.55224609375, 0.051127
286.582275390625, 0.002592
286.6123046875, -0.032076
286.642333984375, -0.004341
286.67236328125, 0.127396
286.702392578125, -0.08061
286.732421875, -0.094478
286.762451171875, 0.03726
286.792236328125, 0.092728
286.822265625, -0.101411
286.852294921875, 0.051127
286.88232421875, 0.106596
286.912353515625, -0.011275
286.9423828125, -0.129145
286.972412109375, 0.03726
287.00244140625, -0.122212
287.0322265625, 0.078861
287.062255859375, 0.203665
287.09228515625, -0.004341
287.122314453125, -0.087544
287.15234375, 0.009526
287.182373046875, 0.002592
287.21240234375, 0.044194
287.242431640625, -0.052876
287.2724609375, 0.023393
287.30224609375, 0.009526
287.332275390625, 0.044194
287.3623046875, 0.002592
287.392333984375, -0.032076
287.42236328125, 0.03726
287.452392578125, 0.113529
287.482421875, 0.009526
287.512451171875, 0.064994
287.542236328125, -0.073677
287.572265625, 0.002592
287.602294921875, -0.08061
287.63232421875, 0.044194
287.662353515625, 0.13433
287.6923828125, -0.108345
287.722412109375, 0.085795
287.75244140625, -0.045943
287.782470703125, -0.101411
287.812255859375, 0.002592
287.84228515625, 0.196732
287.872314453125, -0.025142
287.90234375, 0.030326
287.932373046875, -0.08061
287.96240234375, -0.108345
287.992431640625, 0.064994
288.0224609375, -0.073677
288.05224609375, 0.009526
288.082275390625, -0.045943
288.1123046875, 0.002592
288.142333984375, 0.058061
288.17236328125, 0.058061
288.202392578125, 0.092728
288.232421875, 0.03726
288.262451171875, 0.106596
288.292236328125, 0.148197
288.322265625, -0.011275
288.352294921875, 0.058061
288.38232421875, 0.127396
288.412353515625, 0.016459
288.4423828125, 0.051127
288.472412109375, 0.071928
288.50244140625, 0.15513
288.532470703125, 0.058061
288.562255859375, -0.108345
288.59228515625, -0.004341
288.622314453125, 0.127396
288.65234375, 0.085795
288.682373046875, -0.032076
288.71240234375, -0.018208
288.742431640625, 0.044194
288.7724609375, -0.004341
288.80224609375, -0.101411
288.832275390625, -0.073677
288.8623046875, -0.08061
288.892333984375, -0.004341
288.92236328125, -0.032076
288.952392578125, 0.016459
288.982421875, -0.045943
289.012451171875, 0.058061
289.04248046875, -0.066743
289.072265625, -0.011275
289.102294921875, -0.101411
289.13232421875, 0.016459
289.162353515625, 0.03726
289.1923828125, 0.106596
289.222412109375, -0.143012
289.25244140625, 0.058061
289.282470703125, 0.064994
289.312255859375, -0.115278
289.34228515625, -0.045943
289.372314453125, -0.052876
289.40234375, -0.05981
289.432373046875, -0.101411
289.46240234375, 0.016459
289.492431640625, -0.039009
289.5224609375, 0.092728
289.55224609375, 0.03726
289.582275390625, 0.009526
289.6123046875, -0.032076
289.642333984375, -0.136079
289.67236328125, -0.018208
289.702392578125, 0.009526
289.732421875, -0.073677
289.762451171875, 0.03726
289.79248046875, -0.05981
289.822265625, 0.141263
289.852294921875, 0.016459
289.88232421875, 0.030326
289.912353515625, 0.099662
289.9423828125, 0.023393
289.972412109375, -0.101411
290.00244140625, -0.094478
290.032470703125, 0.064994
290.062255859375, 0.002592
290.09228515625, 0.120463
290.122314453125, -0.108345
290.15234375, 0.023393
290.182373046875, 0.030326
290.21240234375, -0.101411
290.242431640625, 0.071928
290.2724609375, 0.058061
290.302490234375, -0.018208
290.332275390625, 0.051127
290.3623046875, 0.002592
290.392333984375, 0.023393
290.42236328125, -0.129145
290.452392578125, 0.085795
290.482421875, 0.064994
290.512451171875, -0.288617
290.54248046875, 0.085795
290.572265625, 0.120463
290.602294921875, -0.032076
290.63232421875, 0.030326
290.662353515625, 0.064994
290.6923828125, 0.016459
290.722412109375, -0.129145
290.75244140625, -0.08061
290.782470703125, -0.025142
290.8125, 0.044194
290.84228515625, 0.051127
290.872314453125, 0.092728
290.90234375, -0.143012
290.932373046875, 0.044194
290.96240234375, -0.018208
290.992431640625, 0.085795
291.0224609375, 0.030326
291.052490234375, 0.009526
291.082275390625, 0.113529
291.1123046875, 0.15513
291.142333984375, -0.052876
291.17236328125, -0.087544
291.202392578125, 0.058061
291.232421875, -0.045943
291.262451171875, 0.148197
291.29248046875, -0.05981
291.322265625, 0.009526
291.352294921875, -0.149946
291.38232421875, -0.073677
291.412353515625, 0.064994
291.4423828125, 0.106596
291.472412109375, -0.018208
291.50244140625, -0.011275
291.532470703125, -0.066743
291.5625, 0.009526
291.59228515625, -0.004341
291.622314453125, 0.071928
291.65234375, 0.078861
291.682373046875, -0.052876
291.71240234375, 0.009526
291.742431640625, 0.016459
291.7724609375, -0.073677
291.802490234375, 0.099662
291.832275390625, 0.023393
291.8623046875, 0.064994
291.892333984375, 0.071928
291.92236328125, -0.011275
291.952392578125, -0.143012
291.982421875, -0.039009
292.012451171875, 0.071928
292.04248046875, 0.092728
292.072509765625, -0.025142
292.102294921875, 0.044194
292.13232421875, 0.058061
292.162353515625, 0.002592
292.1923828125, 0.051127
292.222412109375, 0.016459
292.25244140625, 0.016459
292.282470703125, -0.073677
292.3125, 0.141263
292.34228515625, -0.039009
292.372314453125, 0.030326
292.40234375, -0.011275
292.432373046875, 0.016459
292.46240234375, 0.023393
292.492431640625, 0.058061
292.5224609375, -0.087544
292.552490234375, 0.051127
292.582275390625, -0.039009
292.6123046875, -0.052876
292.642333984375, 0.058061
292.67236328125, -0.087544
292.702392578125, 0.113529
292.732421875, 0.03726
292.762451171875, 0.15513
292.79248046875, 0.071928
292.822509765625, 0.030326
292.852294921875, -0.073677
292.88232421875, -0.045943
292.912353515625, 0.051127
292.9423828125, -0.039009
292.972412109375, 0.189798
293.00244140625, 0.058061
293.032470703125, 0.009526
293.0625, 0.078861
293.09228515625, 0.078861
293.122314453125, -0.066743
293.15234375, 0.085795
293.182373046875, -0.115278
293.21240234375, 0.064994
293.242431640625, -0.004341
293.2724609375, 0.044194
293.302490234375, -0.122212
293.33251953125, 0.009526
293.3623046875, -0.004341
293.392333984375, -0.039009
293.42236328125, 0.106596
293.452392578125, 0.002592
293.482421875, 0.030326
293.512451171875, 0.023393
293.54248046875, 0.15513
293.572509765625, 0.023393
293.602294921875, 0.051127
293.63232421875, 0.051127
293.662353515625, -0.108345
293.6923828125, 0.03726
293.722412109375, -0.066743
293.75244140625, -0.129145
293.782470703125, 0.092728
293.8125, 0.071928
293.842529296875, 0.016459
293.872314453125, 0.092728
293.90234375, -0.004341
293.932373046875, -0.129145
293.96240234375, -0.025142
293.992431640625, 0.009526
294.0224609375, -0.08061
294.052490234375, 0.071928
294.08251953125, 0.030326
294.1123046875, -0.066743
294.142333984375, 0.058061
294.17236328125, 0.058061
294.202392578125, 0.023393
294.232421875, 0.03726
294.262451171875, 0.051127
294.29248046875, 0.030326
294.322509765625, 0.148197
294.352294921875, 0.023393
294.38232421875, 0.030326
294.412353515625, 0.051127
294.4423828125, -0.073677
294.472412109375, -0.052876
294.50244140625, 0.051127
294.532470703125, 0.148197
294.5625, 0.009526
294.592529296875, -0.073677
294.622314453125, 0.002592
294.65234375, 0.071928
294.682373046875, 0.058061
294.71240234375, 0.044194
294.742431640625, 0.085795
294.7724609375, -0.087544
294.802490234375, -0.087544
294.83251953125, -0.045943
294.8623046875, -0.032076
294.892333984375, -0.05981
294.92236328125, -0.073677
294.952392578125, -0.004341
294.982421875, 0.085795
295.012451171875, -0.011275
295.04248046875, 0.078861
295.072509765625, 0.044194
295.1025390625, 0.078861
295.13232421875, -0.108345
295.162353515625, 0.051127
295.1923828125, -0.004341
295.222412109375, 0.13433
295.25244140625, 0.148197
295.282470703125, -0.073677
295.3125, -0.018208
295.342529296875, 0.002592
295.372314453125, 0.113529
295.40234375, 0.016459
295.432373046875, 0.023393
295.46240234375, 0.051127
295.492431640625, -0.004341
295.5224609375, 0.002592
295.552490234375, -0.073677
295.58251953125, 0.030326
295.612548828125, 0.078861
295.642333984375, -0.226215
295.67236328125, 0.099662
295.702392578125, 0.009526
295.732421875, -0.039009
295.762451171875, 0.023393
295.79248046875, -0.052876
295.822509765625, 0.03726
295.8525390625, 0.058061
295.88232421875, 0.148197
295.912353515625, 0.064994
295.9423828125, 0.002592
295.972412109375, -0.045943
296.00244140625, 0.023393
296.032470703125, -0.011275
296.0625, 0.078861
296.092529296875, 0.058061
296.122314453125, -0.011275
296.15234375, 0.03726
296.182373046875, 0.078861
296.21240234375, 0.148197
296.242431640625, 0.03726
296.2724609375, -0.129145
296.302490234375, -0.05981
296.33251953125, 0.078861
296.362548828125, -0.011275
296.392333984375, -0.087544
296.42236328125, 0.13433
296.452392578125, 0.030326
296.482421875, 0.058061
296.512451171875, 0.051127
296.54248046875, 0.009526
296.572509765625, -0.039009
296.6025390625, -0.101411
296.63232421875, 0.064994
296.662353515625, -0.011275
296.6923828125, 0.044194
296.722412109375, 0.127396
296.75244140625, 0.002592
296.782470703125, 0.023393
296.8125, 0.023393
296.842529296875, 0.002592
296.87255859375, -0.108345
296.90234375, 0.189798
296.932373046875, 0.044194
296.96240234375, -0.032076
296.992431640625, -0.08061
297.0224609375, 0.030326
297.052490234375, -0.039009
297.08251953125, -0.039009
297.112548828125, -0.025142
297.142333984375, -0.108345
297.17236328125, 0.009526
297.202392578125, 0.071928
297.232421875, -0.115278
297.262451171875, 0.058061
297.29248046875, -0.115278
297.322509765625, -0.025142
297.3525390625, -0.122212
297.38232421875, 0.016459
297.412353515625, -0.115278
297.4423828125, 0.023393
297.472412109375, 0.113529
297.50244140625, -0.115278
297.532470703125, -0.08061
297.5625, -0.094478
297.592529296875, 0.092728
297.62255859375, 0.106596
297.65234375, -0.045943
297.682373046875, 0.078861
297.71240234375, -0.025142
297.742431640625, 0.071928
297.7724609375, -0.08061
297.802490234375, 0.044194
297.83251953125, -0.052876
297.862548828125, -0.066743
297.892333984375, -0.115278
297.92236328125, 0.044194
297.952392578125, -0.011275
297.982421875, -0.025142
298.012451171875, -0.039009
298.04248046875, 0.064994
298.072509765625, -0.087544
298.1025390625, -0.094478
298.132568359375, 0.009526
298.162353515625, 0.051127
298.1923828125, 0.002592
298.222412109375, 0.127396
298.25244140625, 0.016459
298.282470703125, 0.078861
298.3125, 0.009526
298.342529296875, -0.025142
298.37255859375, 0.030326
298.40234375, 0.016459
298.432373046875, -0.143012
298.46240234375, -0.004341
298.492431640625, -0.073677
298.5224609375, -0.073677
298.552490234375, 0.085795
298.58251953125, 0.044194
298.612548828125, 0.113529
298.642578125, 0.071928
298.67236328125, 0.030326
298.702392578125, 0.058061
298.732421875, -0.004341
298.762451171875, 0.030326
298.79248046875, 0.085795
298.822509765625, 0.030326
298.8525390625, 0.002592
298.882568359375, -0.101411
298.912353515625, -0.08061
298.9423828125, -0.073677
298.972412109375, 0.030326
299.00244140625, -0.115278
299.032470703125, 0.023393
299.0625, -0.025142
299.092529296875, 0.058061
299.12255859375, 0.058061
299.15234375, 0.03726
299.182373046875, -0.05981
299.21240234375, 0.13433
299.242431640625, 0.071928
299.2724609375, -0.087544
299.302490234375, 0.064994
299.33251953125, -0.087544
299.362548828125, 0.030326
299.392578125, -0.018208
299.42236328125, 0.099662
299.452392578125, -0.004341
299.482421875, -0.011275
299.512451171875, -0.094478
299.54248046875, -0.08061
299.572509765625, -0.011275
299.6025390625, 0.044194
299.632568359375, -0.045943
299.662353515625, 0.106596
299.6923828125, 0.085795
299.722412109375, 0.016459
299.75244140625, 0.023393
299.782470703125, 0.030326
299.8125, 0.148197
299.842529296875, 0.071928
299.87255859375, 0.023393
299.902587890625, 0.044194
299.932373046875, 0.113529
299.96240234375, -0.087544
299.992431640625, 0.044194
300.0224609375, 0.03726
300.052490234375, -0.05981
300.08251953125, 0.044194
300.112548828125, 0.058061
300.142578125, -0.066743
300.17236328125, -0.004341
300.202392578125, 0.127396
300.232421875, 0.064994
300.262451171875, -0.032076
300.29248046875, 0.175931
300.322509765625, -0.073677
300.3525390625, 0.078861
300.382568359375, -0.15688
300.412353515625, -0.004341
300.4423828125, 0.058061
300.472412109375, -0.073677
300.50244140625, 0.085795
300.532470703125, 0.023393
300.5625, -0.101411
300.592529296875, -0.108345
300.62255859375, 0.058061
300.652587890625, 0.078861
300.682373046875, -0.052876
300.71240234375, -0.025142
300.742431640625, -0.052876
300.7724609375, 0.030326
300.802490234375, -0.101411
300.83251953125, -0.052876
300.862548828125, -0.08061
300.892578125, 0.03726
300.92236328125, -0.066743
300.952392578125, 0.071928
300.982421875, 0.078861
301.012451171875, 0.002592
301.04248046875, -0.039009
301.072509765625, -0.108345
301.1025390625, -0.073677
301.132568359375, 0.064994
301.16259765625, -0.108345
301.1923828125, 0.044194
301.222412109375, -0.094478
301.25244140625, 0.092728
301.282470703125, 0.016459
301.3125, -0.115278
301.342529296875, 0.016459
301.37255859375, -0.087544
301.402587890625, -0.011275
301.432373046875, -0.115278
301.46240234375, -0.087544
301.492431640625, -0.108345
301.5224609375, 0.002592
301.552490234375, 0.099662
301.58251953125, 0.023393
301.612548828125, 0.085795
301.642578125, 0.071928
301.672607421875, -0.004341
301.702392578125, -0.08061
301.732421875, -0.018208
301.762451171875, -0.039009
301.79248046875, 0.03726
301.822509765625, 0.044194
301.8525390625, 0.044194
301.882568359375, -0.073677
301.91259765625, 0.064994
301.9423828125, -0.018208
301.972412109375, -0.136079
302.00244140625, 0.030326
302.032470703125, -0.011275
302.0625, -0.05981
302.092529296875, -0.025142
302.12255859375, 0.071928
302.152587890625, -0.066743
302.182373046875, -0.122212
302.21240234375, -0.115278
302.242431640625, 0.023393
302.2724609375, 0.016459
302.302490234375, 0.016459
302.33251953125, -0.004341
302.362548828125, -0.08061
302.392578125, -0.018208
302.422607421875, -0.122212
302.452392578125, -0.004341
302.482421875, 0.023393
302.512451171875, 0.009526
302.54248046875, 0.15513
302.572509765625, -0.108345
302.6025390625, 0.085795
302.632568359375, -0.087544
302.66259765625, -0.087544
302.6923828125, 0.044194
302.722412109375, -0.101411
302.75244140625, -0.05981
302.782470703125, 0.064994
302.8125, -0.108345
302.842529296875, 0.030326
302.87255859375, 0.245267
302.902587890625, -0.066743
302.9326171875, -0.025142
302.96240234375, 0.113529
302.992431640625, 0.016459
303.0224609375, 0.002592
303.052490234375, 0.03726
303.08251953125, 0.009526
303.112548828125, -0.032076
303.142578125, 0.078861
303.172607421875, 0.023393
303.202392578125, 0.016459
303.232421875, 0.03726
303.262451171875, 0.078861
303.29248046875, 0.058061
303.322509765625, 0.009526
303.3525390625, -0.05981
303.382568359375, 0.051127
303.41259765625, 0.044194
303.442626953125, 0.099662
303.472412109375, 0.030326
303.50244140625, 0.03726
303.532470703125, 0.058061
303.5625, 0.002592
303.592529296875, 0.023393
303.62255859375, 0.044194
303.652587890625, 0.016459
303.6826171875, 0.002592
303.71240234375, 0.03726
303.742431640625, 0.023393
303.7724609375, 0.058061
303.802490234375, 0.064994
303.83251953125, 0.106596
303.862548828125, -0.045943
303.892578125, -0.025142
303.922607421875, 0.078861
303.952392578125, 0.058061
303.982421875, 0.016459
304.012451171875, 0.016459
304.04248046875, 0.030326
304.072509765625, -0.073677
304.1025390625, -0.011275
304.132568359375, -0.05981
304.16259765625, -0.011275
304.192626953125, 0.058061
304.222412109375, -0.018208
304.25244140625, 0.15513
304.282470703125, 0.030326
304.3125, 0.064994
304.342529296875, -0.011275
304.37255859375, 0.030326
304.402587890625, 0.016459
304.4326171875, -0.004341
304.46240234375, 0.023393
304.492431640625, -0.073677
304.5224609375, 0.044194
304.552490234375, -0.032076
304.58251953125, 0.078861
304.612548828125, 0.044194
304.642578125, 0.016459
304.672607421875, 0.078861
304.70263671875, -0.066743
304.732421875, -0.004341
304.762451171875, 0.120463
304.79248046875, -0.032076
304.822509765625, 0.141263
304.8525390625, 0.071928
304.882568359375, 0.071928
304.91259765625, 0.071928
304.942626953125, 0.085795
304.972412109375, 0.141263
305.00244140625, -0.025142
305.032470703125, -0.039009
305.0625, 0.03726
305.092529296875, -0.011275
305.12255859375, 0.016459
305.152587890625, -0.205414
305.1826171875, 0.078861
305.21240234375, -0.032076
305.242431640625, 0.051127
305.2724609375, -0.004341
305.302490234375, 0.051127
305.33251953125, 0.141263
305.362548828125, -0.045943
305.392578125, 0.044194
305.422607421875, -0.032076
305.45263671875, 0.058061
305.482421875, -0.039009
305.512451171875, -0.011275
305.54248046875, 0.085795
305.572509765625, -0.004341
305.6025390625, -0.018208
305.632568359375, -0.052876
305.66259765625, -0.136079
305.692626953125, 0.030326
305.722412109375, -0.032076
305.75244140625, 0.03726
305.782470703125, -0.108345
305.8125, -0.122212
305.842529296875, -0.052876
305.87255859375, 0.002592
305.902587890625, -0.129145
305.9326171875, 0.002592
305.962646484375, 0.064994
305.992431640625, 0.113529
306.0224609375, 0.030326
306.052490234375, 0.058061
306.08251953125, -0.08061
306.112548828125, -0.032076
306.142578125, -0.004341
306.172607421875, 0.099662
306.20263671875, 0.127396
306.232421875, -0.219282
306.262451171875, -0.032076
306.29248046875, 0.002592
306.322509765625, -0.08061
306.3525390625, 0.03726
306.382568359375, -0.011275
306.41259765625, 0.120463
306.442626953125, -0.101411
306.47265625, -0.011275
306.50244140625, -0.122212
306.532470703125, -0.039009
306.5625, 0.051127
306.592529296875, 0.064994
306.62255859375, 0.016459
306.652587890625, 0.030326
306.6826171875, 0.113529
306.712646484375, 0.009526
306.742431640625, 0.058061
306.7724609375, 0.002592
306.802490234375, -0.045943
306.83251953125, -0.018208
306.862548828125, -0.163813
306.892578125, -0.018208
306.922607421875, 0.044194
306.95263671875, 0.064994
306.982421875, 0.120463
307.012451171875, -0.004341
307.04248046875, 0.03726
307.072509765625, -0.004341
307.1025390625, 0.03726
307.132568359375, 0.078861
307.16259765625, 0.071928
307.192626953125, -0.025142
307.22265625, 0.064994
307.25244140625, -0.163813
307.282470703125, 0.058061
307.3125, 0.064994
307.342529296875, 0.064994
307.37255859375, -0.08061
307.402587890625, 0.030326
307.4326171875, -0.018208
307.462646484375, 0.092728
307.492431640625, 0.03726
307.5224609375, -0.032076
307.552490234375, -0.073677
307.58251953125, 0.002592
307.612548828125, 0.016459
307.642578125, 0.051127
307.672607421875, 0.03726
307.70263671875, -0.122212
307.732666015625, -0.032076
307.762451171875, -0.032076
307.79248046875, 0.009526
307.822509765625, 0.064994
307.8525390625, 0.023393
307.882568359375, 0.009526
307.91259765625, 0.002592
307.942626953125, -0.136079
307.97265625, -0.004341
308.00244140625, 0.023393
308.032470703125, -0.018208
308.0625, 0.141263
308.092529296875, 0.085795
308.12255859375, 0.023393
308.152587890625, -0.039009
308.1826171875, 0.078861
308.212646484375, -0.066743
308.242431640625, 0.030326
308.2724609375, 0.099662
308.302490234375, 0.113529
308.33251953125, 0.092728
308.362548828125, 0.016459
308.392578125, 0.106596
308.422607421875, 0.127396
308.45263671875, 0.120463
308.482666015625, -0.149946
308.512451171875, -0.011275
308.54248046875, -0.045943
308.572509765625, 0.002592
308.6025390625, -0.087544
308.632568359375, -0.08061
308.66259765625, 0.106596
308.692626953125, 0.03726
308.72265625, -0.087544
308.75244140625, 0.051127
308.782470703125, 0.071928
308.8125, 0.051127
308.842529296875, -0.025142
308.87255859375, 0.023393
308.902587890625, 0.023393
308.9326171875, 0.009526
308.962646484375, -0.087544
308.99267578125, 0.113529
309.0224609375, 0.044194
309.052490234375, 0.058061
309.08251953125, -0.025142
309.112548828125, -0.004341
309.142578125, -0.018208
309.172607421875, -0.052876
309.20263671875, 0.009526
309.232666015625, 0.016459
309.262451171875, -0.018208
309.29248046875, 0.030326
309.322509765625, 0.016459
309.3525390625, 0.023393
309.382568359375, 0.085795
309.41259765625, -0.05981
309.442626953125, 0.009526
309.47265625, 0.120463
309.502685546875, -0.032076
309.532470703125, -0.066743
309.5625, 0.044194
309.592529296875, -0.087544
309.62255859375, 0.106596
309.652587890625, 0.099662
309.6826171875, -0.039009
309.712646484375, -0.108345
309.74267578125, -0.149946
309.7724609375, 0.168998
309.802490234375, -0.08061
309.83251953125, 0.189798
309.862548828125, -0.05981
309.892578125, 0.03726
309.922607421875, 0.03726
309.95263671875, -0.025142
309.982666015625, 0.182865
310.012451171875, 0.13433
310.04248046875, 0.168998
310.072509765625, -0.045943
310.1025390625, -0.011275
310.132568359375, -0.018208
310.16259765625, 0.009526
310.192626953125, 0.009526
310.22265625, 0.023393
310.252685546875, 0.071928
310.282470703125, 0.071928
310.3125, 0.099662
310.342529296875, 0.064994
310.37255859375, 0.058061
310.402587890625, -0.122212
310.4326171875, -0.011275
310.462646484375, 0.099662
310.49267578125, -0.018208
310.5224609375, -0.004341
310.552490234375, -0.032076
310.58251953125, 0.03726
310.612548828125, -0.066743
310.642578125, -0.045943
310.672607421875, 0.058061
310.70263671875, 0.023393
310.732666015625, -0.025142
310.7626953125, -0.032076
310.79248046875, -0.018208
310.822509765625, 0.071928
310.8525390625, -0.032076
310.882568359375, -0.025142
310.91259765625, 0.127396
310.942626953125, 0.030326
310.97265625, 0.002592
311.002685546875, -0.045943
311.032470703125, -0.011275
311.0625, -0.066743
311.092529296875, -0.08061
311.12255859375, -0.108345
311.152587890625, 0.016459
311.1826171875, -0.101411
311.212646484375, -0.018208
311.24267578125, -0.087544
311.272705078125, 0.03726
311.302490234375, 0.009526
311.33251953125, -0.08061
311.362548828125, 0.078861
311.392578125, -0.018208
311.422607421875, 0.15513
311.45263671875, 0.03726
311.482666015625, 0.03726
311.5126953125, 0.13433
311.54248046875, 0.03726
311.572509765625, 0.009526
311.6025390625, 0.162064
311.632568359375, 0.058061
311.66259765625, 0.016459
311.692626953125, -0.094478
311.72265625, -0.073677
311.752685546875, -0.032076
311.782470703125, -0.018208
311.8125, 0.085795
311.842529296875, 0.002592
311.87255859375, -0.08061
311.902587890625, 0.03726
311.9326171875, 0.092728
311.962646484375, 0.064994
311.99267578125, -0.163813
312.022705078125, -0.115278
312.052490234375, -0.052876
312.08251953125, 0.058061
312.112548828125, -0.004341
312.142578125, -0.087544
312.172607421875, 0.023393
312.20263671875, 0.030326
312.232666015625, -0.108345
312.2626953125, -0.018208
312.29248046875, 0.002592
312.322509765625, 0.078861
312.3525390625, -0.129145
312.382568359375, -0.025142
312.41259765625, -0.004341
312.442626953125, -0.018208
312.47265625, 0.016459
312.502685546875, 0.002592
312.53271484375, 0.002592
312.5625, -0.004341
312.592529296875, -0.08061
312.62255859375, -0.08061
312.652587890625, 0.03726
312.6826171875, -0.129145
312.712646484375, -0.15688
312.74267578125, 0.03726
312.772705078125, -0.143012
312.802490234375, 0.092728
312.83251953125, -0.045943
312.862548828125, -0.025142
312.892578125, 0.120463
312.922607421875, -0.198481
312.95263671875, -0.032076
312.982666015625, 0.099662
313.0126953125, 0.023393
313.04248046875, 0.078861
313.072509765625, 0.092728
313.1025390625, 0.058061
313.132568359375, 0.016459
313.16259765625, 0.092728
313.192626953125, -0.004341
313.22265625, 0.044194
313.252685546875, -0.087544
313.28271484375, 0.064994
313.3125, 0.064994
313.342529296875, 0.092728
313.37255859375, 0.071928
313.402587890625, 0.106596
313.4326171875, -0.073677
313.462646484375, 0.051127
313.49267578125, 0.002592
313.522705078125, 0.009526
313.552490234375, -0.011275
313.58251953125, -0.018208
313.612548828125, 0.002592
313.642578125, -0.025142
313.672607421875, 0.03726
313.70263671875, 0.002592
313.732666015625, -0.066743
313.7626953125, 0.044194
313.792724609375, -0.018208
313.822509765625, 0.030326
313.8525390625, 0.023393
313.882568359375, -0.052876
313.91259765625, 0.030326
313.942626953125, 0.085795
313.97265625, -0.05981
314.002685546875, 0.044194
314.03271484375, -0.039009
314.0625, -0.108345
314.092529296875, 0.058061
314.12255859375, 0.071928
314.152587890625, 0.182865
314.1826171875, 0.044194
314.212646484375, 0.051127
314.24267578125, -0.039009
314.272705078125, -0.045943
314.302734375, -0.032076
314.33251953125, -0.025142
314.362548828125, 0.141263
314.392578125, -0.115278
314.422607421875, -0.039009
314.45263671875, 0.044194
314.482666015625, 0.044194
314.5126953125, 0.168998
314.542724609375, -0.094478
314.572509765625, 0.016459
314.6025390625, -0.004341
314.632568359375, 0.03726
314.66259765625, 0.13433
314.692626953125, -0.004341
314.72265625, -0.032076
314.752685546875, 0.058061
314.78271484375, 0.127396
314.8125, -0.039009
314.842529296875, 0.078861
314.87255859375, 0.092728
314.902587890625, 0.044194
314.9326171875, 0.051127
314.962646484375, 0.051127
314.99267578125, 0.071928
315.022705078125, 0.085795
315.052734375, -0.066743
315.08251953125, -0.032076
315.112548828125, -0.101411
315.142578125, -0.129145
315.172607421875, -0.011275
315.20263671875, 0.085795
315.232666015625, 0.044194
315.2626953125, 0.085795
315.292724609375, -0.122212
315.322509765625, -0.05981
315.3525390625, -0.05981
315.382568359375, 0.044194
315.41259765625, -0.025142
315.442626953125, 0.051127
315.47265625, -0.045943
315.502685546875, 0.009526
315.53271484375, -0.004341
315.562744140625, 0.071928
315.592529296875, -0.025142
315.62255859375, 0.044194
315.652587890625, 0.099662
315.6826171875, -0.045943
315.712646484375, 0.051127
315.74267578125, 0.009526
315.772705078125, -0.05981
315.802734375, -0.073677
315.83251953125, -0.05981
315.862548828125, 0.203665
315.892578125, 0.099662
315.922607421875, 0.078861
315.95263671875, 0.127396
315.982666015625, 0.044194
316.0126953125, 0.009526
316.042724609375, 0.058061
316.07275390625, 0.016459
316.1025390625, -0.05981
316.132568359375, 0.078861
316.16259765625, 0.044194
316.192626953125, 0.030326
316.22265625, 0.030326
316.252685546875, -0.052876
316.28271484375, -0.122212
316.312744140625, 0.141263
316.342529296875, -0.039009
316.37255859375, 0.030326
316.402587890625, 0.03726
316.4326171875, -0.039009
316.462646484375, 0.189798
316.49267578125, 0.009526
316.522705078125, -0.018208
316.552734375, 0.058061
316.58251953125, 0.078861
316.612548828125, -0.05981
316.642578125, -0.025142
316.672607421875, -0.004341
316.70263671875, -0.170747
316.732666015625, -0.032076
316.7626953125, -0.039009
316.792724609375, -0.025142
316.82275390625, -0.073677
316.8525390625, -0.032076
316.882568359375, -0.08061
316.91259765625, 0.064994
316.942626953125, 0.106596
316.97265625, 0.064994
317.002685546875, 0.078861
317.03271484375, -0.087544
317.062744140625, 0.051127
317.092529296875, -0.052876
317.12255859375, 0.002592
317.152587890625, -0.039009
317.1826171875, 0.071928
317.212646484375, -0.094478
317.24267578125, -0.066743
317.272705078125, 0.099662
317.302734375, -0.15688
317.332763671875, 0.141263
317.362548828125, -0.032076
317.392578125, 0.009526
317.422607421875, 0.064994
317.45263671875, 0.009526
317.482666015625, -0.011275
317.5126953125, 0.016459
317.542724609375, -0.018208
317.57275390625, 0.078861
317.6025390625, 0.002592
317.632568359375, -0.073677
317.66259765625, 0.044194
317.692626953125, 0.016459
317.72265625, -0.004341
317.752685546875, -0.004341
317.78271484375, -0.011275
317.812744140625, -0.025142
317.842529296875, 0.002592
317.87255859375, -0.018208
317.902587890625, 0.113529
317.9326171875, 0.078861
317.962646484375, 0.009526
317.99267578125, 0.078861
318.022705078125, -0.032076
318.052734375, 0.030326
318.082763671875, -0.011275
318.112548828125, 0.002592
318.142578125, -0.004341
318.172607421875, 0.064994
318.20263671875, 0.016459
318.232666015625, -0.011275
318.2626953125, -0.011275
318.292724609375, 0.071928
318.32275390625, 0.002592
318.3525390625, 0.078861
318.382568359375, 0.168998
318.41259765625, -0.011275
318.442626953125, 0.168998
318.47265625, 0.127396
318.502685546875, -0.08061
318.53271484375, 0.15513
318.562744140625, 0.085795
318.5927734375, -0.08061
318.62255859375, 0.030326
318.652587890625, 0.03726
318.6826171875, 0.064994
318.712646484375, -0.018208
318.74267578125, 0.113529
318.772705078125, 0.099662
318.802734375, -0.129145
318.832763671875, 0.016459
318.862548828125, 0.058061
318.892578125, 0.030326
318.922607421875, 0.141263
318.95263671875, -0.018208
318.982666015625, -0.05981
319.0126953125, -0.094478
319.042724609375, -0.032076
319.07275390625, 0.030326
319.102783203125, 0.030326
319.132568359375, 0.023393
319.16259765625, 0.044194
319.192626953125, -0.094478
319.22265625, 0.030326
319.252685546875, 0.064994
319.28271484375, -0.018208
319.312744140625, -0.101411
319.3427734375, 0.064994
319.37255859375, 0.016459
319.402587890625, -0.004341
319.4326171875, 0.016459
319.462646484375, -0.05981
319.49267578125, 0.002592
319.522705078125, 0.071928
319.552734375, -0.101411
319.582763671875, 0.085795
319.612548828125, 0.058061
319.642578125, -0.052876
319.672607421875, -0.039009
319.70263671875, -0.073677
319.732666015625, -0.018208
319.7626953125, 0.113529
319.792724609375, -0.136079
319.82275390625, -0.05981
319.852783203125, 0.009526
319.882568359375, -0.011275
319.91259765625, 0.071928
319.942626953125, 0.002592
319.97265625, 0.113529
320.002685546875, 0.064994
320.03271484375, -0.018208
320.062744140625, 0.030326
320.0927734375, -0.039009
320.12255859375, 0.03726
320.152587890625, 0.085795
320.1826171875, 0.03726
320.212646484375, 0.016459
320.24267578125, -0.087544
320.272705078125, 0.03726
320.302734375, 0.03726
320.332763671875, -0.018208
320.36279296875, 0.044194
320.392578125, -0.025142
320.422607421875, -0.004341
320.45263671875, 0.030326
320.482666015625, -0.039009
320.5126953125, 0.03726
320.542724609375, -0.101411
320.57275390625, 0.002592
320.602783203125, -0.122212
320.632568359375, -0.025142
320.66259765625, 0.092728
320.692626953125, 0.078861
320.72265625, 0.13433
320.752685546875, 0.058061
320.78271484375, 0.002592
320.812744140625, 0.189798
320.8427734375, 0.044194
320.87255859375, 0.085795
320.902587890625, 0.023393
320.9326171875, -0.032076
320.962646484375, 0.023393
320.99267578125, 0.141263
321.022705078125, 0.009526
321.052734375, 0.051127
321.082763671875, 0.078861
321.11279296875, -0.025142
321.142578125, -0.108345
321.172607421875, -0.025142
321.20263671875, 0.182865
321.232666015625, 0.044194
321.2626953125, 0.078861
321.292724609375, -0.018208
321.32275390625, -0.032076
321.352783203125, 0.051127
321.382568359375, 0.030326
321.41259765625, 0.058061
321.442626953125, 0.051127
321.47265625, -0.115278
321.502685546875, 0.071928
321.53271484375, -0.032076
321.562744140625, 0.044194
321.5927734375, -0.004341
321.622802734375, -0.004341
321.652587890625, -0.018208
321.6826171875, -0.052876
321.712646484375, -0.025142
321.74267578125, 0.023393
321.772705078125, -0.05981
321.802734375, 0.078861
321.832763671875, -0.052876
321.86279296875, -0.087544
321.892578125, 0.044194
321.922607421875, 0.078861
321.95263671875, 0.044194
321.982666015625, 0.03726
322.0126953125, 0.030326
322.042724609375, 0.092728
322.07275390625, 0.03726
322.102783203125, 0.2314
322.1328125, -0.066743
322.16259765625, -0.011275
322.192626953125, 0.113529
322.22265625, 0.113529
322.252685546875, -0.05981
322.28271484375, 0.078861
322.312744140625, 0.113529
322.3427734375, -0.052876
322.372802734375, 0.03726
322.402587890625, 0.106596
322.4326171875, 0.092728
322.462646484375, -0.004341
322.49267578125, 0.078861
322.522705078125, -0.004341
322.552734375, 0.023393
322.582763671875, 0.002592
322.61279296875, -0.025142
322.642578125, -0.004341
322.672607421875, -0.032076
322.70263671875, -0.045943
322.732666015625, -0.045943
322.7626953125, 0.058061
322.792724609375, -0.032076
322.82275390625, 0.023393
322.852783203125, -0.025142
322.8828125, -0.087544
322.91259765625, 0.016459
322.942626953125, 0.044194
322.97265625, -0.032076
323.002685546875, 0.016459
323.03271484375, -0.004341
323.062744140625, 0.13433
323.0927734375, 0.002592
323.122802734375, -0.004341
323.152587890625, 0.245267
323.1826171875, -0.08061
323.212646484375, 0.002592
323.24267578125, -0.032076
323.272705078125, 0.030326
323.302734375, 0.15513
323.332763671875, 0.078861
323.36279296875, -0.032076
323.392822265625, -0.004341
323.422607421875, 0.016459
323.45263671875, -0.115278
323.482666015625, -0.087544
323.5126953125, 0.085795
323.542724609375, -0.018208
323.57275390625, -0.018208
323.602783203125, -0.018208
323.6328125, 0.009526
323.66259765625, -0.018208
323.692626953125, -0.115278
323.72265625, -0.032076
323.752685546875, -0.011275
323.78271484375, -0.018208
323.812744140625, -0.101411
323.8427734375, -0.101411
323.872802734375, -0.032076
323.90283203125, 0.092728
323.9326171875, -0.018208
323.962646484375, -0.136079
323.99267578125, -0.08061
324.022705078125, 0.002592
324.052734375, 0.03726
324.082763671875, -0.045943
324.11279296875, 0.058061
324.142822265625, 0.064994
324.172607421875, 0.071928
324.20263671875, -0.05981
324.232666015625, 0.051127
324.2626953125, 0.009526
324.292724609375, -0.004341
324.32275390625, 0.120463
324.352783203125, 0.016459
324.3828125, 0.030326
324.41259765625, 0.085795
324.442626953125, -0.052876
324.47265625, 0.044194
324.502685546875, 0.009526
324.53271484375, 0.15513
324.562744140625, -0.018208
324.5927734375, 0.002592
324.622802734375, 0.03726
324.65283203125, 0.03726
324.6826171875, 0.023393
324.712646484375, 0.002592
324.74267578125, -0.149946
324.772705078125, -0.052876
324.802734375, -0.052876
324.832763671875, 0.044194
324.86279296875, -0.018208
324.892822265625, -0.018208
324.922607421875, 0.023393
324.95263671875, 0.016459
324.982666015625, 0.099662
325.0126953125, 0.058061
325.042724609375, -0.129145
325.07275390625, 0.13433
325.102783203125, -0.011275
325.1328125, -0.115278
325.162841796875, 0.058061
325.192626953125, 0.085795
325.22265625, -0.108345
325.252685546875, 0.182865
325.28271484375, -0.018208
325.312744140625, -0.011275
325.3427734375, -0.087544
325.372802734375, 0.023393
325.40283203125, 0.023393
325.4326171875, -0.032076
325.462646484375, 0.016459
325.49267578125, -0.087544
325.522705078125, 0.064994
325.552734375, -0.018208
325.582763671875, -0.032076
325.61279296875, 0.078861
325.642822265625, -0.032076
325.672607421875, 0.106596
325.70263671875, -0.018208
325.732666015625, 0.113529
325.7626953125, -0.052876
325.792724609375, -0.025142
325.82275390625, -0.039009
325.852783203125, -0.073677
325.8828125, -0.004341
325.912841796875, 0.064994
325.942626953125, 0.092728
325.97265625, 0.002592
326.002685546875, 0.002592
326.03271484375, -0.094478
326.062744140625, 0.099662
326.0927734375, -0.011275
326.122802734375, 0.023393
326.15283203125, 0.03726
326.1826171875, -0.039009
326.212646484375, -0.094478
326.24267578125, 0.016459
326.272705078125, -0.011275
326.302734375, 0.016459
326.332763671875, -0.066743
326.36279296875, -0.094478
326.392822265625, 0.051127
326.4228515625, 0.210599
326.45263671875, -0.011275
326.482666015625, 0.120463
326.5126953125, 0.023393
326.542724609375, 0.03726
326.57275390625, 0.023393
326.602783203125, 0.023393
326.6328125, 0.071928
326.662841796875, 0.085795
326.692626953125, 0.016459
326.72265625, 0.030326
326.752685546875, -0.143012
326.78271484375, 0.051127
326.812744140625, 0.085795
326.8427734375, 0.078861
326.872802734375, -0.129145
326.90283203125, -0.004341
326.932861328125, -0.045943
326.962646484375, 0.044194
326.99267578125, 0.078861
327.022705078125, 0.113529
327.052734375, -0.025142
327.082763671875, 0.078861
327.11279296875, -0.004341
327.142822265625, -0.011275
327.1728515625, -0.052876
327.20263671875, 0.002592
327.232666015625, 0.044194
327.2626953125, 0.016459
327.292724609375, 0.071928
327.32275390625, 0.03726
327.352783203125, -0.018208
327.3828125, 0.016459
327.412841796875, 0.071928
327.442626953125, 0.044194
327.47265625, -0.004341
327.502685546875, -0.018208
327.53271484375, -0.17768
327.562744140625, 0.03726
327.5927734375, -0.032076
327.622802734375, 0.058061
327.65283203125, 0.058061
327.682861328125, -0.025142
327.712646484375, 0.002592
327.74267578125, -0.045943
327.772705078125, 0.141263
327.802734375, 0.092728
327.832763671875, 0.023393
327.86279296875, 0.016459
327.892822265625, -0.039009
327.9228515625, 0.044194
327.95263671875, 0.002592
327.982666015625, 0.058061
328.0126953125, -0.039009
328.042724609375, -0.039009
328.07275390625, -0.018208
328.102783203125, 0.085795
328.1328125, 0.009526
328.162841796875, 0.03726
328.19287109375, -0.045943
328.22265625, 0.113529
328.252685546875, 0.03726
328.28271484375, -0.045943
328.312744140625, 0.009526
328.3427734375, -0.039009
328.372802734375, -0.004341
328.40283203125, 0.002592
328.432861328125, 0.009526
328.462646484375, -0.032076
328.49267578125, -0.018208
328.522705078125, 0.071928
328.552734375, 0.064994
328.582763671875, -0.011275
328.61279296875, -0.004341
328.642822265625, -0.025142
328.6728515625, -0.045943
328.70263671875, 0.016459
328.732666015625, 0.009526
328.7626953125, -0.115278
328.792724609375, -0.066743
328.82275390625, -0.025142
328.852783203125, -0.004341
328.8828125, 0.016459
328.912841796875, -0.108345
328.94287109375, -0.011275
328.97265625, 0.092728
329.002685546875, 0.023393
329.03271484375, 0.064994
329.062744140625, 0.051127
329.0927734375, 0.148197
329.122802734375, -0.05981
329.15283203125, 0.099662
329.182861328125, 0.023393
329.212646484375, 0.030326
329.24267578125, 0.044194
329.272705078125, -0.032076
329.302734375, 0.085795
329.332763671875, 0.044194
329.36279296875, 0.03726
329.392822265625, 0.058061
329.4228515625, -0.052876
329.452880859375, -0.045943
329.482666015625, 0.044194
329.5126953125, -0.004341
329.542724609375, 0.058061
329.57275390625, -0.094478
329.602783203125, 0.113529
329.6328125, 0.023393
329.662841796875, 0.064994
329.69287109375, 0.064994
329.72265625, 0.092728
329.752685546875, 0.078861
329.78271484375, 0.03726
329.812744140625, -0.045943
329.8427734375, 0.030326
329.872802734375, 0.148197
329.90283203125, 0.085795
329.932861328125, -0.004341
329.962890625, -0.004341
329.99267578125, 0.071928
330.022705078125, -0.15688
330.052734375, 0.030326
330.082763671875, 0.009526
330.11279296875, 0.092728
330.142822265625, -0.011275
330.1728515625, -0.087544
330.202880859375, -0.052876
330.232666015625, 0.03726
330.2626953125, 0.085795
330.292724609375, -0.05981
330.32275390625, -0.15688
330.352783203125, 0.071928
330.3828125, 0.002592
330.412841796875, -0.039009
330.44287109375, -0.045943
330.47265625, -0.018208
330.502685546875, 0.245267
330.53271484375, 0.064994
330.562744140625, -0.052876
330.5927734375, 0.141263
330.622802734375, -0.004341
330.65283203125, 0.113529
330.682861328125, 0.148197
330.712890625, 0.023393
330.74267578125, -0.08061
330.772705078125, -0.05981
330.802734375, 0.13433
330.832763671875, 0.009526
330.86279296875, 0.058061
330.892822265625, 0.064994
330.9228515625, 0.009526
330.952880859375, 0.009526
330.982666015625, 0.002592
331.0126953125, 0.058061
331.042724609375, 0.071928
331.07275390625, 0.071928
331.102783203125, -0.052876
331.1328125, 0.120463
331.162841796875, -0.011275
331.19287109375, -0.025142
331.222900390625, 0.009526
331.252685546875, 0.044194
331.28271484375, 0.078861
331.312744140625, 0.127396
331.3427734375, 0.13433
331.372802734375, 0.058061
331.40283203125, 0.002592
331.432861328125, 0.13433
331.462890625, 0.064994
331.49267578125, 0.064994
331.522705078125, 0.016459
331.552734375, 0.058061
331.582763671875, -0.052876
331.61279296875, 0.009526
331.642822265625, -0.08061
331.6728515625, 0.009526
331.702880859375, 0.023393
331.73291015625, -0.05981
331.7626953125, -0.004341
331.792724609375, -0.052876
331.82275390625, -0.052876
331.852783203125, 0.016459
331.8828125, 0.03726
331.912841796875, -0.05981
331.94287109375, 0.030326
331.972900390625, 0.016459
332.002685546875, 0.002592
332.03271484375, 0.113529
332.062744140625, 0.071928
332.0927734375, -0.052876
332.122802734375, -0.018208
332.15283203125, -0.011275
332.182861328125, 0.148197
332.212890625, -0.052876
332.24267578125, -0.129145
332.272705078125, -0.108345
332.302734375, -0.032076
332.332763671875, -0.032076
332.36279296875, 0.051127
332.392822265625, -0.045943
332.4228515625, -0.011275
332.452880859375, 0.127396
332.48291015625, 0.016459
332.5126953125, 0.078861
332.542724609375, 0.023393
332.57275390625, -0.05981
332.602783203125, -0.08061
332.6328125, 0.071928
332.662841796875, 0.023393
332.69287109375, 0.064994
332.722900390625, -0.018208
332.752685546875, 0.058061
332.78271484375, -0.011275
332.812744140625, 0.051127
332.8427734375, -0.011275
332.872802734375, -0.115278
332.90283203125, 0.071928
332.932861328125, -0.045943
332.962890625, 0.085795
332.992919921875, -0.136079
333.022705078125, -0.108345
333.052734375, -0.011275
333.082763671875, 0.023393
333.11279296875, -0.011275
333.142822265625, 0.064994
333.1728515625, -0.011275
333.202880859375, 0.071928
333.23291015625, 0.058061
333.2626953125, -0.052876
333.292724609375, 0.071928
333.32275390625, -0.004341
333.352783203125, 0.030326
333.3828125, -0.087544
333.412841796875, 0.099662
333.44287109375, 0.044194
333.472900390625, 0.078861
333.502685546875, 0.064994
333.53271484375, 0.071928
333.562744140625, -0.129145
333.5927734375, 0.113529
333.622802734375, -0.025142
333.65283203125, -0.025142
333.682861328125, 0.085795
333.712890625, 0.002592
333.742919921875, 0.016459
333.772705078125, 0.085795
333.802734375, 0.064994
333.832763671875, 0.245267
333.86279296875, -0.025142
333.892822265625, -0.170747
333.9228515625, 0.03726
333.952880859375, -0.018208
333.98291015625, -0.045943
334.0126953125, -0.011275
334.042724609375, -0.087544
334.07275390625, 0.030326
334.102783203125, 0.099662
334.1328125, 0.071928
334.162841796875, -0.018208
334.19287109375, 0.002592
334.222900390625, -0.025142
334.2529296875, -0.073677
334.28271484375, 0.058061
334.312744140625, -0.045943
334.3427734375, 0.217532
334.372802734375, -0.122212
334.40283203125, 0.058061
334.432861328125, 0.092728
334.462890625, -0.011275
334.492919921875, 0.023393
334.522705078125, 0.023393
334.552734375, -0.039009
334.582763671875, -0.05981
334.61279296875, -0.052876
334.642822265625, -0.052876
334.6728515625, 0.044194
334.702880859375, -0.08061
334.73291015625, -0.032076
334.762939453125, -0.018208
334.792724609375, 0.127396
334.82275390625, -0.032076
334.852783203125, 0.078861
334.8828125, -0.136079
334.912841796875, 0.009526
334.94287109375, 0.030326
334.972900390625, -0.066743
335.0029296875, 0.217532
335.03271484375, 0.085795
335.062744140625, -0.032076
335.0927734375, 0.13433
335.122802734375, -0.066743
335.15283203125, 0.071928
335.182861328125, -0.011275
335.212890625, -0.05981
335.242919921875, -0.032076
335.272705078125, -0.018208
335.302734375, -0.032076
335.332763671875, 0.016459
335.36279296875, -0.073677
335.392822265625, 0.009526
335.4228515625, 0.023393
335.452880859375, 0.044194
335.48291015625, 0.030326
335.512939453125, 0.044194
335.542724609375, 0.009526
335.57275390625, -0.052876
335.602783203125, -0.136079
335.6328125, 0.051127
335.662841796875, -0.05981
335.69287109375, 0.071928
335.722900390625, -0.108345
335.7529296875, 0.023393
335.78271484375, 0.002592
335.812744140625, -0.011275
335.8427734375, 0.106596
335.872802734375, -0.018208
335.90283203125, -0.045943
335.932861328125, 0.051127
335.962890625, -0.087544
335.992919921875, 0.009526
336.02294921875, 0.071928
336.052734375, -0.032076
336.082763671875, 0.030326
336.11279296875, 0.141263
336.142822265625, 0.058061
336.1728515625, 0.023393
336.202880859375, 0.030326
336.23291015625, 0.009526
336.262939453125, 0.058061
336.292724609375, 0.044194
336.32275390625, -0.05981
336.352783203125, -0.094478
336.3828125, -0.136079
336.412841796875, -0.066743
336.44287109375, -0.018208
336.472900390625, 0.03726
336.5029296875, -0.004341
336.53271484375, 0.078861
336.562744140625, 0.127396
336.5927734375, 0.189798
336.622802734375, -0.032076
336.65283203125, 0.092728
336.682861328125, 0.113529
336.712890625, -0.149946
336.742919921875, -0.025142
336.77294921875, 0.148197
336.802734375, 0.009526
336.832763671875, 0.071928
336.86279296875, 0.03726
336.892822265625, 0.051127
336.9228515625, -0.032076
336.952880859375, 0.051127
336.98291015625, -0.129145
337.012939453125, 0.120463
337.042724609375, 0.002592
337.07275390625, -0.011275
337.102783203125, 0.016459
337.1328125, -0.045943
337.162841796875, 0.030326
337.19287109375, 0.051127
337.222900390625, 0.030326
337.2529296875, 0.064994
337.282958984375, 0.085795
337.312744140625, 0.016459
337.3427734375, 0.106596
337.372802734375, -0.073677
337.40283203125, 0.002592
337.432861328125, -0.066743
337.462890625, 0.023393
337.492919921875, 0.016459
337.52294921875, 0.127396
337.552734375, 0.044194
337.582763671875, 0.064994
337.61279296875, 0.120463
337.642822265625, -0.039009
337.6728515625, 0.092728
337.702880859375, -0.08061
337.73291015625, -0.087544
337.762939453125, 0.127396
337.79296875, 0.030326
337.82275390625, -0.073677
337.852783203125, 0.064994
337.8828125, 0.085795
337.912841796875, -0.066743
337.94287109375, -0.025142
337.972900390625, -0.018208
338.0029296875, 0.071928
338.032958984375, -0.108345
338.062744140625, 0.044194
338.0927734375, 0.023393
338.122802734375, -0.08061
338.15283203125, -0.108345
338.182861328125, 0.071928
338.212890625, 0.085795
338.242919921875, -0.066743
338.27294921875, 0.002592
338.302734375, 0.099662
338.332763671875, -0.011275
338.36279296875, 0.099662
338.392822265625, -0.039009
338.4228515625, 0.13433
338.452880859375, 0.148197
338.48291015625, 0.099662
338.512939453125, 0.03726
338.54296875, 0.245267
338.57275390625, 0.016459
338.602783203125, 0.023393
338.6328125, -0.066743
338.662841796875, 0.030326
338.69287109375, 0.168998
338.722900390625, 0.162064
338.7529296875, -0.025142
338.782958984375, -0.039009
338.812744140625, -0.011275
338.8427734375, -0.011275
338.872802734375, 0.030326
338.90283203125, 0.058061
338.932861328125, 0.016459
338.962890625, 0.016459
338.992919921875, 0.078861
339.02294921875, -0.05981
339.052978515625, 0.044194
339.082763671875, 0.058061
339.11279296875, 0.113529
339.142822265625, -0.045943
339.1728515625, -0.094478
339.202880859375, 0.016459
339.23291015625, -0.115278
339.262939453125, 0.030326
339.29296875, -0.129145
339.32275390625, -0.08061
339.352783203125, -0.045943
339.3828125, 0.009526
339.412841796875, 0.099662
339.44287109375, 0.002592
339.472900390625, 0.106596
339.5029296875, 0.058061
339.532958984375, 0.009526
339.56298828125, 0.002592
339.5927734375, -0.039009
339.622802734375, 0.078861
339.65283203125, -0.08061
339.682861328125, 0.023393
339.712890625, 0.030326
339.742919921875, 0.162064
339.77294921875, 0.002592
339.802978515625, 0.044194
339.832763671875, -0.039009
339.86279296875, 0.106596
339.892822265625, 0.127396
339.9228515625, -0.052876
339.952880859375, -0.018208
339.98291015625, -0.025142
340.012939453125, 0.162064
340.04296875, -0.087544
340.07275390625, 0.023393
340.102783203125, -0.039009
340.1328125, 0.002592
340.162841796875, 0.016459
340.19287109375, -0.045943
340.222900390625, -0.004341
340.2529296875, 0.016459
340.282958984375, -0.073677
340.31298828125, -0.073677
340.3427734375, 0.182865
340.372802734375, -0.073677
340.40283203125, 0.009526
340.432861328125, 0.002592
340.462890625, 0.064994
340.492919921875, 0.002592
340.52294921875, -0.115278
340.552978515625, -0.143012
340.582763671875, -0.066743
340.61279296875, -0.184614
340.642822265625, 0.120463
340.6728515625, 0.071928
340.702880859375, -0.066743
340.73291015625, -0.039009
340.762939453125, 0.078861
340.79296875, 0.058061
340.822998046875, 0.085795
340.852783203125, -0.045943
340.8828125, 0.127396
340.912841796875, 0.002592
340.94287109375, 0.016459
340.972900390625, -0.011275
341.0029296875, 0.085795
341.032958984375, 0.064994
341.06298828125, -0.011275
341.0927734375, 0.002592
341.122802734375, 0.078861
341.15283203125, 0.085795
341.182861328125, -0.039009
341.212890625, -0.094478
341.242919921875, -0.039009
341.27294921875, 0.016459
341.302978515625, 0.13433
341.332763671875, -0.101411
341.36279296875, -0.025142
341.392822265625, -0.032076
341.4228515625, -0.129145
341.452880859375, 0.127396
341.48291015625, -0.025142
341.512939453125, 0.162064
341.54296875, 0.044194
341.572998046875, 0.016459
341.602783203125, 0.016459
341.6328125, -0.073677
341.662841796875, 0.030326
341.69287109375, -0.032076
341.722900390625, -0.011275
341.7529296875, 0.016459
341.782958984375, -0.052876
341.81298828125, -0.025142
341.8427734375, 0.099662
341.872802734375, 0.13433
341.90283203125, 0.099662
341.932861328125, 0.023393
341.962890625, -0.018208
341.992919921875, 0.085795
342.02294921875, 0.064994
342.052978515625, 0.009526
342.0830078125, 0.002592
342.11279296875, -0.052876
342.142822265625, 0.120463
342.1728515625, 0.058061
342.202880859375, 0.141263
342.23291015625, 0.078861
342.262939453125, -0.011275
342.29296875, -0.004341
342.322998046875, -0.004341
342.352783203125, 0.051127
342.3828125, -0.101411
342.412841796875, 0.002592
342.44287109375, 0.016459
342.472900390625, -0.233149
342.5029296875, 0.051127
342.532958984375, 0.127396
342.56298828125, 0.064994
342.593017578125, 0.03726
342.622802734375, -0.149946
342.65283203125, -0.087544
342.682861328125, -0.018208
342.712890625, 0.085795
342.742919921875, 0.175931
342.77294921875, -0.045943
342.802978515625, -0.05981
342.8330078125, -0.039009
342.86279296875, 0.002592
342.892822265625, 0.044194
342.9228515625, 0.071928
342.952880859375, -0.018208
342.98291015625, 0.13433
343.012939453125, 0.085795
343.04296875, -0.032076
343.072998046875, -0.05981
343.102783203125, -0.018208
343.1328125, -0.045943
343.162841796875, 0.051127
343.19287109375, 0.016459
343.222900390625, 0.113529
343.2529296875, -0.094478
343.282958984375, -0.17768
343.31298828125, 0.051127
343.343017578125, -0.052876
343.372802734375, 0.023393
343.40283203125, 0.051127
343.432861328125, -0.004341
343.462890625, 0.092728
343.492919921875, -0.032076
343.52294921875, -0.05981
343.552978515625, 0.009526
343.5830078125, 0.030326
343.61279296875, 0.016459
343.642822265625, 0.078861
343.6728515625, 0.071928
343.702880859375, -0.032076
343.73291015625, 0.016459
343.762939453125, -0.011275
343.79296875, 0.058061
343.822998046875, 0.064994
343.85302734375, -0.004341
343.8828125, 0.002592
343.912841796875, 0.085795
343.94287109375, 0.016459
343.972900390625, 0.051127
344.0029296875, -0.039009
344.032958984375, -0.073677
344.06298828125, -0.025142
344.093017578125, -0.032076
344.122802734375, 0.030326
344.15283203125, -0.08061
344.182861328125, -0.094478
344.212890625, -0.004341
344.242919921875, 0.078861
344.27294921875, 0.016459
344.302978515625, 0.127396
344.3330078125, 0.064994
344.36279296875, 0.023393
344.392822265625, -0.094478
344.4228515625, 0.044194
344.452880859375, 0.071928
344.48291015625, -0.122212
344.512939453125, 0.03726
344.54296875, 0.078861
344.572998046875, 0.148197
344.60302734375, -0.08061
344.6328125, 0.03726
344.662841796875, 0.148197
344.69287109375, -0.136079
344.722900390625, -0.039009
344.7529296875, -0.066743
344.782958984375, 0.141263
344.81298828125, 0.120463
344.843017578125, 0.127396
344.872802734375, -0.032076
344.90283203125, 0.085795
344.932861328125, 0.051127
344.962890625, 0.064994
344.992919921875, -0.032076
345.02294921875, 0.044194
345.052978515625, 0.099662
345.0830078125, 0.085795
345.113037109375, 0.058061
345.142822265625, -0.039009
345.1728515625, 0.016459
345.202880859375, 0.113529
345.23291015625, 0.051127
345.262939453125, 0.071928
345.29296875, 0.058061
345.322998046875, -0.143012
345.35302734375, -0.018208
345.3828125, -0.032076
345.412841796875, -0.004341
345.44287109375, 0.058061
345.472900390625, 0.120463
345.5029296875, 0.071928
345.532958984375, -0.004341
345.56298828125, -0.032076
345.593017578125, -0.039009
345.623046875, 0.002592
345.65283203125, 0.085795
345.682861328125, 0.03726
345.712890625, -0.052876
345.742919921875, 0.016459
345.77294921875, 0.141263
345.802978515625, 0.15513
345.8330078125, -0.039009
345.863037109375, -0.011275
345.892822265625, -0.066743
345.9228515625, -0.004341
345.952880859375, -0.011275
345.98291015625, -0.018208
346.012939453125, -0.025142
346.04296875, -0.136079
346.072998046875, -0.052876
346.10302734375, -0.039009
346.1328125, 0.009526
346.162841796875, 0.058061
346.19287109375, 0.030326
346.222900390625, 0.092728
346.2529296875, 0.009526
346.282958984375, 0.044194
346.31298828125, -0.032076
346.343017578125, -0.101411
346.373046875, 0.058061
346.40283203125, -0.018208
346.432861328125, -0.004341
346.462890625, 0.023393
346.492919921875, -0.025142
346.52294921875, -0.018208
346.552978515625, -0.087544
346.5830078125, 0.120463
346.613037109375, -0.018208
346.642822265625, 0.016459
346.6728515625, 0.023393
346.702880859375, 0.078861
346.73291015625, -0.073677
346.762939453125, -0.066743
346.79296875, -0.018208
346.822998046875, 0.106596
346.85302734375, -0.108345
346.883056640625, -0.05981
346.912841796875, 0.078861
346.94287109375, -0.032076
346.972900390625, 0.106596
347.0029296875, -0.011275
347.032958984375, 0.106596
347.06298828125, -0.018208
347.093017578125, 0.058061
347.123046875, -0.115278
347.15283203125, 0.127396
347.182861328125, 0.023393
347.212890625, -0.052876
347.242919921875, 0.009526
347.27294921875, 0.120463
347.302978515625, -0.011275
347.3330078125, 0.016459
347.363037109375, 0.044194
347.39306640625, -0.05981
347.4228515625, -0.032076
347.452880859375, -0.143012
347.48291015625, -0.094478
347.512939453125, 0.002592
347.54296875, 0.058061
347.572998046875, 0.03726
347.60302734375, 0.064994
347.633056640625, -0.025142
347.662841796875, -0.011275
347.69287109375, -0.08061
347.722900390625, -0.170747
347.7529296875, -0.045943
347.782958984375, 0.064994
347.81298828125, 0.085795
347.843017578125, -0.011275
347.873046875, -0.039009
347.90283203125, 0.044194
347.932861328125, 0.002592
347.962890625, 0.127396
347.992919921875, -0.052876
348.02294921875, 0.03726
348.052978515625, -0.108345
348.0830078125, 0.113529
348.113037109375, -0.045943
348.14306640625, 0.009526
348.1728515625, 0.064994
348.202880859375, 0.058061
348.23291015625, 0.078861
348.262939453125, -0.011275
348.29296875, 0.023393
348.322998046875, 0.009526
348.35302734375, 0.009526
348.383056640625, -0.004341
348.412841796875, 0.023393
348.44287109375, -0.045943
348.472900390625, -0.052876
348.5029296875, -0.052876
348.532958984375, 0.051127
348.56298828125, 0.051127
348.593017578125, -0.15688
348.623046875, -0.045943
348.653076171875, -0.039009
348.682861328125, -0.018208
348.712890625, -0.143012
348.742919921875, -0.073677
348.77294921875, 0.023393
348.802978515625, -0.004341
348.8330078125, -0.101411
348.863037109375, -0.032076
348.89306640625, 0.106596
348.9228515625, 0.030326
348.952880859375, 0.078861
348.98291015625, 0.03726
349.012939453125, -0.087544
349.04296875, 0.009526
349.072998046875, -0.122212
349.10302734375, 0.099662
349.133056640625, 0.009526
349.162841796875, -0.032076
349.19287109375, 0.071928
349.222900390625, -0.011275
349.2529296875, -0.066743
349.282958984375, -0.094478
349.31298828125, 0.127396
349.343017578125, 0.141263
349.373046875, -0.011275
349.403076171875, 0.162064
349.432861328125, -0.025142
349.462890625, -0.025142
349.492919921875, -0.108345
349.52294921875, 0.099662
349.552978515625, 0.030326
349.5830078125, -0.039009
349.613037109375, 0.044194
349.64306640625, 0.002592
349.6728515625, -0.025142
349.702880859375, 0.058061
349.73291015625, -0.045943
349.762939453125, -0.136079
349.79296875, 0.002592
349.822998046875, -0.115278
349.85302734375, -0.052876
349.883056640625, 0.03726
349.9130859375, 0.044194
349.94287109375, -0.039009
349.972900390625, -0.004341
350.0029296875, 0.120463
