Tag, Descricao, Modulo, Fase, Grandeza, IdSensor, Frequencia_Amostragem, Timestamp
M1IOCB1, I OPENING COIL B, 1, B, I, 1, 33333.0, 1749047566.1028318

tempos, dados
0.01953125, 0.0263
0.049560546875, 0.082014
0.07958984375, -0.001556
0.109375, -0.09209
0.139404296875, 0.10987
0.16943359375, -0.078162
0.199462890625, -0.015484
0.2294921875, -0.182624
0.259521484375, -0.029413
0.28955078125, 0.054157
0.319580078125, 0.033265
0.349365234375, 0.005408
0.37939453125, -0.078162
0.409423828125, -0.09209
0.439453125, 0.054157
0.469482421875, -0.00852
0.49951171875, -0.064233
0.529541015625, -0.09209
0.5595703125, 0.068085
0.58935546875, 0.061121
0.619384765625, 0.297902
0.6494140625, 0.019336
0.679443359375, -0.029413
0.70947265625, -0.029413
0.739501953125, 0.040229
0.76953125, 0.095942
0.799560546875, 0.095942
0.82958984375, -0.147803
0.859375, 0.033265
0.889404296875, 0.075049
0.91943359375, 0.082014
0.949462890625, 0.151655
0.9794921875, 0.179511
1.009521484375, 0.088978
1.03955078125, 0.19344
1.069580078125, -0.133875
1.099365234375, 0.088978
1.12939453125, 0.061121
1.159423828125, -0.043341
1.189453125, -0.106018
1.219482421875, -0.015484
1.24951171875, 0.005408
1.279541015625, 0.068085
1.3095703125, 0.054157
1.339599609375, -0.015484
1.369384765625, 0.054157
1.3994140625, -0.036377
1.429443359375, 0.019336
1.45947265625, 0.033265
1.489501953125, 0.054157
1.51953125, 0.0263
1.549560546875, 0.116834
1.57958984375, 0.005408
1.609375, 0.012372
1.639404296875, 0.012372
1.66943359375, -0.078162
1.699462890625, -0.022449
1.7294921875, 0.012372
1.759521484375, -0.00852
1.78955078125, -0.036377
1.819580078125, -0.133875
1.849609375, -0.015484
1.87939453125, 0.0263
1.909423828125, -0.015484
1.939453125, -0.126911
1.969482421875, 0.061121
1.99951171875, 0.054157
2.029541015625, 0.116834
2.0595703125, -0.001556
2.089599609375, 0.095942
2.119384765625, 0.033265
2.1494140625, -0.001556
2.179443359375, 0.054157
2.20947265625, -0.071198
2.239501953125, 0.054157
2.26953125, -0.029413
2.299560546875, -0.050305
2.32958984375, -0.043341
2.359375, -0.050305
2.389404296875, 0.235225
2.41943359375, -0.09209
2.449462890625, -0.057269
2.4794921875, -0.043341
2.509521484375, -0.029413
2.53955078125, 0.047193
2.569580078125, 0.19344
2.599609375, -0.057269
2.62939453125, 0.019336
2.659423828125, -0.022449
2.689453125, -0.119947
2.719482421875, -0.119947
2.74951171875, 0.179511
2.779541015625, -0.022449
2.8095703125, -0.029413
2.839599609375, 0.0263
2.869384765625, 0.144691
2.8994140625, -0.057269
2.929443359375, -0.050305
2.95947265625, 0.082014
2.989501953125, 0.061121
3.01953125, 0.061121
3.049560546875, 0.068085
3.07958984375, 0.075049
3.109619140625, -0.043341
3.139404296875, -0.001556
3.16943359375, -0.022449
3.199462890625, 0.005408
3.2294921875, -0.00852
3.259521484375, 0.095942
3.28955078125, 0.116834
3.319580078125, 0.095942
3.349609375, -0.001556
3.37939453125, -0.022449
3.409423828125, 0.088978
3.439453125, 0.088978
3.469482421875, 0.054157
3.49951171875, 0.088978
3.529541015625, 0.068085
3.5595703125, 0.040229
3.589599609375, 0.186476
3.61962890625, 0.082014
3.6494140625, 0.033265
3.679443359375, -0.064233
3.70947265625, 0.116834
3.739501953125, -0.015484
3.76953125, 0.116834
3.799560546875, -0.043341
3.82958984375, 0.075049
3.859619140625, 0.019336
3.889404296875, 0.158619
3.91943359375, 0.075049
3.949462890625, 0.012372
3.9794921875, -0.015484
4.009521484375, -0.09209
4.03955078125, -0.00852
4.069580078125, 0.075049
4.099609375, -0.029413
4.12939453125, 0.068085
4.159423828125, 0.012372
4.189453125, -0.078162
4.219482421875, 0.102906
4.24951171875, 0.068085
4.279541015625, 0.095942
4.3095703125, -0.078162
4.339599609375, 0.172547
4.36962890625, 0.082014
4.3994140625, 0.088978
4.429443359375, -0.001556
4.45947265625, -0.085126
4.489501953125, -0.085126
4.51953125, 0.075049
4.549560546875, 0.012372
4.57958984375, -0.064233
4.609619140625, 0.095942
4.639404296875, 0.019336
4.66943359375, -0.001556
4.699462890625, -0.147803
4.7294921875, 0.012372
4.759521484375, -0.001556
4.78955078125, -0.029413
4.819580078125, -0.001556
4.849609375, -0.057269
4.879638671875, 0.088978
4.909423828125, 0.102906
4.939453125, -0.029413
4.969482421875, 0.068085
4.99951171875, 0.019336
5.029541015625, 0.151655
5.0595703125, 0.047193
5.089599609375, 0.186476
5.11962890625, 0.10987
5.1494140625, 0.047193
5.179443359375, -0.022449
5.20947265625, -0.001556
5.239501953125, -0.001556
5.26953125, 0.095942
5.299560546875, -0.050305
5.32958984375, -0.085126
5.359619140625, -0.043341
5.389404296875, -0.022449
5.41943359375, 0.0263
5.449462890625, -0.085126
5.4794921875, 0.088978
5.509521484375, 0.012372
5.53955078125, -0.00852
5.569580078125, 0.033265
5.599609375, 0.179511
5.629638671875, 0.005408
5.659423828125, 0.068085
5.689453125, -0.043341
5.719482421875, 0.179511
5.74951171875, 0.054157
5.779541015625, -0.043341
5.8095703125, -0.050305
5.839599609375, -0.00852
5.86962890625, 0.123798
5.8994140625, 0.137727
5.929443359375, 0.005408
5.95947265625, 0.061121
5.989501953125, 0.0263
6.01953125, -0.071198
6.049560546875, 0.061121
6.07958984375, -0.001556
6.109619140625, -0.050305
6.1396484375, -0.015484
6.16943359375, -0.050305
6.199462890625, 0.123798
6.2294921875, -0.057269
6.259521484375, 0.040229
6.28955078125, -0.043341
6.319580078125, 0.095942
6.349609375, 0.033265
6.379638671875, -0.099054
6.409423828125, 0.095942
6.439453125, -0.064233
6.469482421875, 0.10987
6.49951171875, 0.151655
6.529541015625, 0.054157
6.5595703125, -0.057269
6.589599609375, 0.102906
6.61962890625, 0.088978
6.649658203125, -0.022449
6.679443359375, 0.040229
6.70947265625, 0.054157
6.739501953125, 0.068085
6.76953125, 0.102906
6.799560546875, 0.054157
6.82958984375, 0.068085
6.859619140625, 0.0263
6.8896484375, 0.075049
6.91943359375, 0.040229
6.949462890625, 0.005408
6.9794921875, -0.071198
7.009521484375, 0.040229
7.03955078125, 0.012372
7.069580078125, -0.119947
7.099609375, -0.015484
7.129638671875, 0.040229
7.159423828125, -0.140839
7.189453125, -0.029413
7.219482421875, 0.019336
7.24951171875, 0.068085
7.279541015625, -0.119947
7.3095703125, -0.036377
7.339599609375, -0.029413
7.36962890625, -0.001556
7.399658203125, 0.068085
7.429443359375, 0.040229
7.45947265625, 0.054157
7.489501953125, 0.068085
7.51953125, -0.015484
7.549560546875, 0.102906
7.57958984375, 0.130762
7.609619140625, -0.154767
7.6396484375, 0.012372
7.66943359375, 0.0263
7.699462890625, 0.012372
7.7294921875, 0.151655
7.759521484375, 0.116834
7.78955078125, 0.075049
7.819580078125, 0.068085
7.849609375, 0.040229
7.879638671875, 0.0263
7.90966796875, 0.0263
7.939453125, -0.106018
7.969482421875, 0.054157
7.99951171875, 0.082014
8.029541015625, 0.033265
8.0595703125, 0.088978
8.089599609375, -0.112982
8.11962890625, -0.057269
8.149658203125, -0.036377
8.179443359375, 0.137727
8.20947265625, 0.047193
8.239501953125, -0.043341
8.26953125, -0.022449
8.299560546875, 0.033265
8.32958984375, 0.019336
8.359619140625, 0.22826
8.3896484375, 0.012372
8.41943359375, 0.033265
8.449462890625, -0.001556
8.4794921875, 0.137727
8.509521484375, -0.154767
8.53955078125, -0.022449
8.569580078125, -0.029413
8.599609375, 0.0263
8.629638671875, 0.068085
8.65966796875, 0.0263
8.689453125, -0.057269
8.719482421875, 0.061121
8.74951171875, 0.033265
8.779541015625, 0.137727
8.8095703125, 0.012372
8.839599609375, 0.033265
8.86962890625, 0.033265
8.899658203125, -0.078162
8.929443359375, 0.012372
8.95947265625, 0.151655
8.989501953125, -0.043341
9.01953125, 0.158619
9.049560546875, 0.061121
9.07958984375, 0.068085
9.109619140625, 0.040229
9.1396484375, -0.00852
9.169677734375, 0.130762
9.199462890625, -0.001556
9.2294921875, 0.068085
9.259521484375, 0.095942
9.28955078125, 0.047193
9.319580078125, -0.029413
9.349609375, 0.221296
9.379638671875, 0.0263
9.40966796875, 0.102906
9.439453125, -0.071198
9.469482421875, -0.001556
9.49951171875, 0.179511
9.529541015625, 0.10987
9.5595703125, -0.112982
9.589599609375, -0.022449
9.61962890625, 0.012372
9.649658203125, 0.061121
9.6796875, 0.012372
9.70947265625, -0.133875
9.739501953125, 0.130762
9.76953125, -0.133875
9.799560546875, 0.116834
9.82958984375, 0.005408
9.859619140625, -0.043341
9.8896484375, -0.189588
9.919677734375, -0.001556
9.949462890625, -0.001556
9.9794921875, 0.0263
10.009521484375, -0.043341
10.03955078125, -0.057269
10.069580078125, -0.043341
10.099609375, 0.054157
10.129638671875, 0.082014
10.15966796875, -0.064233
10.189453125, 0.0263
10.219482421875, -0.050305
10.24951171875, 0.054157
10.279541015625, -0.022449
10.3095703125, -0.078162
10.339599609375, -0.043341
10.36962890625, 0.047193
10.399658203125, 0.005408
10.4296875, 0.012372
10.45947265625, 0.102906
10.489501953125, -0.00852
10.51953125, 0.005408
10.549560546875, 0.102906
10.57958984375, -0.09209
10.609619140625, 0.116834
10.6396484375, -0.064233
10.669677734375, 0.0263
10.699462890625, 0.061121
10.7294921875, -0.00852
10.759521484375, 0.116834
10.78955078125, -0.050305
10.819580078125, 0.095942
10.849609375, 0.095942
10.879638671875, -0.071198
10.90966796875, -0.099054
10.939697265625, 0.068085
10.969482421875, -0.043341
10.99951171875, 0.082014
11.029541015625, 0.075049
11.0595703125, 0.075049
11.089599609375, -0.161731
11.11962890625, 0.012372
11.149658203125, 0.116834
11.1796875, 0.10987
11.20947265625, 0.137727
11.239501953125, -0.099054
11.26953125, 0.005408
11.299560546875, -0.00852
11.32958984375, 0.054157
11.359619140625, -0.071198
11.3896484375, 0.144691
11.419677734375, 0.158619
11.44970703125, 0.012372
11.4794921875, -0.112982
11.509521484375, 0.005408
11.53955078125, 0.012372
11.569580078125, 0.033265
11.599609375, 0.047193
11.629638671875, -0.00852
11.65966796875, 0.0263
11.689697265625, 0.019336
11.719482421875, 0.061121
11.74951171875, -0.106018
11.779541015625, -0.050305
11.8095703125, 0.047193
11.839599609375, 0.019336
11.86962890625, 0.0263
11.899658203125, 0.061121
11.9296875, -0.099054
11.95947265625, -0.022449
11.989501953125, -0.043341
12.01953125, 0.137727
12.049560546875, 0.061121
12.07958984375, 0.102906
12.109619140625, -0.043341
12.1396484375, -0.133875
12.169677734375, 0.012372
12.19970703125, 0.158619
12.2294921875, -0.015484
12.259521484375, 0.116834
12.28955078125, 0.033265
12.319580078125, 0.012372
12.349609375, -0.022449
12.379638671875, 0.012372
12.40966796875, 0.068085
12.439697265625, 0.012372
12.469482421875, 0.088978
12.49951171875, 0.040229
12.529541015625, -0.029413
12.5595703125, 0.088978
12.589599609375, 0.075049
12.61962890625, 0.082014
12.649658203125, 0.005408
12.6796875, 0.068085
12.709716796875, 0.005408
12.739501953125, 0.033265
12.76953125, -0.036377
12.799560546875, -0.001556
12.82958984375, 0.186476
12.859619140625, 0.040229
12.8896484375, -0.050305
12.919677734375, 0.040229
12.94970703125, 0.165583
12.9794921875, 0.123798
13.009521484375, 0.047193
13.03955078125, 0.012372
13.069580078125, 0.019336
13.099609375, -0.043341
13.129638671875, 0.012372
13.15966796875, -0.015484
13.189697265625, 0.082014
13.219482421875, 0.040229
13.24951171875, -0.001556
13.279541015625, -0.029413
13.3095703125, -0.022449
13.339599609375, 0.019336
13.36962890625, 0.047193
13.399658203125, 0.068085
13.4296875, 0.005408
13.459716796875, 0.054157
13.489501953125, 0.116834
13.51953125, -0.126911
13.549560546875, -0.029413
13.57958984375, 0.040229
13.609619140625, 0.033265
13.6396484375, -0.057269
13.669677734375, 0.047193
13.69970703125, -0.078162
13.7294921875, 0.012372
13.759521484375, 0.116834
13.78955078125, 0.144691
13.819580078125, -0.015484
13.849609375, 0.068085
13.879638671875, 0.0263
13.90966796875, 0.088978
13.939697265625, 0.033265
13.9697265625, -0.09209
13.99951171875, 0.095942
14.029541015625, 0.123798
14.0595703125, -0.00852
14.089599609375, 0.144691
14.11962890625, 0.019336
14.149658203125, 0.116834
14.1796875, 0.061121
14.209716796875, -0.001556
14.239501953125, 0.040229
14.26953125, 0.10987
14.299560546875, -0.00852
14.32958984375, -0.043341
14.359619140625, 0.151655
14.3896484375, 0.047193
14.419677734375, 0.068085
14.44970703125, 0.165583
14.479736328125, 0.054157
14.509521484375, -0.106018
14.53955078125, 0.005408
14.569580078125, 0.040229
14.599609375, -0.043341
14.629638671875, 0.012372
14.65966796875, 0.054157
14.689697265625, 0.200404
14.7197265625, 0.123798
14.74951171875, 0.054157
14.779541015625, 0.005408
14.8095703125, 0.054157
14.839599609375, 0.075049
14.86962890625, 0.088978
14.899658203125, -0.00852
14.9296875, 0.012372
14.959716796875, -0.050305
14.989501953125, -0.043341
15.01953125, -0.057269
15.049560546875, 0.144691
15.07958984375, -0.022449
15.109619140625, -0.029413
15.1396484375, 0.082014
15.169677734375, 0.082014
15.19970703125, -0.161731
15.229736328125, 0.054157
15.259521484375, 0.137727
15.28955078125, 0.0263
15.319580078125, -0.078162
15.349609375, 0.123798
15.379638671875, -0.050305
15.40966796875, -0.085126
15.439697265625, 0.151655
15.4697265625, -0.043341
15.49951171875, -0.112982
15.529541015625, 0.005408
15.5595703125, 0.054157
15.589599609375, 0.088978
15.61962890625, -0.015484
15.649658203125, -0.071198
15.6796875, 0.075049
15.709716796875, 0.123798
15.73974609375, -0.050305
15.76953125, 0.047193
15.799560546875, 0.019336
15.82958984375, -0.00852
15.859619140625, 0.068085
15.8896484375, 0.130762
15.919677734375, 0.116834
15.94970703125, -0.119947
15.979736328125, 0.040229
16.009521484375, -0.057269
16.03955078125, -0.057269
16.069580078125, -0.029413
16.099609375, -0.050305
16.129638671875, 0.005408
16.15966796875, -0.182624
16.189697265625, -0.022449
16.2197265625, -0.112982
16.24951171875, -0.029413
16.279541015625, 0.095942
16.3095703125, 0.054157
16.339599609375, 0.095942
16.36962890625, 0.054157
16.399658203125, 0.123798
16.4296875, 0.005408
16.459716796875, 0.047193
16.48974609375, 0.10987
16.51953125, 0.068085
16.549560546875, -0.126911
16.57958984375, -0.057269
16.609619140625, 0.10987
16.6396484375, -0.015484
16.669677734375, -0.015484
16.69970703125, -0.029413
16.729736328125, 0.102906
16.759521484375, 0.068085
16.78955078125, -0.043341
16.819580078125, 0.068085
16.849609375, -0.036377
16.879638671875, 0.130762
16.90966796875, -0.00852
16.939697265625, 0.082014
16.9697265625, -0.106018
16.999755859375, 0.082014
17.029541015625, -0.050305
17.0595703125, 0.075049
17.089599609375, 0.033265
17.11962890625, 0.102906
17.149658203125, -0.071198
17.1796875, 0.095942
17.209716796875, 0.095942
17.23974609375, 0.047193
17.26953125, 0.047193
17.299560546875, -0.043341
17.32958984375, 0.186476
17.359619140625, 0.082014
17.3896484375, 0.054157
17.419677734375, 0.068085
17.44970703125, 0.088978
17.479736328125, 0.158619
17.509765625, -0.022449
17.53955078125, 0.054157
17.569580078125, -0.112982
17.599609375, 0.054157
17.629638671875, -0.099054
17.65966796875, 0.075049
17.689697265625, -0.001556
17.7197265625, -0.071198
17.749755859375, -0.043341
17.779541015625, 0.082014
17.8095703125, -0.022449
17.839599609375, 0.068085
17.86962890625, -0.085126
17.899658203125, -0.099054
17.9296875, -0.00852
17.959716796875, 0.012372
17.98974609375, 0.033265
18.01953125, 0.033265
18.049560546875, 0.151655
18.07958984375, 0.10987
18.109619140625, 0.019336
18.1396484375, 0.095942
18.169677734375, 0.082014
18.19970703125, 0.0263
18.229736328125, 0.123798
18.259765625, 0.151655
18.28955078125, -0.085126
18.319580078125, 0.137727
18.349609375, 0.088978
18.379638671875, -0.036377
18.40966796875, 0.075049
18.439697265625, -0.085126
18.4697265625, -0.154767
18.499755859375, 0.047193
18.529541015625, -0.057269
18.5595703125, -0.022449
18.589599609375, -0.050305
18.61962890625, -0.057269
18.649658203125, -0.029413
18.6796875, -0.00852
18.709716796875, -0.057269
18.73974609375, -0.064233
18.769775390625, -0.036377
18.799560546875, 0.088978
18.82958984375, 0.0263
18.859619140625, 0.047193
18.8896484375, -0.022449
18.919677734375, 0.102906
18.94970703125, 0.005408
18.979736328125, 0.095942
19.009765625, -0.001556
19.03955078125, 0.10987
19.069580078125, 0.061121
19.099609375, -0.043341
19.129638671875, 0.088978
19.15966796875, 0.005408
19.189697265625, -0.133875
19.2197265625, -0.015484
19.249755859375, 0.054157
19.27978515625, -0.001556
19.3095703125, -0.029413
19.339599609375, 0.012372
19.36962890625, 0.116834
19.399658203125, -0.00852
19.4296875, 0.0263
19.459716796875, 0.033265
19.48974609375, -0.029413
19.519775390625, 0.054157
19.549560546875, 0.054157
19.57958984375, 0.005408
19.609619140625, 0.116834
19.6396484375, -0.015484
19.669677734375, 0.019336
19.69970703125, -0.043341
19.729736328125, 0.172547
19.759765625, 0.054157
19.78955078125, 0.075049
19.819580078125, 0.10987
19.849609375, -0.043341
19.879638671875, -0.015484
19.90966796875, 0.082014
19.939697265625, -0.00852
19.9697265625, 0.033265
19.999755859375, 0.151655
20.02978515625, 0.130762
20.0595703125, 0.040229
20.089599609375, 0.047193
20.11962890625, 0.033265
20.149658203125, 0.0263
20.1796875, -0.119947
20.209716796875, 0.082014
20.23974609375, 0.0263
20.269775390625, 0.040229
20.299560546875, 0.172547
20.32958984375, 0.054157
20.359619140625, -0.106018
20.3896484375, 0.10987
20.419677734375, -0.064233
20.44970703125, -0.029413
20.479736328125, 0.061121
20.509765625, 0.123798
20.539794921875, -0.015484
20.569580078125, -0.057269
20.599609375, -0.00852
20.629638671875, 0.082014
20.65966796875, -0.106018
20.689697265625, 0.033265
20.7197265625, 0.054157
20.749755859375, -0.00852
20.77978515625, 0.040229
20.8095703125, -0.057269
20.839599609375, 0.047193
20.86962890625, 0.179511
20.899658203125, -0.078162
20.9296875, -0.022449
20.959716796875, -0.050305
20.98974609375, -0.015484
21.019775390625, 0.047193
21.049560546875, 0.047193
21.07958984375, -0.001556
21.109619140625, 0.012372
21.1396484375, 0.068085
21.169677734375, 0.012372
21.19970703125, 0.040229
21.229736328125, -0.050305
21.259765625, 0.214332
21.289794921875, 0.040229
21.319580078125, 0.040229
21.349609375, 0.144691
21.379638671875, 0.054157
21.40966796875, 0.061121
21.439697265625, 0.054157
21.4697265625, -0.015484
21.499755859375, -0.106018
21.52978515625, 0.033265
21.5595703125, 0.082014
21.589599609375, 0.005408
21.61962890625, 0.102906
21.649658203125, -0.196552
21.6796875, 0.019336
21.709716796875, -0.050305
21.73974609375, -0.001556
21.769775390625, 0.054157
21.7998046875, 0.012372
21.82958984375, 0.088978
21.859619140625, -0.015484
21.8896484375, 0.151655
21.919677734375, -0.043341
21.94970703125, -0.126911
21.979736328125, -0.029413
22.009765625, 0.116834
22.039794921875, 0.0263
22.069580078125, 0.019336
22.099609375, 0.054157
22.129638671875, 0.033265
22.15966796875, -0.071198
22.189697265625, 0.179511
22.2197265625, -0.029413
22.249755859375, 0.033265
22.27978515625, 0.005408
22.309814453125, 0.082014
22.339599609375, -0.043341
22.36962890625, 0.040229
22.399658203125, 0.186476
22.4296875, 0.102906
22.459716796875, -0.001556
22.48974609375, -0.078162
22.519775390625, 0.10987
22.5498046875, -0.09209
22.57958984375, -0.09209
22.609619140625, -0.09209
22.6396484375, -0.022449
22.669677734375, -0.050305
22.69970703125, -0.015484
22.729736328125, 0.082014
22.759765625, -0.015484
22.789794921875, 0.019336
22.819580078125, -0.043341
22.849609375, -0.09209
22.879638671875, 0.10987
22.90966796875, 0.033265
22.939697265625, 0.123798
22.9697265625, 0.221296
22.999755859375, -0.015484
23.02978515625, -0.099054
23.059814453125, 0.116834
23.089599609375, -0.085126
23.11962890625, 0.102906
23.149658203125, -0.057269
23.1796875, 0.116834
23.209716796875, -0.099054
23.23974609375, 0.019336
23.269775390625, -0.015484
23.2998046875, -0.043341
23.32958984375, 0.137727
23.359619140625, 0.095942
23.3896484375, 0.047193
23.419677734375, 0.0263
23.44970703125, -0.099054
23.479736328125, 0.005408
23.509765625, 0.158619
23.539794921875, -0.029413
23.56982421875, 0.061121
23.599609375, -0.001556
23.629638671875, 0.158619
23.65966796875, 0.116834
23.689697265625, 0.0263
23.7197265625, 0.082014
23.749755859375, -0.17566
23.77978515625, 0.012372
23.809814453125, -0.085126
23.839599609375, 0.061121
23.86962890625, 0.200404
23.899658203125, 0.116834
23.9296875, 0.012372
23.959716796875, 0.0263
23.98974609375, 0.040229
24.019775390625, -0.001556
24.0498046875, -0.015484
24.079833984375, -0.133875
24.109619140625, 0.033265
24.1396484375, 0.012372
24.169677734375, 0.019336
24.19970703125, 0.068085
24.229736328125, -0.09209
24.259765625, 0.144691
24.289794921875, -0.015484
24.31982421875, 0.047193
24.349609375, 0.0263
24.379638671875, 0.144691
24.40966796875, -0.001556
24.439697265625, -0.036377
24.4697265625, 0.047193
24.499755859375, -0.036377
24.52978515625, -0.085126
24.559814453125, -0.015484
24.589599609375, 0.095942
24.61962890625, -0.036377
24.649658203125, -0.001556
24.6796875, -0.057269
24.709716796875, 0.095942
24.73974609375, -0.043341
24.769775390625, 0.082014
24.7998046875, 0.151655
24.829833984375, 0.019336
24.859619140625, 0.075049
24.8896484375, 0.10987
24.919677734375, 0.054157
24.94970703125, -0.036377
24.979736328125, -0.001556
25.009765625, 0.012372
25.039794921875, -0.050305
25.06982421875, 0.186476
25.099609375, -0.00852
25.129638671875, 0.144691
25.15966796875, -0.099054
25.189697265625, 0.165583
25.2197265625, -0.085126
25.249755859375, 0.179511
25.27978515625, 0.10987
25.309814453125, 0.047193
25.33984375, -0.050305
25.36962890625, -0.022449
25.399658203125, -0.064233
25.4296875, -0.050305
25.459716796875, 0.088978
25.48974609375, 0.137727
25.519775390625, 0.033265
25.5498046875, 0.061121
25.579833984375, 0.0263
25.609619140625, 0.061121
25.6396484375, 0.144691
25.669677734375, 0.123798
25.69970703125, 0.012372
25.729736328125, 0.144691
25.759765625, 0.075049
25.789794921875, 0.040229
25.81982421875, 0.151655
25.849609375, 0.0263
25.879638671875, -0.029413
25.90966796875, 0.158619
25.939697265625, 0.047193
25.9697265625, 0.033265
25.999755859375, -0.001556
26.02978515625, -0.050305
26.059814453125, 0.012372
26.08984375, -0.029413
26.11962890625, 0.116834
26.149658203125, 0.088978
26.1796875, -0.015484
26.209716796875, 0.116834
26.23974609375, 0.040229
26.269775390625, -0.064233
26.2998046875, 0.068085
26.329833984375, 0.040229
26.359619140625, -0.036377
26.3896484375, -0.036377
26.419677734375, -0.036377
26.44970703125, -0.071198
26.479736328125, 0.054157
26.509765625, -0.015484
26.539794921875, 0.102906
26.56982421875, 0.061121
26.599853515625, -0.036377
26.629638671875, 0.102906
26.65966796875, 0.158619
26.689697265625, 0.033265
26.7197265625, 0.137727
26.749755859375, -0.022449
26.77978515625, 0.123798
26.809814453125, 0.082014
26.83984375, 0.061121
26.86962890625, 0.068085
26.899658203125, 0.061121
26.9296875, 0.047193
26.959716796875, 0.005408
26.98974609375, -0.029413
27.019775390625, 0.116834
27.0498046875, 0.0263
27.079833984375, -0.050305
27.10986328125, 0.088978
27.1396484375, 0.179511
27.169677734375, -0.050305
27.19970703125, 0.123798
27.229736328125, 0.130762
27.259765625, -0.09209
27.289794921875, 0.061121
27.31982421875, -0.050305
27.349853515625, -0.029413
27.379638671875, 0.068085
27.40966796875, 0.123798
27.439697265625, 0.200404
27.4697265625, 0.088978
27.499755859375, 0.130762
27.52978515625, 0.116834
27.559814453125, 0.130762
27.58984375, -0.043341
27.61962890625, -0.001556
27.649658203125, 0.068085
27.6796875, 0.040229
27.709716796875, -0.029413
27.73974609375, 0.158619
27.769775390625, -0.015484
27.7998046875, 0.0263
27.829833984375, 0.10987
27.85986328125, 0.179511
27.8896484375, -0.001556
27.919677734375, -0.154767
27.94970703125, 0.068085
27.979736328125, 0.116834
28.009765625, 0.082014
28.039794921875, -0.001556
28.06982421875, -0.064233
28.099853515625, -0.126911
28.129638671875, 0.130762
28.15966796875, 0.075049
28.189697265625, -0.043341
28.2197265625, 0.068085
28.249755859375, 0.019336
28.27978515625, 0.012372
28.309814453125, 0.130762
28.33984375, 0.047193
28.369873046875, 0.082014
28.399658203125, -0.064233
28.4296875, 0.095942
28.459716796875, 0.0263
28.48974609375, 0.005408
28.519775390625, 0.040229
28.5498046875, 0.179511
28.579833984375, -0.085126
28.60986328125, 0.082014
28.6396484375, 0.075049
28.669677734375, 0.019336
28.69970703125, -0.064233
28.729736328125, 0.033265
28.759765625, 0.082014
28.789794921875, -0.078162
28.81982421875, 0.165583
28.849853515625, 0.144691
28.879638671875, -0.00852
28.90966796875, 0.040229
28.939697265625, 0.082014
28.9697265625, 0.047193
28.999755859375, 0.0263
29.02978515625, 0.082014
29.059814453125, -0.029413
29.08984375, 0.054157
29.119873046875, 0.095942
29.149658203125, 0.144691
29.1796875, -0.036377
29.209716796875, 0.005408
29.23974609375, 0.033265
29.269775390625, -0.064233
29.2998046875, -0.001556
29.329833984375, -0.015484
29.35986328125, 0.068085
29.3896484375, -0.001556
29.419677734375, 0.068085
29.44970703125, 0.005408
29.479736328125, 0.061121
29.509765625, 0.088978
29.539794921875, -0.015484
29.56982421875, 0.040229
29.599853515625, -0.064233
29.6298828125, 0.137727
29.65966796875, 0.047193
29.689697265625, 0.033265
29.7197265625, -0.022449
29.749755859375, -0.140839
29.77978515625, 0.082014
29.809814453125, 0.088978
29.83984375, -0.057269
29.869873046875, 0.061121
29.899658203125, -0.050305
29.9296875, 0.116834
29.959716796875, -0.133875
29.98974609375, 0.095942
30.019775390625, 0.075049
30.0498046875, -0.099054
30.079833984375, 0.130762
30.10986328125, -0.126911
30.139892578125, 0.10987
30.169677734375, 0.137727
30.19970703125, -0.071198
30.229736328125, -0.015484
30.259765625, -0.036377
30.289794921875, 0.075049
30.31982421875, 0.102906
30.349853515625, 0.116834
30.3798828125, -0.043341
30.40966796875, -0.029413
30.439697265625, 0.047193
30.4697265625, 0.061121
30.499755859375, 0.047193
30.52978515625, 0.095942
30.559814453125, 0.033265
30.58984375, -0.036377
30.619873046875, 0.095942
30.649658203125, 0.116834
30.6796875, 0.054157
30.709716796875, 0.054157
30.73974609375, 0.0263
30.769775390625, 0.10987
30.7998046875, 0.019336
30.829833984375, 0.19344
30.85986328125, 0.095942
30.889892578125, -0.036377
30.919677734375, -0.050305
30.94970703125, -0.161731
30.979736328125, 0.22826
31.009765625, -0.001556
31.039794921875, 0.054157
31.06982421875, -0.043341
31.099853515625, -0.001556
31.1298828125, -0.029413
31.15966796875, 0.075049
31.189697265625, -0.015484
31.2197265625, 0.047193
31.249755859375, 0.130762
31.27978515625, 0.068085
31.309814453125, -0.00852
31.33984375, 0.040229
31.369873046875, -0.09209
31.39990234375, 0.095942
31.4296875, -0.036377
31.459716796875, -0.078162
31.48974609375, -0.09209
31.519775390625, -0.078162
31.5498046875, -0.001556
31.579833984375, -0.057269
31.60986328125, 0.019336
31.639892578125, 0.061121
31.669677734375, -0.015484
31.69970703125, 0.033265
31.729736328125, 0.0263
31.759765625, -0.085126
31.789794921875, 0.012372
31.81982421875, -0.161731
31.849853515625, 0.088978
31.8798828125, -0.071198
31.909912109375, -0.029413
31.939697265625, 0.130762
31.9697265625, -0.001556
31.999755859375, 0.102906
32.02978515625, 0.179511
32.059814453125, -0.029413
32.08984375, 0.088978
32.119873046875, -0.071198
32.14990234375, 0.019336
32.1796875, 0.054157
32.209716796875, 0.005408
32.23974609375, -0.050305
32.269775390625, 0.005408
32.2998046875, 0.040229
32.329833984375, 0.061121
32.35986328125, -0.112982
32.389892578125, 0.047193
32.419677734375, -0.036377
32.44970703125, 0.116834
32.479736328125, -0.043341
32.509765625, -0.036377
32.539794921875, -0.099054
32.56982421875, 0.012372
32.599853515625, -0.057269
32.6298828125, -0.078162
32.659912109375, 0.082014
32.689697265625, 0.068085
32.7197265625, 0.012372
32.749755859375, 0.095942
32.77978515625, -0.015484
32.809814453125, -0.029413
32.83984375, 0.047193
32.869873046875, 0.082014
32.89990234375, -0.078162
32.9296875, 0.068085
32.959716796875, 0.0263
32.98974609375, -0.015484
33.019775390625, -0.029413
33.0498046875, 0.151655
33.079833984375, 0.207368
33.10986328125, 0.040229
33.139892578125, -0.001556
33.169921875, -0.029413
33.19970703125, 0.082014
33.229736328125, -0.106018
33.259765625, -0.029413
33.289794921875, -0.112982
33.31982421875, -0.029413
33.349853515625, -0.057269
33.3798828125, 0.061121
33.409912109375, 0.012372
33.439697265625, 0.040229
33.4697265625, -0.036377
33.499755859375, -0.022449
33.52978515625, -0.043341
33.559814453125, 0.040229
33.58984375, -0.015484
33.619873046875, -0.001556
33.64990234375, 0.082014
33.6796875, 0.005408
33.709716796875, 0.012372
33.73974609375, -0.071198
33.769775390625, -0.029413
33.7998046875, 0.054157
33.829833984375, 0.095942
33.85986328125, -0.001556
33.889892578125, 0.019336
33.919921875, 0.137727
33.94970703125, 0.019336
33.979736328125, -0.057269
34.009765625, -0.029413
34.039794921875, -0.050305
34.06982421875, 0.082014
34.099853515625, 0.033265
34.1298828125, 0.019336
34.159912109375, 0.0263
34.189697265625, 0.082014
34.2197265625, 0.047193
34.249755859375, 0.088978
34.27978515625, -0.015484
34.309814453125, -0.036377
34.33984375, -0.119947
34.369873046875, 0.102906
34.39990234375, 0.144691
34.429931640625, 0.012372
34.459716796875, 0.082014
34.48974609375, -0.022449
34.519775390625, 0.033265
34.5498046875, -0.043341
34.579833984375, 0.040229
34.60986328125, 0.102906
34.639892578125, 0.095942
34.669921875, -0.085126
34.69970703125, 0.10987
34.729736328125, -0.029413
34.759765625, 0.012372
34.789794921875, -0.043341
34.81982421875, 0.040229
34.849853515625, -0.036377
34.8798828125, 0.0263
34.909912109375, -0.022449
34.93994140625, -0.064233
34.9697265625, 0.068085
34.999755859375, 0.047193
35.02978515625, 0.0263
35.059814453125, -0.050305
35.08984375, 0.130762
35.119873046875, 0.054157
35.14990234375, 0.068085
35.179931640625, 0.019336
35.209716796875, -0.099054
35.23974609375, -0.029413
35.269775390625, 0.019336
35.2998046875, -0.119947
35.329833984375, 0.040229
35.35986328125, 0.068085
35.389892578125, 0.088978
35.419921875, 0.040229
35.44970703125, 0.144691
35.479736328125, 0.0263
35.509765625, -0.078162
35.539794921875, -0.09209
35.56982421875, 0.095942
35.599853515625, -0.071198
35.6298828125, 0.033265
35.659912109375, -0.071198
35.68994140625, 0.068085
35.7197265625, 0.019336
35.749755859375, 0.054157
35.77978515625, -0.015484
35.809814453125, -0.00852
35.83984375, -0.00852
35.869873046875, -0.112982
35.89990234375, -0.085126
35.929931640625, 0.040229
35.959716796875, -0.106018
35.98974609375, -0.00852
36.019775390625, -0.029413
36.0498046875, -0.036377
36.079833984375, 0.082014
36.10986328125, -0.078162
36.139892578125, -0.00852
36.169921875, 0.068085
36.199951171875, 0.151655
36.229736328125, 0.040229
36.259765625, -0.09209
36.289794921875, 0.0263
36.31982421875, 0.019336
36.349853515625, 0.075049
36.3798828125, -0.071198
36.409912109375, -0.001556
36.43994140625, -0.036377
36.4697265625, -0.036377
36.499755859375, 0.082014
36.52978515625, 0.033265
36.559814453125, 0.005408
36.58984375, 0.054157
36.619873046875, 0.040229
36.64990234375, 0.005408
36.679931640625, 0.186476
36.709716796875, 0.061121
36.73974609375, 0.088978
36.769775390625, 0.040229
36.7998046875, 0.005408
36.829833984375, 0.088978
36.85986328125, -0.071198
36.889892578125, 0.061121
36.919921875, 0.040229
36.949951171875, 0.005408
36.979736328125, -0.00852
37.009765625, -0.106018
37.039794921875, 0.061121
37.06982421875, 0.130762
37.099853515625, -0.050305
37.1298828125, 0.019336
37.159912109375, 0.068085
37.18994140625, -0.022449
37.2197265625, -0.057269
37.249755859375, -0.00852
37.27978515625, 0.033265
37.309814453125, 0.012372
37.33984375, 0.061121
37.369873046875, -0.161731
37.39990234375, 0.005408
37.429931640625, 0.088978
37.4599609375, 0.10987
37.48974609375, -0.050305
37.519775390625, -0.043341
37.5498046875, 0.047193
37.579833984375, 0.040229
37.60986328125, 0.005408
37.639892578125, -0.001556
37.669921875, -0.119947
37.699951171875, -0.015484
37.729736328125, -0.022449
37.759765625, 0.047193
37.789794921875, 0.068085
37.81982421875, -0.057269
37.849853515625, -0.057269
37.8798828125, -0.029413
37.909912109375, 0.005408
37.93994140625, 0.10987
37.969970703125, -0.022449
37.999755859375, 0.0263
38.02978515625, -0.106018
38.059814453125, 0.054157
38.08984375, -0.036377
38.119873046875, 0.054157
38.14990234375, 0.082014
38.179931640625, 0.10987
38.2099609375, 0.10987
38.23974609375, 0.040229
38.269775390625, -0.050305
38.2998046875, 0.012372
38.329833984375, 0.116834
38.35986328125, -0.057269
38.389892578125, 0.0263
38.419921875, -0.064233
38.449951171875, 0.158619
38.479736328125, 0.130762
38.509765625, -0.022449
38.539794921875, 0.033265
38.56982421875, -0.001556
38.599853515625, 0.047193
38.6298828125, 0.0263
38.659912109375, 0.075049
38.68994140625, 0.012372
38.719970703125, 0.130762
38.749755859375, 0.10987
38.77978515625, 0.040229
38.809814453125, 0.040229
38.83984375, 0.005408
38.869873046875, 0.040229
38.89990234375, -0.057269
38.929931640625, -0.022449
38.9599609375, 0.075049
38.98974609375, 0.102906
39.019775390625, 0.082014
39.0498046875, 0.033265
39.079833984375, 0.033265
39.10986328125, 0.040229
39.139892578125, -0.001556
39.169921875, -0.078162
39.199951171875, 0.054157
39.22998046875, 0.012372
39.259765625, 0.186476
39.289794921875, 0.082014
39.31982421875, -0.029413
39.349853515625, -0.036377
39.3798828125, 0.040229
39.409912109375, 0.047193
39.43994140625, 0.054157
39.469970703125, -0.119947
39.499755859375, 0.061121
39.52978515625, 0.088978
39.559814453125, 0.040229
39.58984375, -0.043341
39.619873046875, -0.071198
39.64990234375, -0.015484
39.679931640625, 0.0263
39.7099609375, 0.033265
39.739990234375, 0.082014
39.769775390625, 0.0263
39.7998046875, 0.054157
39.829833984375, -0.064233
39.85986328125, 0.095942
39.889892578125, 0.033265
39.919921875, 0.179511
39.949951171875, 0.144691
39.97998046875, 0.095942
40.009765625, 0.012372
40.039794921875, -0.001556
40.06982421875, -0.071198
40.099853515625, 0.172547
40.1298828125, -0.043341
40.159912109375, 0.130762
40.18994140625, -0.071198
40.219970703125, -0.050305
40.249755859375, -0.036377
40.27978515625, -0.022449
40.309814453125, 0.068085
40.33984375, 0.061121
40.369873046875, 0.095942
40.39990234375, 0.0263
40.429931640625, 0.075049
40.4599609375, 0.095942
40.489990234375, -0.043341
40.519775390625, -0.043341
40.5498046875, -0.036377
40.579833984375, 0.012372
40.60986328125, 0.095942
40.639892578125, -0.043341
40.669921875, 0.075049
40.699951171875, 0.130762
40.72998046875, 0.0263
40.759765625, -0.036377
40.789794921875, 0.088978
40.81982421875, -0.00852
40.849853515625, -0.015484
40.8798828125, 0.088978
40.909912109375, -0.022449
40.93994140625, 0.068085
40.969970703125, -0.036377
41.0, 0.054157
41.02978515625, 0.116834
41.059814453125, 0.040229
41.08984375, 0.019336
41.119873046875, 0.012372
41.14990234375, -0.057269
41.179931640625, -0.085126
41.2099609375, 0.165583
41.239990234375, -0.071198
41.269775390625, -0.140839
41.2998046875, 0.116834
41.329833984375, 0.061121
41.35986328125, -0.050305
41.389892578125, 0.061121
41.419921875, -0.022449
41.449951171875, 0.054157
41.47998046875, 0.123798
41.509765625, 0.054157
41.539794921875, 0.10987
41.56982421875, -0.078162
41.599853515625, -0.057269
41.6298828125, 0.061121
41.659912109375, 0.040229
41.68994140625, 0.116834
41.719970703125, 0.082014
41.75, 0.040229
41.77978515625, 0.075049
41.809814453125, 0.033265
41.83984375, -0.015484
41.869873046875, 0.095942
41.89990234375, -0.036377
41.929931640625, 0.082014
41.9599609375, 0.082014
41.989990234375, -0.00852
42.019775390625, 0.095942
42.0498046875, 0.130762
42.079833984375, -0.071198
42.10986328125, -0.029413
42.139892578125, -0.064233
42.169921875, -0.001556
42.199951171875, 0.075049
42.22998046875, -0.043341
42.260009765625, -0.057269
42.289794921875, 0.235225
42.31982421875, -0.064233
42.349853515625, 0.040229
42.3798828125, 0.123798
42.409912109375, 0.123798
42.43994140625, 0.054157
42.469970703125, 0.012372
42.5, -0.00852
42.52978515625, 0.061121
42.559814453125, 0.0263
42.58984375, 0.019336
42.619873046875, 0.019336
42.64990234375, 0.123798
42.679931640625, -0.029413
42.7099609375, 0.144691
42.739990234375, 0.075049
42.77001953125, 0.10987
42.7998046875, 0.012372
42.829833984375, 0.047193
42.85986328125, 0.075049
42.889892578125, 0.0263
42.919921875, -0.00852
42.949951171875, -0.00852
42.97998046875, 0.068085
43.010009765625, -0.036377
43.039794921875, -0.015484
43.06982421875, -0.015484
43.099853515625, -0.029413
43.1298828125, -0.09209
43.159912109375, 0.033265
43.18994140625, 0.040229
43.219970703125, 0.088978
43.25, -0.112982
43.27978515625, -0.001556
43.309814453125, 0.054157
43.33984375, -0.001556
43.369873046875, -0.022449
43.39990234375, -0.071198
43.429931640625, 0.088978
43.4599609375, 0.0263
43.489990234375, 0.130762
43.52001953125, 0.054157
43.5498046875, -0.001556
43.579833984375, -0.078162
43.60986328125, 0.005408
43.639892578125, -0.085126
43.669921875, 0.054157
43.699951171875, 0.075049
43.72998046875, 0.033265
43.760009765625, 0.088978
43.789794921875, 0.095942
43.81982421875, -0.001556
43.849853515625, 0.123798
43.8798828125, -0.050305
43.909912109375, 0.10987
43.93994140625, -0.064233
43.969970703125, 0.047193
44.0, -0.133875
44.030029296875, -0.036377
44.059814453125, 0.005408
44.08984375, -0.001556
44.119873046875, 0.165583
44.14990234375, -0.043341
44.179931640625, 0.068085
44.2099609375, 0.033265
44.239990234375, 0.095942
44.27001953125, 0.130762
44.2998046875, 0.075049
44.329833984375, 0.040229
44.35986328125, 0.019336
44.389892578125, -0.00852
44.419921875, 0.047193
44.449951171875, 0.137727
44.47998046875, 0.033265
44.510009765625, 0.144691
44.539794921875, -0.057269
44.56982421875, 0.095942
44.599853515625, 0.165583
44.6298828125, -0.057269
44.659912109375, -0.001556
44.68994140625, 0.249153
44.719970703125, -0.09209
44.75, 0.005408
44.780029296875, 0.047193
44.809814453125, -0.161731
44.83984375, 0.158619
44.869873046875, -0.099054
44.89990234375, 0.047193
44.929931640625, -0.140839
44.9599609375, 0.095942
44.989990234375, -0.029413
45.02001953125, 0.0263
45.0498046875, 0.116834
45.079833984375, 0.012372
45.10986328125, 0.179511
45.139892578125, -0.00852
45.169921875, -0.022449
45.199951171875, -0.085126
45.22998046875, 0.040229
45.260009765625, 0.005408
45.2900390625, 0.061121
45.31982421875, 0.012372
45.349853515625, 0.054157
45.3798828125, 0.054157
45.409912109375, -0.050305
45.43994140625, 0.061121
45.469970703125, 0.068085
45.5, 0.130762
45.530029296875, -0.022449
45.559814453125, 0.005408
45.58984375, 0.123798
45.619873046875, 0.082014
45.64990234375, 0.075049
45.679931640625, 0.151655
45.7099609375, 0.068085
45.739990234375, 0.082014
45.77001953125, 0.0263
45.800048828125, 0.054157
45.829833984375, -0.015484
45.85986328125, -0.09209
45.889892578125, 0.165583
45.919921875, 0.082014
45.949951171875, -0.09209
45.97998046875, 0.095942
46.010009765625, 0.040229
46.0400390625, 0.019336
46.06982421875, -0.015484
46.099853515625, 0.047193
46.1298828125, 0.151655
46.159912109375, -0.064233
46.18994140625, 0.033265
46.219970703125, -0.043341
46.25, -0.001556
46.280029296875, -0.085126
46.309814453125, 0.040229
46.33984375, -0.112982
46.369873046875, -0.022449
46.39990234375, -0.022449
46.429931640625, 0.0263
46.4599609375, 0.088978
46.489990234375, 0.061121
46.52001953125, 0.116834
46.550048828125, 0.019336
46.579833984375, 0.116834
46.60986328125, 0.116834
46.639892578125, -0.168695
46.669921875, 0.144691
46.699951171875, 0.10987
46.72998046875, 0.054157
46.760009765625, 0.082014
46.7900390625, 0.0263
46.81982421875, -0.099054
46.849853515625, 0.047193
46.8798828125, 0.0263
46.909912109375, 0.068085
46.93994140625, 0.130762
46.969970703125, 0.075049
47.0, 0.102906
47.030029296875, -0.09209
47.06005859375, -0.036377
47.08984375, -0.029413
47.119873046875, 0.061121
47.14990234375, 0.012372
47.179931640625, -0.057269
47.2099609375, 0.0263
47.239990234375, 0.158619
47.27001953125, -0.029413
47.300048828125, 0.082014
47.329833984375, -0.126911
47.35986328125, -0.057269
47.389892578125, -0.043341
47.419921875, 0.005408
47.449951171875, -0.140839
47.47998046875, 0.033265
47.510009765625, 0.088978
47.5400390625, 0.019336
47.570068359375, 0.095942
47.599853515625, 0.102906
47.6298828125, 0.061121
47.659912109375, -0.071198
47.68994140625, 0.061121
47.719970703125, 0.123798
47.75, 0.172547
47.780029296875, -0.085126
47.81005859375, 0.033265
47.83984375, 0.186476
47.869873046875, 0.054157
47.89990234375, 0.061121
47.929931640625, -0.050305
47.9599609375, 0.144691
47.989990234375, 0.005408
48.02001953125, 0.082014
48.050048828125, -0.036377
48.079833984375, -0.154767
48.10986328125, -0.09209
48.139892578125, 0.0263
48.169921875, -0.029413
48.199951171875, 0.075049
48.22998046875, -0.029413
48.260009765625, -0.036377
48.2900390625, -0.015484
48.320068359375, -0.050305
48.349853515625, -0.050305
48.3798828125, -0.043341
48.409912109375, -0.036377
48.43994140625, -0.09209
48.469970703125, 0.005408
48.5, -0.022449
48.530029296875, -0.022449
48.56005859375, -0.112982
48.58984375, -0.036377
48.619873046875, -0.050305
48.64990234375, 0.005408
48.679931640625, -0.015484
48.7099609375, 0.040229
48.739990234375, -0.09209
48.77001953125, 0.005408
48.800048828125, 0.047193
48.830078125, -0.071198
48.85986328125, 0.040229
48.889892578125, 0.088978
48.919921875, 0.047193
48.949951171875, -0.001556
48.97998046875, 0.061121
49.010009765625, 0.012372
49.0400390625, 0.075049
49.070068359375, -0.043341
49.099853515625, -0.154767
49.1298828125, -0.029413
49.159912109375, 0.082014
49.18994140625, 0.054157
49.219970703125, 0.068085
49.25, 0.047193
49.280029296875, 0.054157
49.31005859375, 0.061121
49.33984375, -0.071198
49.369873046875, -0.036377
49.39990234375, 0.088978
49.429931640625, 0.0263
49.4599609375, 0.102906
49.489990234375, -0.099054
49.52001953125, 0.033265
49.550048828125, -0.043341
49.580078125, 0.158619
49.60986328125, -0.050305
49.639892578125, -0.09209
49.669921875, 0.040229
49.699951171875, -0.029413
49.72998046875, -0.064233
49.760009765625, 0.054157
49.7900390625, 0.151655
49.820068359375, -0.022449
49.849853515625, 0.130762
49.8798828125, 0.130762
49.909912109375, 0.130762
49.93994140625, 0.075049
49.969970703125, 0.123798
50.0, 0.012372
50.030029296875, 0.033265
50.06005859375, -0.022449
50.090087890625, 0.10987
50.119873046875, 0.353615
50.14990234375, 0.527718
50.179931640625, 0.653073
50.2099609375, 0.868961
50.239990234375, 0.959495
50.27001953125, 1.063957
50.300048828125, 1.300738
50.330078125, 1.453949
50.35986328125, 1.544483
50.389892578125, 1.669837
50.419921875, 1.718586
50.449951171875, 1.80912
50.47998046875, 1.997152
50.510009765625, 2.136435
50.5400390625, 2.12947
50.570068359375, 2.12947
50.60009765625, 2.352323
50.6298828125, 2.421964
50.659912109375, 2.582139
50.68994140625, 2.603032
50.719970703125, 2.867669
50.75, 2.916418
50.780029296875, 2.930346
50.81005859375, 2.944275
50.840087890625, 3.069629
50.869873046875, 3.006952
50.89990234375, 3.132306
50.929931640625, 3.362123
50.9599609375, 3.139271
50.989990234375, 3.278553
51.02001953125, 3.501406
51.050048828125, 3.327302
51.080078125, 3.50837
51.10986328125, 3.689438
51.139892578125, 3.668545
51.169921875, 3.786935
51.199951171875, 3.738186
51.22998046875, 3.800864
51.260009765625, 3.814792
51.2900390625, 3.759079
51.320068359375, 3.884433
51.35009765625, 4.03068
51.3798828125, 4.065501
51.409912109375, 3.91229
51.43994140625, 4.065501
51.469970703125, 4.107286
51.5, 4.149071
51.530029296875, 4.156035
51.56005859375, 4.044609
51.590087890625, 4.135142
51.619873046875, 4.11425
51.64990234375, 4.079429
51.679931640625, 4.204784
51.7099609375, 4.169963
51.739990234375, 4.100322
51.77001953125, 4.288353
51.800048828125, 4.100322
51.830078125, 4.302282
51.860107421875, 4.107286
51.889892578125, 4.176927
51.919921875, 4.260497
51.949951171875, 4.142107
51.97998046875, 4.135142
52.010009765625, 4.406744
52.0400390625, 4.476385
52.070068359375, 4.23264
52.10009765625, 4.260497
52.1298828125, 4.23264
52.159912109375, 4.337102
52.18994140625, 4.302282
52.219970703125, 4.281389
52.25, 4.260497
52.280029296875, 4.156035
52.31005859375, 4.281389
52.340087890625, 4.330138
52.369873046875, 4.225676
52.39990234375, 4.211748
52.429931640625, 4.274425
52.4599609375, 4.162999
52.489990234375, 4.274425
52.52001953125, 4.239604
52.550048828125, 4.149071
52.580078125, 4.11425
52.610107421875, 4.086393
52.639892578125, 4.100322
52.669921875, 4.176927
52.699951171875, 4.23264
52.72998046875, 4.162999
52.760009765625, 4.093358
52.7900390625, 4.065501
52.820068359375, 4.11425
52.85009765625, 4.065501
52.8798828125, 3.926218
52.909912109375, 4.072465
52.93994140625, 4.051573
52.969970703125, 3.926218
53.0, 4.093358
53.030029296875, 3.974967
53.06005859375, 4.11425
53.090087890625, 3.961039
53.1201171875, 3.849613
53.14990234375, 3.821756
53.179931640625, 3.877469
53.2099609375, 3.82872
53.239990234375, 3.717294
53.27001953125, 3.752115
53.300048828125, 3.752115
53.330078125, 3.766043
53.360107421875, 3.668545
53.389892578125, 3.807828
53.419921875, 3.800864
53.449951171875, 3.759079
53.47998046875, 3.961039
53.510009765625, 3.940147
53.5400390625, 3.981931
53.570068359375, 4.079429
53.60009765625, 4.023716
53.630126953125, 3.968003
53.659912109375, 4.072465
53.68994140625, 4.072465
53.719970703125, 4.260497
53.75, 4.093358
53.780029296875, 4.107286
53.81005859375, 4.149071
53.840087890625, 4.183891
53.8701171875, 4.072465
53.89990234375, 4.142107
53.929931640625, 4.176927
53.9599609375, 4.371923
53.989990234375, 4.204784
54.02001953125, 4.337102
54.050048828125, 4.31621
54.080078125, 4.4346
54.110107421875, 4.309246
54.139892578125, 4.420672
54.169921875, 4.573883
54.199951171875, 4.309246
54.22998046875, 4.441565
54.260009765625, 4.539062
54.2900390625, 4.504242
54.320068359375, 4.63656
54.35009765625, 4.608704
54.380126953125, 4.552991
54.409912109375, 4.622632
54.43994140625, 4.587811
54.469970703125, 4.60174
54.5, 4.664417
54.530029296875, 4.664417
54.56005859375, 4.664417
54.590087890625, 4.713166
54.6201171875, 4.699238
54.64990234375, 4.747987
54.679931640625, 4.754951
54.7099609375, 4.72013
54.739990234375, 4.747987
54.77001953125, 4.706202
54.800048828125, 4.831556
54.830078125, 4.775843
54.860107421875, 4.768879
54.89013671875, 4.831556
54.919921875, 4.810664
54.949951171875, 4.754951
54.97998046875, 4.810664
55.010009765625, 4.859413
55.0400390625, 4.796736
55.070068359375, 4.8037
55.10009765625, 4.817628
55.130126953125, 4.810664
55.159912109375, 4.768879
55.18994140625, 4.664417
55.219970703125, 4.775843
55.25, 4.810664
55.280029296875, 4.741023
55.31005859375, 4.810664
55.340087890625, 4.880305
55.3701171875, 5.04048
55.400146484375, 4.775843
55.429931640625, 4.72013
55.4599609375, 4.775843
55.489990234375, 4.63656
55.52001953125, 4.977803
55.550048828125, 4.83852
55.580078125, 4.824592
55.610107421875, 4.817628
55.64013671875, 4.845485
55.669921875, 4.908162
55.699951171875, 4.894234
55.72998046875, 4.901198
55.760009765625, 4.782807
55.7900390625, 4.845485
55.820068359375, 4.824592
55.85009765625, 4.810664
55.880126953125, 4.8037
55.909912109375, 4.824592
55.93994140625, 4.880305
55.969970703125, 4.852449
56.0, 4.894234
56.030029296875, 4.8037
56.06005859375, 4.866377
56.090087890625, 4.796736
56.1201171875, 4.852449
56.150146484375, 4.859413
56.179931640625, 4.859413
56.2099609375, 5.012624
56.239990234375, 4.949947
56.27001953125, 4.970839
56.300048828125, 4.942983
56.330078125, 4.796736
56.360107421875, 4.650489
56.39013671875, 4.929054
56.419921875, 4.908162
56.449951171875, 4.929054
56.47998046875, 4.789771
56.510009765625, 4.970839
56.5400390625, 4.734058
56.570068359375, 4.768879
56.60009765625, 4.887269
56.630126953125, 4.908162
56.66015625, 4.796736
56.68994140625, 4.824592
56.719970703125, 4.866377
56.75, 4.894234
56.780029296875, 4.845485
56.81005859375, 4.942983
56.840087890625, 4.852449
56.8701171875, 4.894234
56.900146484375, 4.92209
56.929931640625, 4.796736
56.9599609375, 4.817628
56.989990234375, 4.789771
57.02001953125, 4.887269
57.050048828125, 4.859413
57.080078125, 4.810664
57.110107421875, 4.761915
57.14013671875, 4.83852
57.169921875, 4.880305
57.199951171875, 4.866377
57.22998046875, 4.908162
57.260009765625, 4.754951
57.2900390625, 4.831556
57.320068359375, 4.908162
57.35009765625, 4.873341
57.380126953125, 4.817628
57.41015625, 4.768879
57.43994140625, 4.754951
57.469970703125, 4.775843
57.5, 4.768879
57.530029296875, 4.831556
57.56005859375, 4.810664
57.590087890625, 4.782807
57.6201171875, 4.782807
57.650146484375, 4.8037
57.679931640625, 4.692274
57.7099609375, 4.887269
57.739990234375, 4.817628
57.77001953125, 4.747987
57.800048828125, 4.664417
57.830078125, 4.754951
57.860107421875, 4.72013
57.89013671875, 4.866377
57.920166015625, 4.929054
57.949951171875, 4.747987
57.97998046875, 4.671381
58.010009765625, 4.789771
58.0400390625, 4.678345
58.070068359375, 4.852449
58.10009765625, 4.678345
58.130126953125, 4.768879
58.16015625, 4.831556
58.18994140625, 4.831556
58.219970703125, 4.831556
58.25, 4.824592
58.280029296875, 4.782807
58.31005859375, 4.782807
58.340087890625, 4.901198
58.3701171875, 4.734058
58.400146484375, 4.845485
58.43017578125, 4.810664
58.4599609375, 4.713166
58.489990234375, 4.873341
58.52001953125, 4.72013
58.550048828125, 4.852449
58.580078125, 4.887269
58.610107421875, 4.83852
58.64013671875, 4.845485
58.670166015625, 4.782807
58.699951171875, 4.782807
58.72998046875, 4.678345
58.760009765625, 4.796736
58.7900390625, 4.664417
58.820068359375, 4.699238
58.85009765625, 4.83852
58.880126953125, 4.664417
58.91015625, 4.615668
58.93994140625, 4.873341
58.969970703125, 4.747987
59.0, 4.831556
59.030029296875, 4.747987
59.06005859375, 4.72013
59.090087890625, 4.741023
59.1201171875, 4.859413
59.150146484375, 4.768879
59.18017578125, 4.761915
59.2099609375, 4.747987
59.239990234375, 4.685309
59.27001953125, 4.908162
59.300048828125, 4.775843
59.330078125, 4.671381
59.360107421875, 4.706202
59.39013671875, 4.692274
59.420166015625, 4.643525
59.449951171875, 4.782807
59.47998046875, 4.782807
59.510009765625, 4.83852
59.5400390625, 4.741023
59.570068359375, 4.727094
59.60009765625, 4.775843
59.630126953125, 4.845485
59.66015625, 4.831556
59.690185546875, 4.845485
59.719970703125, 4.908162
59.75, 4.706202
59.780029296875, 4.796736
59.81005859375, 4.796736
59.840087890625, 4.775843
59.8701171875, 4.476385
59.900146484375, 4.8037
59.93017578125, 4.622632
59.9599609375, 4.685309
59.989990234375, 4.483349
60.02001953125, 4.622632
60.050048828125, 4.713166
60.080078125, 4.650489
60.110107421875, 4.657453
60.14013671875, 4.72013
60.170166015625, 4.685309
60.199951171875, 4.873341
60.22998046875, 4.643525
60.260009765625, 4.789771
60.2900390625, 4.692274
60.320068359375, 4.664417
60.35009765625, 4.747987
60.380126953125, 4.741023
60.41015625, 4.810664
60.440185546875, 4.671381
60.469970703125, 4.761915
60.5, 4.747987
60.530029296875, 4.615668
60.56005859375, 4.60174
60.590087890625, 4.72013
60.6201171875, 4.817628
60.650146484375, 4.734058
60.68017578125, 4.559955
60.7099609375, 4.706202
60.739990234375, 4.727094
60.77001953125, 4.622632
60.800048828125, 4.525134
60.830078125, 4.490314
60.860107421875, 4.615668
60.89013671875, 4.678345
60.920166015625, 4.580847
60.9501953125, 4.664417
60.97998046875, 4.615668
61.010009765625, 4.761915
61.0400390625, 4.594776
61.070068359375, 4.657453
61.10009765625, 4.566919
61.130126953125, 4.176927
61.16015625, 4.176927
61.190185546875, 4.044609
61.219970703125, 4.037644
61.25, 3.835684
61.280029296875, 3.738186
61.31005859375, 3.689438
61.340087890625, 3.612832
61.3701171875, 3.431764
61.400146484375, 3.327302
61.43017578125, 3.320338
61.460205078125, 3.139271
61.489990234375, 3.090522
61.52001953125, 3.013916
61.550048828125, 3.055701
61.580078125, 2.686602
61.610107421875, 2.596068
61.64013671875, 2.561247
61.670166015625, 2.408036
61.7001953125, 2.289646
61.72998046875, 2.206076
61.760009765625, 2.101614
61.7900390625, 1.836977
61.820068359375, 1.655909
61.85009765625, 1.676801
61.880126953125, 1.446985
61.91015625, 1.265917
61.940185546875, 0.938603
61.969970703125, 0.722714
62.0, 0.360579
62.030029296875, -0.043341
62.06005859375, -0.00852
62.090087890625, 0.10987
62.1201171875, 0.054157
62.150146484375, 0.088978
62.18017578125, 0.082014
62.210205078125, -0.140839
62.239990234375, -0.078162
62.27001953125, 0.068085
62.300048828125, 0.033265
62.330078125, 0.116834
62.360107421875, -0.064233
62.39013671875, 0.061121
62.420166015625, 0.012372
62.4501953125, 0.019336
62.47998046875, 0.061121
62.510009765625, 0.033265
62.5400390625, 0.054157
62.570068359375, 0.123798
62.60009765625, 0.019336
62.630126953125, -0.085126
62.66015625, -0.064233
62.690185546875, 0.040229
62.72021484375, 0.075049
62.75, -0.036377
62.780029296875, 0.054157
62.81005859375, 0.012372
62.840087890625, -0.022449
62.8701171875, 0.082014
62.900146484375, 0.102906
62.93017578125, 0.047193
62.960205078125, 0.165583
62.989990234375, 0.095942
63.02001953125, -0.064233
63.050048828125, -0.050305
63.080078125, -0.106018
63.110107421875, 0.005408
63.14013671875, -0.029413
63.170166015625, 0.10987
63.2001953125, -0.09209
63.230224609375, -0.071198
63.260009765625, -0.029413
63.2900390625, 0.137727
63.320068359375, 0.068085
63.35009765625, -0.00852
63.380126953125, 0.095942
63.41015625, -0.015484
63.440185546875, -0.029413
63.47021484375, 0.0263
63.5, -0.112982
63.530029296875, 0.075049
63.56005859375, 0.095942
63.590087890625, 0.047193
63.6201171875, -0.022449
63.650146484375, 0.102906
63.68017578125, 0.0263
63.710205078125, -0.064233
63.739990234375, -0.00852
63.77001953125, -0.015484
63.800048828125, 0.005408
63.830078125, 0.005408
63.860107421875, 0.012372
63.89013671875, -0.106018
63.920166015625, 0.068085
63.9501953125, 0.088978
63.980224609375, -0.022449
64.010009765625, -0.050305
64.0400390625, -0.106018
64.070068359375, -0.029413
64.10009765625, 0.179511
64.130126953125, 0.123798
64.16015625, 0.033265
64.190185546875, -0.015484
64.22021484375, 0.088978
64.25, -0.00852
64.280029296875, 0.047193
64.31005859375, 0.054157
64.340087890625, 0.088978
64.3701171875, 0.005408
64.400146484375, 0.033265
64.43017578125, 0.137727
64.460205078125, -0.085126
64.490234375, 0.012372
64.52001953125, 0.005408
64.550048828125, 0.088978
64.580078125, 0.054157
64.610107421875, -0.078162
64.64013671875, 0.137727
64.670166015625, 0.068085
64.7001953125, 0.10987
64.730224609375, -0.057269
64.760009765625, -0.001556
64.7900390625, 0.054157
64.820068359375, -0.036377
64.85009765625, 0.019336
64.880126953125, 0.088978
64.91015625, -0.029413
64.940185546875, 0.047193
64.97021484375, 0.061121
65.0, -0.00852
65.030029296875, 0.047193
65.06005859375, 0.005408
65.090087890625, 0.019336
65.1201171875, 0.130762
65.150146484375, 0.019336
65.18017578125, -0.119947
65.210205078125, -0.057269
65.240234375, -0.036377
65.27001953125, -0.189588
65.300048828125, -0.036377
65.330078125, -0.015484
65.360107421875, -0.001556
65.39013671875, -0.050305
65.420166015625, -0.001556
65.4501953125, 0.102906
65.480224609375, -0.00852
65.510009765625, 0.165583
65.5400390625, 0.040229
65.570068359375, -0.00852
65.60009765625, -0.043341
65.630126953125, -0.001556
65.66015625, 0.130762
65.690185546875, 0.019336
65.72021484375, -0.022449
65.750244140625, 0.047193
65.780029296875, 0.054157
65.81005859375, 0.047193
65.840087890625, 0.033265
65.8701171875, 0.033265
65.900146484375, 0.040229
65.93017578125, 0.012372
65.960205078125, 0.0263
65.990234375, 0.082014
66.02001953125, 0.061121
66.050048828125, -0.099054
66.080078125, 0.088978
66.110107421875, -0.022449
66.14013671875, -0.00852
66.170166015625, -0.043341
66.2001953125, 0.075049
66.230224609375, 0.137727
66.26025390625, -0.043341
66.2900390625, -0.029413
66.320068359375, -0.001556
66.35009765625, 0.019336
66.380126953125, -0.001556
66.41015625, -0.015484
66.440185546875, -0.154767
66.47021484375, 0.130762
66.500244140625, -0.043341
66.530029296875, 0.082014
66.56005859375, -0.064233
66.590087890625, -0.064233
66.6201171875, 0.123798
66.650146484375, 0.130762
66.68017578125, 0.019336
66.710205078125, -0.09209
66.740234375, -0.050305
66.77001953125, 0.040229
66.800048828125, -0.015484
66.830078125, -0.029413
66.860107421875, 0.054157
66.89013671875, 0.165583
66.920166015625, -0.043341
66.9501953125, 0.10987
66.980224609375, 0.061121
67.01025390625, 0.068085
67.0400390625, 0.116834
67.070068359375, -0.071198
67.10009765625, -0.287086
67.130126953125, 0.116834
67.16015625, -0.078162
67.190185546875, 0.019336
67.22021484375, -0.064233
67.250244140625, -0.001556
67.280029296875, 0.088978
67.31005859375, -0.022449
67.340087890625, 0.075049
67.3701171875, 0.095942
67.400146484375, 0.033265
67.43017578125, -0.112982
67.460205078125, -0.126911
67.490234375, -0.029413
67.520263671875, -0.022449
67.550048828125, -0.022449
67.580078125, 0.0263
67.610107421875, 0.054157
67.64013671875, 0.095942
67.670166015625, 0.082014
67.7001953125, 0.095942
67.730224609375, -0.022449
67.76025390625, 0.075049
67.7900390625, -0.036377
67.820068359375, 0.019336
67.85009765625, -0.09209
67.880126953125, -0.015484
67.91015625, 0.047193
67.940185546875, -0.057269
67.97021484375, 0.054157
68.000244140625, -0.029413
68.0302734375, 0.144691
68.06005859375, 0.054157
68.090087890625, -0.057269
68.1201171875, -0.022449
68.150146484375, 0.033265
68.18017578125, -0.001556
68.210205078125, 0.047193
68.240234375, 0.005408
68.270263671875, 0.0263
68.300048828125, 0.214332
68.330078125, 0.0263
68.360107421875, 0.102906
68.39013671875, -0.057269
68.420166015625, 0.082014
68.4501953125, 0.144691
68.480224609375, 0.221296
68.51025390625, -0.029413
68.5400390625, 0.054157
68.570068359375, -0.057269
68.60009765625, -0.001556
68.630126953125, 0.033265
68.66015625, -0.09209
68.690185546875, -0.022449
68.72021484375, 0.033265
68.750244140625, -0.022449
68.7802734375, 0.040229
68.81005859375, 0.088978
68.840087890625, 0.075049
68.8701171875, 0.144691
68.900146484375, 0.047193
68.93017578125, 0.10987
68.960205078125, -0.001556
68.990234375, -0.001556
69.020263671875, -0.078162
69.050048828125, -0.064233
69.080078125, 0.012372
69.110107421875, 0.040229
69.14013671875, 0.019336
69.170166015625, -0.00852
69.2001953125, 0.123798
69.230224609375, 0.0263
69.26025390625, -0.078162
69.290283203125, -0.057269
69.320068359375, -0.043341
69.35009765625, -0.036377
69.380126953125, 0.130762
69.41015625, 0.019336
69.440185546875, -0.099054
69.47021484375, 0.123798
69.500244140625, 0.033265
69.5302734375, 0.061121
69.56005859375, 0.040229
69.590087890625, 0.005408
69.6201171875, -0.022449
69.650146484375, -0.064233
69.68017578125, 0.019336
69.710205078125, 0.012372
69.740234375, -0.078162
69.770263671875, 0.054157
69.800048828125, 0.019336
69.830078125, -0.022449
69.860107421875, 0.012372
69.89013671875, -0.00852
69.920166015625, 0.019336
69.9501953125, 0.040229
69.980224609375, 0.102906
70.01025390625, 0.040229
70.040283203125, 0.088978
70.070068359375, 0.102906
70.10009765625, -0.029413
70.130126953125, 0.012372
70.16015625, -0.036377
70.190185546875, -0.029413
70.22021484375, -0.09209
70.250244140625, 0.005408
70.2802734375, -0.050305
70.31005859375, 0.005408
70.340087890625, 0.130762
70.3701171875, 0.10987
70.400146484375, -0.133875
70.43017578125, -0.029413
70.460205078125, -0.022449
70.490234375, 0.102906
70.520263671875, -0.043341
70.55029296875, -0.00852
70.580078125, 0.040229
70.610107421875, -0.015484
70.64013671875, 0.095942
70.670166015625, -0.050305
70.7001953125, 0.061121
70.730224609375, 0.019336
70.76025390625, 0.047193
70.790283203125, 0.19344
70.820068359375, 0.040229
70.85009765625, 0.005408
70.880126953125, 0.019336
70.91015625, 0.088978
70.940185546875, -0.043341
70.97021484375, 0.088978
71.000244140625, -0.036377
71.0302734375, -0.001556
71.060302734375, -0.126911
71.090087890625, -0.119947
71.1201171875, 0.10987
71.150146484375, -0.036377
71.18017578125, -0.099054
71.210205078125, 0.047193
71.240234375, -0.050305
71.270263671875, 0.10987
71.30029296875, 0.095942
71.330078125, -0.050305
71.360107421875, 0.082014
71.39013671875, -0.001556
71.420166015625, 0.082014
71.4501953125, 0.068085
71.480224609375, 0.151655
71.51025390625, 0.082014
71.540283203125, 0.033265
71.570068359375, -0.106018
71.60009765625, -0.001556
71.630126953125, -0.015484
71.66015625, 0.068085
71.690185546875, -0.064233
71.72021484375, -0.050305
71.750244140625, 0.040229
71.7802734375, 0.054157
71.810302734375, 0.033265
71.840087890625, 0.082014
71.8701171875, 0.019336
71.900146484375, -0.015484
71.93017578125, -0.050305
71.960205078125, -0.09209
71.990234375, 0.10987
72.020263671875, 0.061121
72.05029296875, -0.00852
72.080078125, -0.043341
72.110107421875, -0.00852
72.14013671875, -0.099054
72.170166015625, 0.047193
72.2001953125, 0.0263
72.230224609375, 0.005408
72.26025390625, -0.043341
72.290283203125, -0.078162
72.3203125, 0.019336
72.35009765625, 0.102906
72.380126953125, 0.012372
72.41015625, -0.00852
72.440185546875, -0.078162
72.47021484375, 0.095942
72.500244140625, 0.144691
72.5302734375, 0.088978
72.560302734375, 0.019336
72.590087890625, 0.158619
72.6201171875, -0.071198
72.650146484375, -0.022449
72.68017578125, -0.036377
72.710205078125, -0.085126
72.740234375, 0.040229
72.770263671875, -0.00852
72.80029296875, 0.235225
72.830078125, -0.099054
72.860107421875, 0.137727
72.89013671875, -0.119947
72.920166015625, 0.088978
72.9501953125, -0.085126
72.980224609375, 0.033265
73.01025390625, -0.085126
73.040283203125, 0.068085
73.0703125, 0.207368
73.10009765625, 0.116834
73.130126953125, 0.123798
73.16015625, 0.047193
73.190185546875, -0.022449
73.22021484375, -0.078162
73.250244140625, -0.071198
73.2802734375, 0.040229
73.310302734375, -0.078162
73.340087890625, -0.050305
73.3701171875, 0.10987
73.400146484375, -0.057269
73.43017578125, -0.001556
73.460205078125, 0.019336
73.490234375, -0.071198
73.520263671875, 0.123798
73.55029296875, 0.095942
73.580322265625, -0.029413
73.610107421875, -0.029413
73.64013671875, 0.088978
73.670166015625, 0.040229
73.7001953125, -0.015484
73.730224609375, 0.0263
73.76025390625, 0.0263
73.790283203125, -0.085126
73.8203125, -0.022449
73.85009765625, -0.21048
73.880126953125, 0.0263
73.91015625, -0.126911
73.940185546875, 0.10987
73.97021484375, 0.095942
74.000244140625, 0.047193
74.0302734375, -0.036377
74.060302734375, -0.001556
74.09033203125, -0.147803
74.1201171875, 0.040229
74.150146484375, 0.061121
74.18017578125, 0.082014
74.210205078125, -0.036377
74.240234375, 0.19344
74.270263671875, 0.186476
74.30029296875, -0.071198
74.330322265625, 0.019336
74.360107421875, -0.085126
74.39013671875, 0.005408
74.420166015625, -0.00852
74.4501953125, -0.001556
74.480224609375, -0.029413
74.51025390625, 0.0263
74.540283203125, 0.033265
74.5703125, 0.0263
74.60009765625, 0.040229
74.630126953125, 0.075049
74.66015625, 0.040229
74.690185546875, -0.00852
74.72021484375, -0.050305
74.750244140625, 0.082014
74.7802734375, -0.085126
74.810302734375, -0.001556
74.84033203125, 0.019336
74.8701171875, -0.09209
74.900146484375, 0.005408
74.93017578125, -0.078162
74.960205078125, 0.082014
74.990234375, 0.19344
75.020263671875, -0.00852
75.05029296875, -0.071198
75.080322265625, -0.001556
75.110107421875, -0.029413
75.14013671875, -0.064233
75.170166015625, 0.10987
75.2001953125, 0.061121
75.230224609375, 0.088978
75.26025390625, 0.040229
75.290283203125, -0.112982
75.3203125, -0.00852
75.350341796875, 0.088978
75.380126953125, -0.036377
75.41015625, 0.005408
75.440185546875, 0.116834
75.47021484375, -0.071198
75.500244140625, -0.071198
75.5302734375, 0.047193
75.560302734375, -0.043341
75.59033203125, -0.00852
75.6201171875, 0.033265
75.650146484375, 0.033265
75.68017578125, 0.012372
75.710205078125, 0.061121
75.740234375, 0.012372
75.770263671875, 0.088978
75.80029296875, 0.123798
75.830322265625, -0.029413
75.8603515625, -0.001556
75.89013671875, 0.047193
75.920166015625, 0.012372
75.9501953125, -0.106018
75.980224609375, -0.119947
76.01025390625, -0.036377
76.040283203125, -0.015484
76.0703125, -0.015484
76.100341796875, 0.005408
76.130126953125, -0.015484
76.16015625, 0.158619
76.190185546875, 0.102906
76.22021484375, -0.050305
76.250244140625, -0.147803
76.2802734375, 0.047193
76.310302734375, 0.012372
76.34033203125, 0.047193
76.3701171875, -0.099054
76.400146484375, -0.015484
76.43017578125, 0.012372
76.460205078125, 0.047193
76.490234375, 0.012372
76.520263671875, 0.054157
76.55029296875, -0.043341
76.580322265625, 0.158619
76.6103515625, 0.137727
76.64013671875, 0.082014
76.670166015625, 0.012372
76.7001953125, 0.082014
76.730224609375, 0.012372
76.76025390625, 0.012372
76.790283203125, 0.186476
76.8203125, -0.036377
76.850341796875, -0.00852
76.880126953125, -0.036377
76.91015625, 0.054157
76.940185546875, -0.043341
76.97021484375, -0.022449
77.000244140625, 0.061121
77.0302734375, -0.050305
77.060302734375, -0.00852
77.09033203125, -0.057269
77.120361328125, 0.137727
77.150146484375, 0.012372
77.18017578125, -0.064233
77.210205078125, -0.022449
77.240234375, 0.068085
77.270263671875, -0.036377
77.30029296875, 0.040229
77.330322265625, 0.151655
77.3603515625, -0.015484
77.39013671875, -0.043341
77.420166015625, 0.095942
77.4501953125, 0.061121
77.480224609375, 0.158619
77.51025390625, 0.019336
77.540283203125, 0.040229
77.5703125, 0.082014
77.600341796875, 0.165583
77.630126953125, -0.015484
77.66015625, 0.0263
77.690185546875, -0.196552
77.72021484375, -0.043341
77.750244140625, -0.015484
77.7802734375, 0.130762
77.810302734375, 0.033265
77.84033203125, 0.012372
77.870361328125, 0.0263
77.900146484375, -0.036377
77.93017578125, 0.061121
77.960205078125, 0.088978
77.990234375, 0.123798
78.020263671875, 0.019336
78.05029296875, -0.099054
78.080322265625, -0.064233
78.1103515625, 0.082014
78.14013671875, -0.029413
78.170166015625, 0.040229
78.2001953125, -0.078162
78.230224609375, 0.047193
78.26025390625, -0.036377
78.290283203125, -0.015484
78.3203125, 0.165583
78.350341796875, 0.10987
78.38037109375, -0.00852
78.41015625, 0.165583
78.440185546875, 0.137727
78.47021484375, 0.033265
78.500244140625, -0.001556
78.5302734375, -0.078162
78.560302734375, -0.078162
78.59033203125, 0.047193
78.620361328125, 0.10987
78.650146484375, 0.005408
78.68017578125, 0.061121
78.710205078125, 0.033265
78.740234375, 0.151655
78.770263671875, 0.088978
78.80029296875, 0.040229
78.830322265625, 0.130762
78.8603515625, 0.012372
78.890380859375, -0.022449
78.920166015625, 0.116834
78.9501953125, -0.029413
78.980224609375, 0.040229
79.01025390625, 0.123798
79.040283203125, -0.036377
79.0703125, -0.036377
79.100341796875, 0.0263
79.13037109375, -0.182624
79.16015625, 0.012372
79.190185546875, -0.036377
79.22021484375, 0.012372
79.250244140625, 0.012372
79.2802734375, -0.029413
79.310302734375, 0.068085
79.34033203125, 0.088978
79.370361328125, 0.158619
79.400146484375, -0.071198
79.43017578125, 0.137727
79.460205078125, 0.123798
79.490234375, 0.005408
79.520263671875, -0.00852
79.55029296875, 0.137727
79.580322265625, 0.033265
79.6103515625, 0.012372
79.640380859375, 0.061121
79.670166015625, -0.057269
79.7001953125, -0.085126
79.730224609375, 0.047193
79.76025390625, 0.0263
79.790283203125, 0.088978
79.8203125, 0.0263
79.850341796875, -0.015484
79.88037109375, 0.005408
79.91015625, 0.088978
79.940185546875, -0.078162
79.97021484375, -0.050305
80.000244140625, 0.040229
80.0302734375, -0.015484
80.060302734375, -0.071198
80.09033203125, -0.043341
80.120361328125, -0.036377
80.150390625, 0.10987
80.18017578125, -0.043341
80.210205078125, 0.082014
80.240234375, -0.00852
80.270263671875, -0.071198
80.30029296875, -0.022449
80.330322265625, -0.036377
80.3603515625, 0.019336
80.390380859375, -0.029413
80.420166015625, 0.040229
80.4501953125, 0.095942
80.480224609375, 0.012372
80.51025390625, 0.019336
80.540283203125, -0.015484
80.5703125, -0.001556
80.600341796875, 0.054157
80.63037109375, 0.068085
80.66015625, 0.102906
80.690185546875, 0.054157
80.72021484375, -0.001556
80.750244140625, 0.075049
80.7802734375, -0.036377
80.810302734375, 0.012372
80.84033203125, 0.061121
80.870361328125, 0.040229
80.900390625, 0.10987
80.93017578125, -0.112982
80.960205078125, -0.064233
80.990234375, 0.165583
81.020263671875, -0.085126
81.05029296875, 0.116834
81.080322265625, 0.088978
81.1103515625, 0.22826
81.140380859375, -0.140839
81.170166015625, 0.116834
81.2001953125, 0.005408
81.230224609375, -0.029413
81.26025390625, -0.078162
81.290283203125, -0.09209
81.3203125, -0.00852
81.350341796875, -0.140839
81.38037109375, 0.130762
81.410400390625, -0.029413
81.440185546875, 0.033265
81.47021484375, 0.054157
81.500244140625, 0.082014
81.5302734375, -0.015484
81.560302734375, -0.015484
81.59033203125, 0.005408
81.620361328125, 0.116834
81.650390625, 0.082014
81.68017578125, 0.123798
81.710205078125, 0.019336
81.740234375, 0.088978
81.770263671875, -0.036377
81.80029296875, 0.172547
81.830322265625, -0.050305
81.8603515625, 0.0263
81.890380859375, 0.040229
81.92041015625, 0.061121
81.9501953125, 0.075049
81.980224609375, -0.015484
82.01025390625, 0.033265
82.040283203125, -0.001556
82.0703125, -0.036377
82.100341796875, -0.21048
82.13037109375, -0.043341
82.160400390625, 0.068085
82.190185546875, -0.133875
82.22021484375, -0.015484
82.250244140625, -0.001556
82.2802734375, 0.019336
82.310302734375, 0.054157
82.34033203125, 0.075049
82.370361328125, -0.078162
82.400390625, -0.078162
82.43017578125, 0.012372
82.460205078125, 0.054157
82.490234375, 0.005408
82.520263671875, 0.005408
82.55029296875, 0.10987
82.580322265625, 0.061121
82.6103515625, -0.015484
82.640380859375, -0.064233
82.67041015625, 0.200404
82.7001953125, 0.068085
82.730224609375, 0.012372
82.76025390625, -0.001556
82.790283203125, 0.102906
82.8203125, -0.001556
82.850341796875, 0.054157
82.88037109375, 0.061121
82.910400390625, -0.154767
82.940185546875, 0.075049
82.97021484375, 0.040229
83.000244140625, 0.137727
83.0302734375, 0.172547
83.060302734375, 0.095942
83.09033203125, 0.075049
83.120361328125, -0.022449
83.150390625, 0.137727
83.180419921875, 0.033265
83.210205078125, 0.095942
83.240234375, 0.040229
83.270263671875, 0.054157
83.30029296875, 0.054157
83.330322265625, 0.019336
83.3603515625, 0.005408
83.390380859375, -0.133875
83.42041015625, 0.040229
83.4501953125, -0.071198
83.480224609375, 0.068085
83.51025390625, -0.043341
83.540283203125, 0.095942
83.5703125, -0.043341
83.600341796875, -0.119947
83.63037109375, -0.050305
83.660400390625, 0.005408
83.6904296875, 0.158619
83.72021484375, -0.015484
83.750244140625, 0.033265
83.7802734375, -0.00852
83.810302734375, 0.047193
83.84033203125, -0.001556
83.870361328125, 0.047193
83.900390625, 0.040229
83.930419921875, -0.112982
83.960205078125, 0.116834
83.990234375, -0.022449
84.020263671875, -0.001556
84.05029296875, 0.061121
84.080322265625, 0.005408
84.1103515625, 0.005408
84.140380859375, 0.075049
84.17041015625, 0.068085
84.2001953125, -0.050305
84.230224609375, 0.019336
84.26025390625, 0.075049
84.290283203125, 0.068085
84.3203125, 0.033265
84.350341796875, -0.057269
84.38037109375, 0.130762
84.410400390625, -0.126911
84.4404296875, 0.151655
84.47021484375, -0.015484
84.500244140625, 0.172547
84.5302734375, 0.047193
84.560302734375, -0.09209
84.59033203125, -0.064233
84.620361328125, -0.036377
84.650390625, -0.001556
84.680419921875, 0.012372
84.710205078125, 0.137727
84.740234375, 0.082014
84.770263671875, 0.088978
84.80029296875, -0.17566
84.830322265625, -0.161731
84.8603515625, 0.10987
84.890380859375, 0.019336
84.92041015625, 0.0263
84.950439453125, 0.054157
84.980224609375, 0.116834
85.01025390625, 0.137727
85.040283203125, 0.033265
85.0703125, -0.071198
85.100341796875, 0.054157
85.13037109375, 0.054157
85.160400390625, 0.0263
85.1904296875, -0.00852
85.22021484375, 0.075049
85.250244140625, -0.022449
85.2802734375, -0.00852
85.310302734375, 0.075049
85.34033203125, 0.075049
85.370361328125, 0.088978
85.400390625, 0.10987
85.430419921875, -0.00852
85.460205078125, -0.029413
85.490234375, 0.040229
85.520263671875, -0.085126
85.55029296875, 0.179511
85.580322265625, -0.015484
85.6103515625, 0.151655
85.640380859375, 0.040229
85.67041015625, 0.054157
85.700439453125, -0.043341
85.730224609375, -0.015484
85.76025390625, -0.029413
85.790283203125, 0.012372
85.8203125, -0.119947
85.850341796875, 0.061121
85.88037109375, 0.040229
85.910400390625, -0.00852
85.9404296875, 0.012372
85.97021484375, 0.068085
86.000244140625, 0.012372
86.0302734375, 0.047193
86.060302734375, -0.036377
86.09033203125, -0.050305
86.120361328125, 0.054157
86.150390625, -0.00852
86.180419921875, -0.043341
86.21044921875, 0.137727
86.240234375, -0.161731
86.270263671875, -0.133875
86.30029296875, 0.0263
86.330322265625, 0.047193
86.3603515625, 0.0263
86.390380859375, 0.019336
86.42041015625, -0.057269
86.450439453125, -0.09209
86.480224609375, 0.040229
86.51025390625, 0.144691
86.540283203125, -0.196552
86.5703125, -0.00852
86.600341796875, 0.033265
86.63037109375, -0.015484
86.660400390625, 0.172547
86.6904296875, -0.078162
86.720458984375, 0.033265
86.750244140625, 0.10987
86.7802734375, 0.061121
86.810302734375, -0.043341
86.84033203125, -0.078162
86.870361328125, -0.071198
86.900390625, 0.047193
86.930419921875, 0.005408
86.96044921875, 0.019336
86.990234375, -0.022449
87.020263671875, 0.123798
87.05029296875, 0.158619
87.080322265625, 0.061121
87.1103515625, 0.040229
87.140380859375, 0.012372
87.17041015625, 0.088978
87.200439453125, -0.050305
87.230224609375, -0.015484
87.26025390625, -0.433333
87.290283203125, 0.005408
87.3203125, -0.050305
87.350341796875, 0.012372
87.38037109375, -0.071198
87.410400390625, -0.022449
87.4404296875, -0.071198
87.470458984375, -0.071198
87.500244140625, 0.158619
87.5302734375, 0.10987
87.560302734375, -0.00852
87.59033203125, -0.057269
87.620361328125, 0.123798
87.650390625, 0.019336
87.680419921875, -0.029413
87.71044921875, 0.102906
87.740234375, 0.054157
87.770263671875, -0.043341
87.80029296875, -0.057269
87.830322265625, -0.022449
87.8603515625, 0.116834
87.890380859375, 0.095942
87.92041015625, 0.082014
87.950439453125, 0.019336
87.98046875, 0.151655
88.01025390625, 0.012372
88.040283203125, -0.168695
88.0703125, 0.158619
88.100341796875, 0.116834
88.13037109375, 0.068085
88.160400390625, 0.0263
88.1904296875, 0.144691
88.220458984375, 0.012372
88.250244140625, 0.005408
88.2802734375, -0.022449
88.310302734375, 0.054157
88.34033203125, -0.001556
88.370361328125, 0.123798
88.400390625, 0.068085
88.430419921875, -0.050305
88.46044921875, 0.158619
88.490234375, 0.012372
88.520263671875, 0.061121
88.55029296875, 0.033265
88.580322265625, 0.116834
88.6103515625, 0.116834
88.640380859375, 0.088978
88.67041015625, -0.015484
88.700439453125, 0.040229
88.73046875, 0.123798
88.76025390625, 0.116834
88.790283203125, 0.005408
88.8203125, -0.064233
88.850341796875, -0.064233
88.88037109375, -0.071198
88.910400390625, 0.0263
88.9404296875, -0.071198
88.970458984375, 0.033265
89.000244140625, 0.082014
89.0302734375, 0.0263
89.060302734375, -0.015484
89.09033203125, 0.054157
89.120361328125, 0.033265
89.150390625, 0.061121
89.180419921875, 0.012372
89.21044921875, -0.09209
89.240478515625, 0.005408
89.270263671875, -0.00852
89.30029296875, -0.099054
89.330322265625, -0.001556
89.3603515625, 0.088978
89.390380859375, -0.015484
89.42041015625, -0.064233
89.450439453125, -0.00852
89.48046875, 0.047193
89.51025390625, -0.022449
89.540283203125, 0.082014
89.5703125, -0.015484
89.600341796875, 0.040229
89.63037109375, -0.043341
89.660400390625, 0.033265
89.6904296875, 0.0263
89.720458984375, -0.029413
89.75048828125, -0.043341
89.7802734375, 0.047193
89.810302734375, 0.012372
89.84033203125, -0.015484
89.870361328125, 0.012372
89.900390625, 0.075049
89.930419921875, 0.075049
89.96044921875, -0.057269
89.990478515625, -0.001556
90.020263671875, -0.064233
90.05029296875, 0.082014
90.080322265625, 0.088978
90.1103515625, 0.047193
90.140380859375, 0.095942
90.17041015625, 0.10987
90.200439453125, 0.019336
90.23046875, 0.068085
90.26025390625, 0.019336
90.290283203125, -0.015484
90.3203125, -0.022449
90.350341796875, -0.029413
90.38037109375, -0.043341
90.410400390625, 0.0263
90.4404296875, 0.054157
90.470458984375, 0.012372
90.50048828125, -0.064233
90.5302734375, -0.140839
90.560302734375, 0.186476
90.59033203125, 0.158619
90.620361328125, -0.078162
90.650390625, 0.040229
90.680419921875, 0.221296
90.71044921875, 0.179511
90.740478515625, 0.165583
90.770263671875, -0.057269
90.80029296875, 0.040229
90.830322265625, -0.078162
90.8603515625, 0.061121
90.890380859375, 0.012372
90.92041015625, 0.061121
90.950439453125, -0.022449
90.98046875, -0.119947
91.010498046875, -0.09209
91.040283203125, -0.022449
91.0703125, 0.068085
91.100341796875, 0.061121
91.13037109375, -0.036377
91.160400390625, -0.057269
91.1904296875, 0.075049
91.220458984375, 0.019336
91.25048828125, -0.09209
91.2802734375, -0.00852
91.310302734375, -0.078162
91.34033203125, 0.040229
91.370361328125, -0.050305
91.400390625, -0.00852
91.430419921875, -0.133875
91.46044921875, -0.099054
91.490478515625, -0.029413
91.5205078125, -0.001556
91.55029296875, 0.040229
91.580322265625, 0.088978
91.6103515625, 0.075049
91.640380859375, 0.095942
91.67041015625, 0.068085
91.700439453125, -0.09209
91.73046875, 0.095942
91.760498046875, 0.012372
91.790283203125, -0.057269
91.8203125, -0.078162
91.850341796875, -0.182624
91.88037109375, -0.119947
91.910400390625, 0.005408
91.9404296875, -0.001556
91.970458984375, 0.019336
92.00048828125, 0.019336
92.0302734375, -0.050305
92.060302734375, -0.00852
92.09033203125, -0.036377
92.120361328125, 0.047193
92.150390625, -0.099054
92.180419921875, 0.095942
92.21044921875, 0.130762
92.240478515625, -0.099054
92.2705078125, 0.075049
92.30029296875, -0.119947
92.330322265625, -0.071198
92.3603515625, 0.144691
92.390380859375, -0.043341
92.42041015625, -0.161731
92.450439453125, 0.033265
92.48046875, -0.106018
92.510498046875, 0.116834
92.540283203125, 0.10987
92.5703125, -0.050305
92.600341796875, 0.068085
92.63037109375, -0.029413
92.660400390625, 0.088978
92.6904296875, 0.005408
92.720458984375, 0.019336
92.75048828125, -0.043341
92.780517578125, 0.088978
92.810302734375, 0.130762
92.84033203125, 0.040229
92.870361328125, 0.005408
92.900390625, -0.085126
92.930419921875, 0.033265
92.96044921875, 0.047193
92.990478515625, 0.068085
93.0205078125, -0.050305
93.05029296875, 0.040229
93.080322265625, -0.036377
93.1103515625, 0.033265
93.140380859375, 0.0263
93.17041015625, 0.033265
93.200439453125, -0.036377
93.23046875, -0.071198
93.260498046875, 0.0263
93.290283203125, -0.00852
93.3203125, -0.036377
93.350341796875, 0.068085
93.38037109375, 0.123798
93.410400390625, -0.050305
93.4404296875, 0.137727
93.470458984375, -0.106018
93.50048828125, 0.095942
93.530517578125, 0.047193
93.560302734375, 0.005408
93.59033203125, -0.064233
93.620361328125, 0.075049
93.650390625, -0.00852
93.680419921875, 0.116834
93.71044921875, 0.130762
93.740478515625, 0.082014
93.7705078125, 0.005408
93.80029296875, -0.043341
93.830322265625, -0.001556
93.8603515625, -0.09209
93.890380859375, 0.0263
93.92041015625, -0.071198
93.950439453125, -0.071198
93.98046875, -0.050305
94.010498046875, 0.249153
94.04052734375, 0.116834
94.0703125, 0.102906
94.100341796875, 0.130762
94.13037109375, 0.033265
94.160400390625, -0.036377
94.1904296875, -0.015484
94.220458984375, -0.09209
94.25048828125, -0.106018
94.280517578125, 0.019336
94.310302734375, 0.054157
94.34033203125, -0.064233
94.370361328125, 0.047193
94.400390625, 0.075049
94.430419921875, 0.0263
94.46044921875, -0.029413
94.490478515625, -0.064233
94.5205078125, -0.022449
94.550537109375, 0.075049
94.580322265625, 0.012372
94.6103515625, -0.112982
94.640380859375, 0.005408
94.67041015625, -0.00852
94.700439453125, -0.036377
94.73046875, 0.012372
94.760498046875, 0.0263
94.79052734375, -0.057269
94.8203125, -0.050305
94.850341796875, 0.0263
94.88037109375, -0.078162
94.910400390625, 0.033265
94.9404296875, 0.095942
94.970458984375, 0.068085
95.00048828125, 0.033265
95.030517578125, -0.00852
95.060302734375, 0.019336
95.09033203125, -0.043341
95.120361328125, -0.029413
95.150390625, 0.033265
95.180419921875, 0.116834
95.21044921875, 0.040229
95.240478515625, -0.00852
95.2705078125, -0.001556
95.300537109375, -0.106018
95.330322265625, 0.075049
95.3603515625, -0.022449
95.390380859375, 0.040229
95.42041015625, 0.068085
95.450439453125, -0.099054
95.48046875, -0.050305
95.510498046875, -0.029413
95.54052734375, -0.029413
95.5703125, 0.005408
95.600341796875, -0.085126
95.63037109375, -0.064233
95.660400390625, -0.00852
95.6904296875, 0.0263
95.720458984375, -0.106018
95.75048828125, -0.085126
95.780517578125, 0.012372
95.810546875, 0.123798
95.84033203125, 0.095942
95.870361328125, -0.071198
95.900390625, 0.068085
95.930419921875, -0.09209
95.96044921875, 0.235225
95.990478515625, -0.015484
96.0205078125, 0.054157
96.050537109375, -0.001556
96.080322265625, -0.036377
96.1103515625, 0.088978
96.140380859375, 0.012372
96.17041015625, 0.0263
96.200439453125, -0.106018
96.23046875, 0.0263
96.260498046875, -0.071198
96.29052734375, 0.10987
96.3203125, -0.043341
96.350341796875, 0.179511
96.38037109375, -0.043341
96.410400390625, 0.082014
96.4404296875, 0.019336
96.470458984375, -0.029413
96.50048828125, -0.126911
96.530517578125, -0.029413
96.560546875, 0.005408
96.59033203125, 0.033265
96.620361328125, 0.172547
96.650390625, 0.040229
96.680419921875, 0.186476
96.71044921875, 0.082014
96.740478515625, -0.036377
96.7705078125, -0.029413
96.800537109375, -0.00852
96.830322265625, -0.057269
96.8603515625, 0.0263
96.890380859375, -0.085126
96.92041015625, -0.071198
96.950439453125, 0.095942
96.98046875, -0.050305
97.010498046875, -0.022449
97.04052734375, 0.047193
97.070556640625, -0.050305
97.100341796875, -0.17566
97.13037109375, 0.151655
97.160400390625, 0.012372
97.1904296875, -0.022449
97.220458984375, 0.075049
97.25048828125, -0.00852
97.280517578125, 0.165583
97.310546875, -0.133875
97.34033203125, 0.019336
97.370361328125, 0.0263
97.400390625, -0.001556
97.430419921875, 0.158619
97.46044921875, -0.064233
97.490478515625, 0.179511
97.5205078125, 0.0263
97.550537109375, -0.001556
97.58056640625, 0.005408
97.6103515625, 0.012372
97.640380859375, 0.082014
97.67041015625, 0.102906
97.700439453125, 0.095942
97.73046875, -0.09209
97.760498046875, -0.001556
97.79052734375, 0.0263
97.820556640625, 0.0263
97.850341796875, 0.088978
97.88037109375, -0.050305
97.910400390625, -0.071198
97.9404296875, 0.033265
97.970458984375, 0.0263
98.00048828125, 0.054157
98.030517578125, -0.057269
98.060546875, 0.019336
98.09033203125, 0.061121
98.120361328125, -0.064233
98.150390625, 0.0263
98.180419921875, -0.057269
98.21044921875, 0.095942
98.240478515625, 0.0263
98.2705078125, 0.075049
98.300537109375, 0.095942
98.33056640625, 0.019336
98.3603515625, -0.09209
98.390380859375, 0.0263
98.42041015625, 0.019336
98.450439453125, 0.095942
98.48046875, -0.064233
98.510498046875, 0.040229
98.54052734375, 0.082014
98.570556640625, 0.054157
98.600341796875, -0.09209
98.63037109375, 0.0263
98.660400390625, 0.061121
98.6904296875, 0.033265
98.720458984375, 0.047193
98.75048828125, 0.123798
98.780517578125, -0.015484
98.810546875, 0.068085
98.840576171875, -0.00852
98.870361328125, 0.019336
98.900390625, 0.040229
98.930419921875, 0.047193
98.96044921875, 0.102906
98.990478515625, 0.102906
99.0205078125, 0.123798
99.050537109375, -0.09209
99.08056640625, -0.071198
99.1103515625, 0.012372
99.140380859375, 0.0263
99.17041015625, 0.068085
99.200439453125, -0.00852
99.23046875, -0.064233
99.260498046875, -0.001556
99.29052734375, -0.001556
99.320556640625, -0.015484
99.3505859375, 0.172547
99.38037109375, 0.186476
99.410400390625, -0.112982
99.4404296875, 0.088978
99.470458984375, 0.033265
99.50048828125, 0.019336
99.530517578125, 0.0263
99.560546875, 0.10987
99.590576171875, 0.172547
99.620361328125, -0.043341
99.650390625, -0.022449
99.680419921875, -0.133875
99.71044921875, -0.050305
99.740478515625, 0.082014
99.7705078125, 0.054157
99.800537109375, 0.019336
99.83056640625, 0.068085
99.8603515625, -0.09209
99.890380859375, 0.102906
99.92041015625, 0.19344
99.950439453125, 0.054157
99.98046875, 0.082014
100.010498046875, -0.022449
100.04052734375, -0.043341
100.070556640625, 0.082014
100.1005859375, 0.012372
100.13037109375, -0.09209
100.160400390625, 0.165583
100.1904296875, -0.015484
100.220458984375, -0.09209
100.25048828125, 0.088978
100.280517578125, 0.019336
100.310546875, 0.158619
100.340576171875, 0.019336
100.370361328125, -0.064233
100.400390625, -0.001556
100.430419921875, 0.088978
100.46044921875, -0.064233
100.490478515625, -0.099054
100.5205078125, -0.022449
100.550537109375, 0.019336
100.58056640625, 0.047193
100.610595703125, 0.075049
100.640380859375, 0.0263
100.67041015625, 0.144691
100.700439453125, 0.005408
100.73046875, -0.112982
100.760498046875, 0.047193
100.79052734375, 0.054157
100.820556640625, -0.043341
100.8505859375, 0.151655
100.88037109375, 0.075049
100.910400390625, 0.10987
100.9404296875, -0.015484
100.970458984375, 0.123798
101.00048828125, -0.001556
101.030517578125, -0.119947
101.060546875, -0.00852
101.090576171875, 0.040229
101.120361328125, -0.140839
101.150390625, -0.029413
101.180419921875, 0.005408
101.21044921875, 0.283974
101.240478515625, 0.116834
101.2705078125, 0.0263
101.300537109375, 0.047193
101.33056640625, 0.130762
101.360595703125, 0.0263
101.390380859375, -0.09209
101.42041015625, 0.054157
101.450439453125, 0.10987
101.48046875, 0.144691
101.510498046875, 0.082014
101.54052734375, 0.005408
101.570556640625, 0.158619
101.6005859375, 0.012372
101.63037109375, -0.001556
101.660400390625, -0.015484
101.6904296875, 0.0263
101.720458984375, -0.022449
101.75048828125, -0.043341
101.780517578125, 0.047193
101.810546875, -0.022449
101.840576171875, 0.047193
101.87060546875, 0.207368
101.900390625, -0.085126
101.930419921875, 0.165583
101.96044921875, -0.050305
101.990478515625, -0.036377
102.0205078125, 0.040229
102.050537109375, -0.00852
102.08056640625, 0.123798
102.110595703125, 0.012372
102.140380859375, 0.033265
102.17041015625, -0.029413
102.200439453125, 0.054157
102.23046875, 0.040229
102.260498046875, -0.029413
102.29052734375, 0.10987
102.320556640625, 0.040229
102.3505859375, 0.040229
102.380615234375, -0.071198
102.410400390625, -0.022449
102.4404296875, -0.036377
102.470458984375, -0.106018
102.50048828125, -0.036377
102.530517578125, -0.043341
102.560546875, -0.015484
102.590576171875, -0.106018
102.62060546875, 0.123798
102.650390625, 0.165583
102.680419921875, -0.231373
102.71044921875, 0.068085
102.740478515625, -0.043341
102.7705078125, 0.054157
102.800537109375, -0.057269
102.83056640625, 0.10987
102.860595703125, -0.071198
102.890380859375, 0.061121
102.92041015625, -0.001556
102.950439453125, 0.144691
102.98046875, -0.015484
103.010498046875, 0.088978
103.04052734375, -0.112982
103.070556640625, -0.036377
103.1005859375, 0.075049
103.130615234375, -0.029413
103.160400390625, 0.033265
103.1904296875, 0.061121
103.220458984375, 0.186476
103.25048828125, 0.102906
103.280517578125, -0.022449
103.310546875, 0.019336
103.340576171875, -0.09209
103.37060546875, 0.102906
103.400390625, 0.082014
103.430419921875, 0.040229
103.46044921875, 0.144691
103.490478515625, 0.005408
103.5205078125, 0.116834
103.550537109375, 0.061121
103.58056640625, 0.088978
103.610595703125, -0.050305
103.640625, -0.050305
103.67041015625, -0.001556
103.700439453125, -0.015484
103.73046875, 0.054157
103.760498046875, 0.075049
103.79052734375, -0.085126
103.820556640625, -0.022449
103.8505859375, 0.123798
103.880615234375, -0.057269
103.910400390625, -0.064233
103.9404296875, 0.005408
103.970458984375, 0.082014
104.00048828125, 0.0263
104.030517578125, 0.151655
104.060546875, -0.085126
104.090576171875, 0.061121
104.12060546875, -0.064233
104.150634765625, 0.012372
104.180419921875, 0.061121
104.21044921875, 0.033265
104.240478515625, -0.00852
104.2705078125, 0.088978
104.300537109375, -0.140839
104.33056640625, -0.140839
104.360595703125, 0.068085
104.390625, 0.019336
104.42041015625, -0.036377
104.450439453125, 0.144691
104.48046875, 0.10987
104.510498046875, -0.00852
104.54052734375, 0.061121
104.570556640625, 0.040229
104.6005859375, 0.019336
104.630615234375, -0.078162
104.660400390625, -0.050305
104.6904296875, 0.130762
104.720458984375, -0.119947
104.75048828125, -0.106018
104.780517578125, -0.00852
104.810546875, 0.012372
104.840576171875, 0.068085
104.87060546875, 0.019336
104.900634765625, -0.001556
104.930419921875, -0.043341
104.96044921875, -0.085126
104.990478515625, 0.10987
105.0205078125, 0.033265
105.050537109375, 0.061121
105.08056640625, 0.019336
105.110595703125, -0.064233
105.140625, 0.116834
105.17041015625, 0.061121
105.200439453125, 0.005408
105.23046875, 0.061121
105.260498046875, 0.102906
105.29052734375, -0.001556
105.320556640625, 0.047193
105.3505859375, 0.137727
105.380615234375, 0.005408
105.41064453125, 0.214332
105.4404296875, -0.001556
105.470458984375, -0.071198
105.50048828125, -0.043341
105.530517578125, 0.005408
105.560546875, 0.068085
105.590576171875, -0.015484
105.62060546875, 0.040229
105.650634765625, 0.047193
105.680419921875, -0.015484
105.71044921875, 0.033265
105.740478515625, -0.050305
105.7705078125, -0.099054
105.800537109375, -0.015484
105.83056640625, 0.040229
105.860595703125, 0.0263
105.890625, -0.050305
105.92041015625, 0.095942
105.950439453125, 0.088978
105.98046875, 0.061121
106.010498046875, 0.054157
106.04052734375, 0.012372
106.070556640625, -0.050305
106.1005859375, 0.019336
106.130615234375, 0.012372
106.16064453125, -0.126911
106.1904296875, 0.158619
106.220458984375, 0.095942
106.25048828125, -0.071198
106.280517578125, -0.099054
106.310546875, 0.075049
106.340576171875, -0.050305
106.37060546875, -0.043341
106.400634765625, 0.0263
106.430419921875, -0.036377
106.46044921875, 0.047193
106.490478515625, -0.071198
106.5205078125, 0.158619
106.550537109375, 0.005408
106.58056640625, 0.033265
106.610595703125, 0.012372
106.640625, -0.001556
106.670654296875, 0.068085
106.700439453125, 0.144691
106.73046875, -0.00852
106.760498046875, -0.00852
106.79052734375, -0.050305
106.820556640625, 0.165583
106.8505859375, -0.126911
106.880615234375, -0.029413
106.91064453125, 0.005408
106.9404296875, 0.186476
106.970458984375, 0.019336
107.00048828125, -0.029413
107.030517578125, 0.005408
107.060546875, 0.095942
107.090576171875, -0.015484
107.12060546875, -0.022449
107.150634765625, 0.047193
107.1806640625, -0.050305
107.21044921875, -0.022449
107.240478515625, -0.147803
107.2705078125, 0.158619
107.300537109375, 0.019336
107.33056640625, 0.095942
107.360595703125, 0.082014
107.390625, 0.047193
107.420654296875, -0.064233
107.450439453125, 0.047193
107.48046875, -0.078162
107.510498046875, -0.064233
107.54052734375, -0.050305
107.570556640625, -0.09209
107.6005859375, -0.043341
107.630615234375, 0.061121
107.66064453125, -0.036377
107.6904296875, 0.082014
107.720458984375, 0.040229
107.75048828125, 0.054157
107.780517578125, 0.200404
107.810546875, -0.036377
107.840576171875, 0.075049
107.87060546875, -0.022449
107.900634765625, 0.130762
107.9306640625, -0.085126
107.96044921875, -0.00852
107.990478515625, 0.033265
108.0205078125, 0.0263
108.050537109375, 0.095942
108.08056640625, -0.099054
108.110595703125, 0.082014
108.140625, 0.130762
108.170654296875, 0.151655
108.200439453125, 0.0263
108.23046875, -0.036377
108.260498046875, -0.022449
108.29052734375, 0.047193
108.320556640625, 0.123798
108.3505859375, 0.123798
108.380615234375, 0.047193
108.41064453125, -0.071198
108.440673828125, -0.022449
108.470458984375, 0.068085
108.50048828125, -0.00852
108.530517578125, 0.068085
108.560546875, 0.082014
108.590576171875, 0.144691
108.62060546875, 0.082014
108.650634765625, -0.015484
108.6806640625, 0.082014
108.71044921875, 0.102906
108.740478515625, -0.126911
108.7705078125, 0.054157
108.800537109375, 0.082014
108.83056640625, -0.015484
108.860595703125, 0.040229
108.890625, -0.022449
108.920654296875, -0.064233
108.950439453125, 0.116834
108.98046875, -0.043341
109.010498046875, 0.068085
109.04052734375, -0.015484
109.070556640625, 0.082014
109.1005859375, 0.054157
109.130615234375, 0.10987
109.16064453125, 0.040229
109.190673828125, 0.088978
109.220458984375, -0.112982
109.25048828125, 0.019336
109.280517578125, 0.005408
109.310546875, 0.0263
109.340576171875, 0.019336
109.37060546875, 0.130762
109.400634765625, 0.047193
109.4306640625, 0.10987
109.46044921875, 0.075049
109.490478515625, -0.078162
109.5205078125, 0.123798
109.550537109375, -0.001556
109.58056640625, 0.054157
109.610595703125, -0.00852
109.640625, 0.130762
109.670654296875, 0.054157
109.70068359375, -0.036377
109.73046875, -0.029413
109.760498046875, -0.015484
109.79052734375, 0.047193
109.820556640625, 0.047193
109.8505859375, 0.005408
109.880615234375, 0.158619
109.91064453125, -0.057269
109.940673828125, 0.075049
109.970458984375, -0.085126
110.00048828125, -0.00852
110.030517578125, 0.123798
110.060546875, -0.00852
110.090576171875, 0.102906
110.12060546875, -0.036377
110.150634765625, 0.054157
110.1806640625, -0.015484
110.210693359375, 0.054157
110.240478515625, -0.085126
110.2705078125, 0.068085
110.300537109375, -0.078162
110.33056640625, 0.033265
110.360595703125, -0.050305
110.390625, 0.040229
110.420654296875, -0.057269
110.45068359375, 0.088978
110.48046875, 0.116834
110.510498046875, 0.054157
110.54052734375, 0.082014
110.570556640625, 0.012372
110.6005859375, -0.022449
110.630615234375, -0.112982
110.66064453125, -0.00852
110.690673828125, 0.047193
110.720458984375, -0.00852
110.75048828125, -0.071198
110.780517578125, 0.054157
110.810546875, 0.075049
110.840576171875, -0.078162
110.87060546875, 0.0263
110.900634765625, 0.130762
110.9306640625, 0.0263
110.960693359375, 0.005408
110.990478515625, -0.015484
111.0205078125, -0.043341
111.050537109375, -0.050305
111.08056640625, -0.057269
111.110595703125, 0.075049
111.140625, 0.088978
111.170654296875, -0.112982
111.20068359375, 0.082014
111.23046875, 0.10987
111.260498046875, -0.00852
111.29052734375, 0.075049
111.320556640625, -0.001556
111.3505859375, -0.099054
111.380615234375, 0.012372
111.41064453125, 0.0263
111.440673828125, 0.088978
111.470703125, 0.0263
111.50048828125, -0.00852
111.530517578125, 0.082014
111.560546875, 0.061121
111.590576171875, 0.0263
111.62060546875, -0.057269
111.650634765625, 0.068085
111.6806640625, -0.001556
111.710693359375, -0.043341
111.740478515625, -0.029413
111.7705078125, 0.054157
111.800537109375, -0.099054
111.83056640625, 0.040229
111.860595703125, 0.068085
111.890625, 0.102906
111.920654296875, -0.036377
111.95068359375, -0.057269
111.980712890625, -0.071198
112.010498046875, 0.10987
112.04052734375, 0.012372
112.070556640625, 0.123798
112.1005859375, 0.095942
112.130615234375, 0.061121
112.16064453125, 0.0263
112.190673828125, 0.005408
112.220703125, -0.057269
112.25048828125, 0.095942
112.280517578125, 0.116834
112.310546875, 0.068085
112.340576171875, 0.005408
112.37060546875, 0.0263
112.400634765625, -0.029413
112.4306640625, 0.130762
112.460693359375, 0.005408
112.490478515625, 0.075049
112.5205078125, 0.082014
112.550537109375, -0.043341
112.58056640625, 0.116834
112.610595703125, -0.00852
112.640625, 0.088978
112.670654296875, 0.082014
112.70068359375, 0.040229
112.730712890625, 0.040229
112.760498046875, -0.043341
112.79052734375, 0.075049
112.820556640625, 0.061121
112.8505859375, 0.102906
112.880615234375, 0.075049
112.91064453125, -0.00852
112.940673828125, -0.00852
112.970703125, 0.116834
113.00048828125, 0.033265
113.030517578125, -0.050305
113.060546875, -0.106018
113.090576171875, 0.0263
113.12060546875, -0.085126
113.150634765625, -0.147803
113.1806640625, 0.040229
113.210693359375, -0.050305
113.24072265625, -0.078162
113.2705078125, -0.029413
113.300537109375, -0.029413
113.33056640625, 0.102906
113.360595703125, -0.015484
113.390625, 0.082014
113.420654296875, 0.061121
113.45068359375, 0.095942
113.480712890625, 0.116834
113.510498046875, 0.033265
113.54052734375, 0.061121
113.570556640625, 0.005408
113.6005859375, 0.054157
113.630615234375, -0.00852
113.66064453125, 0.0263
113.690673828125, 0.10987
113.720703125, 0.0263
113.75048828125, 0.061121
113.780517578125, 0.130762
113.810546875, -0.126911
113.840576171875, 0.047193
113.87060546875, -0.154767
113.900634765625, -0.154767
113.9306640625, 0.075049
113.960693359375, 0.012372
113.99072265625, 0.116834
114.0205078125, -0.00852
114.050537109375, -0.09209
114.08056640625, -0.050305
114.110595703125, 0.012372
114.140625, 0.033265
114.170654296875, 0.082014
114.20068359375, 0.088978
114.230712890625, 0.130762
114.260498046875, 0.116834
114.29052734375, 0.012372
114.320556640625, -0.085126
114.3505859375, -0.057269
114.380615234375, -0.015484
114.41064453125, 0.151655
114.440673828125, -0.001556
114.470703125, -0.001556
114.500732421875, -0.071198
114.530517578125, -0.071198
114.560546875, 0.033265
114.590576171875, 0.123798
114.62060546875, -0.015484
114.650634765625, 0.054157
114.6806640625, 0.054157
114.710693359375, 0.005408
114.74072265625, -0.015484
114.7705078125, -0.022449
114.800537109375, 0.088978
114.83056640625, 0.144691
114.860595703125, 0.130762
114.890625, 0.054157
114.920654296875, -0.00852
114.95068359375, -0.050305
114.980712890625, 0.0263
115.0107421875, 0.054157
115.04052734375, 0.116834
115.070556640625, -0.112982
115.1005859375, 0.068085
115.130615234375, 0.068085
115.16064453125, -0.050305
115.190673828125, -0.064233
115.220703125, -0.00852
115.250732421875, -0.050305
115.280517578125, 0.033265
115.310546875, 0.061121
115.340576171875, 0.061121
115.37060546875, -0.043341
115.400634765625, 0.137727
115.4306640625, -0.078162
115.460693359375, -0.078162
115.49072265625, -0.029413
115.5205078125, -0.050305
115.550537109375, 0.054157
115.58056640625, 0.095942
115.610595703125, -0.029413
115.640625, -0.099054
115.670654296875, -0.029413
115.70068359375, 0.040229
115.730712890625, -0.085126
115.7607421875, 0.095942
115.79052734375, -0.00852
115.820556640625, 0.047193
115.8505859375, -0.168695
115.880615234375, 0.0263
115.91064453125, 0.095942
115.940673828125, 0.095942
115.970703125, 0.130762
116.000732421875, 0.054157
116.030517578125, 0.095942
116.060546875, -0.015484
116.090576171875, -0.099054
116.12060546875, 0.123798
116.150634765625, 0.033265
116.1806640625, -0.119947
116.210693359375, -0.001556
116.24072265625, -0.085126
116.270751953125, 0.019336
116.300537109375, -0.022449
116.33056640625, 0.047193
116.360595703125, -0.050305
116.390625, 0.012372
116.420654296875, 0.012372
116.45068359375, 0.061121
116.480712890625, -0.043341
116.5107421875, 0.019336
116.54052734375, -0.161731
116.570556640625, 0.040229
116.6005859375, 0.0263
116.630615234375, 0.061121
116.66064453125, -0.022449
116.690673828125, -0.00852
116.720703125, -0.119947
116.750732421875, 0.095942
116.780517578125, 0.0263
116.810546875, 0.151655
116.840576171875, 0.130762
116.87060546875, 0.137727
116.900634765625, 0.047193
116.9306640625, -0.029413
116.960693359375, 0.005408
116.99072265625, -0.022449
117.020751953125, 0.012372
117.050537109375, -0.036377
117.08056640625, 0.005408
117.110595703125, -0.064233
117.140625, 0.054157
117.170654296875, -0.09209
117.20068359375, -0.147803
117.230712890625, 0.019336
117.2607421875, 0.10987
117.29052734375, 0.082014
117.320556640625, -0.050305
117.3505859375, -0.022449
117.380615234375, 0.061121
117.41064453125, -0.015484
117.440673828125, 0.123798
117.470703125, -0.09209
117.500732421875, -0.001556
117.53076171875, 0.019336
117.560546875, 0.061121
117.590576171875, 0.095942
117.62060546875, -0.015484
117.650634765625, -0.00852
117.6806640625, -0.057269
117.710693359375, -0.182624
117.74072265625, -0.099054
117.770751953125, -0.126911
117.800537109375, 0.088978
117.83056640625, 0.082014
117.860595703125, 0.102906
117.890625, -0.015484
117.920654296875, 0.088978
117.95068359375, -0.022449
117.980712890625, 0.012372
118.0107421875, -0.09209
118.040771484375, -0.071198
118.070556640625, -0.050305
118.1005859375, 0.012372
118.130615234375, -0.161731
118.16064453125, 0.075049
118.190673828125, 0.012372
118.220703125, 0.047193
118.250732421875, 0.012372
118.28076171875, -0.00852
118.310546875, 0.061121
118.340576171875, -0.119947
118.37060546875, 0.005408
118.400634765625, 0.040229
118.4306640625, -0.00852
118.460693359375, 0.075049
118.49072265625, -0.043341
118.520751953125, -0.043341
118.550537109375, -0.015484
118.58056640625, -0.043341
118.610595703125, -0.015484
118.640625, -0.036377
118.670654296875, 0.012372
118.70068359375, 0.088978
118.730712890625, -0.00852
118.7607421875, 0.012372
118.790771484375, 0.102906
118.820556640625, 0.068085
118.8505859375, 0.116834
118.880615234375, 0.019336
118.91064453125, -0.001556
118.940673828125, 0.082014
118.970703125, -0.00852
119.000732421875, 0.088978
119.03076171875, 0.061121
119.060546875, -0.036377
119.090576171875, 0.095942
119.12060546875, 0.088978
119.150634765625, 0.088978
119.1806640625, 0.033265
119.210693359375, 0.10987
119.24072265625, 0.095942
119.270751953125, 0.200404
119.30078125, -0.085126
119.33056640625, 0.012372
119.360595703125, -0.015484
119.390625, -0.015484
119.420654296875, 0.095942
119.45068359375, 0.061121
119.480712890625, 0.082014
119.5107421875, -0.057269
119.540771484375, -0.015484
119.570556640625, 0.061121
119.6005859375, -0.126911
119.630615234375, 0.068085
119.66064453125, 0.207368
119.690673828125, -0.00852
119.720703125, 0.040229
119.750732421875, 0.082014
119.78076171875, -0.050305
119.810791015625, 0.075049
119.840576171875, -0.015484
119.87060546875, -0.036377
119.900634765625, 0.10987
119.9306640625, 0.061121
119.960693359375, 0.123798
119.99072265625, -0.050305
120.020751953125, -0.043341
120.05078125, -0.001556
120.08056640625, 0.040229
120.110595703125, -0.00852
120.140625, 0.0263
120.170654296875, 0.137727
120.20068359375, -0.078162
120.230712890625, 0.012372
120.2607421875, 0.095942
120.290771484375, -0.036377
120.320556640625, -0.071198
120.3505859375, 0.082014
120.380615234375, -0.106018
120.41064453125, -0.057269
120.440673828125, 0.005408
120.470703125, -0.001556
120.500732421875, -0.001556
120.53076171875, 0.033265
120.560791015625, -0.078162
120.590576171875, 0.012372
120.62060546875, -0.00852
120.650634765625, 0.0263
120.6806640625, 0.068085
120.710693359375, -0.029413
120.74072265625, -0.078162
120.770751953125, -0.015484
120.80078125, 0.075049
120.83056640625, 0.095942
120.860595703125, 0.102906
120.890625, 0.068085
120.920654296875, -0.050305
120.95068359375, 0.033265
120.980712890625, -0.001556
121.0107421875, -0.057269
121.040771484375, -0.064233
121.07080078125, -0.057269
121.1005859375, 0.040229
121.130615234375, 0.068085
121.16064453125, 0.019336
121.190673828125, 0.102906
121.220703125, -0.071198
121.250732421875, 0.10987
121.28076171875, 0.040229
121.310791015625, -0.029413
121.340576171875, -0.001556
121.37060546875, 0.012372
121.400634765625, 0.088978
121.4306640625, 0.061121
121.460693359375, -0.071198
121.49072265625, 0.005408
121.520751953125, -0.029413
121.55078125, -0.015484
121.58056640625, 0.019336
121.610595703125, 0.005408
121.640625, 0.102906
121.670654296875, 0.082014
121.70068359375, 0.061121
121.730712890625, -0.21048
121.7607421875, -0.057269
121.790771484375, -0.00852
121.82080078125, 0.019336
121.8505859375, -0.064233
121.880615234375, 0.019336
121.91064453125, 0.040229
121.940673828125, 0.116834
121.970703125, 0.075049
122.000732421875, -0.043341
122.03076171875, 0.005408
122.060791015625, -0.022449
122.090576171875, -0.022449
122.12060546875, 0.068085
122.150634765625, 0.200404
122.1806640625, -0.00852
122.210693359375, -0.00852
122.24072265625, -0.015484
122.270751953125, -0.036377
122.30078125, 0.012372
122.330810546875, 0.019336
122.360595703125, -0.064233
122.390625, 0.040229
122.420654296875, 0.102906
122.45068359375, 0.040229
122.480712890625, 0.054157
122.5107421875, -0.043341
122.540771484375, -0.09209
122.57080078125, -0.106018
122.6005859375, -0.022449
122.630615234375, 0.075049
122.66064453125, -0.022449
122.690673828125, 0.10987
122.720703125, -0.001556
122.750732421875, 0.019336
122.78076171875, 0.075049
122.810791015625, 0.061121
122.8408203125, -0.001556
122.87060546875, 0.005408
122.900634765625, 0.040229
122.9306640625, 0.040229
122.960693359375, 0.075049
122.99072265625, 0.123798
123.020751953125, 0.082014
123.05078125, -0.099054
123.080810546875, 0.088978
123.110595703125, -0.078162
123.140625, 0.158619
123.170654296875, 0.088978
123.20068359375, 0.054157
123.230712890625, 0.061121
123.2607421875, -0.022449
123.290771484375, 0.082014
123.32080078125, 0.082014
123.3505859375, -0.071198
123.380615234375, 0.0263
123.41064453125, 0.068085
123.440673828125, -0.029413
123.470703125, 0.10987
123.500732421875, 0.095942
123.53076171875, 0.068085
123.560791015625, 0.207368
123.5908203125, -0.00852
123.62060546875, -0.029413
123.650634765625, 0.144691
123.6806640625, 0.068085
123.710693359375, 0.179511
123.74072265625, 0.0263
123.770751953125, 0.082014
123.80078125, -0.085126
123.830810546875, 0.054157
123.860595703125, 0.033265
123.890625, -0.001556
123.920654296875, -0.064233
123.95068359375, 0.040229
123.980712890625, 0.130762
124.0107421875, 0.054157
124.040771484375, 0.005408
124.07080078125, 0.040229
124.100830078125, 0.144691
124.130615234375, 0.068085
124.16064453125, -0.057269
124.190673828125, -0.015484
124.220703125, -0.161731
124.250732421875, 0.047193
124.28076171875, 0.10987
124.310791015625, 0.019336
124.3408203125, -0.036377
124.37060546875, 0.10987
124.400634765625, 0.186476
124.4306640625, -0.015484
124.460693359375, 0.102906
124.49072265625, 0.061121
124.520751953125, -0.015484
124.55078125, 0.033265
124.580810546875, -0.022449
124.610595703125, 0.005408
124.640625, -0.022449
124.670654296875, -0.050305
124.70068359375, -0.106018
124.730712890625, 0.061121
124.7607421875, 0.061121
124.790771484375, 0.130762
124.82080078125, -0.001556
124.850830078125, -0.001556
124.880615234375, 0.0263
124.91064453125, -0.043341
124.940673828125, 0.165583
124.970703125, -0.085126
125.000732421875, 0.047193
125.03076171875, 0.012372
125.060791015625, -0.050305
125.0908203125, 0.054157
125.12060546875, 0.012372
125.150634765625, 0.068085
125.1806640625, 0.123798
125.210693359375, 0.061121
125.24072265625, 0.054157
125.270751953125, 0.116834
125.30078125, 0.0263
125.330810546875, -0.050305
125.36083984375, 0.0263
125.390625, 0.075049
125.420654296875, -0.050305
125.45068359375, -0.057269
125.480712890625, 0.0263
125.5107421875, -0.001556
125.540771484375, 0.047193
125.57080078125, -0.001556
125.600830078125, 0.116834
125.630615234375, 0.054157
125.66064453125, -0.001556
125.690673828125, 0.130762
125.720703125, 0.242189
125.750732421875, 0.019336
125.78076171875, 0.116834
125.810791015625, 0.068085
125.8408203125, -0.112982
125.870849609375, 0.068085
125.900634765625, -0.133875
125.9306640625, -0.029413
125.960693359375, 0.033265
125.99072265625, 0.088978
126.020751953125, 0.040229
126.05078125, 0.054157
126.080810546875, 0.075049
126.11083984375, -0.071198
126.140625, -0.036377
126.170654296875, -0.029413
126.20068359375, -0.071198
126.230712890625, 0.082014
126.2607421875, 0.102906
126.290771484375, 0.040229
126.32080078125, 0.061121
126.350830078125, 0.0263
126.380615234375, -0.085126
126.41064453125, -0.050305
126.440673828125, 0.235225
126.470703125, -0.029413
126.500732421875, -0.057269
126.53076171875, -0.085126
126.560791015625, 0.116834
126.5908203125, 0.123798
126.620849609375, 0.10987
126.650634765625, -0.085126
126.6806640625, 0.172547
126.710693359375, -0.147803
126.74072265625, 0.082014
126.770751953125, -0.09209
126.80078125, -0.09209
126.830810546875, 0.116834
126.86083984375, 0.10987
126.890625, 0.047193
126.920654296875, 0.019336
126.95068359375, -0.064233
126.980712890625, 0.221296
127.0107421875, -0.029413
127.040771484375, 0.012372
127.07080078125, 0.10987
127.100830078125, -0.064233
127.130859375, 0.012372
127.16064453125, 0.005408
127.190673828125, 0.207368
127.220703125, -0.001556
127.250732421875, 0.005408
127.28076171875, 0.068085
127.310791015625, 0.123798
127.3408203125, -0.00852
127.370849609375, 0.012372
127.400634765625, -0.036377
127.4306640625, -0.21048
127.460693359375, -0.09209
127.49072265625, -0.043341
127.520751953125, -0.022449
127.55078125, -0.064233
127.580810546875, -0.015484
127.61083984375, -0.015484
127.640869140625, 0.095942
127.670654296875, 0.075049
127.70068359375, -0.029413
127.730712890625, 0.075049
127.7607421875, -0.001556
127.790771484375, -0.064233
127.82080078125, -0.029413
127.850830078125, 0.0263
127.880859375, -0.015484
127.91064453125, 0.088978
127.940673828125, -0.029413
127.970703125, 0.0263
128.000732421875, -0.064233
128.03076171875, -0.00852
128.060791015625, -0.147803
128.0908203125, 0.040229
128.120849609375, 0.005408
128.150634765625, -0.015484
128.1806640625, 0.075049
128.210693359375, -0.112982
128.24072265625, -0.126911
128.270751953125, 0.095942
128.30078125, -0.17566
128.330810546875, 0.10987
128.36083984375, -0.036377
128.390869140625, 0.033265
128.420654296875, 0.075049
128.45068359375, 0.012372
128.480712890625, 0.040229
128.5107421875, 0.047193
128.540771484375, 0.047193
128.57080078125, 0.082014
128.600830078125, -0.071198
128.630859375, -0.015484
128.66064453125, 0.102906
128.690673828125, -0.078162
128.720703125, 0.10987
128.750732421875, 0.075049
128.78076171875, -0.001556
128.810791015625, -0.015484
128.8408203125, 0.068085
128.870849609375, 0.012372
128.90087890625, 0.019336
128.9306640625, 0.088978
128.960693359375, 0.158619
128.99072265625, -0.057269
129.020751953125, -0.00852
129.05078125, 0.088978
129.080810546875, -0.050305
129.11083984375, 0.040229
129.140869140625, -0.00852
129.170654296875, -0.126911
129.20068359375, 0.095942
129.230712890625, 0.033265
129.2607421875, 0.019336
129.290771484375, -0.085126
129.32080078125, 0.019336
129.350830078125, 0.054157
129.380859375, -0.00852
129.41064453125, 0.082014
129.440673828125, 0.040229
129.470703125, 0.061121
129.500732421875, 0.075049
129.53076171875, 0.123798
129.560791015625, -0.119947
129.5908203125, 0.061121
129.620849609375, -0.036377
129.65087890625, -0.112982
129.6806640625, 0.033265
129.710693359375, -0.057269
129.74072265625, 0.012372
129.770751953125, 0.033265
129.80078125, 0.0263
129.830810546875, -0.00852
129.86083984375, -0.015484
129.890869140625, 0.061121
129.920654296875, 0.082014
129.95068359375, -0.09209
129.980712890625, 0.061121
130.0107421875, 0.054157
130.040771484375, 0.012372
130.07080078125, 0.130762
130.100830078125, -0.078162
130.130859375, -0.071198
130.160888671875, 0.033265
130.190673828125, 0.082014
130.220703125, 0.061121
130.250732421875, -0.036377
130.28076171875, 0.047193
130.310791015625, 0.0263
130.3408203125, 0.005408
130.370849609375, -0.022449
130.40087890625, 0.054157
130.4306640625, 0.005408
130.460693359375, -0.022449
130.49072265625, -0.071198
130.520751953125, 0.005408
130.55078125, 0.0263
130.580810546875, 0.0263
130.61083984375, 0.214332
130.640869140625, 0.102906
130.6708984375, -0.001556
130.70068359375, 0.033265
130.730712890625, 0.10987
130.7607421875, -0.036377
130.790771484375, 0.033265
130.82080078125, 0.033265
130.850830078125, -0.106018
130.880859375, -0.022449
130.910888671875, 0.047193
130.940673828125, 0.10987
130.970703125, 0.144691
131.000732421875, 0.102906
131.03076171875, -0.057269
131.060791015625, 0.033265
131.0908203125, 0.047193
131.120849609375, -0.043341
131.15087890625, 0.047193
131.1806640625, 0.137727
131.210693359375, 0.019336
131.24072265625, -0.112982
131.270751953125, 0.005408
131.30078125, -0.001556
131.330810546875, -0.057269
131.36083984375, -0.099054
131.390869140625, 0.102906
131.4208984375, 0.123798
131.45068359375, 0.10987
131.480712890625, 0.0263
131.5107421875, 0.095942
131.540771484375, 0.158619
131.57080078125, 0.082014
131.600830078125, 0.0263
131.630859375, -0.078162
131.660888671875, -0.057269
131.690673828125, 0.019336
131.720703125, 0.033265
131.750732421875, -0.09209
131.78076171875, -0.00852
131.810791015625, 0.005408
131.8408203125, -0.057269
131.870849609375, 0.012372
131.90087890625, 0.012372
131.930908203125, -0.085126
131.960693359375, 0.040229
131.99072265625, 0.068085
132.020751953125, -0.085126
132.05078125, 0.0263
132.080810546875, -0.071198
132.11083984375, 0.116834
132.140869140625, -0.043341
132.1708984375, 0.005408
132.20068359375, 0.005408
132.230712890625, 0.123798
132.2607421875, 0.019336
132.290771484375, -0.071198
132.32080078125, 0.033265
132.350830078125, 0.102906
132.380859375, -0.029413
132.410888671875, 0.068085
132.440673828125, -0.00852
132.470703125, -0.029413
132.500732421875, -0.015484
132.53076171875, -0.001556
132.560791015625, 0.123798
132.5908203125, -0.099054
132.620849609375, 0.088978
132.65087890625, 0.095942
132.680908203125, -0.078162
132.710693359375, -0.126911
132.74072265625, -0.078162
132.770751953125, 0.054157
132.80078125, -0.085126
132.830810546875, -0.015484
132.86083984375, 0.165583
132.890869140625, 0.116834
132.9208984375, 0.0263
132.95068359375, 0.019336
132.980712890625, 0.151655
133.0107421875, 0.130762
133.040771484375, 0.005408
133.07080078125, -0.022449
133.100830078125, -0.050305
133.130859375, -0.196552
133.160888671875, 0.068085
133.19091796875, -0.071198
133.220703125, -0.119947
133.250732421875, 0.019336
133.28076171875, 0.061121
133.310791015625, 0.0263
133.3408203125, 0.165583
133.370849609375, -0.043341
133.40087890625, -0.078162
133.430908203125, -0.001556
133.460693359375, 0.095942
133.49072265625, 0.10987
133.520751953125, 0.0263
133.55078125, -0.078162
133.580810546875, -0.119947
133.61083984375, 0.033265
133.640869140625, -0.043341
133.6708984375, -0.085126
133.700927734375, -0.085126
133.730712890625, 0.151655
133.7607421875, 0.082014
133.790771484375, 0.005408
133.82080078125, -0.036377
133.850830078125, 0.019336
133.880859375, -0.057269
133.910888671875, -0.001556
133.94091796875, 0.0263
133.970703125, 0.061121
134.000732421875, -0.001556
134.03076171875, 0.054157
134.060791015625, 0.054157
134.0908203125, 0.005408
134.120849609375, 0.033265
134.15087890625, 0.005408
134.180908203125, 0.10987
134.210693359375, 0.095942
134.24072265625, 0.040229
134.270751953125, 0.0263
134.30078125, -0.043341
134.330810546875, 0.095942
134.36083984375, 0.068085
134.390869140625, 0.151655
134.4208984375, 0.019336
134.450927734375, -0.064233
134.480712890625, 0.116834
134.5107421875, 0.012372
134.540771484375, 0.005408
134.57080078125, 0.005408
134.600830078125, -0.00852
134.630859375, 0.061121
134.660888671875, -0.189588
134.69091796875, -0.057269
134.720703125, 0.054157
134.750732421875, -0.022449
134.78076171875, -0.001556
134.810791015625, -0.00852
134.8408203125, 0.047193
134.870849609375, 0.235225
134.90087890625, 0.0263
134.930908203125, -0.085126
134.9609375, -0.071198
134.99072265625, 0.012372
135.020751953125, 0.047193
135.05078125, 0.068085
135.080810546875, -0.057269
135.11083984375, 0.019336
135.140869140625, 0.179511
135.1708984375, -0.015484
135.200927734375, 0.047193
135.230712890625, 0.095942
135.2607421875, 0.012372
135.290771484375, 0.047193
135.32080078125, -0.119947
135.350830078125, -0.001556
135.380859375, -0.071198
135.410888671875, -0.036377
135.44091796875, -0.036377
135.470947265625, -0.154767
135.500732421875, 0.054157
135.53076171875, 0.137727
135.560791015625, -0.00852
135.5908203125, 0.10987
135.620849609375, 0.054157
135.65087890625, -0.085126
135.680908203125, -0.001556
135.7109375, 0.144691
135.74072265625, -0.043341
135.770751953125, -0.085126
135.80078125, 0.116834
135.830810546875, -0.057269
135.86083984375, 0.054157
135.890869140625, 0.033265
135.9208984375, 0.088978
135.950927734375, 0.088978
135.980712890625, -0.036377
136.0107421875, 0.088978
136.040771484375, 0.005408
136.07080078125, -0.106018
136.100830078125, -0.001556
136.130859375, 0.061121
136.160888671875, 0.012372
136.19091796875, -0.001556
136.220947265625, 0.019336
136.250732421875, -0.036377
136.28076171875, -0.078162
136.310791015625, -0.147803
136.3408203125, 0.033265
136.370849609375, -0.085126
136.40087890625, -0.043341
136.430908203125, -0.029413
136.4609375, -0.015484
136.49072265625, 0.040229
136.520751953125, 0.0263
136.55078125, 0.019336
136.580810546875, 0.0263
136.61083984375, 0.0263
136.640869140625, 0.068085
136.6708984375, 0.040229
136.700927734375, 0.047193
136.73095703125, -0.043341
136.7607421875, 0.075049
136.790771484375, -0.001556
136.82080078125, -0.015484
136.850830078125, -0.043341
136.880859375, -0.001556
136.910888671875, -0.036377
136.94091796875, 0.0263
136.970947265625, 0.10987
137.000732421875, -0.022449
137.03076171875, 0.075049
137.060791015625, 0.130762
137.0908203125, 0.033265
137.120849609375, 0.075049
137.15087890625, 0.033265
137.180908203125, -0.071198
137.2109375, 0.005408
137.24072265625, -0.112982
137.270751953125, -0.064233
137.30078125, -0.071198
137.330810546875, -0.057269
137.36083984375, 0.095942
137.390869140625, -0.133875
137.4208984375, 0.082014
137.450927734375, 0.040229
137.48095703125, -0.015484
137.5107421875, 0.123798
137.540771484375, -0.057269
137.57080078125, -0.015484
137.600830078125, 0.144691
137.630859375, 0.054157
137.660888671875, 0.123798
137.69091796875, 0.082014
137.720947265625, 0.207368
137.750732421875, -0.015484
137.78076171875, 0.068085
137.810791015625, -0.00852
137.8408203125, 0.088978
137.870849609375, 0.005408
137.90087890625, 0.061121
137.930908203125, -0.099054
137.9609375, 0.179511
137.990966796875, -0.001556
138.020751953125, 0.172547
138.05078125, 0.10987
138.080810546875, 0.116834
138.11083984375, 0.088978
138.140869140625, -0.085126
138.1708984375, 0.040229
138.200927734375, 0.116834
138.23095703125, 0.137727
138.2607421875, 0.061121
138.290771484375, -0.106018
138.32080078125, 0.179511
138.350830078125, 0.040229
138.380859375, 0.012372
138.410888671875, 0.012372
138.44091796875, 0.061121
138.470947265625, 0.005408
138.5009765625, 0.040229
138.53076171875, 0.033265
138.560791015625, 0.012372
138.5908203125, -0.140839
138.620849609375, -0.022449
138.65087890625, 0.054157
138.680908203125, 0.005408
138.7109375, 0.123798
138.740966796875, 0.047193
138.770751953125, 0.061121
138.80078125, 0.005408
138.830810546875, -0.099054
138.86083984375, 0.054157
138.890869140625, -0.126911
138.9208984375, -0.057269
138.950927734375, 0.068085
138.98095703125, 0.019336
139.0107421875, 0.172547
139.040771484375, -0.022449
139.07080078125, 0.095942
139.100830078125, 0.047193
139.130859375, 0.0263
139.160888671875, 0.061121
139.19091796875, -0.022449
139.220947265625, 0.186476
139.2509765625, 0.088978
139.28076171875, 0.0263
139.310791015625, 0.082014
139.3408203125, -0.071198
139.370849609375, -0.106018
139.40087890625, -0.071198
139.430908203125, 0.040229
139.4609375, 0.012372
139.490966796875, 0.123798
139.520751953125, -0.036377
139.55078125, -0.022449
139.580810546875, 0.082014
139.61083984375, -0.106018
139.640869140625, 0.0263
139.6708984375, 0.019336
139.700927734375, -0.00852
139.73095703125, 0.158619
139.760986328125, 0.033265
139.790771484375, -0.099054
139.82080078125, 0.061121
139.850830078125, 0.095942
139.880859375, 0.0263
139.910888671875, -0.001556
139.94091796875, 0.012372
139.970947265625, -0.00852
140.0009765625, 0.0263
140.03076171875, 0.088978
140.060791015625, 0.012372
140.0908203125, 0.0263
140.120849609375, 0.144691
140.15087890625, 0.10987
140.180908203125, 0.054157
140.2109375, 0.019336
140.240966796875, -0.133875
140.270751953125, -0.085126
140.30078125, -0.00852
140.330810546875, -0.036377
140.36083984375, 0.075049
140.390869140625, 0.082014
140.4208984375, 0.130762
140.450927734375, 0.095942
140.48095703125, 0.040229
140.510986328125, -0.029413
140.540771484375, 0.068085
140.57080078125, -0.015484
140.600830078125, -0.133875
140.630859375, -0.085126
140.660888671875, -0.071198
140.69091796875, 0.033265
140.720947265625, -0.050305
140.7509765625, -0.00852
140.78076171875, 0.005408
140.810791015625, 0.102906
140.8408203125, -0.022449
140.870849609375, 0.061121
140.90087890625, 0.088978
140.930908203125, -0.064233
140.9609375, 0.061121
140.990966796875, 0.005408
141.02099609375, -0.071198
141.05078125, 0.005408
141.080810546875, 0.088978
141.11083984375, 0.040229
141.140869140625, 0.116834
141.1708984375, -0.001556
141.200927734375, -0.015484
141.23095703125, 0.054157
141.260986328125, 0.012372
141.290771484375, 0.144691
141.32080078125, 0.249153
141.350830078125, -0.085126
141.380859375, 0.054157
141.410888671875, -0.085126
141.44091796875, -0.022449
141.470947265625, 0.082014
141.5009765625, -0.09209
141.531005859375, -0.015484
141.560791015625, 0.005408
141.5908203125, 0.075049
141.620849609375, -0.001556
141.65087890625, 0.102906
141.680908203125, -0.036377
141.7109375, -0.022449
141.740966796875, 0.0263
141.77099609375, 0.075049
141.80078125, -0.071198
141.830810546875, 0.047193
141.86083984375, 0.054157
141.890869140625, -0.00852
141.9208984375, -0.001556
141.950927734375, 0.0263
141.98095703125, 0.186476
142.010986328125, 0.005408
142.040771484375, 0.0263
142.07080078125, -0.064233
142.100830078125, -0.036377
142.130859375, -0.064233
142.160888671875, -0.17566
142.19091796875, -0.015484
142.220947265625, -0.071198
142.2509765625, -0.015484
142.281005859375, -0.022449
142.310791015625, 0.088978
142.3408203125, 0.047193
142.370849609375, 0.158619
142.40087890625, 0.061121
142.430908203125, 0.012372
142.4609375, 0.012372
142.490966796875, 0.075049
142.52099609375, -0.00852
142.55078125, -0.029413
142.580810546875, 0.151655
142.61083984375, 0.012372
142.640869140625, -0.029413
142.6708984375, -0.029413
142.700927734375, 0.068085
142.73095703125, -0.015484
142.760986328125, 0.040229
142.791015625, 0.075049
142.82080078125, -0.022449
142.850830078125, 0.123798
142.880859375, 0.047193
142.910888671875, 0.054157
142.94091796875, 0.054157
142.970947265625, -0.071198
143.0009765625, -0.099054
143.031005859375, 0.040229
143.060791015625, 0.005408
143.0908203125, 0.137727
143.120849609375, -0.099054
143.15087890625, -0.036377
143.180908203125, -0.00852
143.2109375, -0.064233
143.240966796875, 0.019336
143.27099609375, 0.095942
143.301025390625, 0.151655
143.330810546875, -0.036377
143.36083984375, -0.057269
143.390869140625, -0.043341
143.4208984375, 0.088978
143.450927734375, 0.012372
143.48095703125, 0.088978
143.510986328125, 0.075049
143.541015625, 0.005408
143.57080078125, -0.022449
143.600830078125, -0.182624
143.630859375, 0.005408
143.660888671875, 0.095942
143.69091796875, 0.033265
143.720947265625, -0.022449
143.7509765625, -0.001556
143.781005859375, -0.001556
143.810791015625, -0.022449
143.8408203125, 0.082014
143.870849609375, 0.075049
143.90087890625, -0.015484
143.930908203125, -0.022449
143.9609375, -0.036377
143.990966796875, 0.088978
144.02099609375, 0.019336
144.051025390625, -0.057269
144.080810546875, 0.019336
144.11083984375, 0.061121
144.140869140625, 0.10987
144.1708984375, -0.106018
144.200927734375, 0.054157
144.23095703125, -0.001556
144.260986328125, 0.116834
144.291015625, 0.095942
144.32080078125, 0.137727
144.350830078125, 0.061121
144.380859375, 0.095942
144.410888671875, 0.005408
144.44091796875, -0.029413
144.470947265625, 0.0263
144.5009765625, 0.088978
144.531005859375, 0.047193
144.56103515625, -0.043341
144.5908203125, 0.165583
144.620849609375, 0.116834
144.65087890625, 0.061121
144.680908203125, -0.029413
144.7109375, 0.082014
144.740966796875, 0.019336
144.77099609375, 0.054157
144.801025390625, 0.040229
144.830810546875, 0.102906
144.86083984375, -0.00852
144.890869140625, -0.015484
144.9208984375, 0.047193
144.950927734375, 0.061121
144.98095703125, -0.064233
145.010986328125, -0.085126
145.041015625, 0.082014
145.07080078125, -0.00852
145.100830078125, 0.040229
145.130859375, -0.043341
145.160888671875, -0.015484
145.19091796875, -0.001556
145.220947265625, -0.071198
145.2509765625, 0.116834
145.281005859375, -0.057269
145.31103515625, -0.078162
145.3408203125, -0.015484
145.370849609375, -0.064233
145.40087890625, -0.015484
145.430908203125, 0.068085
145.4609375, -0.001556
145.490966796875, 0.082014
145.52099609375, 0.088978
145.551025390625, -0.106018
145.580810546875, -0.029413
145.61083984375, 0.068085
145.640869140625, -0.00852
145.6708984375, 0.054157
145.700927734375, -0.126911
145.73095703125, 0.047193
145.760986328125, 0.040229
145.791015625, -0.078162
145.821044921875, 0.047193
145.850830078125, -0.00852
145.880859375, -0.119947
145.910888671875, 0.040229
145.94091796875, 0.075049
145.970947265625, -0.036377
146.0009765625, 0.019336
146.031005859375, -0.064233
146.06103515625, 0.040229
146.0908203125, -0.036377
146.120849609375, 0.012372
146.15087890625, 0.172547
146.180908203125, 0.005408
146.2109375, 0.047193
146.240966796875, 0.088978
146.27099609375, -0.022449
146.301025390625, 0.0263
146.3310546875, 0.088978
146.36083984375, -0.050305
146.390869140625, -0.085126
146.4208984375, 0.047193
146.450927734375, -0.147803
146.48095703125, -0.161731
146.510986328125, 0.0263
146.541015625, 0.005408
146.571044921875, -0.085126
146.600830078125, 0.047193
146.630859375, 0.116834
146.660888671875, -0.015484
146.69091796875, -0.182624
146.720947265625, 0.061121
146.7509765625, 0.012372
146.781005859375, -0.001556
146.81103515625, -0.015484
146.8408203125, -0.00852
146.870849609375, 0.054157
146.90087890625, -0.154767
146.930908203125, 0.082014
146.9609375, 0.054157
146.990966796875, -0.078162
147.02099609375, 0.033265
147.051025390625, 0.040229
147.0810546875, 0.033265
147.11083984375, 0.054157
147.140869140625, 0.005408
147.1708984375, 0.068085
147.200927734375, 0.068085
147.23095703125, 0.151655
147.260986328125, 0.061121
147.291015625, -0.071198
147.321044921875, 0.012372
147.350830078125, 0.116834
147.380859375, 0.033265
147.410888671875, -0.001556
147.44091796875, 0.102906
147.470947265625, 0.019336
147.5009765625, 0.040229
147.531005859375, 0.012372
147.56103515625, -0.161731
147.591064453125, 0.116834
147.620849609375, 0.040229
147.65087890625, 0.040229
147.680908203125, 0.047193
147.7109375, -0.09209
147.740966796875, 0.054157
147.77099609375, 0.061121
147.801025390625, -0.029413
147.8310546875, -0.015484
147.86083984375, -0.015484
147.890869140625, -0.001556
147.9208984375, -0.057269
147.950927734375, 0.047193
147.98095703125, 0.123798
148.010986328125, -0.050305
148.041015625, -0.015484
148.071044921875, 0.116834
148.10107421875, -0.015484
148.130859375, 0.061121
148.160888671875, 0.040229
148.19091796875, 0.186476
148.220947265625, -0.015484
148.2509765625, 0.068085
148.281005859375, 0.082014
148.31103515625, 0.088978
148.341064453125, -0.022449
148.370849609375, -0.050305
148.40087890625, -0.00852
148.430908203125, 0.005408
148.4609375, 0.151655
148.490966796875, -0.022449
148.52099609375, -0.057269
148.551025390625, 0.019336
148.5810546875, 0.012372
148.61083984375, 0.102906
148.640869140625, -0.036377
148.6708984375, 0.040229
148.700927734375, 0.019336
148.73095703125, 0.047193
148.760986328125, -0.015484
148.791015625, 0.012372
148.821044921875, -0.001556
148.85107421875, 0.0263
148.880859375, -0.00852
148.910888671875, -0.057269
148.94091796875, -0.071198
148.970947265625, 0.116834
149.0009765625, -0.17566
149.031005859375, 0.012372
149.06103515625, 0.10987
149.091064453125, 0.075049
149.120849609375, 0.095942
149.15087890625, -0.043341
149.180908203125, -0.112982
149.2109375, -0.106018
149.240966796875, -0.00852
149.27099609375, 0.172547
149.301025390625, -0.022449
149.3310546875, 0.088978
149.361083984375, 0.040229
149.390869140625, 0.116834
149.4208984375, -0.029413
149.450927734375, -0.00852
149.48095703125, 0.054157
149.510986328125, 0.10987
149.541015625, 0.019336
149.571044921875, -0.001556
149.60107421875, 0.082014
149.630859375, 0.102906
149.660888671875, -0.050305
149.69091796875, 0.068085
149.720947265625, 0.005408
149.7509765625, 0.033265
149.781005859375, 0.082014
149.81103515625, 0.019336
149.841064453125, 0.0263
149.870849609375, 0.012372
149.90087890625, -0.189588
149.930908203125, -0.001556
149.9609375, -0.029413
149.990966796875, 0.012372
150.02099609375, -0.057269
150.051025390625, 0.151655
150.0810546875, 0.040229
150.111083984375, 0.019336
150.140869140625, 0.0263
150.1708984375, 0.10987
150.200927734375, 0.061121
150.23095703125, -0.00852
150.260986328125, -0.001556
150.291015625, -0.001556
150.321044921875, -0.001556
150.35107421875, 0.075049
150.380859375, 0.0263
150.410888671875, -0.022449
150.44091796875, -0.112982
150.470947265625, 0.123798
150.5009765625, -0.119947
150.531005859375, -0.043341
150.56103515625, 0.054157
150.591064453125, 0.019336
150.62109375, -0.036377
150.65087890625, 0.012372
150.680908203125, 0.047193
150.7109375, 0.10987
150.740966796875, -0.085126
150.77099609375, -0.015484
150.801025390625, 0.10987
150.8310546875, -0.050305
150.861083984375, 0.075049
150.890869140625, 0.088978
150.9208984375, -0.036377
150.950927734375, 0.012372
150.98095703125, 0.075049
151.010986328125, 0.047193
151.041015625, 0.061121
151.071044921875, -0.015484
151.10107421875, 0.151655
151.131103515625, 0.054157
151.160888671875, 0.082014
151.19091796875, 0.019336
151.220947265625, 0.005408
151.2509765625, 0.061121
151.281005859375, -0.001556
151.31103515625, 0.040229
151.341064453125, -0.022449
151.37109375, 0.082014
151.40087890625, 0.095942
151.430908203125, -0.085126
151.4609375, -0.001556
151.490966796875, 0.075049
151.52099609375, -0.00852
151.551025390625, 0.033265
151.5810546875, 0.095942
151.611083984375, 0.012372
151.640869140625, 0.0263
151.6708984375, -0.015484
151.700927734375, 0.075049
151.73095703125, -0.029413
151.760986328125, -0.050305
151.791015625, 0.019336
151.821044921875, -0.036377
151.85107421875, -0.112982
151.881103515625, -0.001556
151.910888671875, 0.082014
151.94091796875, -0.043341
151.970947265625, 0.033265
152.0009765625, 0.054157
152.031005859375, -0.015484
152.06103515625, -0.085126
152.091064453125, 0.005408
152.12109375, -0.106018
152.15087890625, -0.043341
152.180908203125, 0.165583
152.2109375, -0.140839
152.240966796875, -0.036377
152.27099609375, 0.082014
152.301025390625, -0.050305
152.3310546875, 0.047193
152.361083984375, 0.012372
152.39111328125, -0.147803
152.4208984375, -0.078162
152.450927734375, 0.054157
152.48095703125, 0.075049
152.510986328125, -0.001556
152.541015625, 0.144691
152.571044921875, 0.047193
152.60107421875, 0.10987
152.631103515625, 0.005408
152.660888671875, -0.029413
152.69091796875, 0.102906
152.720947265625, 0.088978
152.7509765625, -0.001556
152.781005859375, 0.061121
152.81103515625, 0.061121
152.841064453125, 0.068085
152.87109375, 0.130762
152.90087890625, -0.106018
152.930908203125, -0.071198
152.9609375, 0.075049
152.990966796875, -0.050305
153.02099609375, 0.0263
153.051025390625, 0.068085
153.0810546875, -0.071198
153.111083984375, 0.033265
153.14111328125, 0.0263
153.1708984375, -0.001556
153.200927734375, -0.057269
153.23095703125, -0.001556
153.260986328125, -0.001556
153.291015625, 0.047193
153.321044921875, 0.179511
153.35107421875, 0.033265
153.381103515625, 0.047193
153.410888671875, 0.047193
153.44091796875, 0.102906
153.470947265625, 0.068085
153.5009765625, 0.040229
153.531005859375, -0.036377
153.56103515625, -0.050305
153.591064453125, -0.015484
153.62109375, 0.088978
153.651123046875, -0.015484
153.680908203125, 0.068085
153.7109375, 0.068085
153.740966796875, -0.085126
153.77099609375, 0.061121
153.801025390625, -0.043341
153.8310546875, 0.047193
153.861083984375, -0.001556
153.89111328125, -0.043341
153.9208984375, 0.061121
153.950927734375, -0.099054
153.98095703125, -0.022449
154.010986328125, -0.064233
154.041015625, 0.179511
154.071044921875, 0.061121
154.10107421875, 0.137727
154.131103515625, 0.019336
154.1611328125, 0.005408
154.19091796875, 0.075049
154.220947265625, -0.112982
154.2509765625, 0.10987
154.281005859375, -0.036377
154.31103515625, -0.036377
154.341064453125, 0.102906
154.37109375, -0.064233
154.401123046875, -0.085126
154.430908203125, -0.029413
154.4609375, 0.033265
154.490966796875, -0.085126
154.52099609375, 0.137727
154.551025390625, 0.012372
154.5810546875, -0.043341
154.611083984375, -0.022449
154.64111328125, -0.064233
154.6708984375, 0.061121
154.700927734375, 0.123798
154.73095703125, 0.033265
154.760986328125, 0.082014
154.791015625, -0.140839
154.821044921875, -0.015484
154.85107421875, 0.088978
154.881103515625, -0.099054
154.9111328125, 0.047193
154.94091796875, -0.071198
154.970947265625, 0.0263
155.0009765625, 0.068085
155.031005859375, -0.00852
155.06103515625, -0.064233
155.091064453125, -0.057269
155.12109375, -0.022449
155.151123046875, -0.106018
155.180908203125, -0.036377
155.2109375, 0.116834
155.240966796875, -0.015484
155.27099609375, 0.047193
155.301025390625, -0.00852
155.3310546875, -0.001556
155.361083984375, 0.151655
155.39111328125, -0.022449
155.421142578125, 0.0263
155.450927734375, -0.022449
155.48095703125, -0.036377
155.510986328125, -0.022449
155.541015625, -0.015484
155.571044921875, -0.050305
155.60107421875, -0.119947
155.631103515625, 0.082014
155.6611328125, -0.078162
155.69091796875, 0.123798
155.720947265625, -0.050305
155.7509765625, 0.054157
155.781005859375, 0.040229
155.81103515625, -0.099054
155.841064453125, -0.099054
155.87109375, 0.075049
155.901123046875, 0.088978
155.93115234375, 0.005408
155.9609375, -0.189588
155.990966796875, -0.057269
156.02099609375, 0.047193
156.051025390625, 0.123798
156.0810546875, 0.040229
156.111083984375, 0.040229
156.14111328125, 0.040229
156.171142578125, -0.029413
156.200927734375, -0.064233
156.23095703125, 0.019336
156.260986328125, 0.075049
156.291015625, 0.10987
156.321044921875, -0.001556
156.35107421875, 0.061121
156.381103515625, 0.061121
156.4111328125, -0.085126
156.44091796875, 0.005408
156.470947265625, 0.088978
156.5009765625, -0.112982
156.531005859375, -0.071198
156.56103515625, -0.001556
156.591064453125, -0.00852
156.62109375, 0.033265
156.651123046875, -0.057269
156.68115234375, 0.165583
156.7109375, 0.068085
156.740966796875, 0.005408
156.77099609375, -0.036377
156.801025390625, 0.054157
156.8310546875, 0.012372
156.861083984375, 0.116834
156.89111328125, -0.036377
156.921142578125, -0.071198
156.950927734375, -0.043341
156.98095703125, -0.015484
157.010986328125, 0.054157
157.041015625, 0.0263
157.071044921875, 0.033265
157.10107421875, -0.043341
157.131103515625, -0.078162
157.1611328125, 0.082014
157.191162109375, -0.00852
157.220947265625, -0.078162
157.2509765625, 0.088978
157.281005859375, 0.088978
157.31103515625, 0.137727
157.341064453125, -0.022449
157.37109375, -0.071198
157.401123046875, 0.033265
157.43115234375, 0.0263
157.4609375, 0.040229
157.490966796875, -0.022449
157.52099609375, 0.005408
157.551025390625, -0.064233
157.5810546875, 0.088978
157.611083984375, 0.019336
157.64111328125, -0.085126
157.671142578125, 0.075049
157.700927734375, 0.054157
157.73095703125, -0.071198
157.760986328125, -0.071198
157.791015625, -0.057269
157.821044921875, -0.015484
157.85107421875, -0.001556
157.881103515625, 0.0263
157.9111328125, 0.075049
157.941162109375, 0.088978
157.970947265625, 0.179511
158.0009765625, -0.140839
158.031005859375, -0.09209
158.06103515625, -0.029413
158.091064453125, 0.012372
158.12109375, 0.0263
158.151123046875, -0.001556
158.18115234375, 0.047193
158.2109375, -0.001556
158.240966796875, -0.022449
158.27099609375, -0.022449
158.301025390625, 0.047193
158.3310546875, 0.040229
158.361083984375, 0.054157
158.39111328125, 0.082014
158.421142578125, 0.0263
158.451171875, -0.064233
158.48095703125, 0.082014
158.510986328125, -0.050305
158.541015625, 0.012372
158.571044921875, -0.071198
158.60107421875, -0.085126
158.631103515625, 0.088978
158.6611328125, -0.057269
158.691162109375, -0.161731
158.720947265625, -0.001556
158.7509765625, -0.057269
158.781005859375, -0.00852
158.81103515625, 0.10987
158.841064453125, 0.054157
158.87109375, -0.036377
158.901123046875, 0.095942
158.93115234375, 0.054157
158.961181640625, -0.126911
158.990966796875, 0.033265
159.02099609375, 0.054157
159.051025390625, 0.082014
159.0810546875, -0.015484
159.111083984375, -0.140839
159.14111328125, -0.036377
159.171142578125, -0.057269
159.201171875, 0.047193
159.23095703125, -0.001556
159.260986328125, 0.019336
159.291015625, -0.09209
159.321044921875, -0.078162
159.35107421875, -0.001556
159.381103515625, 0.10987
159.4111328125, -0.015484
159.441162109375, 0.130762
159.470947265625, -0.133875
159.5009765625, 0.047193
159.531005859375, 0.061121
159.56103515625, -0.106018
159.591064453125, 0.019336
159.62109375, 0.054157
159.651123046875, 0.005408
159.68115234375, 0.012372
159.711181640625, 0.082014
159.740966796875, -0.001556
159.77099609375, 0.144691
159.801025390625, 0.047193
159.8310546875, 0.095942
159.861083984375, 0.10987
159.89111328125, 0.047193
159.921142578125, 0.019336
159.951171875, 0.075049
159.98095703125, 0.054157
160.010986328125, -0.071198
160.041015625, -0.001556
160.071044921875, 0.012372
160.10107421875, 0.047193
160.131103515625, 0.137727
160.1611328125, -0.001556
160.191162109375, 0.054157
160.22119140625, -0.029413
160.2509765625, 0.095942
160.281005859375, 0.123798
160.31103515625, -0.09209
160.341064453125, -0.147803
160.37109375, -0.064233
160.401123046875, -0.071198
160.43115234375, 0.075049
160.461181640625, -0.022449
160.490966796875, 0.068085
160.52099609375, 0.019336
160.551025390625, -0.078162
160.5810546875, 0.040229
160.611083984375, -0.043341
160.64111328125, 0.012372
160.671142578125, -0.029413
160.701171875, 0.040229
160.73095703125, -0.140839
160.760986328125, 0.047193
160.791015625, 0.061121
160.821044921875, 0.123798
160.85107421875, 0.054157
160.881103515625, 0.10987
160.9111328125, 0.102906
160.941162109375, 0.054157
160.97119140625, -0.085126
161.0009765625, 0.033265
161.031005859375, -0.099054
161.06103515625, 0.158619
161.091064453125, 0.033265
161.12109375, -0.001556
161.151123046875, -0.015484
161.18115234375, -0.057269
161.211181640625, 0.012372
161.240966796875, -0.064233
161.27099609375, 0.033265
161.301025390625, 0.040229
161.3310546875, -0.126911
161.361083984375, -0.106018
161.39111328125, 0.172547
161.421142578125, 0.005408
161.451171875, 0.102906
161.481201171875, 0.088978
161.510986328125, 0.068085
161.541015625, -0.022449
161.571044921875, 0.040229
161.60107421875, 0.012372
161.631103515625, -0.050305
161.6611328125, -0.099054
161.691162109375, -0.112982
161.72119140625, 0.040229
161.7509765625, -0.00852
161.781005859375, 0.040229
161.81103515625, 0.012372
161.841064453125, -0.085126
161.87109375, 0.019336
161.901123046875, 0.082014
161.93115234375, 0.054157
161.961181640625, 0.0263
161.9912109375, 0.172547
162.02099609375, 0.123798
162.051025390625, 0.102906
162.0810546875, 0.082014
162.111083984375, 0.0263
162.14111328125, -0.036377
162.171142578125, 0.075049
162.201171875, -0.043341
162.231201171875, 0.082014
162.260986328125, -0.112982
162.291015625, -0.029413
162.321044921875, -0.036377
162.35107421875, 0.012372
162.381103515625, 0.005408
162.4111328125, -0.050305
162.441162109375, -0.036377
162.47119140625, 0.061121
162.5009765625, 0.054157
162.531005859375, -0.050305
162.56103515625, 0.005408
162.591064453125, -0.001556
162.62109375, -0.071198
162.651123046875, -0.106018
162.68115234375, -0.050305
162.711181640625, 0.061121
162.7412109375, 0.068085
162.77099609375, 0.054157
162.801025390625, 0.214332
162.8310546875, 0.019336
162.861083984375, 0.012372
162.89111328125, -0.00852
162.921142578125, -0.078162
162.951171875, 0.095942
162.981201171875, -0.050305
163.010986328125, -0.043341
163.041015625, 0.040229
163.071044921875, 0.088978
163.10107421875, -0.043341
163.131103515625, 0.054157
163.1611328125, -0.036377
163.191162109375, 0.019336
163.22119140625, 0.033265
163.251220703125, -0.015484
163.281005859375, -0.057269
163.31103515625, -0.029413
163.341064453125, -0.085126
163.37109375, 0.061121
163.401123046875, 0.019336
163.43115234375, 0.095942
163.461181640625, 0.061121
163.4912109375, -0.057269
163.52099609375, -0.085126
163.551025390625, -0.00852
163.5810546875, 0.068085
163.611083984375, 0.061121
163.64111328125, 0.137727
163.671142578125, -0.029413
163.701171875, 0.186476
163.731201171875, 0.075049
163.76123046875, 0.068085
163.791015625, -0.001556
163.821044921875, 0.0263
163.85107421875, -0.064233
163.881103515625, -0.085126
163.9111328125, 0.061121
163.941162109375, -0.106018
163.97119140625, 0.144691
164.001220703125, -0.015484
164.031005859375, -0.00852
164.06103515625, -0.043341
164.091064453125, 0.144691
164.12109375, 0.019336
164.151123046875, 0.012372
164.18115234375, -0.057269
164.211181640625, 0.082014
164.2412109375, -0.050305
164.27099609375, -0.09209
164.301025390625, 0.095942
164.3310546875, -0.099054
164.361083984375, -0.029413
164.39111328125, -0.015484
164.421142578125, -0.133875
164.451171875, -0.001556
164.481201171875, -0.057269
164.51123046875, -0.133875
164.541015625, -0.029413
164.571044921875, 0.102906
164.60107421875, -0.09209
164.631103515625, 0.012372
164.6611328125, 0.054157
164.691162109375, 0.040229
164.72119140625, 0.082014
164.751220703125, 0.019336
164.781005859375, -0.085126
164.81103515625, -0.161731
164.841064453125, 0.019336
164.87109375, 0.082014
164.901123046875, 0.10987
164.93115234375, -0.057269
164.961181640625, -0.00852
164.9912109375, 0.054157
165.021240234375, 0.19344
165.051025390625, 0.158619
165.0810546875, 0.144691
165.111083984375, -0.022449
165.14111328125, 0.151655
165.171142578125, -0.029413
165.201171875, 0.012372
165.231201171875, 0.054157
165.26123046875, 0.012372
165.291015625, -0.036377
165.321044921875, -0.133875
165.35107421875, -0.029413
165.381103515625, -0.071198
165.4111328125, 0.061121
165.441162109375, 0.207368
165.47119140625, -0.015484
165.501220703125, 0.075049
165.531005859375, 0.033265
165.56103515625, 0.102906
165.591064453125, -0.085126
165.62109375, -0.036377
165.651123046875, -0.022449
165.68115234375, -0.022449
165.711181640625, -0.001556
165.7412109375, 0.012372
165.771240234375, -0.043341
165.801025390625, 0.040229
165.8310546875, 0.088978
165.861083984375, -0.231373
165.89111328125, 0.040229
165.921142578125, 0.102906
165.951171875, -0.119947
165.981201171875, 0.061121
166.01123046875, -0.085126
166.041015625, -0.036377
166.071044921875, -0.022449
166.10107421875, 0.061121
166.131103515625, 0.061121
166.1611328125, 0.040229
166.191162109375, 0.068085
166.22119140625, -0.029413
166.251220703125, 0.054157
166.28125, -0.029413
166.31103515625, 0.088978
166.341064453125, 0.047193
166.37109375, 0.061121
166.401123046875, 0.033265
166.43115234375, 0.054157
166.461181640625, -0.078162
166.4912109375, -0.001556
166.521240234375, -0.015484
166.551025390625, 0.012372
166.5810546875, -0.099054
166.611083984375, 0.019336
166.64111328125, -0.001556
166.671142578125, 0.047193
166.701171875, 0.047193
166.731201171875, -0.043341
166.76123046875, 0.012372
166.791259765625, 0.102906
166.821044921875, 0.095942
166.85107421875, -0.119947
166.881103515625, 0.095942
166.9111328125, 0.033265
166.941162109375, -0.022449
166.97119140625, 0.061121
167.001220703125, -0.00852
167.03125, 0.075049
167.06103515625, 0.033265
167.091064453125, 0.047193
167.12109375, -0.050305
167.151123046875, 0.075049
167.18115234375, -0.217444
167.211181640625, -0.085126
167.2412109375, 0.040229
167.271240234375, 0.033265
167.301025390625, 0.0263
167.3310546875, 0.082014
167.361083984375, -0.00852
167.39111328125, -0.001556
167.421142578125, -0.029413
167.451171875, 0.068085
167.481201171875, 0.033265
167.51123046875, -0.001556
167.541259765625, -0.09209
167.571044921875, -0.050305
167.60107421875, 0.088978
167.631103515625, -0.078162
167.6611328125, 0.054157
167.691162109375, -0.140839
167.72119140625, 0.019336
167.751220703125, 0.165583
167.78125, -0.001556
167.81103515625, -0.043341
167.841064453125, 0.040229
167.87109375, -0.064233
167.901123046875, 0.082014
167.93115234375, -0.071198
167.961181640625, -0.029413
167.9912109375, 0.0263
168.021240234375, 0.158619
168.05126953125, 0.061121
168.0810546875, 0.130762
168.111083984375, -0.015484
168.14111328125, 0.130762
168.171142578125, 0.040229
168.201171875, 0.005408
168.231201171875, 0.033265
168.26123046875, -0.085126
168.291259765625, -0.036377
168.321044921875, -0.064233
168.35107421875, 0.075049
168.381103515625, -0.001556
168.4111328125, 0.047193
168.441162109375, 0.165583
168.47119140625, 0.130762
168.501220703125, 0.019336
168.53125, 0.0263
168.56103515625, 0.040229
168.591064453125, -0.001556
168.62109375, 0.088978
168.651123046875, 0.075049
168.68115234375, -0.071198
168.711181640625, 0.0263
168.7412109375, 0.033265
168.771240234375, -0.036377
168.80126953125, -0.071198
168.8310546875, -0.057269
168.861083984375, 0.040229
168.89111328125, 0.095942
168.921142578125, 0.200404
168.951171875, -0.140839
168.981201171875, 0.033265
169.01123046875, -0.00852
169.041259765625, 0.0263
169.071044921875, -0.001556
169.10107421875, 0.040229
169.131103515625, 0.061121
169.1611328125, 0.068085
169.191162109375, 0.012372
169.22119140625, 0.012372
169.251220703125, 0.005408
169.28125, 0.137727
169.311279296875, 0.019336
169.341064453125, 0.068085
169.37109375, -0.029413
169.401123046875, 0.0263
169.43115234375, -0.057269
169.461181640625, -0.015484
169.4912109375, 0.005408
169.521240234375, 0.102906
169.55126953125, 0.0263
169.5810546875, 0.047193
169.611083984375, -0.106018
169.64111328125, -0.043341
169.671142578125, 0.019336
169.701171875, 0.047193
169.731201171875, -0.001556
169.76123046875, 0.068085
169.791259765625, -0.043341
169.8212890625, 0.19344
169.85107421875, 0.095942
169.881103515625, -0.064233
169.9111328125, -0.015484
169.941162109375, 0.040229
169.97119140625, -0.09209
170.001220703125, 0.061121
170.03125, 0.123798
170.061279296875, 0.095942
170.091064453125, 0.179511
170.12109375, -0.078162
170.151123046875, 0.123798
170.18115234375, 0.005408
170.211181640625, 0.012372
170.2412109375, -0.154767
170.271240234375, 0.061121
170.30126953125, 0.082014
170.3310546875, 0.033265
170.361083984375, 0.102906
170.39111328125, 0.082014
170.421142578125, -0.029413
170.451171875, 0.012372
170.481201171875, 0.0263
170.51123046875, 0.012372
170.541259765625, 0.019336
170.5712890625, -0.001556
170.60107421875, -0.133875
170.631103515625, -0.043341
170.6611328125, -0.064233
170.691162109375, 0.040229
170.72119140625, 0.068085
170.751220703125, -0.057269
170.78125, -0.043341
170.811279296875, -0.022449
170.841064453125, 0.088978
170.87109375, -0.022449
170.901123046875, 0.033265
170.93115234375, -0.043341
170.961181640625, 0.040229
170.9912109375, 0.040229
171.021240234375, -0.071198
171.05126953125, 0.0263
171.081298828125, 0.088978
171.111083984375, -0.001556
171.14111328125, 0.040229
171.171142578125, 0.019336
171.201171875, -0.001556
171.231201171875, 0.088978
171.26123046875, 0.179511
171.291259765625, -0.09209
171.3212890625, -0.029413
171.35107421875, -0.147803
171.381103515625, -0.022449
171.4111328125, 0.158619
171.441162109375, -0.147803
171.47119140625, 0.005408
171.501220703125, 0.068085
171.53125, -0.00852
171.561279296875, 0.095942
171.59130859375, 0.10987
171.62109375, -0.001556
171.651123046875, -0.112982
171.68115234375, 0.033265
171.711181640625, -0.071198
171.7412109375, 0.040229
171.771240234375, 0.033265
171.80126953125, -0.119947
171.831298828125, 0.068085
171.861083984375, 0.068085
171.89111328125, 0.116834
171.921142578125, 0.095942
171.951171875, -0.001556
171.981201171875, -0.022449
172.01123046875, 0.068085
172.041259765625, -0.00852
172.0712890625, -0.029413
172.10107421875, 0.047193
172.131103515625, -0.057269
172.1611328125, 0.0263
172.191162109375, -0.050305
172.22119140625, 0.082014
172.251220703125, 0.054157
172.28125, -0.043341
172.311279296875, -0.050305
172.34130859375, -0.043341
172.37109375, 0.061121
172.401123046875, -0.029413
172.43115234375, 0.123798
172.461181640625, -0.036377
172.4912109375, 0.082014
172.521240234375, -0.036377
172.55126953125, -0.168695
172.581298828125, 0.033265
172.611083984375, 0.116834
172.64111328125, -0.071198
172.671142578125, 0.040229
172.701171875, 0.102906
172.731201171875, -0.036377
172.76123046875, 0.068085
172.791259765625, -0.057269
172.8212890625, -0.050305
172.851318359375, 0.054157
172.881103515625, -0.001556
172.9111328125, 0.10987
172.941162109375, 0.047193
172.97119140625, -0.036377
173.001220703125, 0.033265
173.03125, -0.022449
173.061279296875, -0.043341
173.09130859375, -0.001556
173.12109375, -0.043341
173.151123046875, 0.130762
173.18115234375, 0.0263
173.211181640625, -0.001556
173.2412109375, -0.015484
173.271240234375, -0.099054
173.30126953125, -0.078162
173.331298828125, 0.095942
173.361083984375, 0.144691
173.39111328125, 0.047193
173.421142578125, 0.10987
173.451171875, -0.050305
173.481201171875, -0.057269
173.51123046875, -0.064233
173.541259765625, -0.015484
173.5712890625, -0.036377
173.601318359375, -0.001556
173.631103515625, -0.064233
173.6611328125, 0.088978
173.691162109375, -0.050305
173.72119140625, 0.10987
173.751220703125, 0.082014
173.78125, -0.17566
173.811279296875, -0.029413
173.84130859375, -0.043341
173.87109375, 0.165583
173.901123046875, -0.029413
173.93115234375, 0.054157
173.961181640625, -0.001556
173.9912109375, -0.015484
174.021240234375, -0.085126
174.05126953125, 0.10987
174.081298828125, -0.015484
174.111328125, -0.085126
174.14111328125, 0.082014
174.171142578125, -0.050305
174.201171875, 0.179511
174.231201171875, -0.071198
174.26123046875, -0.00852
174.291259765625, 0.095942
174.3212890625, 0.005408
174.351318359375, 0.047193
174.381103515625, 0.040229
174.4111328125, -0.022449
174.441162109375, -0.00852
174.47119140625, -0.057269
174.501220703125, -0.09209
174.53125, -0.029413
174.561279296875, 0.263081
174.59130859375, 0.186476
174.621337890625, 0.123798
174.651123046875, 0.019336
174.68115234375, 0.033265
174.711181640625, -0.022449
174.7412109375, 0.0263
174.771240234375, -0.00852
174.80126953125, -0.050305
174.831298828125, 0.054157
174.861328125, 0.054157
174.89111328125, 0.054157
174.921142578125, 0.186476
174.951171875, 0.130762
174.981201171875, 0.019336
175.01123046875, 0.102906
175.041259765625, 0.054157
175.0712890625, 0.040229
175.101318359375, -0.00852
175.131103515625, 0.019336
175.1611328125, 0.061121
175.191162109375, -0.015484
175.22119140625, 0.130762
175.251220703125, 0.012372
175.28125, -0.001556
175.311279296875, 0.019336
175.34130859375, 0.068085
175.371337890625, -0.001556
175.401123046875, 0.144691
175.43115234375, 0.123798
175.461181640625, 0.019336
175.4912109375, -0.050305
175.521240234375, -0.09209
175.55126953125, 0.012372
175.581298828125, 0.082014
175.611328125, 0.207368
175.64111328125, -0.085126
175.671142578125, 0.040229
175.701171875, -0.015484
175.731201171875, 0.144691
175.76123046875, -0.029413
175.791259765625, 0.054157
175.8212890625, 0.123798
175.851318359375, -0.112982
175.88134765625, -0.015484
175.9111328125, -0.161731
175.941162109375, -0.09209
175.97119140625, 0.019336
176.001220703125, -0.071198
176.03125, 0.082014
176.061279296875, 0.047193
176.09130859375, -0.001556
176.121337890625, 0.040229
176.151123046875, 0.102906
176.18115234375, 0.0263
176.211181640625, -0.015484
176.2412109375, -0.029413
176.271240234375, 0.040229
176.30126953125, 0.214332
176.331298828125, 0.095942
176.361328125, 0.068085
176.39111328125, 0.033265
176.421142578125, 0.082014
176.451171875, -0.043341
176.481201171875, 0.137727
176.51123046875, -0.140839
176.541259765625, -0.00852
176.5712890625, 0.082014
176.601318359375, -0.022449
176.63134765625, 0.033265
176.6611328125, 0.040229
176.691162109375, 0.040229
176.72119140625, -0.036377
176.751220703125, -0.064233
176.78125, 0.005408
176.811279296875, 0.068085
176.84130859375, 0.047193
176.871337890625, 0.068085
176.901123046875, -0.050305
176.93115234375, 0.047193
176.961181640625, 0.012372
176.9912109375, 0.075049
177.021240234375, -0.112982
177.05126953125, 0.019336
177.081298828125, 0.012372
177.111328125, 0.047193
177.141357421875, -0.001556
177.171142578125, 0.137727
177.201171875, 0.033265
177.231201171875, 0.075049
177.26123046875, 0.040229
177.291259765625, 0.033265
177.3212890625, 0.019336
177.351318359375, 0.068085
177.38134765625, -0.064233
177.4111328125, 0.075049
177.441162109375, 0.019336
177.47119140625, -0.078162
177.501220703125, -0.001556
177.53125, -0.119947
177.561279296875, 0.088978
177.59130859375, 0.047193
177.621337890625, 0.172547
177.6513671875, -0.00852
177.68115234375, 0.158619
177.711181640625, 0.040229
177.7412109375, -0.043341
177.771240234375, 0.033265
177.80126953125, -0.001556
177.831298828125, -0.00852
177.861328125, 0.061121
177.891357421875, 0.088978
177.921142578125, -0.064233
177.951171875, 0.012372
177.981201171875, 0.061121
178.01123046875, -0.001556
178.041259765625, 0.061121
178.0712890625, 0.095942
178.101318359375, 0.102906
178.13134765625, -0.057269
178.1611328125, 0.102906
178.191162109375, 0.075049
178.22119140625, 0.012372
178.251220703125, -0.043341
178.28125, 0.019336
178.311279296875, 0.005408
178.34130859375, 0.0263
178.371337890625, -0.078162
178.4013671875, -0.029413
178.43115234375, 0.005408
178.461181640625, 0.040229
178.4912109375, 0.047193
178.521240234375, -0.015484
178.55126953125, 0.061121
178.581298828125, 0.047193
178.611328125, 0.10987
178.641357421875, -0.00852
178.671142578125, 0.116834
178.701171875, -0.029413
178.731201171875, 0.061121
178.76123046875, 0.005408
178.791259765625, 0.012372
178.8212890625, -0.09209
178.851318359375, -0.064233
178.88134765625, 0.088978
178.911376953125, -0.064233
178.941162109375, -0.043341
178.97119140625, 0.0263
179.001220703125, 0.130762
179.03125, 0.0263
179.061279296875, -0.036377
179.09130859375, -0.140839
179.121337890625, -0.00852
179.1513671875, 0.116834
179.18115234375, 0.012372
179.211181640625, -0.071198
179.2412109375, 0.005408
179.271240234375, 0.012372
179.30126953125, -0.133875
179.331298828125, 0.116834
179.361328125, 0.0263
179.391357421875, 0.0263
179.42138671875, -0.099054
179.451171875, -0.064233
179.481201171875, 0.012372
179.51123046875, 0.082014
179.541259765625, 0.0263
179.5712890625, -0.029413
179.601318359375, 0.0263
179.63134765625, -0.001556
179.661376953125, -0.00852
179.691162109375, -0.071198
179.72119140625, 0.10987
179.751220703125, -0.00852
179.78125, 0.095942
179.811279296875, -0.015484
179.84130859375, 0.019336
179.871337890625, -0.036377
179.9013671875, 0.102906
179.93115234375, 0.075049
179.961181640625, -0.071198
179.9912109375, 0.047193
180.021240234375, 0.005408
180.05126953125, 0.165583
180.081298828125, 0.068085
180.111328125, -0.043341
180.141357421875, 0.10987
180.17138671875, -0.001556
180.201171875, 0.054157
180.231201171875, 0.033265
180.26123046875, 0.165583
180.291259765625, -0.00852
180.3212890625, -0.00852
180.351318359375, -0.036377
180.38134765625, -0.015484
180.411376953125, 0.005408
180.441162109375, 0.005408
180.47119140625, 0.186476
180.501220703125, -0.133875
180.53125, -0.057269
180.561279296875, 0.0263
180.59130859375, 0.0263
180.621337890625, -0.043341
180.6513671875, -0.078162
180.681396484375, -0.09209
180.711181640625, -0.050305
180.7412109375, -0.064233
180.771240234375, -0.078162
180.80126953125, -0.001556
180.831298828125, 0.061121
180.861328125, 0.082014
180.891357421875, 0.033265
180.92138671875, -0.022449
180.951171875, 0.068085
180.981201171875, -0.015484
181.01123046875, 0.116834
181.041259765625, 0.172547
181.0712890625, 0.040229
181.101318359375, 0.054157
181.13134765625, 0.047193
181.161376953125, 0.019336
181.191162109375, 0.019336
181.22119140625, -0.00852
181.251220703125, 0.075049
181.28125, 0.0263
181.311279296875, 0.019336
181.34130859375, -0.085126
181.371337890625, -0.057269
181.4013671875, -0.015484
181.431396484375, 0.061121
181.461181640625, -0.064233
181.4912109375, 0.061121
181.521240234375, -0.015484
181.55126953125, 0.116834
181.581298828125, -0.022449
181.611328125, 0.054157
181.641357421875, -0.085126
181.67138671875, -0.036377
181.701171875, -0.09209
181.731201171875, 0.102906
181.76123046875, 0.012372
181.791259765625, 0.040229
181.8212890625, -0.09209
181.851318359375, 0.10987
181.88134765625, -0.078162
181.911376953125, 0.088978
181.94140625, 0.075049
181.97119140625, 0.033265
182.001220703125, 0.054157
182.03125, 0.033265
182.061279296875, -0.078162
182.09130859375, 0.165583
182.121337890625, 0.019336
182.1513671875, 0.047193
182.181396484375, 0.005408
182.211181640625, -0.099054
182.2412109375, 0.012372
182.271240234375, -0.029413
182.30126953125, 0.095942
182.331298828125, 0.179511
182.361328125, 0.137727
182.391357421875, 0.088978
182.42138671875, 0.047193
182.451416015625, 0.033265
182.481201171875, 0.075049
182.51123046875, 0.068085
182.541259765625, 0.0263
182.5712890625, -0.050305
182.601318359375, -0.029413
182.63134765625, -0.133875
182.661376953125, -0.09209
182.69140625, 0.005408
182.72119140625, -0.106018
182.751220703125, 0.047193
182.78125, 0.082014
182.811279296875, 0.012372
182.84130859375, -0.147803
182.871337890625, -0.09209
182.9013671875, 0.116834
182.931396484375, 0.033265
182.961181640625, 0.116834
182.9912109375, 0.179511
183.021240234375, 0.19344
183.05126953125, 0.040229
183.081298828125, 0.123798
183.111328125, 0.075049
183.141357421875, 0.068085
183.17138671875, 0.082014
183.201416015625, 0.0263
183.231201171875, -0.071198
183.26123046875, 0.005408
183.291259765625, -0.050305
183.3212890625, 0.005408
183.351318359375, 0.061121
183.38134765625, -0.161731
183.411376953125, 0.054157
183.44140625, 0.033265
183.47119140625, -0.00852
183.501220703125, 0.012372
183.53125, 0.075049
183.561279296875, 0.116834
183.59130859375, -0.036377
183.621337890625, 0.054157
183.6513671875, -0.015484
183.681396484375, -0.022449
183.71142578125, 0.047193
183.7412109375, 0.005408
183.771240234375, -0.001556
183.80126953125, -0.078162
183.831298828125, -0.09209
183.861328125, 0.095942
183.891357421875, 0.068085
183.92138671875, 0.137727
183.951416015625, 0.137727
183.981201171875, 0.005408
184.01123046875, 0.095942
184.041259765625, -0.015484
184.0712890625, -0.043341
184.101318359375, 0.088978
184.13134765625, 0.040229
184.161376953125, -0.029413
184.19140625, -0.036377
184.22119140625, 0.10987
184.251220703125, 0.151655
184.28125, -0.133875
184.311279296875, 0.0263
184.34130859375, 0.095942
184.371337890625, -0.022449
184.4013671875, -0.015484
184.431396484375, 0.0263
184.46142578125, 0.095942
184.4912109375, 0.019336
184.521240234375, 0.019336
184.55126953125, 0.088978
184.581298828125, -0.071198
184.611328125, 0.040229
184.641357421875, -0.00852
184.67138671875, 0.040229
184.701416015625, -0.078162
184.731201171875, -0.057269
184.76123046875, 0.061121
184.791259765625, -0.022449
184.8212890625, -0.057269
184.851318359375, 0.012372
184.88134765625, 0.054157
184.911376953125, 0.054157
184.94140625, -0.050305
184.971435546875, 0.054157
185.001220703125, 0.012372
185.03125, -0.029413
185.061279296875, -0.099054
185.09130859375, -0.001556
185.121337890625, 0.047193
185.1513671875, -0.078162
185.181396484375, 0.047193
185.21142578125, -0.050305
185.2412109375, 0.054157
185.271240234375, 0.165583
185.30126953125, 0.10987
185.331298828125, 0.047193
185.361328125, -0.064233
185.391357421875, 0.019336
185.42138671875, -0.00852
185.451416015625, 0.040229
185.4814453125, -0.029413
185.51123046875, -0.078162
185.541259765625, -0.057269
185.5712890625, 0.047193
185.601318359375, 0.165583
185.63134765625, 0.012372
185.661376953125, -0.078162
185.69140625, 0.207368
185.721435546875, 0.005408
185.751220703125, -0.029413
185.78125, -0.036377
185.811279296875, -0.064233
185.84130859375, -0.147803
185.871337890625, -0.029413
185.9013671875, 0.019336
185.931396484375, 0.102906
185.96142578125, 0.088978
185.9912109375, 0.123798
186.021240234375, -0.112982
186.05126953125, 0.151655
186.081298828125, -0.078162
186.111328125, -0.022449
186.141357421875, 0.068085
186.17138671875, -0.085126
186.201416015625, -0.022449
186.2314453125, 0.047193
186.26123046875, 0.040229
186.291259765625, 0.012372
186.3212890625, 0.151655
186.351318359375, -0.022449
186.38134765625, -0.099054
186.411376953125, 0.033265
186.44140625, -0.161731
186.471435546875, -0.001556
186.501220703125, -0.09209
186.53125, -0.078162
186.561279296875, -0.029413
186.59130859375, -0.099054
186.621337890625, 0.075049
186.6513671875, 0.047193
186.681396484375, 0.019336
186.71142578125, -0.015484
186.741455078125, 0.005408
186.771240234375, 0.040229
186.80126953125, -0.029413
186.831298828125, -0.085126
186.861328125, 0.068085
186.891357421875, 0.047193
186.92138671875, -0.071198
186.951416015625, -0.015484
186.9814453125, 0.019336
187.01123046875, -0.029413
187.041259765625, 0.068085
187.0712890625, -0.001556
187.101318359375, 0.061121
187.13134765625, 0.0263
187.161376953125, 0.130762
187.19140625, -0.001556
187.221435546875, 0.19344
187.25146484375, 0.082014
187.28125, 0.095942
187.311279296875, 0.0263
187.34130859375, -0.043341
187.371337890625, 0.040229
187.4013671875, 0.10987
187.431396484375, 0.10987
187.46142578125, 0.075049
187.491455078125, -0.043341
187.521240234375, 0.172547
187.55126953125, -0.029413
187.581298828125, 0.054157
187.611328125, -0.064233
187.641357421875, 0.116834
187.67138671875, -0.050305
187.701416015625, -0.140839
187.7314453125, -0.099054
187.76123046875, 0.047193
187.791259765625, 0.165583
187.8212890625, -0.022449
187.851318359375, -0.036377
187.88134765625, 0.005408
187.911376953125, 0.040229
187.94140625, 0.158619
187.971435546875, 0.095942
188.00146484375, -0.022449
188.03125, -0.001556
188.061279296875, 0.130762
188.09130859375, -0.001556
188.121337890625, 0.10987
188.1513671875, 0.019336
188.181396484375, -0.00852
188.21142578125, 0.137727
188.241455078125, 0.012372
188.271240234375, 0.012372
188.30126953125, 0.088978
188.331298828125, -0.00852
188.361328125, 0.0263
188.391357421875, -0.147803
188.42138671875, -0.071198
188.451416015625, -0.036377
188.4814453125, 0.172547
188.511474609375, 0.0263
188.541259765625, 0.0263
188.5712890625, 0.151655
188.601318359375, -0.050305
188.63134765625, -0.00852
188.661376953125, 0.033265
188.69140625, 0.095942
188.721435546875, -0.057269
188.75146484375, 0.005408
188.78125, 0.075049
188.811279296875, 0.033265
188.84130859375, 0.040229
188.871337890625, 0.075049
188.9013671875, -0.133875
188.931396484375, 0.012372
188.96142578125, 0.061121
188.991455078125, 0.172547
189.021240234375, -0.00852
189.05126953125, 0.123798
189.081298828125, 0.186476
189.111328125, 0.158619
189.141357421875, 0.082014
189.17138671875, 0.130762
189.201416015625, 0.061121
189.2314453125, 0.054157
189.261474609375, 0.0263
189.291259765625, -0.029413
189.3212890625, 0.19344
189.351318359375, -0.029413
189.38134765625, 0.116834
189.411376953125, 0.005408
189.44140625, 0.075049
189.471435546875, -0.036377
189.50146484375, -0.106018
189.53125, -0.00852
189.561279296875, 0.068085
189.59130859375, 0.005408
189.621337890625, -0.085126
189.6513671875, 0.075049
189.681396484375, 0.040229
189.71142578125, -0.106018
189.741455078125, 0.068085
189.771484375, -0.168695
189.80126953125, -0.015484
189.831298828125, -0.043341
189.861328125, 0.0263
189.891357421875, 0.0263
189.92138671875, 0.012372
189.951416015625, 0.102906
189.9814453125, 0.033265
190.011474609375, 0.082014
190.041259765625, 0.040229
190.0712890625, 0.137727
190.101318359375, 0.095942
190.13134765625, -0.071198
190.161376953125, -0.085126
190.19140625, 0.005408
190.221435546875, -0.050305
190.25146484375, 0.123798
190.281494140625, 0.033265
190.311279296875, 0.005408
190.34130859375, 0.005408
190.371337890625, -0.022449
190.4013671875, -0.015484
190.431396484375, 0.082014
190.46142578125, 0.068085
190.491455078125, 0.012372
190.521484375, 0.061121
190.55126953125, -0.001556
190.581298828125, 0.186476
190.611328125, -0.015484
190.641357421875, 0.123798
190.67138671875, 0.047193
190.701416015625, 0.040229
190.7314453125, -0.015484
190.761474609375, 0.10987
190.791259765625, 0.012372
190.8212890625, -0.015484
190.851318359375, 0.151655
190.88134765625, -0.057269
190.911376953125, 0.040229
190.94140625, -0.029413
190.971435546875, -0.015484
191.00146484375, 0.068085
191.031494140625, -0.106018
191.061279296875, -0.00852
191.09130859375, 0.005408
191.121337890625, 0.005408
191.1513671875, 0.019336
191.181396484375, 0.019336
191.21142578125, -0.057269
191.241455078125, 0.263081
191.271484375, -0.106018
191.30126953125, -0.029413
191.331298828125, 0.151655
191.361328125, -0.015484
191.391357421875, -0.001556
191.42138671875, 0.130762
191.451416015625, -0.022449
191.4814453125, 0.033265
191.511474609375, 0.102906
191.54150390625, -0.001556
191.5712890625, 0.068085
191.601318359375, 0.075049
191.63134765625, 0.075049
191.661376953125, 0.116834
191.69140625, 0.082014
191.721435546875, -0.050305
191.75146484375, 0.061121
191.781494140625, 0.068085
191.811279296875, 0.10987
191.84130859375, -0.022449
191.871337890625, -0.064233
191.9013671875, 0.061121
191.931396484375, -0.022449
191.96142578125, 0.123798
191.991455078125, 0.068085
192.021484375, -0.036377
192.051513671875, 0.10987
192.081298828125, 0.19344
192.111328125, -0.00852
192.141357421875, 0.012372
192.17138671875, -0.099054
192.201416015625, -0.112982
192.2314453125, 0.005408
192.261474609375, -0.029413
192.29150390625, 0.019336
192.3212890625, -0.126911
192.351318359375, -0.050305
192.38134765625, 0.012372
192.411376953125, -0.050305
192.44140625, -0.043341
192.471435546875, 0.221296
192.50146484375, 0.10987
192.531494140625, -0.036377
192.561279296875, -0.064233
192.59130859375, -0.050305
192.621337890625, 0.033265
192.6513671875, 0.005408
192.681396484375, 0.033265
192.71142578125, 0.033265
192.741455078125, 0.123798
192.771484375, -0.036377
192.801513671875, 0.005408
192.831298828125, 0.088978
192.861328125, -0.050305
192.891357421875, 0.158619
192.92138671875, 0.061121
192.951416015625, 0.0263
192.9814453125, 0.047193
193.011474609375, -0.001556
193.04150390625, 0.095942
193.0712890625, 0.005408
193.101318359375, -0.043341
193.13134765625, -0.057269
193.161376953125, 0.005408
193.19140625, -0.00852
193.221435546875, 0.054157
193.25146484375, 0.005408
193.281494140625, 0.054157
193.3115234375, 0.061121
193.34130859375, 0.130762
193.371337890625, -0.029413
193.4013671875, -0.001556
193.431396484375, 0.088978
193.46142578125, -0.050305
193.491455078125, 0.172547
193.521484375, -0.00852
193.551513671875, 0.082014
193.581298828125, 0.075049
193.611328125, 0.005408
193.641357421875, 0.040229
193.67138671875, 0.088978
193.701416015625, -0.050305
193.7314453125, 0.054157
193.761474609375, -0.029413
193.79150390625, -0.078162
193.8212890625, -0.001556
193.851318359375, -0.057269
193.88134765625, -0.099054
193.911376953125, 0.054157
193.94140625, -0.015484
193.971435546875, -0.015484
194.00146484375, 0.005408
194.031494140625, 0.047193
194.0615234375, 0.068085
194.09130859375, -0.001556
194.121337890625, -0.015484
194.1513671875, 0.082014
194.181396484375, -0.015484
194.21142578125, 0.088978
194.241455078125, -0.001556
194.271484375, -0.015484
194.301513671875, 0.082014
194.331298828125, 0.005408
194.361328125, -0.057269
194.391357421875, -0.029413
194.42138671875, -0.064233
194.451416015625, -0.071198
194.4814453125, 0.040229
194.511474609375, 0.033265
194.54150390625, 0.095942
194.571533203125, 0.054157
194.601318359375, 0.075049
194.63134765625, 0.0263
194.661376953125, 0.040229
194.69140625, 0.095942
194.721435546875, -0.057269
194.75146484375, 0.040229
194.781494140625, 0.040229
194.8115234375, -0.057269
194.84130859375, -0.022449
194.871337890625, 0.102906
194.9013671875, 0.095942
194.931396484375, -0.036377
194.96142578125, -0.036377
194.991455078125, 0.047193
195.021484375, -0.106018
195.051513671875, 0.095942
195.08154296875, -0.015484
195.111328125, 0.005408
195.141357421875, 0.102906
195.17138671875, 0.102906
195.201416015625, 0.137727
195.2314453125, 0.012372
195.261474609375, 0.047193
195.29150390625, 0.116834
195.321533203125, 0.040229
195.351318359375, -0.050305
195.38134765625, -0.015484
195.411376953125, 0.040229
195.44140625, 0.012372
195.471435546875, 0.082014
195.50146484375, 0.061121
195.531494140625, 0.033265
195.5615234375, -0.085126
195.59130859375, -0.057269
195.621337890625, -0.00852
195.6513671875, 0.123798
195.681396484375, 0.012372
195.71142578125, 0.054157
195.741455078125, -0.015484
195.771484375, 0.019336
195.801513671875, -0.00852
195.83154296875, 0.019336
195.861328125, 0.047193
195.891357421875, 0.012372
195.92138671875, -0.036377
195.951416015625, 0.249153
195.9814453125, 0.005408
196.011474609375, -0.00852
196.04150390625, 0.047193
196.071533203125, 0.19344
196.101318359375, -0.057269
196.13134765625, 0.047193
196.161376953125, -0.050305
196.19140625, 0.005408
196.221435546875, -0.043341
196.25146484375, -0.036377
196.281494140625, -0.050305
196.3115234375, 0.0263
196.341552734375, 0.047193
196.371337890625, 0.068085
196.4013671875, -0.00852
196.431396484375, 0.095942
196.46142578125, -0.022449
196.491455078125, 0.019336
196.521484375, 0.068085
196.551513671875, -0.036377
196.58154296875, 0.0263
196.611328125, 0.144691
196.641357421875, -0.064233
196.67138671875, -0.00852
196.701416015625, 0.061121
196.7314453125, 0.040229
196.761474609375, -0.050305
196.79150390625, -0.106018
196.821533203125, 0.040229
196.851318359375, 0.242189
196.88134765625, 0.061121
196.911376953125, -0.085126
196.94140625, 0.123798
196.971435546875, 0.088978
197.00146484375, 0.047193
197.031494140625, 0.047193
197.0615234375, -0.071198
197.091552734375, -0.112982
197.121337890625, 0.130762
197.1513671875, -0.112982
197.181396484375, -0.001556
197.21142578125, 0.0263
197.241455078125, 0.012372
197.271484375, 0.095942
197.301513671875, 0.054157
197.33154296875, -0.099054
197.361328125, 0.207368
197.391357421875, 0.082014
197.42138671875, 0.102906
197.451416015625, -0.085126
197.4814453125, 0.075049
197.511474609375, -0.106018
197.54150390625, 0.019336
197.571533203125, 0.179511
197.6015625, 0.186476
197.63134765625, -0.057269
197.661376953125, -0.224409
197.69140625, -0.029413
197.721435546875, -0.085126
197.75146484375, -0.015484
197.781494140625, 0.102906
197.8115234375, 0.005408
197.841552734375, -0.112982
197.871337890625, 0.061121
197.9013671875, 0.019336
197.931396484375, 0.054157
197.96142578125, -0.085126
197.991455078125, -0.036377
198.021484375, 0.047193
198.051513671875, -0.050305
198.08154296875, -0.036377
198.111572265625, -0.029413
198.141357421875, -0.029413
198.17138671875, -0.029413
198.201416015625, 0.047193
198.2314453125, 0.088978
198.261474609375, 0.075049
198.29150390625, -0.099054
198.321533203125, -0.064233
198.3515625, 0.068085
198.38134765625, 0.130762
198.411376953125, 0.005408
198.44140625, -0.00852
198.471435546875, 0.130762
198.50146484375, 0.054157
198.531494140625, 0.082014
198.5615234375, 0.005408
198.591552734375, -0.099054
198.621337890625, 0.054157
198.6513671875, 0.0263
198.681396484375, 0.075049
198.71142578125, -0.015484
198.741455078125, -0.217444
198.771484375, 0.0263
198.801513671875, -0.022449
198.83154296875, -0.050305
198.861572265625, 0.068085
198.891357421875, 0.012372
198.92138671875, 0.088978
198.951416015625, -0.015484
198.9814453125, -0.029413
199.011474609375, -0.029413
199.04150390625, 0.123798
199.071533203125, 0.054157
199.1015625, -0.119947
199.13134765625, -0.133875
199.161376953125, 0.040229
199.19140625, 0.116834
199.221435546875, 0.019336
199.25146484375, -0.099054
199.281494140625, -0.064233
199.3115234375, 0.068085
199.341552734375, -0.057269
199.37158203125, -0.057269
199.4013671875, -0.064233
199.431396484375, -0.00852
199.46142578125, -0.099054
199.491455078125, -0.022449
199.521484375, 0.040229
199.551513671875, 0.095942
199.58154296875, 0.033265
199.611572265625, 0.068085
199.641357421875, 0.054157
199.67138671875, -0.043341
199.701416015625, 0.040229
199.7314453125, -0.203516
199.761474609375, 0.068085
199.79150390625, -0.133875
199.821533203125, 0.005408
199.8515625, 0.033265
199.881591796875, 0.068085
199.911376953125, 0.102906
199.94140625, 0.123798
199.971435546875, -0.085126
200.00146484375, -0.050305
200.031494140625, 0.033265
200.0615234375, -0.029413
200.091552734375, 0.033265
200.12158203125, -0.071198
200.1513671875, -0.099054
200.181396484375, 0.040229
200.21142578125, -0.078162
200.241455078125, 0.054157
200.271484375, 0.040229
200.301513671875, 0.102906
200.33154296875, -0.015484
200.361572265625, 0.068085
200.391357421875, 0.019336
200.42138671875, -0.057269
200.451416015625, 0.033265
200.4814453125, 0.151655
200.511474609375, 0.123798
200.54150390625, 0.116834
200.571533203125, 0.019336
200.6015625, 0.088978
200.631591796875, -0.001556
200.661376953125, 0.102906
200.69140625, 0.102906
200.721435546875, 0.019336
200.75146484375, 0.033265
200.781494140625, 0.005408
200.8115234375, 0.019336
200.841552734375, 0.075049
200.87158203125, 0.040229
200.9013671875, 0.047193
200.931396484375, -0.00852
200.96142578125, -0.00852
200.991455078125, 0.172547
201.021484375, 0.012372
201.051513671875, 0.033265
201.08154296875, -0.09209
201.111572265625, 0.033265
201.1416015625, -0.036377
201.17138671875, 0.088978
201.201416015625, -0.099054
201.2314453125, 0.061121
201.261474609375, 0.061121
201.29150390625, 0.318794
201.321533203125, 0.088978
201.3515625, 0.005408
201.381591796875, -0.112982
201.411376953125, -0.09209
201.44140625, -0.057269
201.471435546875, -0.022449
201.50146484375, 0.054157
201.531494140625, 0.054157
201.5615234375, -0.071198
201.591552734375, 0.040229
201.62158203125, 0.10987
201.6513671875, 0.054157
201.681396484375, 0.054157
201.71142578125, 0.137727
201.741455078125, 0.151655
201.771484375, 0.033265
201.801513671875, 0.075049
201.83154296875, 0.0263
201.861572265625, 0.019336
201.8916015625, -0.078162
201.92138671875, 0.102906
201.951416015625, 0.172547
201.9814453125, -0.064233
202.011474609375, 0.061121
202.04150390625, -0.057269
202.071533203125, -0.057269
202.1015625, 0.054157
202.131591796875, 0.005408
202.161376953125, 0.102906
202.19140625, 0.061121
202.221435546875, 0.123798
202.25146484375, -0.106018
202.281494140625, 0.235225
202.3115234375, -0.106018
202.341552734375, 0.054157
202.37158203125, 0.005408
202.401611328125, -0.064233
202.431396484375, 0.068085
202.46142578125, 0.102906
202.491455078125, -0.043341
202.521484375, 0.095942
202.551513671875, 0.005408
202.58154296875, -0.029413
202.611572265625, -0.078162
202.6416015625, -0.001556
202.67138671875, -0.036377
202.701416015625, 0.075049
202.7314453125, 0.144691
202.761474609375, -0.043341
202.79150390625, -0.043341
202.821533203125, -0.112982
202.8515625, -0.00852
202.881591796875, 0.088978
202.91162109375, -0.050305
202.94140625, 0.040229
202.971435546875, 0.082014
203.00146484375, -0.00852
203.031494140625, -0.00852
203.0615234375, -0.043341
203.091552734375, 0.019336
203.12158203125, -0.099054
203.151611328125, -0.119947
203.181396484375, 0.075049
203.21142578125, -0.099054
203.241455078125, 0.012372
203.271484375, -0.050305
203.301513671875, 0.061121
203.33154296875, -0.043341
203.361572265625, -0.071198
203.3916015625, 0.10987
203.42138671875, 0.068085
203.451416015625, -0.022449
203.4814453125, 0.040229
203.511474609375, 0.137727
203.54150390625, -0.050305
203.571533203125, 0.040229
203.6015625, 0.047193
203.631591796875, 0.088978
203.66162109375, 0.061121
203.69140625, 0.040229
203.721435546875, 0.047193
203.75146484375, -0.029413
203.781494140625, 0.095942
203.8115234375, -0.106018
203.841552734375, 0.047193
203.87158203125, -0.043341
203.901611328125, -0.057269
203.931396484375, 0.088978
203.96142578125, -0.029413
203.991455078125, 0.158619
204.021484375, 0.012372
204.051513671875, 0.005408
204.08154296875, -0.133875
204.111572265625, 0.012372
204.1416015625, 0.158619
204.171630859375, 0.005408
204.201416015625, 0.144691
204.2314453125, 0.123798
204.261474609375, 0.047193
204.29150390625, 0.068085
204.321533203125, -0.071198
204.3515625, -0.106018
204.381591796875, 0.054157
204.41162109375, 0.130762
204.44140625, 0.005408
204.471435546875, -0.071198
204.50146484375, -0.057269
204.531494140625, 0.095942
204.5615234375, 0.19344
204.591552734375, 0.0263
204.62158203125, 0.054157
204.651611328125, 0.061121
204.681396484375, 0.047193
204.71142578125, -0.029413
204.741455078125, 0.102906
204.771484375, 0.088978
204.801513671875, 0.054157
204.83154296875, 0.102906
204.861572265625, -0.00852
204.8916015625, -0.00852
204.921630859375, -0.022449
204.951416015625, -0.085126
204.9814453125, 0.012372
205.011474609375, -0.015484
205.04150390625, 0.075049
205.071533203125, -0.140839
205.1015625, -0.043341
205.131591796875, 0.061121
205.16162109375, -0.078162
205.19140625, 0.075049
205.221435546875, -0.057269
205.25146484375, 0.005408
205.281494140625, 0.019336
205.3115234375, 0.0263
205.341552734375, 0.082014
205.37158203125, -0.043341
205.401611328125, 0.054157
205.431640625, 0.033265
205.46142578125, 0.019336
205.491455078125, 0.047193
205.521484375, -0.022449
205.551513671875, -0.029413
205.58154296875, 0.075049
205.611572265625, 0.102906
205.6416015625, -0.050305
205.671630859375, -0.00852
205.701416015625, 0.082014
205.7314453125, 0.012372
205.761474609375, 0.068085
205.79150390625, 0.005408
205.821533203125, -0.099054
205.8515625, 0.082014
205.881591796875, -0.001556
205.91162109375, 0.151655
205.941650390625, -0.064233
205.971435546875, 0.0263
206.00146484375, 0.116834
206.031494140625, 0.0263
206.0615234375, -0.106018
206.091552734375, 0.012372
206.12158203125, -0.071198
206.151611328125, -0.057269
206.181640625, 0.019336
206.21142578125, 0.158619
206.241455078125, 0.068085
206.271484375, -0.057269
206.301513671875, -0.140839
206.33154296875, 0.012372
206.361572265625, 0.068085
206.3916015625, 0.040229
206.421630859375, 0.0263
206.451416015625, 0.068085
206.4814453125, 0.040229
206.511474609375, 0.005408
206.54150390625, 0.082014
206.571533203125, -0.015484
206.6015625, 0.019336
206.631591796875, 0.033265
206.66162109375, 0.005408
206.691650390625, 0.221296
206.721435546875, 0.005408
206.75146484375, -0.015484
206.781494140625, -0.085126
206.8115234375, 0.082014
206.841552734375, 0.095942
206.87158203125, -0.001556
206.901611328125, 0.186476
206.931640625, 0.005408
206.96142578125, 0.054157
206.991455078125, -0.036377
207.021484375, 0.10987
207.051513671875, -0.036377
207.08154296875, -0.001556
207.111572265625, 0.075049
207.1416015625, -0.036377
207.171630859375, 0.061121
207.20166015625, 0.012372
207.2314453125, 0.068085
207.261474609375, 0.040229
207.29150390625, -0.106018
207.321533203125, -0.036377
207.3515625, 0.040229
207.381591796875, 0.137727
207.41162109375, 0.068085
207.441650390625, 0.116834
207.471435546875, -0.085126
207.50146484375, -0.057269
207.531494140625, 0.082014
207.5615234375, 0.082014
207.591552734375, 0.047193
207.62158203125, -0.071198
207.651611328125, 0.033265
207.681640625, -0.106018
207.711669921875, 0.10987
207.741455078125, -0.106018
207.771484375, 0.068085
207.801513671875, -0.078162
207.83154296875, 0.068085
207.861572265625, 0.130762
207.8916015625, -0.015484
207.921630859375, 0.095942
207.95166015625, -0.050305
207.9814453125, 0.061121
208.011474609375, -0.078162
208.04150390625, -0.085126
208.071533203125, 0.151655
208.1015625, -0.085126
208.131591796875, 0.116834
208.16162109375, 0.102906
208.191650390625, -0.001556
208.221435546875, -0.154767
208.25146484375, -0.189588
208.281494140625, 0.033265
208.3115234375, 0.033265
208.341552734375, -0.036377
208.37158203125, -0.001556
208.401611328125, 0.116834
208.431640625, 0.019336
208.461669921875, 0.012372
208.491455078125, -0.057269
208.521484375, -0.085126
208.551513671875, 0.054157
208.58154296875, 0.179511
208.611572265625, 0.033265
208.6416015625, -0.106018
208.671630859375, 0.172547
208.70166015625, -0.029413
208.7314453125, 0.19344
208.761474609375, 0.130762
208.79150390625, 0.088978
208.821533203125, -0.043341
208.8515625, 0.116834
208.881591796875, -0.050305
208.91162109375, -0.015484
208.941650390625, -0.015484
208.9716796875, -0.106018
209.00146484375, 0.033265
209.031494140625, 0.123798
209.0615234375, 0.082014
209.091552734375, -0.071198
209.12158203125, 0.068085
209.151611328125, -0.17566
209.181640625, -0.022449
209.211669921875, 0.075049
209.241455078125, 0.095942
209.271484375, -0.064233
209.301513671875, -0.161731
209.33154296875, -0.189588
209.361572265625, 0.005408
209.3916015625, 0.123798
209.421630859375, 0.047193
209.45166015625, -0.043341
209.4814453125, -0.09209
209.511474609375, 0.040229
209.54150390625, -0.078162
209.571533203125, 0.005408
209.6015625, -0.00852
209.631591796875, -0.00852
209.66162109375, 0.012372
209.691650390625, 0.200404
209.7216796875, 0.102906
209.75146484375, 0.165583
209.781494140625, 0.116834
209.8115234375, 0.061121
209.841552734375, -0.064233
209.87158203125, 0.130762
209.901611328125, -0.029413
209.931640625, 0.040229
209.961669921875, 0.0263
209.991455078125, 0.075049
210.021484375, -0.001556
210.051513671875, -0.043341
210.08154296875, -0.057269
210.111572265625, -0.057269
210.1416015625, 0.012372
210.171630859375, -0.078162
210.20166015625, 0.095942
210.231689453125, 0.0263
210.261474609375, -0.001556
210.29150390625, -0.022449
210.321533203125, -0.001556
210.3515625, 0.082014
210.381591796875, 0.019336
210.41162109375, -0.00852
210.441650390625, 0.005408
210.4716796875, 0.040229
210.50146484375, -0.050305
210.531494140625, -0.126911
210.5615234375, -0.043341
210.591552734375, 0.137727
210.62158203125, 0.047193
210.651611328125, 0.019336
210.681640625, 0.068085
210.711669921875, -0.036377
210.74169921875, 0.082014
210.771484375, 0.040229
210.801513671875, -0.00852
210.83154296875, 0.095942
210.861572265625, 0.040229
210.8916015625, 0.012372
210.921630859375, -0.078162
210.95166015625, 0.054157
210.981689453125, -0.057269
211.011474609375, 0.075049
211.04150390625, 0.005408
211.071533203125, 0.061121
211.1015625, 0.061121
211.131591796875, -0.043341
211.16162109375, -0.09209
211.191650390625, 0.095942
211.2216796875, -0.043341
211.25146484375, -0.085126
211.281494140625, 0.005408
211.3115234375, 0.123798
211.341552734375, 0.061121
211.37158203125, -0.001556
211.401611328125, -0.057269
211.431640625, 0.0263
211.461669921875, 0.088978
211.49169921875, -0.09209
211.521484375, 0.047193
211.551513671875, -0.015484
211.58154296875, -0.071198
211.611572265625, 0.095942
211.6416015625, 0.061121
211.671630859375, 0.0263
211.70166015625, 0.116834
211.731689453125, 0.012372
211.761474609375, 0.102906
211.79150390625, 0.061121
211.821533203125, -0.071198
211.8515625, 0.123798
211.881591796875, -0.043341
211.91162109375, -0.168695
211.941650390625, -0.022449
211.9716796875, -0.126911
212.001708984375, 0.075049
212.031494140625, 0.0263
212.0615234375, 0.033265
212.091552734375, -0.015484
212.12158203125, 0.095942
212.151611328125, 0.088978
212.181640625, -0.071198
212.211669921875, 0.172547
212.24169921875, -0.106018
212.271484375, 0.0263
212.301513671875, -0.099054
212.33154296875, 0.054157
212.361572265625, 0.165583
212.3916015625, -0.147803
212.421630859375, 0.137727
212.45166015625, 0.033265
212.481689453125, 0.061121
212.511474609375, -0.015484
212.54150390625, 0.047193
212.571533203125, 0.179511
212.6015625, -0.036377
212.631591796875, 0.200404
212.66162109375, -0.050305
212.691650390625, -0.043341
212.7216796875, -0.036377
212.751708984375, 0.068085
212.781494140625, 0.123798
212.8115234375, -0.057269
212.841552734375, -0.029413
212.87158203125, 0.095942
212.901611328125, -0.078162
212.931640625, -0.09209
212.961669921875, 0.0263
212.99169921875, 0.005408
213.021484375, -0.015484
213.051513671875, -0.022449
213.08154296875, -0.09209
213.111572265625, 0.116834
213.1416015625, 0.0263
213.171630859375, 0.088978
213.20166015625, -0.00852
213.231689453125, -0.071198
213.26171875, -0.015484
213.29150390625, 0.005408
213.321533203125, 0.005408
213.3515625, 0.088978
213.381591796875, 0.047193
213.41162109375, -0.015484
213.441650390625, 0.061121
213.4716796875, -0.071198
213.501708984375, -0.036377
213.531494140625, 0.040229
213.5615234375, 0.10987
213.591552734375, -0.050305
213.62158203125, 0.054157
213.651611328125, -0.036377
213.681640625, 0.158619
213.711669921875, 0.0263
213.74169921875, -0.015484
213.771728515625, 0.0263
213.801513671875, 0.123798
213.83154296875, -0.057269
213.861572265625, 0.082014
213.8916015625, 0.054157
213.921630859375, 0.012372
213.95166015625, 0.088978
213.981689453125, 0.10987
214.01171875, 0.075049
214.04150390625, -0.064233
214.071533203125, 0.0263
214.1015625, -0.001556
214.131591796875, -0.140839
214.16162109375, 0.019336
214.191650390625, -0.09209
214.2216796875, 0.054157
214.251708984375, 0.061121
214.281494140625, 0.095942
214.3115234375, 0.061121
214.341552734375, -0.00852
214.37158203125, -0.022449
214.401611328125, -0.015484
214.431640625, -0.001556
214.461669921875, -0.036377
214.49169921875, 0.088978
214.521728515625, -0.099054
214.551513671875, 0.061121
214.58154296875, -0.09209
214.611572265625, 0.158619
214.6416015625, 0.061121
214.671630859375, -0.043341
214.70166015625, -0.071198
214.731689453125, 0.095942
214.76171875, 0.040229
214.79150390625, -0.001556
214.821533203125, 0.012372
214.8515625, -0.085126
214.881591796875, -0.015484
214.91162109375, 0.033265
214.941650390625, -0.126911
214.9716796875, -0.071198
215.001708984375, -0.022449
215.03173828125, -0.00852
215.0615234375, -0.064233
215.091552734375, 0.137727
215.12158203125, -0.00852
215.151611328125, -0.064233
215.181640625, 0.0263
215.211669921875, 0.033265
215.24169921875, -0.022449
215.271728515625, -0.078162
215.301513671875, 0.068085
215.33154296875, -0.015484
215.361572265625, 0.054157
215.3916015625, 0.095942
215.421630859375, -0.001556
215.45166015625, 0.047193
215.481689453125, 0.047193
215.51171875, 0.123798
215.541748046875, -0.043341
215.571533203125, 0.054157
215.6015625, 0.047193
215.631591796875, -0.029413
215.66162109375, -0.029413
215.691650390625, -0.043341
215.7216796875, 0.019336
215.751708984375, 0.005408
215.78173828125, -0.029413
215.8115234375, -0.022449
215.841552734375, 0.040229
215.87158203125, 0.005408
215.901611328125, -0.099054
215.931640625, 0.033265
215.961669921875, 0.0263
215.99169921875, -0.001556
216.021728515625, 0.0263
216.051513671875, 0.068085
216.08154296875, -0.078162
216.111572265625, -0.036377
216.1416015625, 0.005408
216.171630859375, 0.0263
216.20166015625, -0.022449
216.231689453125, 0.095942
216.26171875, -0.001556
216.291748046875, 0.040229
216.321533203125, 0.0263
216.3515625, 0.151655
216.381591796875, 0.0263
216.41162109375, 0.019336
216.441650390625, 0.075049
216.4716796875, 0.102906
216.501708984375, -0.015484
216.53173828125, -0.00852
216.5615234375, 0.005408
216.591552734375, -0.050305
216.62158203125, 0.054157
216.651611328125, -0.106018
216.681640625, 0.068085
216.711669921875, 0.047193
216.74169921875, -0.015484
216.771728515625, 0.040229
216.8017578125, 0.061121
216.83154296875, -0.001556
216.861572265625, 0.075049
216.8916015625, 0.088978
216.921630859375, 0.047193
216.95166015625, 0.075049
216.981689453125, -0.078162
217.01171875, 0.116834
217.041748046875, -0.119947
217.071533203125, 0.019336
217.1015625, -0.029413
217.131591796875, -0.029413
217.16162109375, -0.078162
217.191650390625, 0.019336
217.2216796875, -0.043341
217.251708984375, 0.047193
217.28173828125, 0.116834
217.3115234375, 0.144691
217.341552734375, -0.057269
217.37158203125, 0.047193
217.401611328125, 0.005408
217.431640625, -0.015484
217.461669921875, -0.043341
217.49169921875, 0.033265
217.521728515625, 0.033265
217.5517578125, 0.012372
217.58154296875, 0.0263
217.611572265625, -0.050305
217.6416015625, -0.001556
217.671630859375, 0.123798
217.70166015625, -0.078162
217.731689453125, 0.082014
217.76171875, -0.022449
217.791748046875, 0.019336
217.821533203125, -0.036377
217.8515625, -0.029413
217.881591796875, 0.012372
217.91162109375, -0.043341
217.941650390625, 0.040229
217.9716796875, 0.040229
218.001708984375, -0.057269
218.03173828125, 0.005408
218.061767578125, -0.001556
218.091552734375, 0.10987
218.12158203125, 0.040229
218.151611328125, 0.082014
218.181640625, 0.061121
218.211669921875, 0.005408
218.24169921875, 0.005408
218.271728515625, 0.012372
218.3017578125, 0.137727
218.33154296875, -0.099054
218.361572265625, 0.088978
218.3916015625, 0.095942
218.421630859375, 0.061121
218.45166015625, 0.0263
218.481689453125, -0.001556
218.51171875, -0.036377
218.541748046875, 0.019336
218.57177734375, -0.029413
218.6015625, 0.054157
218.631591796875, -0.043341
218.66162109375, -0.00852
218.691650390625, 0.012372
218.7216796875, 0.137727
218.751708984375, -0.022449
218.78173828125, -0.001556
218.811767578125, -0.015484
218.841552734375, 0.0263
218.87158203125, 0.088978
218.901611328125, 0.095942
218.931640625, -0.126911
218.961669921875, -0.001556
218.99169921875, 0.019336
219.021728515625, 0.130762
219.0517578125, -0.00852
219.08154296875, 0.005408
219.111572265625, -0.00852
219.1416015625, -0.050305
219.171630859375, 0.012372
219.20166015625, -0.050305
219.231689453125, 0.019336
219.26171875, 0.095942
219.291748046875, -0.022449
219.32177734375, 0.068085
219.3515625, 0.179511
219.381591796875, 0.095942
219.41162109375, -0.057269
219.441650390625, -0.064233
219.4716796875, -0.043341
219.501708984375, -0.099054
219.53173828125, 0.0263
219.561767578125, -0.133875
219.591552734375, 0.075049
219.62158203125, -0.00852
219.651611328125, 0.088978
219.681640625, -0.001556
219.711669921875, 0.005408
219.74169921875, 0.012372
219.771728515625, 0.186476
219.8017578125, 0.033265
219.831787109375, -0.085126
219.861572265625, 0.033265
219.8916015625, 0.10987
219.921630859375, 0.123798
219.95166015625, -0.036377
219.981689453125, -0.022449
220.01171875, -0.09209
220.041748046875, -0.050305
220.07177734375, 0.0263
220.1015625, 0.040229
220.131591796875, -0.029413
220.16162109375, 0.144691
220.191650390625, 0.054157
220.2216796875, -0.106018
220.251708984375, 0.130762
220.28173828125, 0.102906
220.311767578125, -0.029413
220.341552734375, 0.102906
220.37158203125, 0.033265
220.401611328125, 0.207368
220.431640625, -0.015484
220.461669921875, 0.221296
220.49169921875, 0.075049
220.521728515625, 0.047193
220.5517578125, -0.001556
220.581787109375, -0.043341
220.611572265625, -0.057269
220.6416015625, 0.123798
220.671630859375, 0.054157
220.70166015625, 0.047193
220.731689453125, 0.033265
220.76171875, -0.036377
220.791748046875, 0.019336
220.82177734375, -0.057269
220.8515625, -0.001556
220.881591796875, -0.078162
220.91162109375, -0.001556
220.941650390625, 0.10987
220.9716796875, 0.075049
221.001708984375, 0.151655
221.03173828125, 0.123798
221.061767578125, 0.144691
221.091796875, 0.137727
221.12158203125, 0.012372
221.151611328125, 0.061121
221.181640625, 0.095942
221.211669921875, 0.10987
221.24169921875, 0.158619
221.271728515625, 0.082014
221.3017578125, 0.019336
221.331787109375, 0.082014
221.361572265625, -0.001556
221.3916015625, 0.012372
221.421630859375, 0.075049
221.45166015625, -0.057269
221.481689453125, 0.047193
221.51171875, -0.029413
221.541748046875, -0.015484
221.57177734375, -0.036377
221.601806640625, 0.068085
221.631591796875, -0.071198
221.66162109375, -0.043341
221.691650390625, 0.165583
221.7216796875, -0.036377
221.751708984375, 0.075049
221.78173828125, -0.029413
221.811767578125, 0.144691
221.841796875, 0.012372
221.87158203125, 0.082014
221.901611328125, -0.036377
221.931640625, 0.019336
221.961669921875, -0.043341
221.99169921875, -0.015484
222.021728515625, 0.144691
222.0517578125, -0.001556
222.081787109375, 0.054157
222.111572265625, 0.012372
222.1416015625, -0.064233
222.171630859375, -0.022449
222.20166015625, 0.088978
222.231689453125, -0.099054
222.26171875, 0.012372
222.291748046875, -0.078162
222.32177734375, 0.054157
222.351806640625, 0.075049
222.381591796875, 0.116834
222.41162109375, -0.001556
222.441650390625, -0.050305
222.4716796875, 0.068085
222.501708984375, -0.022449
222.53173828125, 0.012372
222.561767578125, -0.112982
222.591796875, 0.0263
222.62158203125, 0.012372
222.651611328125, 0.061121
222.681640625, 0.158619
222.711669921875, -0.029413
222.74169921875, 0.047193
222.771728515625, 0.088978
222.8017578125, -0.057269
222.831787109375, -0.00852
222.86181640625, 0.040229
222.8916015625, -0.029413
222.921630859375, 0.054157
222.95166015625, 0.047193
222.981689453125, 0.075049
223.01171875, 0.047193
223.041748046875, 0.047193
223.07177734375, -0.071198
223.101806640625, -0.140839
223.131591796875, -0.085126
223.16162109375, 0.047193
223.191650390625, 0.082014
223.2216796875, 0.088978
223.251708984375, -0.00852
223.28173828125, 0.116834
223.311767578125, 0.102906
223.341796875, -0.057269
223.371826171875, 0.144691
223.401611328125, 0.054157
223.431640625, 0.082014
223.461669921875, 0.061121
223.49169921875, 0.088978
223.521728515625, -0.029413
223.5517578125, 0.095942
223.581787109375, 0.019336
223.61181640625, 0.0263
223.6416015625, 0.0263
223.671630859375, 0.095942
223.70166015625, -0.00852
223.731689453125, -0.036377
223.76171875, 0.088978
223.791748046875, -0.00852
223.82177734375, -0.022449
223.851806640625, -0.085126
223.881591796875, -0.001556
223.91162109375, 0.10987
223.941650390625, 0.040229
223.9716796875, 0.137727
224.001708984375, -0.036377
224.03173828125, 0.130762
224.061767578125, 0.10987
224.091796875, 0.088978
224.121826171875, -0.099054
224.151611328125, 0.082014
224.181640625, -0.001556
224.211669921875, -0.036377
224.24169921875, -0.036377
224.271728515625, 0.068085
224.3017578125, 0.033265
224.331787109375, -0.036377
224.36181640625, 0.102906
224.3916015625, 0.019336
224.421630859375, 0.005408
224.45166015625, 0.075049
224.481689453125, -0.001556
224.51171875, 0.179511
224.541748046875, 0.172547
224.57177734375, -0.112982
224.601806640625, 0.012372
224.6318359375, 0.102906
224.66162109375, 0.095942
224.691650390625, -0.015484
224.7216796875, 0.033265
224.751708984375, 0.019336
224.78173828125, 0.040229
224.811767578125, 0.0263
224.841796875, 0.088978
224.871826171875, -0.071198
224.901611328125, 0.0263
224.931640625, 0.068085
224.961669921875, -0.015484
224.99169921875, -0.036377
225.021728515625, 0.130762
225.0517578125, 0.0263
225.081787109375, -0.064233
225.11181640625, 0.158619
225.1416015625, 0.061121
225.171630859375, 0.061121
225.20166015625, 0.068085
225.231689453125, 0.012372
225.26171875, 0.012372
225.291748046875, 0.068085
225.32177734375, 0.075049
225.351806640625, -0.001556
225.3818359375, -0.064233
225.41162109375, -0.126911
225.441650390625, 0.088978
225.4716796875, -0.050305
225.501708984375, -0.043341
225.53173828125, -0.036377
225.561767578125, -0.112982
225.591796875, 0.047193
225.621826171875, -0.001556
225.651611328125, 0.054157
225.681640625, -0.036377
225.711669921875, 0.061121
225.74169921875, -0.099054
225.771728515625, -0.043341
225.8017578125, -0.001556
225.831787109375, 0.012372
225.86181640625, -0.015484
225.891845703125, -0.140839
225.921630859375, -0.071198
225.95166015625, -0.09209
225.981689453125, 0.047193
226.01171875, 0.019336
226.041748046875, 0.005408
226.07177734375, 0.123798
226.101806640625, -0.09209
226.1318359375, 0.082014
226.16162109375, -0.057269
226.191650390625, 0.088978
226.2216796875, -0.015484
226.251708984375, -0.001556
226.28173828125, -0.015484
226.311767578125, 0.019336
226.341796875, 0.054157
226.371826171875, -0.064233
226.40185546875, 0.095942
226.431640625, 0.095942
226.461669921875, 0.054157
226.49169921875, -0.064233
226.521728515625, -0.09209
226.5517578125, 0.040229
226.581787109375, -0.217444
226.61181640625, -0.078162
226.641845703125, -0.015484
226.671630859375, 0.130762
226.70166015625, 0.075049
226.731689453125, 0.130762
226.76171875, 0.095942
226.791748046875, 0.075049
226.82177734375, 0.047193
226.851806640625, -0.057269
226.8818359375, -0.078162
226.91162109375, -0.022449
226.941650390625, 0.068085
226.9716796875, 0.116834
227.001708984375, -0.029413
227.03173828125, 0.123798
227.061767578125, 0.137727
227.091796875, 0.088978
227.121826171875, 0.075049
227.15185546875, 0.012372
227.181640625, -0.09209
227.211669921875, 0.047193
227.24169921875, 0.047193
227.271728515625, -0.106018
227.3017578125, 0.033265
227.331787109375, 0.047193
227.36181640625, -0.029413
227.391845703125, 0.033265
227.421630859375, 0.0263
227.45166015625, -0.029413
227.481689453125, 0.10987
227.51171875, 0.012372
227.541748046875, -0.001556
227.57177734375, 0.033265
227.601806640625, 0.075049
227.6318359375, -0.015484
227.661865234375, 0.005408
227.691650390625, 0.033265
227.7216796875, -0.015484
227.751708984375, 0.033265
227.78173828125, 0.130762
227.811767578125, -0.029413
227.841796875, -0.064233
227.871826171875, 0.075049
227.90185546875, 0.005408
227.931640625, -0.050305
227.961669921875, 0.144691
227.99169921875, -0.029413
228.021728515625, 0.068085
228.0517578125, 0.075049
228.081787109375, -0.09209
228.11181640625, 0.054157
228.141845703125, 0.123798
228.171630859375, 0.012372
228.20166015625, 0.068085
228.231689453125, -0.106018
228.26171875, -0.050305
228.291748046875, 0.019336
228.32177734375, 0.116834
228.351806640625, 0.088978
228.3818359375, 0.102906
228.411865234375, 0.047193
228.441650390625, 0.082014
228.4716796875, 0.179511
228.501708984375, 0.137727
228.53173828125, -0.057269
228.561767578125, 0.102906
228.591796875, 0.095942
228.621826171875, 0.165583
228.65185546875, -0.126911
228.681640625, 0.054157
228.711669921875, 0.075049
228.74169921875, -0.00852
228.771728515625, 0.047193
228.8017578125, -0.147803
228.831787109375, -0.029413
228.86181640625, -0.022449
228.891845703125, 0.075049
228.921875, -0.00852
228.95166015625, 0.102906
228.981689453125, 0.019336
229.01171875, 0.082014
229.041748046875, 0.068085
229.07177734375, -0.001556
229.101806640625, -0.050305
229.1318359375, 0.005408
229.161865234375, -0.078162
229.191650390625, 0.082014
229.2216796875, 0.186476
229.251708984375, 0.061121
229.28173828125, -0.099054
229.311767578125, 0.221296
229.341796875, -0.001556
229.371826171875, 0.151655
229.40185546875, 0.019336
229.431884765625, -0.050305
229.461669921875, -0.133875
229.49169921875, 0.123798
229.521728515625, -0.085126
229.5517578125, 0.068085
229.581787109375, -0.022449
229.61181640625, -0.071198
229.641845703125, -0.119947
229.671875, -0.001556
229.70166015625, -0.001556
229.731689453125, 0.033265
229.76171875, 0.005408
229.791748046875, -0.043341
229.82177734375, -0.029413
229.851806640625, 0.040229
229.8818359375, 0.012372
229.911865234375, 0.033265
229.941650390625, -0.119947
229.9716796875, 0.082014
230.001708984375, 0.151655
230.03173828125, 0.019336
230.061767578125, 0.082014
230.091796875, 0.012372
230.121826171875, -0.050305
230.15185546875, 0.054157
230.181884765625, 0.061121
230.211669921875, 0.019336
230.24169921875, 0.068085
230.271728515625, 0.019336
230.3017578125, 0.165583
230.331787109375, 0.061121
230.36181640625, 0.075049
230.391845703125, -0.140839
230.421875, -0.09209
230.45166015625, -0.071198
230.481689453125, 0.137727
230.51171875, -0.00852
230.541748046875, -0.043341
230.57177734375, -0.106018
230.601806640625, -0.050305
230.6318359375, 0.012372
230.661865234375, -0.064233
230.69189453125, -0.00852
230.7216796875, -0.064233
230.751708984375, 0.019336
230.78173828125, 0.172547
230.811767578125, -0.022449
230.841796875, -0.050305
230.871826171875, -0.015484
230.90185546875, 0.061121
230.931884765625, 0.075049
230.961669921875, -0.043341
230.99169921875, 0.047193
231.021728515625, 0.130762
231.0517578125, -0.029413
231.081787109375, -0.064233
231.11181640625, 0.047193
231.141845703125, 0.10987
231.171875, -0.022449
231.201904296875, -0.064233
231.231689453125, 0.033265
231.26171875, 0.019336
231.291748046875, 0.144691
231.32177734375, 0.012372
231.351806640625, 0.054157
231.3818359375, 0.019336
231.411865234375, 0.040229
231.44189453125, 0.116834
231.4716796875, 0.061121
231.501708984375, -0.043341
231.53173828125, 0.005408
231.561767578125, 0.047193
231.591796875, -0.078162
231.621826171875, -0.036377
231.65185546875, -0.071198
231.681884765625, 0.088978
231.711669921875, -0.085126
231.74169921875, 0.172547
231.771728515625, -0.001556
231.8017578125, 0.019336
231.831787109375, 0.123798
231.86181640625, -0.015484
231.891845703125, -0.022449
231.921875, -0.182624
231.951904296875, 0.082014
231.981689453125, -0.00852
232.01171875, -0.00852
232.041748046875, -0.154767
232.07177734375, 0.0263
232.101806640625, 0.019336
232.1318359375, -0.071198
232.161865234375, 0.033265
232.19189453125, -0.036377
232.2216796875, -0.00852
232.251708984375, 0.082014
232.28173828125, 0.088978
232.311767578125, 0.082014
232.341796875, 0.054157
232.371826171875, -0.015484
232.40185546875, 0.151655
232.431884765625, 0.005408
232.4619140625, -0.036377
232.49169921875, 0.144691
232.521728515625, 0.075049
232.5517578125, -0.029413
232.581787109375, -0.001556
232.61181640625, 0.012372
232.641845703125, 0.047193
232.671875, -0.036377
232.701904296875, 0.158619
232.731689453125, 0.082014
232.76171875, 0.116834
232.791748046875, -0.057269
232.82177734375, 0.033265
232.851806640625, -0.001556
232.8818359375, -0.043341
232.911865234375, 0.095942
232.94189453125, -0.147803
232.9716796875, -0.036377
233.001708984375, 0.005408
233.03173828125, -0.078162
233.061767578125, -0.043341
233.091796875, 0.019336
233.121826171875, 0.102906
233.15185546875, 0.061121
233.181884765625, -0.078162
233.2119140625, -0.00852
233.24169921875, 0.047193
233.271728515625, 0.040229
233.3017578125, -0.036377
233.331787109375, 0.054157
233.36181640625, 0.047193
233.391845703125, -0.085126
233.421875, 0.123798
233.451904296875, 0.075049
233.481689453125, 0.047193
233.51171875, -0.043341
233.541748046875, 0.019336
233.57177734375, 0.005408
233.601806640625, 0.040229
233.6318359375, 0.019336
233.661865234375, 0.102906
233.69189453125, 0.123798
233.721923828125, -0.064233
233.751708984375, -0.09209
233.78173828125, 0.137727
233.811767578125, -0.029413
233.841796875, 0.019336
233.871826171875, 0.116834
233.90185546875, 0.0263
233.931884765625, 0.005408
233.9619140625, 0.082014
233.99169921875, -0.106018
234.021728515625, 0.082014
234.0517578125, -0.043341
234.081787109375, 0.019336
234.11181640625, -0.099054
234.141845703125, 0.019336
234.171875, 0.005408
234.201904296875, -0.043341
234.23193359375, 0.054157
234.26171875, 0.0263
234.291748046875, 0.075049
234.32177734375, 0.137727
234.351806640625, 0.047193
234.3818359375, 0.033265
234.411865234375, 0.068085
234.44189453125, 0.0263
234.471923828125, 0.047193
234.501708984375, -0.043341
234.53173828125, 0.095942
234.561767578125, 0.158619
234.591796875, 0.047193
234.621826171875, 0.061121
234.65185546875, -0.050305
234.681884765625, 0.102906
234.7119140625, 0.054157
234.74169921875, -0.015484
234.771728515625, 0.040229
234.8017578125, -0.147803
234.831787109375, 0.033265
234.86181640625, 0.019336
234.891845703125, -0.015484
234.921875, 0.019336
234.951904296875, 0.054157
234.98193359375, -0.106018
235.01171875, 0.116834
235.041748046875, -0.043341
235.07177734375, -0.036377
235.101806640625, 0.0263
235.1318359375, 0.068085
235.161865234375, -0.029413
235.19189453125, -0.106018
235.221923828125, -0.147803
235.251708984375, -0.085126
235.28173828125, -0.064233
235.311767578125, 0.012372
235.341796875, 0.040229
235.371826171875, 0.005408
235.40185546875, 0.068085
235.431884765625, -0.085126
235.4619140625, -0.022449
235.491943359375, -0.029413
235.521728515625, 0.116834
235.5517578125, -0.001556
235.581787109375, -0.029413
235.61181640625, -0.050305
235.641845703125, -0.001556
235.671875, 0.088978
235.701904296875, 0.158619
235.73193359375, 0.116834
235.76171875, 0.095942
235.791748046875, 0.088978
235.82177734375, 0.075049
235.851806640625, 0.075049
235.8818359375, 0.005408
235.911865234375, 0.061121
235.94189453125, 0.047193
235.971923828125, -0.064233
236.001953125, -0.022449
236.03173828125, 0.075049
236.061767578125, 0.10987
236.091796875, 0.005408
236.121826171875, 0.040229
236.15185546875, 0.0263
236.181884765625, -0.001556
236.2119140625, 0.005408
236.241943359375, -0.001556
236.271728515625, 0.061121
236.3017578125, 0.088978
236.331787109375, 0.130762
236.36181640625, -0.036377
236.391845703125, 0.012372
236.421875, 0.137727
236.451904296875, -0.106018
236.48193359375, -0.00852
236.51171875, 0.019336
236.541748046875, -0.071198
236.57177734375, -0.064233
236.601806640625, 0.047193
236.6318359375, 0.005408
236.661865234375, 0.144691
236.69189453125, 0.068085
236.721923828125, 0.033265
236.751953125, -0.001556
236.78173828125, 0.095942
236.811767578125, 0.095942
236.841796875, 0.047193
236.871826171875, -0.029413
236.90185546875, 0.061121
236.931884765625, -0.085126
236.9619140625, -0.036377
236.991943359375, 0.0263
237.021728515625, 0.095942
237.0517578125, 0.088978
237.081787109375, -0.057269
237.11181640625, 0.207368
237.141845703125, 0.061121
237.171875, 0.068085
237.201904296875, 0.012372
237.23193359375, 0.0263
237.261962890625, -0.099054
237.291748046875, 0.0263
237.32177734375, -0.001556
237.351806640625, 0.068085
237.3818359375, -0.078162
237.411865234375, -0.126911
237.44189453125, 0.019336
237.471923828125, 0.116834
237.501953125, 0.075049
237.53173828125, 0.061121
237.561767578125, -0.071198
237.591796875, 0.10987
237.621826171875, 0.068085
237.65185546875, 0.095942
237.681884765625, 0.040229
237.7119140625, 0.033265
237.741943359375, 0.144691
237.771728515625, -0.00852
237.8017578125, 0.019336
237.831787109375, -0.022449
237.86181640625, 0.116834
237.891845703125, 0.005408
237.921875, 0.088978
237.951904296875, 0.061121
237.98193359375, -0.036377
238.011962890625, 0.102906
238.041748046875, -0.071198
238.07177734375, 0.033265
238.101806640625, 0.102906
238.1318359375, 0.116834
238.161865234375, 0.061121
238.19189453125, -0.00852
238.221923828125, -0.043341
238.251953125, -0.036377
238.28173828125, 0.144691
238.311767578125, -0.043341
238.341796875, -0.036377
238.371826171875, 0.054157
238.40185546875, -0.043341
238.431884765625, -0.09209
238.4619140625, 0.088978
238.491943359375, 0.054157
238.52197265625, -0.043341
238.5517578125, 0.061121
238.581787109375, -0.071198
238.61181640625, -0.029413
238.641845703125, -0.043341
238.671875, -0.147803
238.701904296875, -0.029413
238.73193359375, -0.106018
238.761962890625, -0.015484
238.791748046875, -0.015484
238.82177734375, 0.095942
238.851806640625, -0.078162
238.8818359375, -0.029413
238.911865234375, -0.064233
238.94189453125, 0.0263
238.971923828125, 0.137727
239.001953125, 0.0263
239.031982421875, -0.001556
239.061767578125, -0.057269
239.091796875, 0.033265
239.121826171875, -0.036377
239.15185546875, 0.012372
239.181884765625, -0.064233
239.2119140625, -0.001556
239.241943359375, 0.075049
239.27197265625, 0.019336
239.3017578125, 0.22826
239.331787109375, -0.071198
239.36181640625, 0.235225
239.391845703125, -0.00852
239.421875, 0.144691
239.451904296875, 0.151655
239.48193359375, 0.005408
239.511962890625, 0.019336
239.541748046875, 0.075049
239.57177734375, 0.019336
239.601806640625, -0.036377
239.6318359375, 0.061121
239.661865234375, 0.019336
239.69189453125, 0.040229
239.721923828125, 0.061121
239.751953125, -0.050305
239.781982421875, 0.144691
239.811767578125, -0.126911
239.841796875, 0.0263
239.871826171875, 0.012372
239.90185546875, 0.040229
239.931884765625, 0.10987
239.9619140625, 0.075049
239.991943359375, -0.036377
240.02197265625, 0.047193
240.0517578125, 0.047193
240.081787109375, 0.012372
240.11181640625, -0.043341
240.141845703125, -0.043341
240.171875, -0.133875
240.201904296875, 0.033265
240.23193359375, 0.075049
240.261962890625, 0.061121
240.2919921875, -0.001556
240.32177734375, 0.019336
240.351806640625, -0.022449
240.3818359375, 0.158619
240.411865234375, -0.001556
240.44189453125, 0.186476
240.471923828125, -0.036377
240.501953125, 0.040229
240.531982421875, -0.119947
240.561767578125, 0.088978
240.591796875, -0.029413
240.621826171875, -0.050305
240.65185546875, 0.0263
240.681884765625, -0.133875
240.7119140625, 0.151655
240.741943359375, 0.214332
240.77197265625, 0.054157
240.8017578125, -0.036377
240.831787109375, 0.012372
240.86181640625, -0.015484
240.891845703125, -0.015484
240.921875, -0.078162
240.951904296875, -0.015484
240.98193359375, 0.005408
241.011962890625, -0.015484
241.0419921875, 0.033265
241.07177734375, 0.054157
241.101806640625, 0.075049
241.1318359375, 0.040229
241.161865234375, 0.040229
241.19189453125, 0.165583
241.221923828125, 0.019336
241.251953125, 0.061121
241.281982421875, 0.095942
241.311767578125, 0.054157
241.341796875, 0.158619
241.371826171875, 0.095942
241.40185546875, 0.235225
241.431884765625, 0.075049
241.4619140625, 0.0263
241.491943359375, 0.033265
241.52197265625, 0.040229
241.552001953125, -0.001556
241.581787109375, -0.078162
241.61181640625, 0.075049
241.641845703125, -0.029413
241.671875, 0.047193
241.701904296875, -0.001556
241.73193359375, 0.054157
241.761962890625, -0.015484
241.7919921875, -0.119947
241.82177734375, 0.019336
241.851806640625, 0.123798
241.8818359375, -0.015484
241.911865234375, 0.033265
241.94189453125, 0.033265
241.971923828125, -0.064233
242.001953125, 0.005408
242.031982421875, 0.054157
242.06201171875, -0.057269
242.091796875, 0.088978
242.121826171875, 0.151655
242.15185546875, -0.00852
242.181884765625, 0.005408
242.2119140625, 0.040229
242.241943359375, 0.061121
242.27197265625, -0.029413
242.302001953125, 0.116834
242.331787109375, 0.005408
242.36181640625, 0.263081
242.391845703125, -0.085126
242.421875, 0.012372
242.451904296875, -0.043341
242.48193359375, -0.050305
242.511962890625, 0.075049
242.5419921875, 0.061121
242.57177734375, 0.116834
242.601806640625, 0.012372
242.6318359375, 0.088978
242.661865234375, 0.116834
242.69189453125, -0.036377
242.721923828125, -0.001556
242.751953125, -0.00852
242.781982421875, 0.075049
242.81201171875, 0.054157
242.841796875, 0.040229
242.871826171875, -0.064233
242.90185546875, 0.012372
242.931884765625, 0.033265
242.9619140625, -0.043341
242.991943359375, 0.0263
243.02197265625, -0.029413
243.052001953125, 0.144691
243.081787109375, -0.050305
243.11181640625, 0.012372
243.141845703125, 0.0263
243.171875, -0.029413
243.201904296875, 0.047193
243.23193359375, -0.001556
243.261962890625, -0.001556
243.2919921875, 0.10987
243.322021484375, -0.043341
243.351806640625, 0.047193
243.3818359375, -0.057269
243.411865234375, 0.054157
243.44189453125, 0.123798
243.471923828125, 0.137727
243.501953125, 0.040229
243.531982421875, -0.099054
243.56201171875, -0.015484
243.591796875, 0.075049
243.621826171875, -0.050305
243.65185546875, 0.075049
243.681884765625, -0.140839
243.7119140625, 0.019336
243.741943359375, 0.019336
243.77197265625, -0.106018
243.802001953125, 0.200404
243.83203125, -0.001556
243.86181640625, 0.033265
243.891845703125, 0.116834
243.921875, -0.022449
243.951904296875, 0.102906
243.98193359375, 0.068085
244.011962890625, 0.005408
244.0419921875, -0.043341
244.072021484375, -0.057269
244.101806640625, 0.068085
244.1318359375, 0.019336
244.161865234375, -0.029413
244.19189453125, 0.033265
244.221923828125, -0.022449
244.251953125, -0.057269
244.281982421875, 0.005408
244.31201171875, 0.130762
244.341796875, 0.040229
244.371826171875, -0.022449
244.40185546875, -0.022449
244.431884765625, 0.165583
244.4619140625, -0.21048
244.491943359375, 0.005408
244.52197265625, 0.061121
244.552001953125, -0.099054
244.58203125, 0.005408
244.61181640625, 0.040229
244.641845703125, 0.005408
244.671875, -0.001556
244.701904296875, -0.064233
244.73193359375, -0.09209
244.761962890625, -0.119947
244.7919921875, 0.054157
244.822021484375, -0.029413
244.851806640625, -0.029413
244.8818359375, -0.064233
244.911865234375, 0.144691
244.94189453125, -0.085126
244.971923828125, 0.061121
245.001953125, -0.036377
245.031982421875, -0.147803
245.06201171875, 0.040229
245.092041015625, 0.061121
245.121826171875, -0.043341
245.15185546875, 0.061121
245.181884765625, -0.057269
245.2119140625, 0.019336
245.241943359375, -0.029413
245.27197265625, 0.123798
245.302001953125, -0.022449
245.33203125, 0.005408
245.36181640625, 0.047193
245.391845703125, 0.040229
245.421875, 0.151655
245.451904296875, 0.054157
245.48193359375, 0.047193
245.511962890625, -0.057269
245.5419921875, 0.151655
245.572021484375, 0.019336
245.601806640625, 0.005408
245.6318359375, -0.001556
245.661865234375, 0.130762
245.69189453125, -0.050305
245.721923828125, 0.0263
245.751953125, 0.0263
245.781982421875, 0.214332
245.81201171875, -0.015484
245.842041015625, 0.012372
245.871826171875, 0.061121
245.90185546875, 0.068085
245.931884765625, 0.033265
245.9619140625, 0.10987
245.991943359375, 0.082014
246.02197265625, 0.102906
246.052001953125, -0.029413
246.08203125, -0.085126
246.11181640625, 0.088978
246.141845703125, 0.0263
246.171875, -0.071198
246.201904296875, -0.029413
246.23193359375, 0.019336
246.261962890625, -0.015484
246.2919921875, 0.123798
246.322021484375, -0.106018
246.35205078125, 0.075049
246.3818359375, -0.154767
246.411865234375, -0.036377
246.44189453125, -0.119947
246.471923828125, 0.172547
246.501953125, 0.075049
246.531982421875, 0.19344
246.56201171875, -0.050305
246.592041015625, 0.088978
246.621826171875, 0.075049
246.65185546875, 0.040229
246.681884765625, 0.102906
246.7119140625, 0.033265
246.741943359375, 0.082014
246.77197265625, 0.088978
246.802001953125, 0.0263
246.83203125, -0.147803
246.862060546875, 0.054157
246.891845703125, 0.040229
246.921875, 0.040229
246.951904296875, -0.015484
246.98193359375, -0.029413
247.011962890625, 0.005408
247.0419921875, -0.001556
247.072021484375, 0.005408
247.10205078125, 0.054157
247.1318359375, -0.099054
247.161865234375, -0.057269
247.19189453125, 0.033265
247.221923828125, 0.123798
247.251953125, -0.022449
247.281982421875, 0.095942
247.31201171875, 0.151655
247.342041015625, 0.10987
247.371826171875, 0.019336
247.40185546875, 0.082014
247.431884765625, 0.005408
247.4619140625, 0.088978
247.491943359375, 0.0263
247.52197265625, 0.165583
247.552001953125, -0.029413
247.58203125, -0.029413
247.612060546875, 0.095942
247.641845703125, 0.095942
247.671875, 0.0263
247.701904296875, -0.001556
247.73193359375, 0.040229
247.761962890625, 0.033265
247.7919921875, 0.0263
247.822021484375, -0.022449
247.85205078125, -0.133875
247.8818359375, 0.088978
247.911865234375, 0.102906
247.94189453125, -0.022449
247.971923828125, 0.130762
248.001953125, 0.0263
248.031982421875, 0.0263
248.06201171875, 0.033265
248.092041015625, 0.040229
248.1220703125, 0.095942
248.15185546875, 0.054157
248.181884765625, 0.047193
248.2119140625, 0.116834
248.241943359375, -0.085126
248.27197265625, -0.043341
248.302001953125, 0.005408
248.33203125, -0.119947
248.362060546875, 0.082014
248.391845703125, -0.022449
248.421875, 0.040229
248.451904296875, 0.165583
248.48193359375, -0.050305
248.511962890625, -0.09209
248.5419921875, -0.064233
248.572021484375, 0.102906
248.60205078125, -0.015484
248.6318359375, -0.050305
248.661865234375, 0.088978
248.69189453125, 0.0263
248.721923828125, -0.043341
248.751953125, 0.068085
248.781982421875, -0.119947
248.81201171875, 0.075049
248.842041015625, 0.005408
248.8720703125, 0.137727
248.90185546875, 0.054157
248.931884765625, 0.033265
248.9619140625, 0.054157
248.991943359375, 0.019336
249.02197265625, 0.019336
249.052001953125, -0.00852
249.08203125, 0.10987
249.112060546875, 0.033265
249.141845703125, -0.078162
249.171875, -0.09209
249.201904296875, 0.040229
249.23193359375, 0.019336
249.261962890625, 0.054157
249.2919921875, 0.040229
249.322021484375, -0.071198
249.35205078125, 0.200404
249.382080078125, 0.005408
249.411865234375, 0.095942
249.44189453125, -0.085126
249.471923828125, 0.095942
249.501953125, -0.112982
249.531982421875, -0.071198
249.56201171875, -0.099054
249.592041015625, 0.040229
249.6220703125, 0.158619
249.65185546875, 0.088978
249.681884765625, 0.0263
249.7119140625, 0.0263
249.741943359375, 0.068085
249.77197265625, 0.130762
249.802001953125, 0.068085
249.83203125, -0.00852
249.862060546875, 0.075049
249.89208984375, 0.040229
249.921875, -0.057269
249.951904296875, -0.057269
249.98193359375, -0.00852
250.011962890625, 0.040229
250.0419921875, -0.00852
250.072021484375, -0.057269
250.10205078125, -0.001556
250.132080078125, -0.119947
250.161865234375, -0.015484
250.19189453125, 0.047193
250.221923828125, -0.001556
250.251953125, 0.061121
250.281982421875, 0.019336
250.31201171875, -0.001556
250.342041015625, 0.102906
250.3720703125, -0.112982
250.40185546875, 0.123798
250.431884765625, -0.043341
250.4619140625, 0.040229
250.491943359375, -0.043341
250.52197265625, 0.040229
250.552001953125, 0.012372
250.58203125, -0.106018
250.612060546875, 0.088978
250.64208984375, 0.10987
250.671875, 0.095942
250.701904296875, 0.068085
250.73193359375, 0.005408
250.761962890625, -0.022449
250.7919921875, -0.043341
250.822021484375, 0.116834
250.85205078125, -0.001556
250.882080078125, -0.00852
250.911865234375, 0.116834
250.94189453125, 0.040229
250.971923828125, 0.116834
251.001953125, -0.036377
251.031982421875, 0.068085
251.06201171875, 0.012372
251.092041015625, 0.0263
251.1220703125, 0.075049
251.152099609375, 0.005408
251.181884765625, -0.050305
251.2119140625, 0.054157
251.241943359375, 0.172547
251.27197265625, 0.019336
251.302001953125, -0.050305
251.33203125, -0.057269
251.362060546875, 0.075049
251.39208984375, 0.047193
251.421875, -0.022449
251.451904296875, 0.005408
251.48193359375, 0.082014
251.511962890625, -0.099054
251.5419921875, -0.00852
251.572021484375, -0.112982
251.60205078125, -0.085126
251.632080078125, -0.147803
251.662109375, -0.00852
251.69189453125, 0.130762
251.721923828125, -0.00852
251.751953125, 0.095942
251.781982421875, 0.054157
251.81201171875, -0.043341
251.842041015625, -0.015484
251.8720703125, 0.123798
251.902099609375, 0.130762
251.931884765625, 0.130762
251.9619140625, 0.075049
251.991943359375, 0.151655
252.02197265625, 0.082014
252.052001953125, -0.043341
252.08203125, -0.057269
252.112060546875, -0.015484
252.14208984375, -0.00852
252.171875, -0.015484
252.201904296875, -0.071198
252.23193359375, -0.085126
252.261962890625, -0.001556
252.2919921875, 0.088978
252.322021484375, 0.054157
252.35205078125, -0.106018
252.382080078125, 0.116834
252.412109375, 0.235225
252.44189453125, 0.005408
252.471923828125, 0.019336
252.501953125, 0.123798
252.531982421875, -0.001556
252.56201171875, 0.075049
252.592041015625, 0.040229
252.6220703125, -0.085126
252.652099609375, -0.001556
252.681884765625, 0.012372
252.7119140625, -0.133875
252.741943359375, 0.123798
252.77197265625, -0.224409
252.802001953125, 0.005408
252.83203125, 0.075049
252.862060546875, -0.09209
252.89208984375, 0.019336
252.922119140625, 0.040229
252.951904296875, -0.064233
252.98193359375, -0.050305
253.011962890625, 0.179511
253.0419921875, 0.033265
253.072021484375, -0.00852
253.10205078125, 0.061121
253.132080078125, -0.043341
253.162109375, 0.033265
253.19189453125, 0.047193
253.221923828125, 0.123798
253.251953125, 0.130762
253.281982421875, -0.057269
253.31201171875, -0.001556
253.342041015625, 0.054157
253.3720703125, 0.102906
253.402099609375, 0.102906
253.431884765625, 0.061121
253.4619140625, -0.00852
253.491943359375, -0.071198
253.52197265625, 0.068085
253.552001953125, 0.165583
253.58203125, -0.00852
253.612060546875, 0.0263
253.64208984375, 0.137727
253.672119140625, -0.043341
253.701904296875, 0.012372
253.73193359375, 0.068085
253.761962890625, 0.061121
253.7919921875, 0.019336
253.822021484375, 0.144691
253.85205078125, 0.005408
253.882080078125, 0.061121
253.912109375, 0.123798
253.94189453125, -0.050305
253.971923828125, 0.047193
254.001953125, 0.151655
254.031982421875, 0.068085
254.06201171875, 0.068085
254.092041015625, 0.082014
254.1220703125, -0.022449
254.152099609375, 0.165583
254.18212890625, 0.054157
254.2119140625, 0.130762
254.241943359375, 0.012372
254.27197265625, 0.10987
254.302001953125, 0.144691
254.33203125, 0.088978
254.362060546875, 0.082014
254.39208984375, 0.040229
254.422119140625, 0.061121
254.451904296875, 0.0263
254.48193359375, 0.075049
254.511962890625, 0.137727
254.5419921875, 0.054157
254.572021484375, 0.19344
254.60205078125, 0.151655
254.632080078125, 0.116834
254.662109375, -0.029413
254.692138671875, 0.186476
254.721923828125, 0.082014
254.751953125, -0.071198
254.781982421875, -0.029413
254.81201171875, 0.088978
254.842041015625, 0.040229
254.8720703125, -0.043341
254.902099609375, 0.082014
254.93212890625, -0.029413
254.9619140625, -0.106018
254.991943359375, -0.001556
255.02197265625, -0.085126
255.052001953125, -0.029413
255.08203125, 0.082014
255.112060546875, 0.012372
255.14208984375, 0.047193
255.172119140625, -0.022449
255.201904296875, 0.019336
255.23193359375, -0.015484
255.261962890625, -0.057269
255.2919921875, -0.043341
255.322021484375, -0.126911
255.35205078125, -0.00852
255.382080078125, -0.064233
255.412109375, 0.0263
255.442138671875, 0.0263
255.471923828125, -0.078162
255.501953125, -0.064233
255.531982421875, 0.130762
255.56201171875, 0.130762
255.592041015625, 0.068085
255.6220703125, 0.061121
255.652099609375, 0.095942
255.68212890625, 0.123798
255.7119140625, 0.054157
255.741943359375, 0.040229
255.77197265625, 0.054157
255.802001953125, 0.179511
255.83203125, 0.095942
255.862060546875, 0.130762
255.89208984375, -0.071198
255.922119140625, -0.022449
255.9521484375, 0.040229
255.98193359375, 0.005408
256.011962890625, -0.029413
256.0419921875, 0.019336
256.072021484375, 0.019336
256.10205078125, 0.068085
256.132080078125, 0.040229
256.162109375, -0.071198
256.192138671875, -0.029413
256.221923828125, 0.061121
256.251953125, 0.005408
256.281982421875, 0.061121
256.31201171875, 0.088978
256.342041015625, 0.061121
256.3720703125, -0.057269
256.402099609375, 0.054157
256.43212890625, -0.001556
256.4619140625, -0.001556
256.491943359375, 0.068085
256.52197265625, 0.005408
256.552001953125, 0.095942
256.58203125, 0.075049
256.612060546875, 0.005408
256.64208984375, 0.068085
256.672119140625, 0.040229
256.7021484375, -0.022449
256.73193359375, 0.102906
256.761962890625, 0.012372
256.7919921875, 0.095942
256.822021484375, 0.102906
256.85205078125, 0.012372
256.882080078125, 0.054157
256.912109375, 0.068085
256.942138671875, 0.054157
256.971923828125, 0.068085
257.001953125, 0.061121
257.031982421875, -0.00852
257.06201171875, 0.033265
257.092041015625, 0.137727
257.1220703125, 0.019336
257.152099609375, 0.130762
257.18212890625, -0.036377
257.212158203125, -0.154767
257.241943359375, 0.0263
257.27197265625, 0.033265
257.302001953125, -0.036377
257.33203125, -0.022449
257.362060546875, -0.00852
257.39208984375, 0.082014
257.422119140625, -0.09209
257.4521484375, 0.088978
257.48193359375, -0.085126
257.511962890625, 0.123798
257.5419921875, 0.102906
257.572021484375, 0.088978
257.60205078125, -0.064233
257.632080078125, 0.061121
257.662109375, 0.047193
257.692138671875, 0.075049
257.72216796875, 0.012372
257.751953125, -0.022449
257.781982421875, -0.036377
257.81201171875, -0.119947
257.842041015625, 0.151655
257.8720703125, 0.082014
257.902099609375, -0.015484
257.93212890625, -0.022449
257.962158203125, 0.040229
257.991943359375, 0.0263
258.02197265625, 0.061121
258.052001953125, 0.130762
258.08203125, -0.015484
258.112060546875, -0.015484
258.14208984375, 0.082014
258.172119140625, -0.043341
258.2021484375, -0.001556
258.23193359375, 0.012372
258.261962890625, 0.116834
258.2919921875, -0.057269
258.322021484375, 0.012372
258.35205078125, 0.144691
258.382080078125, 0.137727
258.412109375, 0.054157
258.442138671875, 0.054157
258.47216796875, -0.029413
258.501953125, 0.033265
258.531982421875, 0.061121
258.56201171875, 0.088978
258.592041015625, 0.033265
258.6220703125, -0.00852
258.652099609375, 0.033265
258.68212890625, 0.102906
258.712158203125, 0.095942
258.741943359375, 0.0263
258.77197265625, 0.019336
258.802001953125, 0.047193
258.83203125, 0.0263
258.862060546875, -0.015484
258.89208984375, 0.040229
258.922119140625, -0.015484
258.9521484375, 0.082014
258.982177734375, 0.0263
259.011962890625, -0.022449
259.0419921875, 0.061121
259.072021484375, -0.057269
259.10205078125, 0.061121
259.132080078125, 0.0263
259.162109375, 0.012372
259.192138671875, 0.144691
259.22216796875, 0.054157
259.251953125, 0.137727
259.281982421875, -0.043341
259.31201171875, 0.075049
259.342041015625, 0.061121
259.3720703125, 0.144691
259.402099609375, -0.00852
259.43212890625, -0.09209
259.462158203125, 0.068085
259.4921875, 0.054157
259.52197265625, 0.116834
259.552001953125, 0.033265
259.58203125, 0.0263
259.612060546875, -0.078162
259.64208984375, -0.022449
259.672119140625, 0.095942
259.7021484375, -0.071198
259.732177734375, 0.012372
259.761962890625, -0.050305
259.7919921875, 0.005408
259.822021484375, 0.088978
259.85205078125, -0.133875
259.882080078125, 0.033265
259.912109375, -0.015484
259.942138671875, 0.005408
259.97216796875, -0.001556
260.001953125, -0.00852
260.031982421875, 0.012372
260.06201171875, 0.012372
260.092041015625, 0.095942
260.1220703125, 0.088978
260.152099609375, -0.001556
260.18212890625, -0.001556
260.212158203125, 0.019336
260.2421875, 0.054157
260.27197265625, -0.001556
260.302001953125, 0.047193
260.33203125, 0.075049
260.362060546875, -0.09209
260.39208984375, 0.033265
260.422119140625, -0.057269
260.4521484375, -0.050305
260.482177734375, 0.095942
260.511962890625, -0.022449
260.5419921875, 0.088978
260.572021484375, 0.123798
260.60205078125, 0.095942
260.632080078125, 0.040229
260.662109375, -0.09209
260.692138671875, 0.095942
260.72216796875, 0.019336
260.752197265625, -0.022449
260.781982421875, 0.082014
260.81201171875, -0.043341
260.842041015625, -0.015484
260.8720703125, 0.033265
260.902099609375, -0.022449
260.93212890625, 0.040229
260.962158203125, 0.095942
260.9921875, -0.043341
261.02197265625, 0.0263
261.052001953125, 0.068085
261.08203125, -0.064233
261.112060546875, 0.047193
261.14208984375, -0.085126
261.172119140625, 0.047193
261.2021484375, -0.064233
261.232177734375, 0.047193
261.261962890625, 0.095942
261.2919921875, -0.078162
261.322021484375, -0.015484
261.35205078125, -0.015484
261.382080078125, 0.0263
261.412109375, 0.144691
261.442138671875, 0.137727
261.47216796875, 0.047193
261.502197265625, -0.029413
261.531982421875, -0.015484
261.56201171875, 0.068085
261.592041015625, 0.019336
261.6220703125, -0.022449
261.652099609375, -0.09209
261.68212890625, 0.033265
261.712158203125, 0.068085
261.7421875, 0.005408
261.77197265625, -0.00852
261.802001953125, 0.290938
261.83203125, -0.001556
261.862060546875, 0.012372
261.89208984375, 0.061121
261.922119140625, 0.047193
261.9521484375, 0.0263
261.982177734375, 0.095942
262.01220703125, 0.012372
262.0419921875, 0.137727
262.072021484375, 0.012372
262.10205078125, -0.09209
262.132080078125, -0.064233
262.162109375, 0.061121
262.192138671875, 0.047193
262.22216796875, -0.078162
262.252197265625, 0.082014
262.281982421875, 0.054157
262.31201171875, -0.064233
262.342041015625, -0.00852
262.3720703125, 0.0263
262.402099609375, 0.172547
262.43212890625, 0.249153
262.462158203125, 0.0263
262.4921875, -0.001556
262.522216796875, -0.043341
262.552001953125, -0.043341
262.58203125, -0.00852
262.612060546875, 0.075049
262.64208984375, 0.082014
262.672119140625, -0.001556
262.7021484375, -0.015484
262.732177734375, 0.054157
262.76220703125, -0.071198
262.7919921875, 0.123798
262.822021484375, 0.047193
262.85205078125, 0.095942
262.882080078125, 0.061121
262.912109375, -0.050305
262.942138671875, 0.0263
262.97216796875, -0.036377
263.002197265625, -0.106018
263.031982421875, 0.102906
263.06201171875, 0.116834
263.092041015625, 0.005408
263.1220703125, 0.068085
263.152099609375, -0.112982
263.18212890625, -0.085126
263.212158203125, 0.033265
263.2421875, 0.068085
263.272216796875, 0.088978
263.302001953125, 0.144691
263.33203125, -0.00852
263.362060546875, 0.0263
263.39208984375, 0.0263
263.422119140625, 0.054157
263.4521484375, -0.064233
263.482177734375, 0.012372
263.51220703125, -0.099054
263.5419921875, -0.00852
263.572021484375, 0.061121
263.60205078125, -0.022449
263.632080078125, 0.116834
263.662109375, 0.082014
263.692138671875, 0.061121
263.72216796875, 0.088978
263.752197265625, 0.019336
263.7822265625, 0.012372
263.81201171875, -0.189588
263.842041015625, 0.047193
263.8720703125, -0.050305
263.902099609375, -0.043341
263.93212890625, -0.071198
263.962158203125, 0.054157
263.9921875, -0.119947
264.022216796875, 0.116834
264.052001953125, -0.09209
264.08203125, 0.095942
264.112060546875, 0.019336
264.14208984375, -0.022449
264.172119140625, 0.061121
264.2021484375, 0.10987
264.232177734375, 0.040229
264.26220703125, -0.029413
264.2919921875, 0.082014
264.322021484375, 0.061121
264.35205078125, -0.022449
264.382080078125, 0.102906
264.412109375, -0.057269
264.442138671875, 0.019336
264.47216796875, 0.082014
264.502197265625, -0.036377
264.5322265625, -0.00852
264.56201171875, -0.064233
264.592041015625, 0.158619
264.6220703125, 0.123798
264.652099609375, -0.050305
264.68212890625, 0.082014
264.712158203125, -0.022449
264.7421875, 0.054157
264.772216796875, 0.0263
264.802001953125, 0.061121
264.83203125, 0.005408
264.862060546875, 0.088978
264.89208984375, 0.082014
264.922119140625, -0.064233
264.9521484375, 0.012372
264.982177734375, -0.00852
265.01220703125, 0.033265
265.042236328125, 0.061121
265.072021484375, -0.001556
265.10205078125, 0.116834
265.132080078125, 0.012372
265.162109375, 0.040229
265.192138671875, 0.179511
265.22216796875, -0.043341
265.252197265625, -0.001556
265.2822265625, -0.078162
265.31201171875, -0.112982
265.342041015625, 0.130762
265.3720703125, 0.033265
265.402099609375, 0.061121
265.43212890625, 0.054157
265.462158203125, 0.082014
265.4921875, 0.054157
265.522216796875, -0.071198
265.55224609375, -0.00852
265.58203125, 0.082014
265.612060546875, -0.029413
265.64208984375, 0.054157
265.672119140625, 0.054157
265.7021484375, -0.022449
265.732177734375, -0.057269
265.76220703125, 0.068085
265.792236328125, 0.054157
265.822021484375, 0.0263
265.85205078125, 0.088978
265.882080078125, 0.116834
265.912109375, 0.095942
265.942138671875, 0.068085
265.97216796875, 0.0263
266.002197265625, 0.102906
266.0322265625, 0.075049
266.06201171875, 0.061121
266.092041015625, -0.001556
266.1220703125, -0.001556
266.152099609375, 0.012372
266.18212890625, -0.001556
266.212158203125, -0.140839
266.2421875, -0.015484
266.272216796875, 0.040229
266.30224609375, 0.19344
266.33203125, -0.015484
266.362060546875, -0.00852
266.39208984375, 0.033265
266.422119140625, -0.001556
266.4521484375, 0.054157
266.482177734375, -0.043341
266.51220703125, 0.040229
266.542236328125, -0.078162
266.572021484375, 0.061121
266.60205078125, -0.022449
266.632080078125, 0.144691
266.662109375, -0.022449
266.692138671875, -0.064233
266.72216796875, 0.075049
266.752197265625, 0.151655
266.7822265625, 0.068085
266.812255859375, 0.0263
266.842041015625, -0.029413
266.8720703125, -0.001556
266.902099609375, -0.015484
266.93212890625, -0.112982
266.962158203125, -0.022449
266.9921875, 0.263081
267.022216796875, 0.005408
267.05224609375, 0.214332
267.08203125, -0.036377
267.112060546875, 0.0263
267.14208984375, 0.144691
267.172119140625, -0.119947
267.2021484375, 0.172547
267.232177734375, 0.130762
267.26220703125, -0.043341
267.292236328125, 0.075049
267.322265625, 0.054157
267.35205078125, 0.033265
267.382080078125, 0.054157
267.412109375, 0.082014
267.442138671875, -0.043341
267.47216796875, 0.047193
267.502197265625, 0.144691
267.5322265625, 0.130762
267.562255859375, -0.029413
267.592041015625, -0.022449
267.6220703125, 0.061121
267.652099609375, 0.075049
267.68212890625, 0.005408
267.712158203125, -0.050305
267.7421875, 0.054157
267.772216796875, 0.040229
267.80224609375, -0.147803
267.83203125, -0.057269
267.862060546875, -0.029413
267.89208984375, -0.099054
267.922119140625, 0.075049
267.9521484375, -0.133875
267.982177734375, 0.047193
268.01220703125, 0.0263
268.042236328125, 0.033265
268.072265625, 0.040229
268.10205078125, 0.165583
268.132080078125, 0.068085
268.162109375, -0.029413
268.192138671875, 0.082014
268.22216796875, 0.075049
268.252197265625, 0.10987
268.2822265625, -0.043341
268.312255859375, 0.130762
268.342041015625, 0.082014
268.3720703125, 0.082014
268.402099609375, 0.10987
268.43212890625, -0.078162
268.462158203125, 0.0263
268.4921875, -0.029413
268.522216796875, 0.200404
268.55224609375, 0.179511
268.582275390625, 0.047193
268.612060546875, -0.043341
268.64208984375, -0.015484
268.672119140625, 0.047193
268.7021484375, 0.10987
268.732177734375, 0.116834
268.76220703125, -0.071198
268.792236328125, 0.10987
268.822265625, 0.123798
268.85205078125, 0.040229
268.882080078125, -0.00852
268.912109375, 0.10987
268.942138671875, -0.036377
268.97216796875, 0.082014
269.002197265625, -0.064233
269.0322265625, -0.036377
269.062255859375, -0.029413
269.092041015625, 0.123798
269.1220703125, 0.0263
269.152099609375, 0.095942
269.18212890625, -0.126911
269.212158203125, 0.047193
269.2421875, 0.012372
269.272216796875, -0.119947
269.30224609375, 0.151655
269.332275390625, -0.036377
269.362060546875, -0.071198
269.39208984375, 0.033265
269.422119140625, -0.001556
269.4521484375, 0.207368
269.482177734375, 0.061121
269.51220703125, 0.130762
269.542236328125, -0.00852
269.572265625, 0.123798
269.60205078125, 0.012372
269.632080078125, 0.102906
269.662109375, -0.015484
269.692138671875, -0.071198
269.72216796875, -0.064233
269.752197265625, -0.099054
269.7822265625, -0.001556
269.812255859375, 0.082014
269.84228515625, -0.057269
269.8720703125, 0.019336
269.902099609375, 0.061121
269.93212890625, 0.0263
269.962158203125, 0.005408
269.9921875, 0.082014
270.022216796875, -0.126911
270.05224609375, -0.015484
270.082275390625, -0.036377
270.112060546875, -0.001556
270.14208984375, 0.137727
270.172119140625, 0.158619
270.2021484375, 0.116834
270.232177734375, 0.0263
270.26220703125, 0.088978
270.292236328125, 0.075049
270.322265625, -0.022449
270.352294921875, 0.088978
270.382080078125, -0.071198
270.412109375, 0.116834
270.442138671875, 0.123798
270.47216796875, -0.126911
270.502197265625, 0.012372
270.5322265625, 0.005408
270.562255859375, 0.082014
270.59228515625, -0.00852
270.6220703125, 0.012372
270.652099609375, 0.005408
270.68212890625, -0.078162
270.712158203125, -0.00852
270.7421875, -0.022449
270.772216796875, 0.082014
270.80224609375, 0.0263
270.832275390625, 0.005408
270.862060546875, 0.172547
270.89208984375, -0.085126
270.922119140625, 0.0263
270.9521484375, -0.050305
270.982177734375, -0.099054
271.01220703125, 0.019336
271.042236328125, 0.054157
271.072265625, 0.075049
271.102294921875, 0.19344
271.132080078125, 0.137727
271.162109375, 0.130762
271.192138671875, 0.10987
271.22216796875, 0.068085
271.252197265625, -0.001556
271.2822265625, -0.036377
271.312255859375, 0.054157
271.34228515625, -0.09209
271.3720703125, 0.012372
271.402099609375, 0.012372
271.43212890625, -0.071198
271.462158203125, 0.047193
271.4921875, 0.033265
271.522216796875, 0.144691
271.55224609375, 0.214332
271.582275390625, -0.071198
271.6123046875, 0.075049
271.64208984375, 0.144691
271.672119140625, -0.09209
271.7021484375, -0.015484
271.732177734375, 0.068085
271.76220703125, 0.005408
271.792236328125, -0.099054
271.822265625, 0.054157
271.852294921875, 0.179511
271.882080078125, -0.001556
271.912109375, -0.001556
271.942138671875, -0.099054
271.97216796875, -0.133875
272.002197265625, -0.071198
272.0322265625, -0.015484
272.062255859375, 0.005408
272.09228515625, -0.001556
272.122314453125, -0.001556
272.152099609375, -0.015484
272.18212890625, 0.116834
272.212158203125, 0.054157
272.2421875, -0.064233
272.272216796875, 0.22826
272.30224609375, 0.033265
272.332275390625, -0.154767
272.3623046875, -0.085126
272.39208984375, -0.00852
272.422119140625, 0.005408
272.4521484375, 0.061121
272.482177734375, 0.130762
272.51220703125, -0.126911
272.542236328125, 0.137727
272.572265625, 0.088978
272.602294921875, -0.057269
272.632080078125, -0.057269
272.662109375, -0.029413
272.692138671875, -0.029413
272.72216796875, 0.033265
272.752197265625, -0.071198
272.7822265625, -0.078162
272.812255859375, 0.061121
272.84228515625, -0.001556
272.872314453125, 0.012372
272.902099609375, 0.047193
272.93212890625, -0.029413
272.962158203125, -0.085126
272.9921875, 0.054157
273.022216796875, -0.001556
273.05224609375, 0.144691
273.082275390625, 0.116834
273.1123046875, -0.071198
273.14208984375, 0.005408
273.172119140625, 0.19344
273.2021484375, -0.078162
273.232177734375, 0.040229
273.26220703125, 0.221296
273.292236328125, -0.085126
273.322265625, 0.040229
273.352294921875, 0.088978
273.38232421875, 0.082014
273.412109375, 0.075049
273.442138671875, -0.099054
273.47216796875, 0.012372
273.502197265625, 0.040229
273.5322265625, 0.075049
273.562255859375, 0.019336
273.59228515625, 0.040229
273.622314453125, 0.158619
273.652099609375, -0.001556
273.68212890625, -0.00852
273.712158203125, 0.082014
273.7421875, 0.082014
273.772216796875, -0.00852
273.80224609375, 0.075049
273.832275390625, 0.061121
273.8623046875, -0.126911
273.89208984375, -0.036377
273.922119140625, 0.068085
273.9521484375, 0.012372
273.982177734375, 0.123798
274.01220703125, 0.0263
274.042236328125, 0.033265
274.072265625, -0.057269
274.102294921875, 0.033265
274.13232421875, -0.001556
274.162109375, 0.005408
274.192138671875, 0.123798
274.22216796875, 0.151655
274.252197265625, 0.054157
274.2822265625, 0.068085
274.312255859375, 0.088978
274.34228515625, 0.040229
274.372314453125, 0.033265
274.402099609375, -0.036377
274.43212890625, 0.068085
274.462158203125, -0.022449
274.4921875, 0.068085
274.522216796875, 0.116834
274.55224609375, 0.033265
274.582275390625, -0.085126
274.6123046875, 0.144691
274.642333984375, -0.029413
274.672119140625, 0.116834
274.7021484375, -0.099054
274.732177734375, 0.137727
274.76220703125, -0.050305
274.792236328125, -0.015484
274.822265625, -0.022449
274.852294921875, 0.005408
274.88232421875, 0.068085
274.912109375, 0.0263
274.942138671875, 0.033265
274.97216796875, -0.071198
275.002197265625, 0.075049
275.0322265625, 0.116834
275.062255859375, -0.050305
275.09228515625, 0.082014
275.122314453125, 0.040229
275.15234375, 0.061121
275.18212890625, 0.082014
275.212158203125, 0.075049
275.2421875, 0.012372
275.272216796875, 0.123798
275.30224609375, 0.0263
275.332275390625, -0.036377
275.3623046875, 0.0263
275.392333984375, 0.033265
275.422119140625, -0.029413
275.4521484375, 0.040229
275.482177734375, 0.123798
275.51220703125, -0.029413
275.542236328125, 0.235225
275.572265625, -0.001556
275.602294921875, -0.001556
275.63232421875, 0.068085
275.662109375, 0.123798
275.692138671875, 0.033265
275.72216796875, 0.0263
275.752197265625, 0.179511
275.7822265625, 0.019336
275.812255859375, 0.054157
275.84228515625, 0.012372
275.872314453125, 0.040229
275.90234375, -0.126911
275.93212890625, 0.005408
275.962158203125, 0.082014
275.9921875, 0.061121
276.022216796875, -0.043341
276.05224609375, 0.179511
276.082275390625, 0.047193
276.1123046875, 0.095942
276.142333984375, -0.015484
276.172119140625, -0.106018
276.2021484375, -0.050305
276.232177734375, -0.064233
276.26220703125, 0.0263
276.292236328125, 0.040229
276.322265625, 0.151655
276.352294921875, 0.068085
276.38232421875, -0.022449
276.412353515625, 0.068085
276.442138671875, -0.029413
276.47216796875, -0.078162
276.502197265625, 0.130762
276.5322265625, 0.151655
276.562255859375, -0.00852
276.59228515625, -0.001556
276.622314453125, 0.095942
276.65234375, -0.050305
276.68212890625, 0.116834
276.712158203125, 0.123798
276.7421875, 0.033265
276.772216796875, -0.043341
276.80224609375, 0.012372
276.832275390625, -0.001556
276.8623046875, -0.050305
276.892333984375, -0.050305
276.922119140625, 0.054157
276.9521484375, 0.040229
276.982177734375, -0.00852
277.01220703125, -0.112982
277.042236328125, 0.123798
277.072265625, -0.029413
277.102294921875, -0.001556
277.13232421875, -0.029413
277.162353515625, 0.068085
277.192138671875, 0.047193
277.22216796875, 0.158619
277.252197265625, 0.005408
277.2822265625, -0.064233
277.312255859375, -0.001556
277.34228515625, 0.095942
277.372314453125, -0.043341
277.40234375, 0.137727
277.43212890625, -0.022449
277.462158203125, 0.095942
277.4921875, -0.036377
277.522216796875, 0.158619
277.55224609375, 0.005408
277.582275390625, 0.19344
277.6123046875, -0.112982
277.642333984375, 0.019336
277.67236328125, 0.005408
277.7021484375, 0.102906
277.732177734375, -0.085126
277.76220703125, 0.0263
277.792236328125, -0.00852
277.822265625, 0.075049
277.852294921875, 0.088978
277.88232421875, -0.043341
277.912353515625, 0.0263
277.942138671875, -0.119947
277.97216796875, -0.001556
278.002197265625, 0.0263
278.0322265625, -0.119947
278.062255859375, 0.082014
278.09228515625, 0.095942
278.122314453125, 0.088978
278.15234375, 0.0263
278.182373046875, 0.082014
278.212158203125, -0.00852
278.2421875, 0.061121
278.272216796875, 0.061121
278.30224609375, -0.00852
278.332275390625, 0.040229
278.3623046875, -0.036377
278.392333984375, 0.040229
278.42236328125, -0.00852
278.4521484375, -0.036377
278.482177734375, -0.119947
278.51220703125, -0.00852
278.542236328125, 0.151655
278.572265625, -0.064233
278.602294921875, -0.015484
278.63232421875, -0.036377
278.662353515625, 0.0263
278.692138671875, 0.075049
278.72216796875, -0.036377
278.752197265625, 0.054157
278.7822265625, -0.078162
278.812255859375, -0.196552
278.84228515625, 0.040229
278.872314453125, 0.095942
278.90234375, 0.054157
278.932373046875, 0.0263
278.962158203125, 0.082014
278.9921875, 0.102906
279.022216796875, 0.165583
279.05224609375, 0.088978
279.082275390625, 0.054157
279.1123046875, 0.054157
279.142333984375, 0.033265
279.17236328125, 0.019336
279.2021484375, -0.029413
279.232177734375, 0.005408
279.26220703125, 0.075049
279.292236328125, -0.071198
279.322265625, -0.126911
279.352294921875, 0.047193
279.38232421875, 0.033265
279.412353515625, 0.10987
279.4423828125, -0.015484
279.47216796875, 0.10987
279.502197265625, 0.061121
279.5322265625, 0.019336
279.562255859375, 0.012372
279.59228515625, 0.005408
279.622314453125, 0.012372
279.65234375, 0.075049
279.682373046875, 0.061121
279.712158203125, 0.068085
279.7421875, 0.054157
279.772216796875, 0.116834
279.80224609375, 0.047193
279.832275390625, 0.068085
279.8623046875, 0.151655
279.892333984375, 0.0263
279.92236328125, 0.19344
279.952392578125, 0.061121
279.982177734375, 0.061121
280.01220703125, -0.036377
280.042236328125, 0.068085
280.072265625, 0.005408
280.102294921875, -0.015484
280.13232421875, -0.029413
280.162353515625, 0.088978
280.1923828125, 0.165583
280.22216796875, -0.001556
280.252197265625, 0.088978
280.2822265625, 0.0263
280.312255859375, 0.0263
280.34228515625, 0.144691
280.372314453125, 0.095942
280.40234375, 0.082014
280.432373046875, -0.036377
280.462158203125, -0.064233
280.4921875, 0.019336
280.522216796875, -0.043341
280.55224609375, -0.001556
280.582275390625, 0.040229
280.6123046875, -0.043341
280.642333984375, -0.029413
280.67236328125, 0.137727
280.702392578125, -0.064233
280.732177734375, -0.043341
280.76220703125, 0.019336
280.792236328125, 0.068085
280.822265625, 0.012372
280.852294921875, -0.057269
280.88232421875, 0.012372
280.912353515625, -0.050305
280.9423828125, -0.050305
280.97216796875, 0.012372
281.002197265625, 0.10987
281.0322265625, -0.022449
281.062255859375, -0.057269
281.09228515625, -0.126911
281.122314453125, 0.068085
281.15234375, 0.095942
281.182373046875, 0.005408
281.21240234375, -0.106018
281.2421875, 0.123798
281.272216796875, 0.179511
281.30224609375, 0.040229
281.332275390625, 0.061121
281.3623046875, 0.054157
281.392333984375, 0.179511
281.42236328125, 0.102906
281.452392578125, 0.005408
281.482177734375, 0.019336
281.51220703125, 0.158619
281.542236328125, -0.001556
281.572265625, 0.068085
281.602294921875, -0.043341
281.63232421875, 0.019336
281.662353515625, -0.022449
281.6923828125, 0.221296
281.72216796875, -0.029413
281.752197265625, 0.172547
281.7822265625, 0.082014
281.812255859375, 0.033265
281.84228515625, 0.012372
281.872314453125, -0.015484
281.90234375, -0.001556
281.932373046875, 0.061121
281.96240234375, 0.040229
281.9921875, 0.130762
282.022216796875, -0.001556
282.05224609375, 0.0263
282.082275390625, -0.015484
282.1123046875, 0.116834
282.142333984375, 0.047193
282.17236328125, -0.057269
282.202392578125, 0.047193
282.232177734375, 0.144691
282.26220703125, 0.088978
282.292236328125, 0.040229
282.322265625, 0.040229
282.352294921875, 0.179511
282.38232421875, 0.033265
282.412353515625, -0.015484
282.4423828125, -0.00852
282.472412109375, 0.075049
282.502197265625, -0.043341
282.5322265625, 0.172547
282.562255859375, 0.151655
282.59228515625, 0.082014
282.622314453125, -0.085126
282.65234375, 0.102906
282.682373046875, 0.040229
282.71240234375, 0.088978
282.7421875, -0.015484
282.772216796875, -0.050305
282.80224609375, 0.10987
282.832275390625, 0.019336
282.8623046875, 0.040229
282.892333984375, -0.133875
282.92236328125, -0.015484
282.952392578125, 0.061121
282.982421875, 0.005408
283.01220703125, -0.00852
283.042236328125, 0.005408
283.072265625, -0.057269
283.102294921875, 0.061121
283.13232421875, -0.001556
283.162353515625, 0.033265
283.1923828125, 0.075049
283.222412109375, -0.029413
283.252197265625, -0.09209
283.2822265625, 0.19344
283.312255859375, 0.214332
283.34228515625, 0.033265
283.372314453125, 0.012372
283.40234375, 0.10987
283.432373046875, 0.075049
283.46240234375, 0.075049
283.4921875, 0.054157
283.522216796875, -0.133875
283.55224609375, -0.126911
283.582275390625, -0.001556
283.6123046875, 0.144691
283.642333984375, 0.005408
283.67236328125, 0.019336
283.702392578125, -0.071198
283.732421875, -0.050305
283.76220703125, 0.019336
283.792236328125, 0.061121
283.822265625, -0.015484
283.852294921875, -0.001556
283.88232421875, -0.00852
283.912353515625, 0.0263
283.9423828125, 0.082014
283.972412109375, 0.061121
284.002197265625, -0.029413
284.0322265625, 0.200404
284.062255859375, 0.005408
284.09228515625, 0.102906
284.122314453125, 0.033265
284.15234375, 0.165583
284.182373046875, 0.047193
284.21240234375, 0.005408
284.242431640625, 0.082014
284.272216796875, 0.061121
284.30224609375, 0.088978
284.332275390625, 0.068085
284.3623046875, 0.095942
284.392333984375, 0.102906
284.42236328125, -0.133875
284.452392578125, -0.050305
284.482421875, -0.085126
284.51220703125, -0.001556
284.542236328125, -0.078162
284.572265625, 0.082014
284.602294921875, 0.005408
284.63232421875, 0.040229
284.662353515625, 0.005408
284.6923828125, 0.186476
284.722412109375, 0.158619
284.752197265625, -0.17566
284.7822265625, -0.057269
284.812255859375, 0.061121
284.84228515625, 0.033265
284.872314453125, -0.022449
284.90234375, 0.088978
284.932373046875, -0.001556
284.96240234375, 0.061121
284.992431640625, 0.068085
285.022216796875, -0.064233
285.05224609375, 0.054157
285.082275390625, 0.116834
285.1123046875, -0.106018
285.142333984375, -0.00852
285.17236328125, 0.137727
285.202392578125, 0.033265
285.232421875, 0.102906
285.26220703125, -0.022449
285.292236328125, 0.137727
285.322265625, 0.061121
285.352294921875, -0.001556
285.38232421875, 0.095942
285.412353515625, -0.071198
285.4423828125, -0.029413
285.472412109375, 0.054157
285.50244140625, -0.057269
285.5322265625, -0.112982
285.562255859375, 0.019336
285.59228515625, -0.085126
285.622314453125, -0.140839
285.65234375, -0.015484
285.682373046875, 0.054157
285.71240234375, -0.043341
285.742431640625, 0.061121
285.772216796875, 0.040229
285.80224609375, 0.040229
285.832275390625, 0.033265
285.8623046875, -0.050305
285.892333984375, 0.033265
285.92236328125, 0.005408
285.952392578125, 0.116834
285.982421875, 0.061121
286.012451171875, 0.088978
286.042236328125, -0.043341
286.072265625, -0.001556
286.102294921875, -0.133875
286.13232421875, 0.075049
286.162353515625, -0.043341
286.1923828125, 0.088978
286.222412109375, -0.057269
286.25244140625, 0.005408
286.2822265625, 0.040229
286.312255859375, 0.033265
286.34228515625, 0.082014
286.372314453125, -0.078162
286.40234375, 0.0263
286.432373046875, -0.043341
286.46240234375, -0.112982
286.492431640625, -0.106018
286.522216796875, 0.040229
286.55224609375, -0.119947
286.582275390625, -0.085126
286.6123046875, 0.151655
286.642333984375, 0.005408
286.67236328125, -0.036377
286.702392578125, 0.033265
286.732421875, 0.054157
286.762451171875, 0.005408
286.792236328125, 0.123798
286.822265625, 0.061121
286.852294921875, 0.082014
286.88232421875, 0.012372
286.912353515625, 0.005408
286.9423828125, -0.001556
286.972412109375, 0.019336
287.00244140625, 0.019336
287.0322265625, -0.001556
287.062255859375, -0.022449
287.09228515625, -0.057269
287.122314453125, -0.071198
287.15234375, -0.001556
287.182373046875, 0.033265
287.21240234375, 0.095942
287.242431640625, 0.158619
287.2724609375, -0.09209
287.30224609375, -0.015484
287.332275390625, 0.088978
287.3623046875, 0.054157
287.392333984375, 0.130762
287.42236328125, 0.0263
287.452392578125, 0.082014
287.482421875, -0.064233
287.512451171875, -0.029413
287.542236328125, 0.137727
287.572265625, 0.040229
287.602294921875, -0.085126
287.63232421875, -0.022449
287.662353515625, 0.075049
287.6923828125, 0.151655
287.722412109375, -0.015484
287.75244140625, 0.047193
287.782470703125, 0.005408
287.812255859375, 0.075049
287.84228515625, -0.043341
287.872314453125, -0.022449
287.90234375, -0.112982
287.932373046875, 0.047193
287.96240234375, 0.012372
287.992431640625, 0.088978
288.0224609375, 0.047193
288.05224609375, 0.082014
288.082275390625, -0.00852
288.1123046875, 0.075049
288.142333984375, -0.050305
288.17236328125, 0.033265
288.202392578125, 0.054157
288.232421875, 0.012372
288.262451171875, 0.061121
288.292236328125, 0.061121
288.322265625, 0.095942
288.352294921875, -0.050305
288.38232421875, -0.112982
288.412353515625, 0.144691
288.4423828125, 0.040229
288.472412109375, -0.001556
288.50244140625, 0.033265
288.532470703125, -0.036377
288.562255859375, 0.068085
288.59228515625, 0.270045
288.622314453125, 0.019336
288.65234375, 0.102906
288.682373046875, 0.061121
288.71240234375, 0.061121
288.742431640625, -0.029413
288.7724609375, 0.088978
288.80224609375, -0.036377
288.832275390625, 0.088978
288.8623046875, 0.116834
288.892333984375, 0.102906
288.92236328125, -0.106018
288.952392578125, -0.071198
288.982421875, -0.043341
289.012451171875, -0.036377
289.04248046875, -0.147803
289.072265625, 0.040229
289.102294921875, -0.126911
289.13232421875, 0.0263
289.162353515625, 0.165583
289.1923828125, 0.088978
289.222412109375, 0.061121
289.25244140625, -0.09209
289.282470703125, 0.102906
289.312255859375, 0.040229
289.34228515625, -0.00852
289.372314453125, 0.040229
289.40234375, -0.106018
289.432373046875, 0.033265
289.46240234375, 0.012372
289.492431640625, 0.054157
289.5224609375, 0.005408
289.55224609375, -0.099054
289.582275390625, 0.019336
289.6123046875, -0.022449
289.642333984375, -0.043341
289.67236328125, 0.0263
289.702392578125, 0.137727
289.732421875, 0.054157
289.762451171875, 0.075049
289.79248046875, 0.123798
289.822265625, -0.050305
289.852294921875, -0.057269
289.88232421875, 0.068085
289.912353515625, 0.012372
289.9423828125, 0.095942
289.972412109375, 0.054157
290.00244140625, 0.012372
290.032470703125, 0.047193
290.062255859375, 0.054157
290.09228515625, 0.040229
290.122314453125, 0.012372
290.15234375, 0.095942
290.182373046875, 0.095942
290.21240234375, -0.043341
290.242431640625, 0.019336
290.2724609375, -0.050305
290.302490234375, -0.112982
290.332275390625, 0.0263
290.3623046875, -0.168695
290.392333984375, 0.0263
290.42236328125, -0.015484
290.452392578125, 0.130762
290.482421875, 0.10987
290.512451171875, 0.088978
290.54248046875, 0.0263
290.572265625, 0.054157
290.602294921875, -0.015484
290.63232421875, 0.012372
290.662353515625, 0.040229
290.6923828125, 0.047193
290.722412109375, 0.040229
290.75244140625, -0.00852
290.782470703125, 0.082014
290.8125, 0.068085
290.84228515625, 0.179511
290.872314453125, 0.102906
290.90234375, 0.075049
290.932373046875, 0.095942
290.96240234375, 0.144691
290.992431640625, -0.043341
291.0224609375, 0.012372
291.052490234375, 0.040229
291.082275390625, 0.019336
291.1123046875, -0.126911
291.142333984375, -0.036377
291.17236328125, 0.068085
291.202392578125, 0.137727
291.232421875, -0.050305
291.262451171875, -0.057269
291.29248046875, 0.012372
291.322265625, -0.078162
291.352294921875, -0.043341
291.38232421875, -0.029413
291.412353515625, 0.068085
291.4423828125, -0.001556
291.472412109375, -0.00852
291.50244140625, 0.088978
291.532470703125, -0.022449
291.5625, 0.144691
291.59228515625, 0.005408
291.622314453125, 0.068085
291.65234375, 0.165583
291.682373046875, 0.019336
291.71240234375, -0.00852
291.742431640625, 0.088978
291.7724609375, 0.019336
291.802490234375, -0.071198
291.832275390625, 0.019336
291.8623046875, 0.068085
291.892333984375, -0.09209
291.92236328125, -0.043341
291.952392578125, -0.015484
291.982421875, -0.071198
292.012451171875, -0.022449
292.04248046875, -0.036377
292.072509765625, -0.00852
292.102294921875, 0.040229
292.13232421875, 0.151655
292.162353515625, 0.075049
292.1923828125, -0.050305
292.222412109375, -0.036377
292.25244140625, 0.10987
292.282470703125, 0.040229
292.3125, 0.033265
292.34228515625, 0.095942
292.372314453125, 0.054157
292.40234375, 0.054157
292.432373046875, 0.075049
292.46240234375, 0.102906
292.492431640625, -0.029413
292.5224609375, 0.068085
292.552490234375, -0.161731
292.582275390625, 0.137727
292.6123046875, -0.057269
292.642333984375, 0.047193
292.67236328125, -0.022449
292.702392578125, -0.001556
292.732421875, 0.047193
292.762451171875, -0.022449
292.79248046875, 0.012372
292.822509765625, 0.137727
292.852294921875, -0.015484
292.88232421875, 0.200404
292.912353515625, 0.082014
292.9423828125, 0.068085
292.972412109375, -0.057269
293.00244140625, 0.068085
293.032470703125, 0.019336
293.0625, -0.036377
293.09228515625, -0.085126
293.122314453125, 0.047193
293.15234375, -0.064233
293.182373046875, 0.0263
293.21240234375, 0.047193
293.242431640625, 0.019336
293.2724609375, -0.050305
293.302490234375, 0.0263
293.33251953125, 0.102906
293.3623046875, -0.085126
293.392333984375, -0.078162
293.42236328125, 0.033265
293.452392578125, 0.137727
293.482421875, -0.106018
293.512451171875, 0.012372
293.54248046875, -0.022449
293.572509765625, 0.047193
293.602294921875, 0.040229
293.63232421875, 0.075049
293.662353515625, 0.054157
293.6923828125, 0.137727
293.722412109375, -0.064233
293.75244140625, 0.033265
293.782470703125, 0.012372
293.8125, 0.075049
293.842529296875, 0.054157
293.872314453125, 0.061121
293.90234375, 0.012372
293.932373046875, 0.061121
293.96240234375, 0.040229
293.992431640625, -0.043341
294.0224609375, 0.082014
294.052490234375, -0.036377
294.08251953125, 0.088978
294.1123046875, 0.151655
294.142333984375, -0.043341
294.17236328125, 0.005408
294.202392578125, 0.054157
294.232421875, -0.078162
294.262451171875, 0.088978
294.29248046875, 0.082014
294.322509765625, -0.022449
294.352294921875, -0.036377
294.38232421875, 0.047193
294.412353515625, -0.071198
294.4423828125, 0.082014
294.472412109375, 0.082014
294.50244140625, 0.075049
294.532470703125, -0.001556
294.5625, 0.019336
294.592529296875, -0.029413
294.622314453125, 0.082014
294.65234375, 0.130762
294.682373046875, -0.043341
294.71240234375, 0.033265
294.742431640625, -0.057269
294.7724609375, 0.123798
294.802490234375, 0.040229
294.83251953125, -0.036377
294.8623046875, -0.036377
294.892333984375, 0.172547
294.92236328125, 0.054157
294.952392578125, -0.064233
294.982421875, -0.071198
295.012451171875, -0.022449
295.04248046875, -0.001556
295.072509765625, 0.144691
295.1025390625, 0.123798
295.13232421875, 0.040229
295.162353515625, 0.033265
295.1923828125, 0.040229
295.222412109375, -0.071198
295.25244140625, 0.082014
295.282470703125, 0.012372
295.3125, 0.158619
295.342529296875, 0.075049
295.372314453125, 0.0263
295.40234375, -0.015484
295.432373046875, 0.054157
295.46240234375, 0.123798
295.492431640625, 0.130762
295.5224609375, 0.0263
295.552490234375, -0.015484
295.58251953125, -0.050305
295.612548828125, -0.057269
295.642333984375, 0.0263
295.67236328125, -0.029413
295.702392578125, 0.088978
295.732421875, 0.102906
295.762451171875, 0.0263
295.79248046875, 0.130762
295.822509765625, -0.147803
295.8525390625, -0.085126
295.88232421875, 0.207368
295.912353515625, -0.057269
295.9423828125, -0.00852
295.972412109375, 0.040229
296.00244140625, -0.00852
296.032470703125, 0.033265
296.0625, -0.015484
296.092529296875, 0.033265
296.122314453125, -0.015484
296.15234375, 0.151655
296.182373046875, 0.0263
296.21240234375, 0.047193
296.242431640625, 0.075049
296.2724609375, 0.012372
296.302490234375, 0.040229
296.33251953125, -0.015484
296.362548828125, -0.00852
296.392333984375, 0.047193
296.42236328125, 0.075049
296.452392578125, -0.015484
296.482421875, -0.071198
296.512451171875, 0.095942
296.54248046875, -0.078162
296.572509765625, -0.022449
296.6025390625, 0.061121
296.63232421875, 0.165583
296.662353515625, 0.095942
296.6923828125, 0.102906
296.722412109375, -0.00852
296.75244140625, -0.078162
296.782470703125, 0.088978
296.8125, 0.172547
296.842529296875, 0.068085
296.87255859375, -0.057269
296.90234375, -0.071198
296.932373046875, -0.043341
296.96240234375, 0.172547
296.992431640625, -0.078162
297.0224609375, 0.0263
297.052490234375, -0.022449
297.08251953125, -0.036377
297.112548828125, -0.043341
297.142333984375, -0.085126
297.17236328125, -0.015484
297.202392578125, 0.10987
297.232421875, -0.043341
297.262451171875, 0.054157
297.29248046875, -0.050305
297.322509765625, 0.068085
297.3525390625, -0.043341
297.38232421875, -0.099054
297.412353515625, 0.033265
297.4423828125, 0.047193
297.472412109375, -0.071198
297.50244140625, -0.106018
297.532470703125, 0.012372
297.5625, -0.029413
297.592529296875, 0.040229
297.62255859375, -0.064233
297.65234375, 0.012372
297.682373046875, 0.033265
297.71240234375, 0.054157
297.742431640625, 0.061121
297.7724609375, -0.029413
297.802490234375, -0.015484
297.83251953125, 0.137727
297.862548828125, 0.040229
297.892333984375, -0.078162
297.92236328125, 0.005408
297.952392578125, 0.019336
297.982421875, 0.19344
298.012451171875, 0.082014
298.04248046875, 0.137727
298.072509765625, 0.054157
298.1025390625, -0.119947
298.132568359375, 0.019336
298.162353515625, -0.036377
298.1923828125, -0.00852
298.222412109375, -0.078162
298.25244140625, -0.071198
298.282470703125, 0.054157
298.3125, 0.102906
298.342529296875, 0.047193
298.37255859375, -0.050305
298.40234375, 0.075049
298.432373046875, 0.054157
298.46240234375, 0.095942
298.492431640625, -0.043341
298.5224609375, -0.015484
298.552490234375, -0.029413
298.58251953125, 0.061121
298.612548828125, 0.088978
298.642578125, 0.221296
298.67236328125, -0.001556
298.702392578125, -0.043341
298.732421875, 0.033265
298.762451171875, 0.047193
298.79248046875, 0.047193
298.822509765625, 0.054157
298.8525390625, 0.102906
298.882568359375, 0.068085
298.912353515625, 0.061121
298.9423828125, -0.064233
298.972412109375, 0.012372
299.00244140625, 0.179511
299.032470703125, 0.033265
299.0625, 0.0263
299.092529296875, -0.043341
299.12255859375, 0.19344
299.15234375, 0.019336
299.182373046875, 0.054157
299.21240234375, 0.082014
299.242431640625, -0.09209
299.2724609375, 0.075049
299.302490234375, 0.088978
299.33251953125, -0.085126
299.362548828125, -0.133875
299.392578125, 0.033265
299.42236328125, -0.057269
299.452392578125, 0.102906
299.482421875, 0.005408
299.512451171875, 0.068085
299.54248046875, -0.022449
299.572509765625, 0.012372
299.6025390625, 0.075049
299.632568359375, 0.061121
299.662353515625, -0.00852
299.6923828125, -0.001556
299.722412109375, 0.082014
299.75244140625, 0.047193
299.782470703125, 0.075049
299.8125, 0.075049
299.842529296875, -0.022449
299.87255859375, 0.116834
299.902587890625, 0.012372
299.932373046875, 0.075049
299.96240234375, -0.078162
299.992431640625, 0.137727
300.0224609375, -0.015484
300.052490234375, -0.036377
300.08251953125, -0.057269
300.112548828125, 0.047193
300.142578125, 0.0263
300.17236328125, 0.068085
300.202392578125, 0.144691
300.232421875, 0.0263
300.262451171875, -0.015484
300.29248046875, 0.012372
300.322509765625, -0.00852
300.3525390625, -0.022449
300.382568359375, 0.130762
300.412353515625, 0.061121
300.4423828125, 0.082014
300.472412109375, -0.043341
300.50244140625, 0.082014
300.532470703125, -0.001556
300.5625, 0.005408
300.592529296875, 0.102906
300.62255859375, 0.012372
300.652587890625, 0.102906
300.682373046875, 0.116834
300.71240234375, -0.036377
300.742431640625, 0.012372
300.7724609375, -0.022449
300.802490234375, 0.005408
300.83251953125, 0.0263
300.862548828125, -0.050305
300.892578125, 0.047193
300.92236328125, 0.130762
300.952392578125, 0.123798
300.982421875, -0.126911
301.012451171875, -0.015484
301.04248046875, 0.088978
301.072509765625, -0.022449
301.1025390625, 0.137727
301.132568359375, 0.095942
301.16259765625, 0.068085
301.1923828125, -0.071198
301.222412109375, 0.130762
301.25244140625, -0.043341
301.282470703125, -0.140839
301.3125, -0.001556
301.342529296875, 0.047193
301.37255859375, -0.126911
301.402587890625, 0.088978
301.432373046875, 0.033265
301.46240234375, -0.00852
301.492431640625, -0.00852
301.5224609375, 0.047193
301.552490234375, 0.054157
301.58251953125, -0.022449
301.612548828125, -0.078162
301.642578125, 0.144691
301.672607421875, -0.085126
301.702392578125, 0.137727
301.732421875, 0.172547
301.762451171875, -0.154767
301.79248046875, 0.123798
301.822509765625, -0.036377
301.8525390625, 0.068085
301.882568359375, -0.022449
301.91259765625, -0.015484
301.9423828125, 0.082014
301.972412109375, 0.040229
302.00244140625, 0.0263
302.032470703125, -0.182624
302.0625, 0.047193
302.092529296875, -0.029413
302.12255859375, 0.095942
302.152587890625, 0.061121
302.182373046875, -0.015484
302.21240234375, 0.040229
302.242431640625, 0.0263
302.2724609375, 0.047193
302.302490234375, 0.012372
302.33251953125, 0.040229
302.362548828125, -0.078162
302.392578125, 0.082014
302.422607421875, 0.095942
302.452392578125, 0.068085
302.482421875, -0.050305
302.512451171875, 0.061121
302.54248046875, 0.068085
302.572509765625, 0.012372
302.6025390625, -0.001556
302.632568359375, 0.088978
302.66259765625, 0.005408
302.6923828125, 0.033265
302.722412109375, 0.054157
302.75244140625, -0.064233
302.782470703125, 0.088978
302.8125, -0.022449
302.842529296875, -0.09209
302.87255859375, 0.005408
302.902587890625, 0.012372
302.9326171875, 0.005408
302.96240234375, 0.068085
302.992431640625, 0.068085
303.0224609375, 0.040229
303.052490234375, -0.050305
303.08251953125, 0.040229
303.112548828125, -0.001556
303.142578125, 0.012372
303.172607421875, -0.050305
303.202392578125, 0.082014
303.232421875, 0.054157
303.262451171875, -0.029413
303.29248046875, 0.123798
303.322509765625, 0.10987
303.3525390625, -0.015484
303.382568359375, -0.029413
303.41259765625, -0.036377
303.442626953125, -0.078162
303.472412109375, -0.00852
303.50244140625, -0.015484
303.532470703125, -0.015484
303.5625, 0.088978
303.592529296875, -0.036377
303.62255859375, 0.0263
303.652587890625, 0.054157
303.6826171875, 0.0263
303.71240234375, -0.168695
303.742431640625, -0.064233
303.7724609375, 0.130762
303.802490234375, 0.033265
303.83251953125, -0.057269
303.862548828125, 0.040229
303.892578125, 0.005408
303.922607421875, -0.043341
303.952392578125, -0.001556
303.982421875, -0.015484
304.012451171875, -0.036377
304.04248046875, 0.061121
304.072509765625, 0.061121
304.1025390625, -0.015484
304.132568359375, 0.040229
304.16259765625, 0.270045
304.192626953125, 0.068085
304.222412109375, -0.057269
304.25244140625, 0.0263
304.282470703125, -0.057269
304.3125, 0.200404
304.342529296875, -0.112982
304.37255859375, 0.019336
304.402587890625, -0.029413
304.4326171875, -0.085126
304.46240234375, -0.043341
304.492431640625, 0.033265
304.5224609375, -0.064233
304.552490234375, 0.137727
304.58251953125, 0.047193
304.612548828125, -0.050305
304.642578125, -0.085126
304.672607421875, -0.022449
304.70263671875, 0.151655
304.732421875, 0.054157
304.762451171875, -0.043341
304.79248046875, 0.068085
304.822509765625, 0.040229
304.8525390625, 0.137727
304.882568359375, -0.00852
304.91259765625, -0.036377
304.942626953125, -0.015484
304.972412109375, 0.095942
305.00244140625, 0.172547
305.032470703125, 0.033265
305.0625, 0.137727
305.092529296875, -0.106018
305.12255859375, -0.071198
305.152587890625, -0.029413
305.1826171875, 0.068085
305.21240234375, 0.019336
305.242431640625, -0.036377
305.2724609375, -0.085126
305.302490234375, -0.022449
305.33251953125, -0.071198
305.362548828125, -0.112982
305.392578125, 0.151655
305.422607421875, 0.061121
305.45263671875, 0.082014
305.482421875, -0.029413
305.512451171875, 0.040229
305.54248046875, 0.061121
305.572509765625, 0.102906
305.6025390625, -0.022449
305.632568359375, 0.123798
305.66259765625, 0.221296
305.692626953125, -0.022449
305.722412109375, 0.075049
305.75244140625, 0.040229
305.782470703125, 0.068085
305.8125, -0.078162
305.842529296875, -0.057269
305.87255859375, 0.200404
305.902587890625, 0.033265
305.9326171875, 0.082014
305.962646484375, -0.085126
305.992431640625, 0.012372
306.0224609375, 0.0263
306.052490234375, 0.095942
306.08251953125, 0.047193
306.112548828125, 0.082014
306.142578125, 0.088978
306.172607421875, 0.005408
306.20263671875, 0.047193
306.232421875, -0.09209
306.262451171875, 0.095942
306.29248046875, -0.022449
306.322509765625, -0.00852
306.3525390625, 0.082014
306.382568359375, 0.0263
306.41259765625, -0.057269
306.442626953125, 0.068085
306.47265625, 0.033265
306.50244140625, 0.033265
306.532470703125, -0.029413
306.5625, 0.061121
306.592529296875, -0.147803
306.62255859375, 0.068085
306.652587890625, 0.082014
306.6826171875, 0.061121
306.712646484375, -0.133875
306.742431640625, -0.001556
306.7724609375, 0.130762
306.802490234375, -0.050305
306.83251953125, -0.043341
306.862548828125, -0.001556
306.892578125, 0.116834
306.922607421875, -0.099054
306.95263671875, 0.033265
306.982421875, -0.015484
307.012451171875, 0.040229
307.04248046875, -0.00852
307.072509765625, 0.005408
307.1025390625, 0.102906
307.132568359375, 0.012372
307.16259765625, 0.005408
307.192626953125, -0.001556
307.22265625, -0.071198
307.25244140625, 0.061121
307.282470703125, 0.088978
307.3125, 0.130762
307.342529296875, 0.047193
307.37255859375, 0.005408
307.402587890625, 0.235225
307.4326171875, 0.151655
307.462646484375, 0.0263
307.492431640625, -0.050305
307.5224609375, -0.00852
307.552490234375, 0.040229
307.58251953125, -0.189588
307.612548828125, -0.022449
307.642578125, 0.054157
307.672607421875, -0.085126
307.70263671875, -0.119947
307.732666015625, -0.099054
307.762451171875, 0.102906
307.79248046875, -0.022449
307.822509765625, -0.057269
307.8525390625, 0.040229
307.882568359375, 0.116834
307.91259765625, 0.123798
307.942626953125, 0.075049
307.97265625, 0.068085
308.00244140625, -0.001556
308.032470703125, 0.054157
308.0625, 0.0263
308.092529296875, 0.054157
308.12255859375, -0.064233
308.152587890625, 0.123798
308.1826171875, 0.165583
308.212646484375, 0.082014
308.242431640625, 0.144691
308.2724609375, 0.054157
308.302490234375, -0.029413
308.33251953125, -0.029413
308.362548828125, -0.022449
308.392578125, 0.082014
308.422607421875, 0.075049
308.45263671875, -0.015484
308.482666015625, 0.061121
308.512451171875, -0.015484
308.54248046875, -0.022449
308.572509765625, 0.116834
308.6025390625, 0.082014
308.632568359375, -0.043341
308.66259765625, 0.068085
308.692626953125, 0.019336
308.72265625, -0.078162
308.75244140625, -0.029413
308.782470703125, 0.033265
308.8125, -0.015484
308.842529296875, -0.001556
308.87255859375, -0.015484
308.902587890625, -0.071198
308.9326171875, 0.040229
308.962646484375, -0.064233
308.99267578125, 0.012372
309.0224609375, -0.112982
309.052490234375, 0.033265
309.08251953125, -0.09209
309.112548828125, -0.050305
309.142578125, -0.078162
309.172607421875, 0.082014
309.20263671875, 0.005408
309.232666015625, -0.189588
309.262451171875, 0.033265
309.29248046875, 0.116834
309.322509765625, 0.095942
309.3525390625, -0.085126
309.382568359375, -0.099054
309.41259765625, 0.061121
309.442626953125, 0.102906
309.47265625, -0.099054
309.502685546875, 0.012372
309.532470703125, 0.0263
309.5625, 0.075049
309.592529296875, 0.047193
309.62255859375, 0.054157
309.652587890625, 0.0263
309.6826171875, -0.071198
309.712646484375, 0.054157
309.74267578125, 0.095942
309.7724609375, -0.015484
309.802490234375, 0.200404
309.83251953125, 0.068085
309.862548828125, 0.040229
309.892578125, -0.043341
309.922607421875, 0.047193
309.95263671875, -0.022449
309.982666015625, 0.019336
310.012451171875, -0.036377
310.04248046875, -0.064233
310.072509765625, -0.078162
310.1025390625, 0.061121
310.132568359375, 0.088978
310.16259765625, -0.022449
310.192626953125, -0.00852
310.22265625, -0.022449
310.252685546875, -0.043341
310.282470703125, -0.022449
310.3125, 0.012372
310.342529296875, 0.019336
310.37255859375, -0.106018
310.402587890625, 0.200404
310.4326171875, 0.088978
310.462646484375, -0.071198
310.49267578125, -0.071198
310.5224609375, -0.015484
310.552490234375, 0.068085
310.58251953125, -0.001556
310.612548828125, 0.102906
310.642578125, -0.050305
310.672607421875, 0.088978
310.70263671875, -0.015484
310.732666015625, 0.075049
310.7626953125, -0.050305
310.79248046875, -0.064233
310.822509765625, 0.040229
310.8525390625, -0.022449
310.882568359375, 0.151655
310.91259765625, 0.005408
310.942626953125, -0.00852
310.97265625, -0.050305
311.002685546875, -0.015484
311.032470703125, 0.033265
311.0625, 0.130762
311.092529296875, 0.040229
311.12255859375, -0.036377
311.152587890625, 0.012372
311.1826171875, -0.112982
311.212646484375, -0.050305
311.24267578125, 0.116834
311.272705078125, 0.082014
311.302490234375, 0.012372
311.33251953125, 0.047193
311.362548828125, 0.123798
311.392578125, -0.036377
311.422607421875, 0.082014
311.45263671875, 0.040229
311.482666015625, -0.078162
311.5126953125, -0.085126
311.54248046875, 0.054157
311.572509765625, -0.085126
311.6025390625, 0.005408
311.632568359375, 0.137727
311.66259765625, 0.116834
311.692626953125, 0.047193
311.72265625, -0.043341
311.752685546875, 0.047193
311.782470703125, -0.015484
311.8125, 0.033265
311.842529296875, -0.029413
311.87255859375, 0.061121
311.902587890625, -0.001556
311.9326171875, 0.068085
311.962646484375, 0.10987
311.99267578125, -0.050305
312.022705078125, 0.082014
312.052490234375, -0.106018
312.08251953125, -0.036377
312.112548828125, 0.012372
312.142578125, -0.001556
312.172607421875, -0.064233
312.20263671875, -0.00852
312.232666015625, 0.102906
312.2626953125, 0.033265
312.29248046875, -0.015484
312.322509765625, -0.057269
312.3525390625, -0.078162
312.382568359375, 0.075049
312.41259765625, 0.0263
312.442626953125, 0.088978
312.47265625, 0.061121
312.502685546875, -0.099054
312.53271484375, 0.061121
312.5625, -0.133875
312.592529296875, -0.022449
312.62255859375, 0.137727
312.652587890625, -0.001556
312.6826171875, 0.158619
312.712646484375, 0.040229
312.74267578125, -0.036377
312.772705078125, 0.082014
312.802490234375, 0.005408
312.83251953125, -0.00852
312.862548828125, 0.095942
312.892578125, 0.047193
312.922607421875, 0.082014
312.95263671875, 0.012372
312.982666015625, 0.061121
313.0126953125, -0.078162
313.04248046875, 0.040229
313.072509765625, 0.082014
313.1025390625, -0.001556
313.132568359375, 0.005408
313.16259765625, 0.088978
313.192626953125, 0.068085
313.22265625, 0.054157
313.252685546875, -0.015484
313.28271484375, -0.140839
313.3125, 0.116834
313.342529296875, -0.00852
313.37255859375, 0.130762
313.402587890625, -0.036377
313.4326171875, 0.047193
313.462646484375, 0.095942
313.49267578125, 0.040229
313.522705078125, -0.078162
313.552490234375, 0.19344
313.58251953125, 0.019336
313.612548828125, -0.00852
313.642578125, 0.165583
313.672607421875, 0.116834
313.70263671875, 0.054157
313.732666015625, 0.102906
313.7626953125, -0.071198
313.792724609375, -0.085126
313.822509765625, 0.158619
313.8525390625, 0.088978
313.882568359375, 0.0263
313.91259765625, 0.095942
313.942626953125, -0.057269
313.97265625, 0.012372
314.002685546875, -0.022449
314.03271484375, -0.036377
314.0625, -0.064233
314.092529296875, -0.029413
314.12255859375, -0.029413
314.152587890625, -0.085126
314.1826171875, 0.123798
314.212646484375, -0.043341
314.24267578125, 0.130762
314.272705078125, 0.186476
314.302734375, -0.015484
314.33251953125, 0.172547
314.362548828125, 0.019336
314.392578125, 0.005408
314.422607421875, -0.112982
314.45263671875, 0.019336
314.482666015625, -0.001556
314.5126953125, -0.085126
314.542724609375, -0.064233
314.572509765625, -0.015484
314.6025390625, -0.029413
314.632568359375, 0.0263
314.66259765625, 0.033265
314.692626953125, 0.10987
314.72265625, -0.036377
314.752685546875, 0.137727
314.78271484375, 0.075049
314.8125, 0.068085
314.842529296875, -0.064233
314.87255859375, 0.137727
314.902587890625, 0.0263
314.9326171875, 0.095942
314.962646484375, -0.043341
314.99267578125, -0.001556
315.022705078125, 0.10987
315.052734375, 0.033265
315.08251953125, 0.061121
315.112548828125, 0.068085
315.142578125, -0.036377
315.172607421875, -0.022449
315.20263671875, -0.001556
315.232666015625, 0.075049
315.2626953125, 0.0263
315.292724609375, -0.029413
315.322509765625, -0.078162
315.3525390625, 0.047193
315.382568359375, 0.095942
315.41259765625, 0.012372
315.442626953125, -0.015484
315.47265625, 0.033265
315.502685546875, 0.019336
315.53271484375, 0.082014
315.562744140625, 0.172547
315.592529296875, 0.075049
315.62255859375, 0.165583
315.652587890625, -0.036377
315.6826171875, -0.112982
315.712646484375, 0.019336
315.74267578125, 0.019336
315.772705078125, 0.10987
315.802734375, 0.005408
315.83251953125, -0.00852
315.862548828125, 0.075049
315.892578125, 0.165583
315.922607421875, 0.040229
315.95263671875, 0.095942
315.982666015625, 0.095942
316.0126953125, 0.095942
316.042724609375, -0.057269
316.07275390625, 0.054157
316.1025390625, 0.040229
316.132568359375, 0.075049
316.16259765625, -0.015484
316.192626953125, 0.144691
316.22265625, -0.036377
316.252685546875, 0.054157
316.28271484375, 0.10987
316.312744140625, -0.022449
316.342529296875, -0.001556
316.37255859375, 0.005408
316.402587890625, 0.033265
316.4326171875, -0.036377
316.462646484375, -0.00852
316.49267578125, -0.015484
316.522705078125, 0.012372
316.552734375, -0.001556
316.58251953125, -0.057269
316.612548828125, 0.095942
316.642578125, -0.119947
316.672607421875, -0.064233
316.70263671875, -0.085126
316.732666015625, 0.144691
316.7626953125, -0.043341
316.792724609375, 0.019336
316.82275390625, 0.130762
316.8525390625, 0.040229
316.882568359375, -0.001556
316.91259765625, -0.09209
316.942626953125, 0.005408
316.97265625, -0.050305
317.002685546875, -0.085126
317.03271484375, 0.095942
317.062744140625, -0.022449
317.092529296875, -0.043341
317.12255859375, 0.0263
317.152587890625, 0.054157
317.1826171875, 0.012372
317.212646484375, -0.09209
317.24267578125, -0.106018
317.272705078125, 0.165583
317.302734375, 0.137727
317.332763671875, 0.095942
317.362548828125, 0.0263
317.392578125, -0.022449
317.422607421875, 0.0263
317.45263671875, 0.054157
317.482666015625, -0.085126
317.5126953125, 0.005408
317.542724609375, 0.054157
317.57275390625, 0.019336
317.6025390625, 0.102906
317.632568359375, 0.082014
317.66259765625, 0.088978
317.692626953125, 0.10987
317.72265625, -0.00852
317.752685546875, 0.005408
317.78271484375, 0.068085
317.812744140625, 0.144691
317.842529296875, -0.00852
317.87255859375, 0.088978
317.902587890625, -0.015484
317.9326171875, -0.015484
317.962646484375, 0.033265
317.99267578125, -0.015484
318.022705078125, 0.144691
318.052734375, 0.061121
318.082763671875, 0.0263
318.112548828125, -0.015484
318.142578125, 0.040229
318.172607421875, 0.040229
318.20263671875, -0.071198
318.232666015625, 0.012372
318.2626953125, 0.040229
318.292724609375, -0.078162
318.32275390625, -0.161731
318.3525390625, 0.019336
318.382568359375, -0.133875
318.41259765625, -0.071198
318.442626953125, -0.099054
318.47265625, 0.123798
318.502685546875, 0.095942
318.53271484375, 0.144691
318.562744140625, 0.061121
318.5927734375, 0.012372
318.62255859375, -0.001556
318.652587890625, 0.10987
318.6826171875, 0.095942
318.712646484375, 0.040229
318.74267578125, 0.158619
318.772705078125, -0.078162
318.802734375, -0.106018
318.832763671875, 0.019336
318.862548828125, -0.050305
318.892578125, -0.00852
318.922607421875, -0.001556
318.95263671875, -0.112982
318.982666015625, -0.022449
319.0126953125, -0.001556
319.042724609375, 0.068085
319.07275390625, 0.165583
319.102783203125, 0.068085
319.132568359375, 0.054157
319.16259765625, 0.130762
319.192626953125, -0.140839
319.22265625, 0.0263
319.252685546875, 0.061121
319.28271484375, -0.043341
319.312744140625, -0.17566
319.3427734375, -0.064233
319.37255859375, 0.033265
319.402587890625, 0.10987
319.4326171875, 0.054157
319.462646484375, 0.137727
319.49267578125, -0.015484
319.522705078125, -0.099054
319.552734375, 0.033265
319.582763671875, -0.036377
319.612548828125, 0.130762
319.642578125, -0.112982
319.672607421875, -0.126911
319.70263671875, -0.022449
319.732666015625, 0.054157
319.7626953125, -0.001556
319.792724609375, -0.09209
319.82275390625, 0.005408
319.852783203125, -0.029413
319.882568359375, 0.061121
319.91259765625, 0.102906
319.942626953125, -0.064233
319.97265625, 0.088978
320.002685546875, 0.088978
320.03271484375, 0.082014
320.062744140625, -0.00852
320.0927734375, -0.050305
320.12255859375, 0.054157
320.152587890625, 0.116834
320.1826171875, 0.054157
320.212646484375, 0.0263
320.24267578125, 0.040229
320.272705078125, 0.082014
320.302734375, -0.078162
320.332763671875, 0.033265
320.36279296875, 0.130762
320.392578125, 0.061121
320.422607421875, 0.172547
320.45263671875, 0.040229
320.482666015625, 0.068085
320.5126953125, 0.012372
320.542724609375, 0.040229
320.57275390625, 0.075049
320.602783203125, -0.050305
320.632568359375, 0.061121
320.66259765625, 0.061121
320.692626953125, 0.019336
320.72265625, 0.102906
320.752685546875, 0.005408
320.78271484375, 0.165583
320.812744140625, -0.238337
320.8427734375, 0.019336
320.87255859375, -0.001556
320.902587890625, -0.050305
320.9326171875, 0.019336
320.962646484375, 0.095942
320.99267578125, -0.036377
321.022705078125, -0.050305
321.052734375, -0.00852
321.082763671875, 0.095942
321.11279296875, 0.151655
321.142578125, -0.015484
321.172607421875, -0.029413
321.20263671875, -0.015484
321.232666015625, -0.029413
321.2626953125, 0.068085
321.292724609375, -0.078162
321.32275390625, 0.082014
321.352783203125, 0.005408
321.382568359375, 0.040229
321.41259765625, 0.123798
321.442626953125, -0.036377
321.47265625, -0.099054
321.502685546875, -0.029413
321.53271484375, 0.082014
321.562744140625, 0.075049
321.5927734375, 0.151655
321.622802734375, 0.061121
321.652587890625, -0.00852
321.6826171875, -0.071198
321.712646484375, 0.102906
321.74267578125, 0.005408
321.772705078125, 0.005408
321.802734375, -0.00852
321.832763671875, 0.088978
321.86279296875, 0.116834
321.892578125, -0.022449
321.922607421875, 0.137727
321.95263671875, 0.116834
321.982666015625, 0.0263
322.0126953125, -0.036377
322.042724609375, 0.040229
322.07275390625, 0.012372
322.102783203125, -0.015484
322.1328125, 0.047193
322.16259765625, 0.040229
322.192626953125, 0.10987
322.22265625, 0.012372
322.252685546875, 0.040229
322.28271484375, -0.043341
322.312744140625, -0.015484
322.3427734375, -0.133875
322.372802734375, 0.040229
322.402587890625, -0.099054
322.4326171875, 0.082014
322.462646484375, 0.116834
322.49267578125, -0.00852
322.522705078125, 0.054157
322.552734375, -0.001556
322.582763671875, 0.040229
322.61279296875, -0.106018
322.642578125, 0.088978
322.672607421875, -0.071198
322.70263671875, -0.036377
322.732666015625, -0.029413
322.7626953125, -0.015484
322.792724609375, 0.158619
322.82275390625, -0.029413
322.852783203125, 0.158619
322.8828125, 0.068085
322.91259765625, 0.068085
322.942626953125, 0.075049
322.97265625, 0.054157
323.002685546875, 0.033265
323.03271484375, -0.00852
323.062744140625, -0.036377
323.0927734375, -0.022449
323.122802734375, -0.022449
323.152587890625, -0.022449
323.1826171875, 0.130762
323.212646484375, -0.043341
323.24267578125, 0.0263
323.272705078125, -0.119947
323.302734375, -0.00852
323.332763671875, 0.019336
323.36279296875, -0.071198
323.392822265625, 0.047193
323.422607421875, 0.102906
323.45263671875, 0.040229
323.482666015625, -0.029413
323.5126953125, 0.033265
323.542724609375, 0.082014
323.57275390625, -0.078162
323.602783203125, 0.068085
323.6328125, -0.057269
323.66259765625, 0.005408
323.692626953125, -0.00852
323.72265625, 0.019336
323.752685546875, 0.082014
323.78271484375, 0.033265
323.812744140625, 0.0263
323.8427734375, 0.061121
323.872802734375, -0.001556
323.90283203125, 0.068085
323.9326171875, 0.151655
323.962646484375, -0.001556
323.99267578125, 0.047193
324.022705078125, -0.001556
324.052734375, 0.005408
324.082763671875, -0.001556
324.11279296875, -0.036377
324.142822265625, -0.029413
324.172607421875, -0.022449
324.20263671875, -0.099054
324.232666015625, 0.0263
324.2626953125, 0.012372
324.292724609375, -0.071198
324.32275390625, 0.10987
324.352783203125, 0.047193
324.3828125, 0.012372
324.41259765625, -0.015484
324.442626953125, -0.133875
324.47265625, -0.001556
324.502685546875, 0.095942
324.53271484375, 0.012372
324.562744140625, -0.106018
324.5927734375, 0.019336
324.622802734375, 0.005408
324.65283203125, 0.102906
324.6826171875, 0.061121
324.712646484375, 0.047193
324.74267578125, 0.054157
324.772705078125, -0.099054
324.802734375, -0.064233
324.832763671875, -0.071198
324.86279296875, -0.015484
324.892822265625, 0.102906
324.922607421875, 0.019336
324.95263671875, 0.207368
324.982666015625, 0.033265
325.0126953125, -0.043341
325.042724609375, 0.040229
325.07275390625, 0.061121
325.102783203125, 0.116834
325.1328125, 0.012372
325.162841796875, -0.126911
325.192626953125, 0.005408
325.22265625, 0.186476
325.252685546875, -0.112982
325.28271484375, -0.099054
325.312744140625, -0.036377
325.3427734375, -0.029413
325.372802734375, -0.00852
325.40283203125, -0.036377
325.4326171875, -0.071198
325.462646484375, 0.075049
325.49267578125, 0.158619
325.522705078125, 0.151655
325.552734375, 0.040229
325.582763671875, -0.001556
325.61279296875, -0.043341
325.642822265625, 0.0263
325.672607421875, 0.082014
325.70263671875, -0.071198
325.732666015625, 0.0263
325.7626953125, 0.019336
325.792724609375, 0.005408
325.82275390625, 0.075049
325.852783203125, 0.047193
325.8828125, -0.00852
325.912841796875, -0.029413
325.942626953125, 0.054157
325.97265625, 0.082014
326.002685546875, 0.088978
326.03271484375, 0.054157
326.062744140625, 0.144691
326.0927734375, 0.054157
326.122802734375, 0.116834
326.15283203125, -0.022449
326.1826171875, -0.064233
326.212646484375, 0.040229
326.24267578125, -0.001556
326.272705078125, 0.005408
326.302734375, -0.022449
326.332763671875, 0.10987
326.36279296875, -0.057269
326.392822265625, 0.151655
326.4228515625, 0.088978
326.45263671875, 0.061121
326.482666015625, 0.005408
326.5126953125, 0.10987
326.542724609375, 0.123798
326.57275390625, 0.061121
326.602783203125, 0.075049
326.6328125, -0.015484
326.662841796875, 0.019336
326.692626953125, 0.082014
326.72265625, 0.005408
326.752685546875, -0.043341
326.78271484375, 0.019336
326.812744140625, 0.123798
326.8427734375, 0.130762
326.872802734375, -0.085126
326.90283203125, 0.040229
326.932861328125, -0.057269
326.962646484375, 0.012372
326.99267578125, -0.001556
327.022705078125, 0.054157
327.052734375, -0.00852
327.082763671875, 0.068085
327.11279296875, -0.071198
327.142822265625, 0.012372
327.1728515625, -0.071198
327.20263671875, 0.012372
327.232666015625, -0.015484
327.2626953125, 0.012372
327.292724609375, -0.057269
327.32275390625, 0.019336
327.352783203125, 0.054157
327.3828125, 0.075049
327.412841796875, 0.0263
327.442626953125, -0.071198
327.47265625, 0.137727
327.502685546875, -0.001556
327.53271484375, 0.179511
327.562744140625, 0.088978
327.5927734375, -0.085126
327.622802734375, 0.130762
327.65283203125, -0.001556
327.682861328125, 0.019336
327.712646484375, 0.033265
327.74267578125, -0.015484
327.772705078125, 0.047193
327.802734375, 0.068085
327.832763671875, -0.050305
327.86279296875, 0.061121
327.892822265625, -0.029413
327.9228515625, -0.106018
327.95263671875, 0.130762
327.982666015625, 0.068085
328.0126953125, 0.061121
328.042724609375, 0.005408
328.07275390625, -0.029413
328.102783203125, -0.00852
328.1328125, 0.0263
328.162841796875, 0.033265
328.19287109375, -0.015484
328.22265625, 0.012372
328.252685546875, 0.068085
328.28271484375, -0.022449
328.312744140625, 0.0263
328.3427734375, 0.054157
328.372802734375, 0.075049
328.40283203125, -0.001556
328.432861328125, -0.085126
328.462646484375, 0.054157
328.49267578125, 0.054157
328.522705078125, 0.102906
328.552734375, 0.061121
328.582763671875, 0.047193
328.61279296875, 0.137727
328.642822265625, 0.054157
328.6728515625, 0.130762
328.70263671875, 0.082014
328.732666015625, -0.00852
328.7626953125, 0.012372
328.792724609375, -0.036377
328.82275390625, -0.001556
328.852783203125, 0.061121
328.8828125, 0.012372
328.912841796875, 0.033265
328.94287109375, -0.168695
328.97265625, -0.050305
329.002685546875, 0.075049
329.03271484375, 0.151655
329.062744140625, 0.158619
329.0927734375, 0.0263
329.122802734375, 0.012372
329.15283203125, -0.133875
329.182861328125, 0.10987
329.212646484375, -0.00852
329.24267578125, 0.0263
329.272705078125, 0.082014
329.302734375, 0.019336
329.332763671875, 0.0263
329.36279296875, 0.095942
329.392822265625, -0.00852
329.4228515625, -0.015484
329.452880859375, 0.012372
329.482666015625, 0.033265
329.5126953125, 0.0263
329.542724609375, 0.012372
329.57275390625, -0.057269
329.602783203125, 0.040229
329.6328125, -0.015484
329.662841796875, 0.256117
329.69287109375, 0.082014
329.72265625, -0.036377
329.752685546875, -0.057269
329.78271484375, 0.054157
329.812744140625, 0.054157
329.8427734375, -0.064233
329.872802734375, -0.064233
329.90283203125, 0.061121
329.932861328125, 0.047193
329.962890625, 0.158619
329.99267578125, -0.029413
330.022705078125, -0.09209
330.052734375, 0.088978
330.082763671875, -0.071198
330.11279296875, -0.001556
330.142822265625, 0.040229
330.1728515625, -0.043341
330.202880859375, 0.123798
330.232666015625, -0.001556
330.2626953125, -0.078162
330.292724609375, 0.012372
330.32275390625, 0.116834
330.352783203125, -0.064233
330.3828125, -0.106018
330.412841796875, 0.179511
330.44287109375, 0.0263
330.47265625, -0.050305
330.502685546875, -0.00852
330.53271484375, -0.022449
330.562744140625, 0.0263
330.5927734375, 0.10987
330.622802734375, 0.088978
330.65283203125, -0.057269
330.682861328125, -0.057269
330.712890625, 0.012372
330.74267578125, 0.0263
330.772705078125, 0.0263
330.802734375, 0.10987
330.832763671875, 0.10987
330.86279296875, -0.078162
330.892822265625, -0.029413
330.9228515625, 0.116834
330.952880859375, -0.071198
330.982666015625, 0.102906
331.0126953125, 0.033265
331.042724609375, -0.001556
331.07275390625, 0.061121
331.102783203125, 0.019336
331.1328125, -0.112982
331.162841796875, -0.001556
331.19287109375, 0.123798
331.222900390625, -0.029413
331.252685546875, 0.047193
331.28271484375, 0.061121
331.312744140625, 0.012372
331.3427734375, 0.061121
331.372802734375, 0.061121
331.40283203125, 0.005408
331.432861328125, 0.019336
331.462890625, 0.207368
331.49267578125, 0.068085
331.522705078125, 0.040229
331.552734375, -0.029413
331.582763671875, -0.106018
331.61279296875, 0.019336
331.642822265625, 0.033265
331.6728515625, -0.09209
331.702880859375, 0.061121
331.73291015625, 0.082014
331.7626953125, -0.029413
331.792724609375, 0.054157
331.82275390625, 0.005408
331.852783203125, -0.036377
331.8828125, 0.102906
331.912841796875, 0.040229
331.94287109375, 0.005408
331.972900390625, 0.068085
332.002685546875, 0.054157
332.03271484375, 0.151655
332.062744140625, -0.057269
332.0927734375, 0.047193
332.122802734375, 0.095942
332.15283203125, -0.064233
332.182861328125, 0.005408
332.212890625, 0.047193
332.24267578125, 0.221296
332.272705078125, -0.001556
332.302734375, 0.019336
332.332763671875, 0.263081
332.36279296875, 0.088978
332.392822265625, 0.144691
332.4228515625, -0.001556
332.452880859375, 0.088978
332.48291015625, 0.075049
332.5126953125, 0.054157
332.542724609375, 0.040229
332.57275390625, -0.064233
332.602783203125, -0.078162
332.6328125, -0.022449
332.662841796875, -0.00852
332.69287109375, -0.085126
332.722900390625, 0.082014
332.752685546875, 0.005408
332.78271484375, -0.022449
332.812744140625, -0.071198
332.8427734375, 0.068085
332.872802734375, -0.036377
332.90283203125, 0.0263
332.932861328125, 0.088978
332.962890625, -0.022449
332.992919921875, 0.095942
333.022705078125, 0.012372
333.052734375, 0.033265
333.082763671875, 0.061121
333.11279296875, 0.10987
333.142822265625, 0.082014
333.1728515625, 0.088978
333.202880859375, 0.082014
333.23291015625, -0.050305
333.2626953125, 0.047193
333.292724609375, 0.019336
333.32275390625, 0.047193
333.352783203125, 0.054157
333.3828125, -0.029413
333.412841796875, 0.005408
333.44287109375, 0.075049
333.472900390625, -0.029413
333.502685546875, 0.019336
333.53271484375, 0.095942
333.562744140625, -0.022449
333.5927734375, 0.130762
333.622802734375, 0.123798
333.65283203125, 0.130762
333.682861328125, 0.040229
333.712890625, -0.099054
333.742919921875, 0.172547
333.772705078125, 0.075049
333.802734375, -0.078162
333.832763671875, -0.036377
333.86279296875, -0.00852
333.892822265625, 0.019336
333.9228515625, 0.172547
333.952880859375, 0.10987
333.98291015625, -0.078162
334.0126953125, 0.102906
334.042724609375, 0.005408
334.07275390625, 0.047193
334.102783203125, -0.043341
334.1328125, -0.00852
334.162841796875, -0.022449
334.19287109375, -0.050305
334.222900390625, -0.057269
334.2529296875, -0.029413
334.28271484375, 0.235225
334.312744140625, -0.022449
334.3427734375, -0.057269
334.372802734375, -0.064233
334.40283203125, 0.10987
334.432861328125, -0.015484
334.462890625, -0.078162
334.492919921875, -0.126911
334.522705078125, 0.123798
334.552734375, 0.0263
334.582763671875, 0.019336
334.61279296875, 0.10987
334.642822265625, -0.022449
334.6728515625, -0.00852
334.702880859375, -0.015484
334.73291015625, -0.043341
334.762939453125, 0.0263
334.792724609375, 0.012372
334.82275390625, 0.144691
334.852783203125, -0.099054
334.8828125, 0.061121
334.912841796875, -0.057269
334.94287109375, -0.022449
334.972900390625, 0.061121
335.0029296875, 0.061121
335.03271484375, 0.130762
335.062744140625, -0.001556
335.0927734375, 0.012372
335.122802734375, -0.050305
335.15283203125, -0.015484
335.182861328125, 0.047193
335.212890625, 0.10987
335.242919921875, -0.001556
335.272705078125, 0.012372
335.302734375, 0.095942
335.332763671875, -0.043341
335.36279296875, -0.043341
335.392822265625, -0.057269
335.4228515625, 0.068085
335.452880859375, 0.005408
335.48291015625, 0.033265
335.512939453125, 0.061121
335.542724609375, -0.071198
335.57275390625, 0.061121
335.602783203125, 0.158619
335.6328125, 0.047193
335.662841796875, 0.040229
335.69287109375, 0.019336
335.722900390625, 0.172547
335.7529296875, 0.061121
335.78271484375, 0.033265
335.812744140625, 0.033265
335.8427734375, -0.043341
335.872802734375, 0.054157
335.90283203125, 0.012372
335.932861328125, -0.064233
335.962890625, 0.075049
335.992919921875, 0.082014
336.02294921875, 0.0263
336.052734375, 0.033265
336.082763671875, -0.050305
336.11279296875, -0.022449
336.142822265625, -0.078162
336.1728515625, 0.0263
336.202880859375, 0.040229
336.23291015625, 0.012372
336.262939453125, 0.082014
336.292724609375, 0.005408
336.32275390625, 0.061121
336.352783203125, 0.075049
336.3828125, 0.054157
336.412841796875, -0.022449
336.44287109375, -0.022449
336.472900390625, 0.095942
336.5029296875, 0.005408
336.53271484375, 0.151655
336.562744140625, 0.012372
336.5927734375, -0.112982
336.622802734375, 0.054157
336.65283203125, 0.130762
336.682861328125, 0.130762
336.712890625, -0.022449
336.742919921875, -0.09209
336.77294921875, 0.019336
336.802734375, -0.09209
336.832763671875, 0.061121
336.86279296875, -0.064233
336.892822265625, 0.040229
336.9228515625, -0.043341
336.952880859375, 0.047193
336.98291015625, -0.071198
337.012939453125, 0.047193
337.042724609375, -0.057269
337.07275390625, -0.043341
337.102783203125, 0.054157
337.1328125, 0.033265
337.162841796875, 0.012372
337.19287109375, 0.068085
337.222900390625, -0.043341
337.2529296875, 0.137727
337.282958984375, 0.123798
337.312744140625, 0.054157
337.3427734375, 0.137727
337.372802734375, -0.022449
337.40283203125, -0.085126
337.432861328125, -0.00852
337.462890625, 0.019336
337.492919921875, 0.130762
337.52294921875, -0.015484
337.552734375, 0.0263
337.582763671875, 0.033265
337.61279296875, -0.001556
337.642822265625, 0.047193
337.6728515625, 0.040229
337.702880859375, -0.022449
337.73291015625, -0.015484
337.762939453125, 0.088978
337.79296875, 0.047193
337.82275390625, 0.068085
337.852783203125, -0.140839
337.8828125, -0.071198
337.912841796875, -0.029413
337.94287109375, 0.019336
337.972900390625, -0.015484
338.0029296875, 0.061121
338.032958984375, 0.179511
338.062744140625, -0.022449
338.0927734375, 0.082014
338.122802734375, -0.057269
338.15283203125, 0.019336
338.182861328125, -0.043341
338.212890625, -0.001556
338.242919921875, 0.082014
338.27294921875, 0.123798
338.302734375, 0.172547
338.332763671875, -0.119947
338.36279296875, 0.186476
338.392822265625, -0.029413
338.4228515625, 0.061121
338.452880859375, 0.158619
338.48291015625, -0.057269
338.512939453125, 0.102906
338.54296875, 0.005408
338.57275390625, -0.00852
338.602783203125, 0.019336
338.6328125, -0.022449
338.662841796875, 0.102906
338.69287109375, 0.033265
338.722900390625, 0.061121
338.7529296875, -0.001556
338.782958984375, 0.068085
338.812744140625, 0.033265
338.8427734375, -0.064233
338.872802734375, 0.047193
338.90283203125, 0.054157
338.932861328125, 0.068085
338.962890625, -0.050305
338.992919921875, -0.001556
339.02294921875, -0.022449
339.052978515625, -0.224409
339.082763671875, 0.116834
339.11279296875, 0.075049
339.142822265625, -0.043341
339.1728515625, 0.054157
339.202880859375, 0.0263
339.23291015625, -0.043341
339.262939453125, -0.050305
339.29296875, 0.047193
339.32275390625, 0.144691
339.352783203125, 0.095942
339.3828125, 0.10987
339.412841796875, 0.075049
339.44287109375, 0.095942
339.472900390625, 0.005408
339.5029296875, -0.09209
339.532958984375, -0.029413
339.56298828125, -0.21048
339.5927734375, 0.012372
339.622802734375, 0.033265
339.65283203125, 0.137727
339.682861328125, 0.088978
339.712890625, 0.033265
339.742919921875, 0.040229
339.77294921875, 0.061121
339.802978515625, -0.043341
339.832763671875, 0.019336
339.86279296875, 0.012372
339.892822265625, 0.068085
339.9228515625, 0.130762
339.952880859375, 0.095942
339.98291015625, -0.064233
340.012939453125, 0.005408
340.04296875, 0.095942
340.07275390625, -0.043341
340.102783203125, 0.054157
340.1328125, 0.082014
340.162841796875, 0.10987
340.19287109375, -0.106018
340.222900390625, -0.09209
340.2529296875, -0.147803
340.282958984375, 0.144691
340.31298828125, -0.036377
340.3427734375, -0.064233
340.372802734375, 0.047193
340.40283203125, -0.015484
340.432861328125, -0.064233
340.462890625, 0.068085
340.492919921875, -0.001556
340.52294921875, 0.005408
340.552978515625, -0.071198
340.582763671875, -0.071198
340.61279296875, -0.029413
340.642822265625, -0.050305
340.6728515625, -0.029413
340.702880859375, 0.019336
340.73291015625, 0.075049
340.762939453125, 0.082014
340.79296875, 0.082014
340.822998046875, -0.015484
340.852783203125, -0.071198
340.8828125, 0.10987
340.912841796875, 0.019336
340.94287109375, 0.068085
340.972900390625, 0.116834
341.0029296875, 0.082014
341.032958984375, 0.047193
341.06298828125, -0.015484
341.0927734375, -0.050305
341.122802734375, -0.022449
341.15283203125, 0.012372
341.182861328125, -0.00852
341.212890625, 0.047193
341.242919921875, 0.005408
341.27294921875, -0.09209
341.302978515625, -0.050305
341.332763671875, 0.040229
341.36279296875, 0.095942
341.392822265625, -0.189588
341.4228515625, -0.015484
341.452880859375, -0.036377
341.48291015625, -0.001556
341.512939453125, -0.022449
341.54296875, 0.088978
341.572998046875, 0.019336
341.602783203125, 0.054157
341.6328125, -0.064233
341.662841796875, 0.061121
341.69287109375, -0.057269
341.722900390625, 0.033265
341.7529296875, 0.012372
341.782958984375, 0.005408
341.81298828125, 0.082014
341.8427734375, -0.064233
341.872802734375, 0.040229
341.90283203125, 0.040229
341.932861328125, 0.054157
341.962890625, 0.172547
341.992919921875, -0.00852
342.02294921875, 0.005408
342.052978515625, 0.033265
342.0830078125, 0.0263
342.11279296875, -0.057269
342.142822265625, -0.112982
342.1728515625, 0.186476
342.202880859375, 0.040229
342.23291015625, -0.001556
342.262939453125, -0.022449
342.29296875, -0.015484
342.322998046875, 0.082014
342.352783203125, 0.116834
342.3828125, 0.012372
342.412841796875, 0.061121
342.44287109375, -0.022449
342.472900390625, 0.012372
342.5029296875, -0.050305
342.532958984375, -0.057269
342.56298828125, 0.137727
342.593017578125, 0.144691
342.622802734375, -0.001556
342.65283203125, -0.036377
342.682861328125, -0.00852
342.712890625, 0.0263
342.742919921875, 0.130762
342.77294921875, -0.196552
342.802978515625, -0.022449
342.8330078125, -0.00852
342.86279296875, 0.054157
342.892822265625, -0.036377
342.9228515625, -0.00852
342.952880859375, -0.00852
342.98291015625, -0.126911
343.012939453125, -0.00852
343.04296875, 0.068085
343.072998046875, 0.033265
343.102783203125, 0.019336
343.1328125, -0.022449
343.162841796875, -0.140839
343.19287109375, 0.130762
343.222900390625, 0.0263
343.2529296875, 0.137727
343.282958984375, -0.001556
343.31298828125, 0.005408
343.343017578125, -0.078162
343.372802734375, 0.102906
343.40283203125, -0.112982
343.432861328125, -0.036377
343.462890625, -0.099054
343.492919921875, 0.033265
343.52294921875, 0.075049
343.552978515625, 0.123798
343.5830078125, -0.00852
343.61279296875, 0.005408
343.642822265625, 0.040229
343.6728515625, -0.043341
343.702880859375, 0.10987
343.73291015625, -0.106018
343.762939453125, -0.001556
343.79296875, 0.082014
343.822998046875, -0.00852
343.85302734375, -0.085126
343.8828125, -0.043341
343.912841796875, -0.029413
343.94287109375, 0.005408
343.972900390625, 0.075049
344.0029296875, -0.064233
344.032958984375, 0.019336
344.06298828125, 0.033265
344.093017578125, 0.095942
344.122802734375, 0.033265
344.15283203125, -0.043341
344.182861328125, -0.071198
344.212890625, 0.0263
344.242919921875, -0.064233
344.27294921875, -0.050305
344.302978515625, 0.054157
344.3330078125, -0.071198
344.36279296875, 0.095942
344.392822265625, 0.095942
344.4228515625, 0.005408
344.452880859375, -0.022449
344.48291015625, 0.165583
344.512939453125, 0.005408
344.54296875, 0.054157
344.572998046875, 0.005408
344.60302734375, 0.0263
344.6328125, -0.00852
344.662841796875, 0.040229
344.69287109375, -0.126911
344.722900390625, -0.064233
344.7529296875, -0.036377
344.782958984375, 0.054157
344.81298828125, 0.068085
344.843017578125, 0.033265
344.872802734375, 0.075049
344.90283203125, 0.054157
344.932861328125, -0.036377
344.962890625, -0.085126
344.992919921875, 0.22826
345.02294921875, 0.290938
345.052978515625, 0.088978
345.0830078125, -0.133875
345.113037109375, -0.001556
345.142822265625, 0.068085
345.1728515625, -0.001556
345.202880859375, 0.082014
345.23291015625, 0.012372
345.262939453125, 0.130762
345.29296875, 0.082014
345.322998046875, 0.047193
345.35302734375, 0.040229
345.3828125, -0.064233
345.412841796875, 0.012372
345.44287109375, -0.099054
345.472900390625, 0.005408
345.5029296875, 0.019336
345.532958984375, 0.061121
345.56298828125, -0.147803
345.593017578125, -0.022449
345.623046875, 0.061121
345.65283203125, -0.050305
345.682861328125, 0.061121
345.712890625, -0.085126
345.742919921875, -0.106018
345.77294921875, -0.112982
345.802978515625, 0.116834
345.8330078125, 0.012372
345.863037109375, -0.050305
345.892822265625, 0.040229
345.9228515625, 0.0263
345.952880859375, -0.036377
345.98291015625, -0.036377
346.012939453125, 0.061121
346.04296875, 0.019336
346.072998046875, -0.057269
346.10302734375, -0.001556
346.1328125, 0.095942
346.162841796875, 0.033265
346.19287109375, 0.033265
346.222900390625, 0.012372
346.2529296875, 0.075049
346.282958984375, 0.088978
346.31298828125, 0.10987
346.343017578125, -0.001556
346.373046875, 0.165583
346.40283203125, 0.012372
346.432861328125, -0.029413
346.462890625, 0.040229
346.492919921875, 0.061121
346.52294921875, 0.158619
346.552978515625, 0.068085
346.5830078125, 0.019336
346.613037109375, 0.012372
346.642822265625, 0.054157
346.6728515625, -0.043341
346.702880859375, 0.0263
346.73291015625, 0.0263
346.762939453125, 0.082014
346.79296875, 0.082014
346.822998046875, 0.005408
346.85302734375, 0.088978
346.883056640625, 0.088978
346.912841796875, 0.054157
346.94287109375, 0.151655
346.972900390625, -0.133875
347.0029296875, -0.057269
347.032958984375, 0.040229
347.06298828125, -0.09209
347.093017578125, 0.165583
347.123046875, 0.054157
347.15283203125, -0.071198
347.182861328125, 0.088978
347.212890625, -0.022449
347.242919921875, 0.054157
347.27294921875, -0.022449
347.302978515625, -0.001556
347.3330078125, 0.054157
347.363037109375, 0.075049
347.39306640625, -0.106018
347.4228515625, 0.068085
347.452880859375, 0.095942
347.48291015625, -0.015484
347.512939453125, 0.040229
347.54296875, 0.012372
347.572998046875, 0.0263
347.60302734375, 0.10987
347.633056640625, -0.09209
347.662841796875, 0.068085
347.69287109375, 0.019336
347.722900390625, -0.00852
347.7529296875, 0.075049
347.782958984375, -0.00852
347.81298828125, 0.005408
347.843017578125, 0.019336
347.873046875, 0.005408
347.90283203125, -0.029413
347.932861328125, 0.005408
347.962890625, 0.10987
347.992919921875, 0.082014
348.02294921875, -0.099054
348.052978515625, -0.126911
348.0830078125, 0.068085
348.113037109375, -0.001556
348.14306640625, -0.029413
348.1728515625, -0.036377
348.202880859375, 0.012372
348.23291015625, -0.00852
348.262939453125, -0.022449
348.29296875, -0.022449
348.322998046875, -0.147803
348.35302734375, 0.095942
348.383056640625, 0.075049
348.412841796875, -0.043341
348.44287109375, 0.095942
348.472900390625, 0.0263
348.5029296875, 0.068085
348.532958984375, 0.130762
348.56298828125, -0.015484
348.593017578125, 0.061121
348.623046875, 0.047193
348.653076171875, -0.043341
348.682861328125, 0.144691
348.712890625, -0.001556
348.742919921875, -0.043341
348.77294921875, -0.001556
348.802978515625, 0.116834
348.8330078125, -0.050305
348.863037109375, 0.005408
348.89306640625, 0.095942
348.9228515625, -0.022449
348.952880859375, 0.040229
348.98291015625, -0.00852
349.012939453125, -0.057269
349.04296875, 0.054157
349.072998046875, 0.047193
349.10302734375, 0.061121
349.133056640625, 0.151655
349.162841796875, -0.064233
349.19287109375, -0.09209
349.222900390625, -0.001556
349.2529296875, 0.047193
349.282958984375, -0.043341
349.31298828125, -0.022449
349.343017578125, 0.075049
349.373046875, -0.043341
349.403076171875, -0.001556
349.432861328125, -0.050305
349.462890625, 0.158619
349.492919921875, 0.116834
349.52294921875, 0.040229
349.552978515625, 0.019336
349.5830078125, -0.071198
349.613037109375, -0.09209
349.64306640625, 0.005408
349.6728515625, 0.047193
349.702880859375, 0.137727
349.73291015625, -0.029413
349.762939453125, 0.012372
349.79296875, 0.179511
349.822998046875, -0.001556
349.85302734375, -0.029413
349.883056640625, -0.00852
349.9130859375, 0.068085
349.94287109375, 0.033265
349.972900390625, -0.015484
350.0029296875, 0.137727
