Tag, Descricao, Modulo, Fase, Grandeza, IdSensor, Frequencia_Amostragem, Timestamp
M1IOCC1, I OPENING COIL C, 1, C, I, 1, 33333.0, 1749047566.1028318

tempos, dados
0.01953125, 0.016056
0.049560546875, 0.113926
0.07958984375, 0.064991
0.109375, 0.023046
0.139404296875, -0.109777
0.16943359375, 0.016056
0.199462890625, 0.009065
0.2294921875, -0.067833
0.259521484375, 0.023046
0.28955078125, 0.023046
0.319580078125, -0.088805
0.349365234375, 0.127907
0.37939453125, -0.004917
0.409423828125, -0.060842
0.439453125, -0.095796
0.469482421875, -0.03987
0.49951171875, -0.018898
0.529541015625, 0.044018
0.5595703125, 0.051009
0.58935546875, -0.011907
0.619384765625, 0.051009
0.6494140625, -0.067833
0.679443359375, 0.044018
0.70947265625, 0.064991
0.739501953125, 0.009065
0.76953125, -0.060842
0.799560546875, 0.037028
0.82958984375, 0.092954
0.859375, -0.004917
0.889404296875, -0.074824
0.91943359375, 0.064991
0.949462890625, -0.004917
0.9794921875, -0.116768
1.009521484375, -0.018898
1.03955078125, -0.018898
1.069580078125, -0.053852
1.099365234375, -0.074824
1.12939453125, 0.134898
1.159423828125, 0.037028
1.189453125, 0.141889
1.219482421875, -0.109777
1.24951171875, -0.088805
1.279541015625, -0.186675
1.3095703125, -0.025889
1.339599609375, -0.102787
1.369384765625, -0.046861
1.3994140625, 0.044018
1.429443359375, -0.060842
1.45947265625, -0.081815
1.489501953125, -0.032879
1.51953125, 0.023046
1.549560546875, 0.023046
1.57958984375, -0.060842
1.609375, 0.030037
1.639404296875, 0.023046
1.66943359375, -0.018898
1.699462890625, 0.120916
1.7294921875, 0.106935
1.759521484375, -0.046861
1.78955078125, -0.004917
1.819580078125, 0.141889
1.849609375, -0.074824
1.87939453125, -0.025889
1.909423828125, 0.127907
1.939453125, -0.060842
1.969482421875, -0.004917
1.99951171875, 0.071981
2.029541015625, 0.106935
2.0595703125, -0.011907
2.089599609375, 0.016056
2.119384765625, 0.120916
2.1494140625, 0.15587
2.179443359375, -0.011907
2.20947265625, -0.032879
2.239501953125, -0.109777
2.26953125, -0.095796
2.299560546875, -0.004917
2.32958984375, 0.030037
2.359375, 0.092954
2.389404296875, -0.018898
2.41943359375, -0.109777
2.449462890625, 0.002074
2.4794921875, 0.037028
2.509521484375, 0.002074
2.53955078125, 0.092954
2.569580078125, -0.004917
2.599609375, -0.011907
2.62939453125, 0.051009
2.659423828125, -0.053852
2.689453125, -0.067833
2.719482421875, 0.085963
2.74951171875, 0.009065
2.779541015625, 0.023046
2.8095703125, -0.116768
2.839599609375, 0.023046
2.869384765625, -0.053852
2.8994140625, 0.037028
2.929443359375, -0.03987
2.95947265625, 0.016056
2.989501953125, -0.158712
3.01953125, 0.009065
3.049560546875, 0.030037
3.07958984375, -0.074824
3.109619140625, 0.078972
3.139404296875, -0.074824
3.16943359375, -0.067833
3.199462890625, -0.13774
3.2294921875, -0.025889
3.259521484375, 0.120916
3.28955078125, -0.032879
3.319580078125, 0.016056
3.349609375, -0.025889
3.37939453125, -0.018898
3.409423828125, 0.002074
3.439453125, -0.144731
3.469482421875, -0.109777
3.49951171875, -0.011907
3.529541015625, -0.03987
3.5595703125, 0.030037
3.589599609375, 0.064991
3.61962890625, 0.058
3.6494140625, -0.074824
3.679443359375, -0.067833
3.70947265625, -0.13774
3.739501953125, -0.13075
3.76953125, -0.046861
3.799560546875, -0.03987
3.82958984375, -0.144731
3.859619140625, -0.074824
3.889404296875, -0.053852
3.91943359375, 0.085963
3.949462890625, 0.002074
3.9794921875, -0.018898
4.009521484375, 0.030037
4.03955078125, 0.037028
4.069580078125, 0.044018
4.099609375, -0.158712
4.12939453125, -0.116768
4.159423828125, -0.102787
4.189453125, -0.004917
4.219482421875, -0.03987
4.24951171875, 0.071981
4.279541015625, -0.067833
4.3095703125, -0.018898
4.339599609375, -0.004917
4.36962890625, 0.037028
4.3994140625, -0.018898
4.429443359375, 0.023046
4.45947265625, -0.067833
4.489501953125, -0.053852
4.51953125, 0.051009
4.549560546875, -0.011907
4.57958984375, -0.060842
4.609619140625, 0.016056
4.639404296875, 0.106935
4.66943359375, 0.002074
4.699462890625, -0.13075
4.7294921875, -0.144731
4.759521484375, -0.095796
4.78955078125, -0.053852
4.819580078125, 0.016056
4.849609375, -0.018898
4.879638671875, -0.046861
4.909423828125, 0.051009
4.939453125, 0.120916
4.969482421875, -0.018898
4.99951171875, -0.081815
5.029541015625, 0.002074
5.0595703125, -0.067833
5.089599609375, -0.263573
5.11962890625, -0.116768
5.1494140625, 0.016056
5.179443359375, -0.102787
5.20947265625, 0.030037
5.239501953125, -0.004917
5.26953125, -0.011907
5.299560546875, 0.009065
5.32958984375, -0.088805
5.359619140625, -0.13075
5.389404296875, 0.002074
5.41943359375, 0.037028
5.449462890625, -0.081815
5.4794921875, -0.060842
5.509521484375, 0.064991
5.53955078125, -0.011907
5.569580078125, 0.051009
5.599609375, -0.025889
5.629638671875, -0.053852
5.659423828125, -0.102787
5.689453125, 0.085963
5.719482421875, 0.016056
5.74951171875, -0.032879
5.779541015625, -0.046861
5.8095703125, -0.053852
5.839599609375, 0.044018
5.86962890625, 0.120916
5.8994140625, 0.002074
5.929443359375, 0.002074
5.95947265625, -0.004917
5.989501953125, 0.051009
6.01953125, 0.030037
6.049560546875, 0.064991
6.07958984375, -0.046861
6.109619140625, -0.060842
6.1396484375, 0.058
6.16943359375, 0.085963
6.199462890625, 0.037028
6.2294921875, 0.051009
6.259521484375, -0.046861
6.28955078125, 0.016056
6.319580078125, 0.037028
6.349609375, 0.071981
6.379638671875, 0.092954
6.409423828125, -0.025889
6.439453125, -0.053852
6.469482421875, 0.023046
6.49951171875, 0.051009
6.529541015625, -0.011907
6.5595703125, -0.018898
6.589599609375, -0.102787
6.61962890625, -0.011907
6.649658203125, 0.064991
6.679443359375, 0.037028
6.70947265625, -0.032879
6.739501953125, 0.078972
6.76953125, -0.123759
6.799560546875, -0.088805
6.82958984375, 0.030037
6.859619140625, -0.074824
6.8896484375, 0.078972
6.91943359375, 0.058
6.949462890625, -0.004917
6.9794921875, -0.081815
7.009521484375, 0.044018
7.03955078125, -0.123759
7.069580078125, -0.053852
7.099609375, -0.046861
7.129638671875, 0.016056
7.159423828125, 0.002074
7.189453125, -0.046861
7.219482421875, 0.002074
7.24951171875, 0.078972
7.279541015625, -0.095796
7.3095703125, -0.053852
7.339599609375, 0.023046
7.36962890625, 0.023046
7.399658203125, -0.095796
7.429443359375, -0.011907
7.45947265625, -0.074824
7.489501953125, 0.058
7.51953125, 0.064991
7.549560546875, 0.085963
7.57958984375, 0.064991
7.609619140625, -0.067833
7.6396484375, -0.032879
7.66943359375, 0.106935
7.699462890625, 0.002074
7.7294921875, -0.13075
7.759521484375, -0.004917
7.78955078125, -0.158712
7.819580078125, -0.123759
7.849609375, 0.030037
7.879638671875, -0.004917
7.90966796875, -0.081815
7.939453125, -0.060842
7.969482421875, 0.030037
7.99951171875, -0.046861
8.029541015625, -0.074824
8.0595703125, -0.074824
8.089599609375, -0.018898
8.11962890625, -0.011907
8.149658203125, -0.032879
8.179443359375, -0.088805
8.20947265625, 0.023046
8.239501953125, 0.037028
8.26953125, -0.053852
8.299560546875, -0.025889
8.32958984375, 0.030037
8.359619140625, 0.092954
8.3896484375, 0.037028
8.41943359375, -0.053852
8.449462890625, -0.004917
8.4794921875, -0.004917
8.509521484375, 0.120916
8.53955078125, -0.046861
8.569580078125, 0.071981
8.599609375, -0.046861
8.629638671875, 0.023046
8.65966796875, -0.018898
8.689453125, 0.071981
8.719482421875, -0.123759
8.74951171875, -0.067833
8.779541015625, -0.018898
8.8095703125, 0.002074
8.839599609375, 0.058
8.86962890625, 0.030037
8.899658203125, -0.053852
8.929443359375, 0.044018
8.95947265625, -0.046861
8.989501953125, -0.095796
9.01953125, -0.102787
9.049560546875, -0.053852
9.07958984375, -0.074824
9.109619140625, -0.123759
9.1396484375, 0.023046
9.169677734375, -0.102787
9.199462890625, -0.123759
9.2294921875, 0.037028
9.259521484375, -0.032879
9.28955078125, -0.032879
9.319580078125, -0.053852
9.349609375, 0.078972
9.379638671875, -0.088805
9.40966796875, 0.092954
9.439453125, 0.051009
9.469482421875, -0.053852
9.49951171875, 0.009065
9.529541015625, 0.064991
9.5595703125, 0.037028
9.589599609375, -0.032879
9.61962890625, -0.004917
9.649658203125, -0.060842
9.6796875, 0.016056
9.70947265625, 0.051009
9.739501953125, -0.004917
9.76953125, -0.03987
9.799560546875, 0.044018
9.82958984375, -0.004917
9.859619140625, 0.037028
9.8896484375, -0.03987
9.919677734375, 0.078972
9.949462890625, -0.081815
9.9794921875, 0.148879
10.009521484375, 0.023046
10.03955078125, -0.074824
10.069580078125, -0.032879
10.099609375, -0.018898
10.129638671875, 0.051009
10.15966796875, -0.032879
10.189453125, -0.025889
10.219482421875, 0.078972
10.24951171875, 0.023046
10.279541015625, 0.099944
10.3095703125, -0.018898
10.339599609375, -0.011907
10.36962890625, 0.106935
10.399658203125, -0.03987
10.4296875, -0.004917
10.45947265625, -0.095796
10.489501953125, 0.134898
10.51953125, -0.025889
10.549560546875, -0.095796
10.57958984375, 0.044018
10.609619140625, -0.03987
10.6396484375, 0.009065
10.669677734375, 0.064991
10.699462890625, 0.078972
10.7294921875, 0.023046
10.759521484375, -0.053852
10.78955078125, 0.106935
10.819580078125, 0.058
10.849609375, 0.064991
10.879638671875, 0.002074
10.90966796875, -0.046861
10.939697265625, 0.023046
10.969482421875, 0.051009
10.99951171875, 0.016056
11.029541015625, -0.053852
11.0595703125, -0.074824
11.089599609375, -0.067833
11.11962890625, 0.064991
11.149658203125, -0.102787
11.1796875, -0.158712
11.20947265625, 0.002074
11.239501953125, -0.025889
11.26953125, 0.016056
11.299560546875, -0.032879
11.32958984375, -0.074824
11.359619140625, -0.046861
11.3896484375, -0.081815
11.419677734375, 0.169852
11.44970703125, -0.046861
11.4794921875, -0.004917
11.509521484375, -0.004917
11.53955078125, 0.009065
11.569580078125, 0.058
11.599609375, -0.095796
11.629638671875, -0.025889
11.65966796875, -0.03987
11.689697265625, -0.116768
11.719482421875, -0.123759
11.74951171875, 0.023046
11.779541015625, -0.03987
11.8095703125, -0.046861
11.839599609375, 0.002074
11.86962890625, 0.071981
11.899658203125, -0.067833
11.9296875, 0.002074
11.95947265625, 0.064991
11.989501953125, -0.018898
12.01953125, -0.03987
12.049560546875, 0.051009
12.07958984375, 0.044018
12.109619140625, 0.051009
12.1396484375, -0.032879
12.169677734375, -0.018898
12.19970703125, 0.134898
12.2294921875, 0.009065
12.259521484375, -0.081815
12.28955078125, 0.009065
12.319580078125, -0.081815
12.349609375, -0.053852
12.379638671875, 0.204805
12.40966796875, -0.004917
12.439697265625, 0.023046
12.469482421875, 0.162861
12.49951171875, 0.044018
12.529541015625, 0.037028
12.5595703125, -0.032879
12.589599609375, -0.074824
12.61962890625, -0.011907
12.649658203125, -0.018898
12.6796875, 0.051009
12.709716796875, 0.002074
12.739501953125, 0.044018
12.76953125, 0.071981
12.799560546875, -0.074824
12.82958984375, -0.053852
12.859619140625, -0.102787
12.8896484375, 0.023046
12.919677734375, -0.074824
12.94970703125, 0.051009
12.9794921875, 0.078972
13.009521484375, -0.004917
13.03955078125, 0.064991
13.069580078125, 0.051009
13.099609375, 0.051009
13.129638671875, 0.113926
13.15966796875, 0.064991
13.189697265625, 0.051009
13.219482421875, 0.002074
13.24951171875, 0.030037
13.279541015625, -0.018898
13.3095703125, 0.078972
13.339599609375, 0.106935
13.36962890625, -0.03987
13.399658203125, -0.011907
13.4296875, -0.025889
13.459716796875, -0.025889
13.489501953125, 0.078972
13.51953125, -0.095796
13.549560546875, 0.051009
13.57958984375, 0.023046
13.609619140625, -0.067833
13.6396484375, -0.081815
13.669677734375, 0.044018
13.69970703125, 0.113926
13.7294921875, 0.009065
13.759521484375, 0.044018
13.78955078125, 0.051009
13.819580078125, 0.023046
13.849609375, -0.03987
13.879638671875, 0.148879
13.90966796875, -0.011907
13.939697265625, -0.03987
13.9697265625, -0.03987
13.99951171875, -0.025889
14.029541015625, -0.067833
14.0595703125, 0.051009
14.089599609375, 0.023046
14.11962890625, 0.085963
14.149658203125, -0.053852
14.1796875, 0.078972
14.209716796875, 0.037028
14.239501953125, 0.023046
14.26953125, -0.060842
14.299560546875, 0.030037
14.32958984375, 0.044018
14.359619140625, 0.030037
14.3896484375, -0.158712
14.419677734375, 0.002074
14.44970703125, -0.018898
14.479736328125, -0.018898
14.509521484375, 0.016056
14.53955078125, 0.085963
14.569580078125, -0.081815
14.599609375, -0.011907
14.629638671875, -0.151722
14.65966796875, 0.002074
14.689697265625, 0.051009
14.7197265625, -0.081815
14.74951171875, 0.023046
14.779541015625, -0.018898
14.8095703125, -0.067833
14.839599609375, 0.002074
14.86962890625, -0.060842
14.899658203125, -0.060842
14.9296875, 0.002074
14.959716796875, 0.030037
14.989501953125, 0.016056
15.01953125, -0.011907
15.049560546875, -0.046861
15.07958984375, -0.116768
15.109619140625, -0.095796
15.1396484375, -0.004917
15.169677734375, 0.023046
15.19970703125, 0.037028
15.229736328125, -0.03987
15.259521484375, -0.053852
15.28955078125, -0.011907
15.319580078125, -0.046861
15.349609375, 0.078972
15.379638671875, 0.037028
15.40966796875, 0.030037
15.439697265625, -0.011907
15.4697265625, -0.004917
15.49951171875, -0.074824
15.529541015625, -0.011907
15.5595703125, 0.002074
15.589599609375, -0.081815
15.61962890625, 0.051009
15.649658203125, -0.081815
15.6796875, 0.071981
15.709716796875, -0.109777
15.73974609375, 0.092954
15.76953125, -0.046861
15.799560546875, -0.011907
15.82958984375, 0.078972
15.859619140625, 0.058
15.8896484375, -0.025889
15.919677734375, -0.088805
15.94970703125, -0.081815
15.979736328125, 0.113926
16.009521484375, -0.018898
16.03955078125, -0.032879
16.069580078125, -0.102787
16.099609375, -0.004917
16.129638671875, 0.044018
16.15966796875, 0.092954
16.189697265625, 0.092954
16.2197265625, -0.088805
16.24951171875, -0.018898
16.279541015625, -0.109777
16.3095703125, 0.016056
16.339599609375, 0.009065
16.36962890625, 0.037028
16.399658203125, -0.011907
16.4296875, 0.051009
16.459716796875, -0.025889
16.48974609375, -0.102787
16.51953125, -0.053852
16.549560546875, -0.053852
16.57958984375, -0.095796
16.609619140625, -0.018898
16.6396484375, -0.067833
16.669677734375, -0.018898
16.69970703125, -0.025889
16.729736328125, -0.053852
16.759521484375, -0.123759
16.78955078125, 0.058
16.819580078125, -0.067833
16.849609375, 0.016056
16.879638671875, 0.058
16.90966796875, 0.064991
16.939697265625, 0.051009
16.9697265625, -0.018898
16.999755859375, -0.046861
17.029541015625, -0.109777
17.0595703125, -0.13075
17.089599609375, 0.016056
17.11962890625, -0.004917
17.149658203125, -0.116768
17.1796875, -0.095796
17.209716796875, 0.030037
17.23974609375, 0.148879
17.26953125, -0.025889
17.299560546875, 0.064991
17.32958984375, -0.053852
17.359619140625, 0.044018
17.3896484375, 0.002074
17.419677734375, 0.002074
17.44970703125, -0.004917
17.479736328125, 0.120916
17.509765625, -0.081815
17.53955078125, 0.009065
17.569580078125, 0.169852
17.599609375, -0.011907
17.629638671875, 0.023046
17.65966796875, 0.099944
17.689697265625, 0.058
17.7197265625, -0.011907
17.749755859375, 0.051009
17.779541015625, 0.002074
17.8095703125, 0.037028
17.839599609375, -0.011907
17.86962890625, 0.064991
17.899658203125, 0.058
17.9296875, -0.032879
17.959716796875, 0.016056
17.98974609375, -0.074824
18.01953125, 0.037028
18.049560546875, -0.053852
18.07958984375, -0.046861
18.109619140625, -0.067833
18.1396484375, -0.067833
18.169677734375, -0.095796
18.19970703125, 0.044018
18.229736328125, 0.002074
18.259765625, -0.088805
18.28955078125, -0.053852
18.319580078125, 0.016056
18.349609375, -0.025889
18.379638671875, -0.074824
18.40966796875, -0.095796
18.439697265625, 0.092954
18.4697265625, 0.141889
18.499755859375, -0.053852
18.529541015625, 0.204805
18.5595703125, 0.051009
18.589599609375, -0.095796
18.61962890625, -0.060842
18.649658203125, 0.023046
18.6796875, -0.088805
18.709716796875, 0.030037
18.73974609375, -0.067833
18.769775390625, -0.123759
18.799560546875, 0.023046
18.82958984375, -0.025889
18.859619140625, -0.053852
18.8896484375, -0.004917
18.919677734375, 0.169852
18.94970703125, 0.044018
18.979736328125, -0.032879
19.009765625, 0.044018
19.03955078125, -0.060842
19.069580078125, 0.051009
19.099609375, 0.016056
19.129638671875, 0.044018
19.15966796875, -0.011907
19.189697265625, 0.009065
19.2197265625, -0.081815
19.249755859375, -0.102787
19.27978515625, 0.064991
19.3095703125, 0.099944
19.339599609375, -0.151722
19.36962890625, 0.030037
19.399658203125, -0.074824
19.4296875, -0.172694
19.459716796875, 0.002074
19.48974609375, 0.051009
19.519775390625, -0.046861
19.549560546875, -0.053852
19.57958984375, 0.064991
19.609619140625, -0.053852
19.6396484375, -0.074824
19.669677734375, 0.044018
19.69970703125, -0.032879
19.729736328125, -0.025889
19.759765625, 0.030037
19.78955078125, -0.060842
19.819580078125, 0.030037
19.849609375, -0.018898
19.879638671875, -0.025889
19.90966796875, 0.009065
19.939697265625, 0.002074
19.9697265625, -0.046861
19.999755859375, -0.032879
20.02978515625, -0.03987
20.0595703125, 0.037028
20.089599609375, 0.002074
20.11962890625, -0.046861
20.149658203125, -0.123759
20.1796875, -0.081815
20.209716796875, -0.032879
20.23974609375, -0.074824
20.269775390625, -0.004917
20.299560546875, -0.095796
20.32958984375, 0.037028
20.359619140625, 0.030037
20.3896484375, -0.067833
20.419677734375, -0.13774
20.44970703125, 0.016056
20.479736328125, 0.064991
20.509765625, 0.099944
20.539794921875, 0.099944
20.569580078125, 0.064991
20.599609375, 0.037028
20.629638671875, 0.064991
20.65966796875, 0.078972
20.689697265625, 0.051009
20.7197265625, -0.053852
20.749755859375, 0.058
20.77978515625, -0.004917
20.8095703125, 0.037028
20.839599609375, -0.172694
20.86962890625, -0.004917
20.899658203125, -0.081815
20.9296875, -0.116768
20.959716796875, -0.025889
20.98974609375, -0.03987
21.019775390625, -0.011907
21.049560546875, -0.011907
21.07958984375, -0.025889
21.109619140625, -0.060842
21.1396484375, -0.046861
21.169677734375, -0.102787
21.19970703125, -0.088805
21.229736328125, -0.151722
21.259765625, -0.046861
21.289794921875, -0.13774
21.319580078125, -0.081815
21.349609375, 0.037028
21.379638671875, -0.046861
21.40966796875, -0.074824
21.439697265625, -0.025889
21.4697265625, 0.016056
21.499755859375, -0.046861
21.52978515625, -0.207648
21.5595703125, -0.011907
21.589599609375, -0.004917
21.61962890625, 0.002074
21.649658203125, -0.025889
21.6796875, -0.088805
21.709716796875, -0.074824
21.73974609375, -0.214638
21.769775390625, -0.032879
21.7998046875, -0.081815
21.82958984375, -0.025889
21.859619140625, 0.002074
21.8896484375, 0.002074
21.919677734375, 0.071981
21.94970703125, 0.051009
21.979736328125, -0.032879
22.009765625, -0.011907
22.039794921875, 0.030037
22.069580078125, 0.023046
22.099609375, -0.032879
22.129638671875, -0.13075
22.15966796875, 0.051009
22.189697265625, 0.148879
22.2197265625, 0.141889
22.249755859375, 0.162861
22.27978515625, 0.016056
22.309814453125, -0.004917
22.339599609375, 0.051009
22.36962890625, -0.011907
22.399658203125, -0.03987
22.4296875, 0.016056
22.459716796875, 0.023046
22.48974609375, 0.044018
22.519775390625, -0.074824
22.5498046875, 0.002074
22.57958984375, 0.044018
22.609619140625, 0.016056
22.6396484375, -0.011907
22.669677734375, 0.002074
22.69970703125, -0.116768
22.729736328125, -0.074824
22.759765625, -0.095796
22.789794921875, -0.03987
22.819580078125, -0.081815
22.849609375, 0.023046
22.879638671875, -0.095796
22.90966796875, -0.179685
22.939697265625, -0.074824
22.9697265625, -0.144731
22.999755859375, 0.071981
23.02978515625, -0.053852
23.059814453125, -0.025889
23.089599609375, -0.032879
23.11962890625, -0.053852
23.149658203125, 0.092954
23.1796875, -0.109777
23.209716796875, 0.106935
23.23974609375, 0.002074
23.269775390625, 0.092954
23.2998046875, 0.148879
23.32958984375, -0.053852
23.359619140625, -0.046861
23.3896484375, 0.071981
23.419677734375, 0.106935
23.44970703125, -0.13075
23.479736328125, -0.03987
23.509765625, -0.018898
23.539794921875, -0.053852
23.56982421875, -0.018898
23.599609375, -0.03987
23.629638671875, -0.025889
23.65966796875, 0.016056
23.689697265625, -0.074824
23.7197265625, 0.058
23.749755859375, -0.03987
23.77978515625, -0.018898
23.809814453125, 0.078972
23.839599609375, -0.032879
23.86962890625, -0.011907
23.899658203125, -0.032879
23.9296875, 0.016056
23.959716796875, 0.085963
23.98974609375, 0.009065
24.019775390625, 0.051009
24.0498046875, -0.011907
24.079833984375, -0.03987
24.109619140625, 0.058
24.1396484375, -0.046861
24.169677734375, -0.032879
24.19970703125, 0.009065
24.229736328125, -0.025889
24.259765625, -0.144731
24.289794921875, -0.011907
24.31982421875, -0.025889
24.349609375, -0.165703
24.379638671875, 0.030037
24.40966796875, 0.058
24.439697265625, 0.016056
24.4697265625, 0.176842
24.499755859375, -0.067833
24.52978515625, 0.078972
24.559814453125, 0.009065
24.589599609375, -0.025889
24.61962890625, 0.016056
24.649658203125, 0.002074
24.6796875, 0.078972
24.709716796875, -0.046861
24.73974609375, -0.011907
24.769775390625, 0.058
24.7998046875, 0.071981
24.829833984375, -0.053852
24.859619140625, 0.071981
24.8896484375, 0.141889
24.919677734375, 0.030037
24.94970703125, -0.116768
24.979736328125, 0.037028
25.009765625, -0.081815
25.039794921875, -0.03987
25.06982421875, -0.03987
25.099609375, -0.032879
25.129638671875, 0.051009
25.15966796875, 0.037028
25.189697265625, -0.03987
25.2197265625, -0.011907
25.249755859375, 0.016056
25.27978515625, -0.109777
25.309814453125, -0.025889
25.33984375, -0.053852
25.36962890625, -0.011907
25.399658203125, 0.085963
25.4296875, -0.011907
25.459716796875, 0.030037
25.48974609375, 0.092954
25.519775390625, -0.025889
25.5498046875, -0.088805
25.579833984375, -0.046861
25.609619140625, 0.044018
25.6396484375, 0.106935
25.669677734375, -0.03987
25.69970703125, -0.067833
25.729736328125, -0.018898
25.759765625, 0.044018
25.789794921875, 0.092954
25.81982421875, 0.106935
25.849609375, -0.144731
25.879638671875, 0.016056
25.90966796875, 0.009065
25.939697265625, 0.002074
25.9697265625, -0.004917
25.999755859375, 0.002074
26.02978515625, -0.144731
26.059814453125, -0.03987
26.08984375, -0.109777
26.11962890625, 0.058
26.149658203125, 0.030037
26.1796875, -0.046861
26.209716796875, 0.002074
26.23974609375, -0.032879
26.269775390625, 0.162861
26.2998046875, 0.120916
26.329833984375, -0.011907
26.359619140625, -0.032879
26.3896484375, 0.037028
26.419677734375, 0.030037
26.44970703125, -0.018898
26.479736328125, -0.067833
26.509765625, 0.085963
26.539794921875, 0.023046
26.56982421875, 0.037028
26.599853515625, -0.067833
26.629638671875, 0.106935
26.65966796875, -0.011907
26.689697265625, -0.172694
26.7197265625, 0.002074
26.749755859375, -0.060842
26.77978515625, 0.051009
26.809814453125, 0.023046
26.83984375, 0.023046
26.86962890625, -0.032879
26.899658203125, 0.085963
26.9296875, 0.030037
26.959716796875, 0.030037
26.98974609375, -0.025889
27.019775390625, -0.102787
27.0498046875, -0.165703
27.079833984375, 0.113926
27.10986328125, 0.002074
27.1396484375, 0.016056
27.169677734375, 0.009065
27.19970703125, 0.030037
27.229736328125, 0.030037
27.259765625, -0.004917
27.289794921875, 0.002074
27.31982421875, -0.004917
27.349853515625, 0.141889
27.379638671875, 0.058
27.40966796875, 0.064991
27.439697265625, -0.109777
27.4697265625, -0.116768
27.499755859375, 0.106935
27.52978515625, -0.018898
27.559814453125, 0.085963
27.58984375, -0.046861
27.61962890625, -0.151722
27.649658203125, -0.060842
27.6796875, -0.046861
27.709716796875, -0.13774
27.73974609375, 0.023046
27.769775390625, 0.113926
27.7998046875, -0.067833
27.829833984375, -0.081815
27.85986328125, 0.113926
27.8896484375, -0.095796
27.919677734375, 0.037028
27.94970703125, -0.123759
27.979736328125, -0.011907
28.009765625, 0.051009
28.039794921875, 0.016056
28.06982421875, -0.102787
28.099853515625, 0.030037
28.129638671875, -0.011907
28.15966796875, -0.004917
28.189697265625, -0.032879
28.2197265625, 0.051009
28.249755859375, -0.03987
28.27978515625, -0.018898
28.309814453125, 0.092954
28.33984375, 0.009065
28.369873046875, -0.03987
28.399658203125, 0.023046
28.4296875, 0.023046
28.459716796875, -0.046861
28.48974609375, 0.092954
28.519775390625, -0.109777
28.5498046875, 0.002074
28.579833984375, 0.030037
28.60986328125, -0.074824
28.6396484375, 0.085963
28.669677734375, -0.13075
28.69970703125, 0.071981
28.729736328125, 0.016056
28.759765625, -0.102787
28.789794921875, 0.002074
28.81982421875, -0.018898
28.849853515625, -0.004917
28.879638671875, 0.058
28.90966796875, -0.151722
28.939697265625, -0.144731
28.9697265625, 0.092954
28.999755859375, 0.037028
29.02978515625, -0.095796
29.059814453125, 0.023046
29.08984375, 0.058
29.119873046875, 0.064991
29.149658203125, -0.004917
29.1796875, -0.123759
29.209716796875, -0.165703
29.23974609375, 0.092954
29.269775390625, 0.058
29.2998046875, 0.058
29.329833984375, -0.102787
29.35986328125, 0.134898
29.3896484375, -0.158712
29.419677734375, -0.067833
29.44970703125, 0.162861
29.479736328125, -0.088805
29.509765625, -0.088805
29.539794921875, -0.095796
29.56982421875, 0.037028
29.599853515625, 0.169852
29.6298828125, -0.046861
29.65966796875, -0.011907
29.689697265625, 0.009065
29.7197265625, -0.095796
29.749755859375, -0.053852
29.77978515625, -0.032879
29.809814453125, 0.037028
29.83984375, 0.002074
29.869873046875, -0.095796
29.899658203125, -0.158712
29.9296875, -0.088805
29.959716796875, -0.03987
29.98974609375, -0.032879
30.019775390625, -0.032879
30.0498046875, -0.046861
30.079833984375, 0.016056
30.10986328125, 0.002074
30.139892578125, 0.023046
30.169677734375, 0.085963
30.19970703125, -0.03987
30.229736328125, 0.051009
30.259765625, -0.03987
30.289794921875, 0.058
30.31982421875, -0.025889
30.349853515625, 0.169852
30.3798828125, -0.025889
30.40966796875, -0.067833
30.439697265625, -0.109777
30.4697265625, -0.011907
30.499755859375, -0.018898
30.52978515625, -0.018898
30.559814453125, 0.030037
30.58984375, -0.179685
30.619873046875, -0.074824
30.649658203125, -0.004917
30.6796875, 0.009065
30.709716796875, 0.044018
30.73974609375, 0.051009
30.769775390625, -0.088805
30.7998046875, 0.030037
30.829833984375, 0.071981
30.85986328125, 0.023046
30.889892578125, 0.002074
30.919677734375, -0.067833
30.94970703125, -0.200657
30.979736328125, -0.011907
31.009765625, 0.030037
31.039794921875, 0.002074
31.06982421875, -0.03987
31.099853515625, -0.13774
31.1298828125, -0.025889
31.15966796875, -0.144731
31.189697265625, -0.025889
31.2197265625, -0.095796
31.249755859375, 0.058
31.27978515625, -0.03987
31.309814453125, 0.030037
31.33984375, -0.116768
31.369873046875, -0.123759
31.39990234375, 0.058
31.4296875, 0.023046
31.459716796875, 0.009065
31.48974609375, -0.025889
31.519775390625, 0.002074
31.5498046875, -0.074824
31.579833984375, 0.044018
31.60986328125, -0.011907
31.639892578125, 0.085963
31.669677734375, -0.032879
31.69970703125, 0.002074
31.729736328125, 0.064991
31.759765625, -0.053852
31.789794921875, 0.099944
31.81982421875, 0.037028
31.849853515625, 0.009065
31.8798828125, 0.051009
31.909912109375, -0.116768
31.939697265625, 0.058
31.9697265625, -0.025889
31.999755859375, 0.092954
32.02978515625, 0.030037
32.059814453125, -0.025889
32.08984375, 0.016056
32.119873046875, 0.016056
32.14990234375, 0.162861
32.1796875, -0.03987
32.209716796875, -0.060842
32.23974609375, 0.009065
32.269775390625, -0.102787
32.2998046875, 0.009065
32.329833984375, -0.123759
32.35986328125, 0.064991
32.389892578125, 0.037028
32.419677734375, 0.148879
32.44970703125, -0.298527
32.479736328125, 0.002074
32.509765625, 0.030037
32.539794921875, 0.113926
32.56982421875, -0.018898
32.599853515625, 0.009065
32.6298828125, 0.113926
32.659912109375, 0.239759
32.689697265625, -0.025889
32.7197265625, 0.009065
32.749755859375, -0.053852
32.77978515625, 0.064991
32.809814453125, 0.141889
32.83984375, 0.030037
32.869873046875, 0.009065
32.89990234375, -0.088805
32.9296875, -0.018898
32.959716796875, -0.123759
32.98974609375, -0.03987
33.019775390625, 0.023046
33.0498046875, 0.016056
33.079833984375, 0.127907
33.10986328125, 0.106935
33.139892578125, 0.099944
33.169921875, -0.109777
33.19970703125, -0.116768
33.229736328125, -0.004917
33.259765625, 0.037028
33.289794921875, 0.064991
33.31982421875, 0.023046
33.349853515625, -0.060842
33.3798828125, -0.060842
33.409912109375, -0.032879
33.439697265625, 0.023046
33.4697265625, -0.032879
33.499755859375, -0.018898
33.52978515625, -0.23561
33.559814453125, 0.058
33.58984375, -0.053852
33.619873046875, 0.044018
33.64990234375, -0.116768
33.6796875, 0.051009
33.709716796875, -0.053852
33.73974609375, 0.092954
33.769775390625, -0.018898
33.7998046875, -0.025889
33.829833984375, 0.030037
33.85986328125, 0.051009
33.889892578125, 0.009065
33.919921875, -0.004917
33.94970703125, -0.018898
33.979736328125, -0.109777
34.009765625, 0.044018
34.039794921875, -0.067833
34.06982421875, -0.102787
34.099853515625, -0.025889
34.1298828125, -0.046861
34.159912109375, -0.032879
34.189697265625, 0.037028
34.2197265625, -0.165703
34.249755859375, -0.018898
34.27978515625, -0.13075
34.309814453125, 0.009065
34.33984375, 0.051009
34.369873046875, -0.025889
34.39990234375, 0.009065
34.429931640625, -0.081815
34.459716796875, -0.095796
34.48974609375, -0.179685
34.519775390625, 0.092954
34.5498046875, 0.099944
34.579833984375, -0.032879
34.60986328125, 0.030037
34.639892578125, 0.002074
34.669921875, 0.120916
34.69970703125, 0.009065
34.729736328125, -0.151722
34.759765625, 0.058
34.789794921875, -0.025889
34.81982421875, 0.134898
34.849853515625, 0.016056
34.8798828125, -0.074824
34.909912109375, -0.025889
34.93994140625, 0.064991
34.9697265625, -0.018898
34.999755859375, -0.03987
35.02978515625, 0.169852
35.059814453125, -0.053852
35.08984375, -0.13075
35.119873046875, -0.081815
35.14990234375, 0.064991
35.179931640625, 0.071981
35.209716796875, 0.016056
35.23974609375, -0.046861
35.269775390625, 0.134898
35.2998046875, 0.099944
35.329833984375, 0.009065
35.35986328125, -0.018898
35.389892578125, -0.144731
35.419921875, 0.078972
35.44970703125, 0.134898
35.479736328125, -0.088805
35.509765625, 0.058
35.539794921875, 0.197814
35.56982421875, -0.018898
35.599853515625, -0.109777
35.6298828125, 0.051009
35.659912109375, 0.078972
35.68994140625, -0.060842
35.7197265625, 0.037028
35.749755859375, 0.085963
35.77978515625, -0.13774
35.809814453125, -0.053852
35.83984375, 0.051009
35.869873046875, 0.078972
35.89990234375, 0.023046
35.929931640625, 0.023046
35.959716796875, -0.081815
35.98974609375, -0.011907
36.019775390625, -0.095796
36.0498046875, 0.085963
36.079833984375, -0.088805
36.10986328125, -0.032879
36.139892578125, -0.004917
36.169921875, -0.095796
36.199951171875, 0.051009
36.229736328125, 0.064991
36.259765625, -0.074824
36.289794921875, -0.067833
36.31982421875, 0.071981
36.349853515625, -0.032879
36.3798828125, 0.030037
36.409912109375, -0.053852
36.43994140625, 0.002074
36.4697265625, 0.030037
36.499755859375, -0.074824
36.52978515625, 0.023046
36.559814453125, -0.03987
36.58984375, -0.03987
36.619873046875, -0.081815
36.64990234375, -0.011907
36.679931640625, 0.037028
36.709716796875, -0.018898
36.73974609375, -0.067833
36.769775390625, 0.037028
36.7998046875, -0.102787
36.829833984375, -0.123759
36.85986328125, 0.044018
36.889892578125, 0.016056
36.919921875, 0.120916
36.949951171875, 0.071981
36.979736328125, 0.044018
37.009765625, 0.071981
37.039794921875, 0.002074
37.06982421875, -0.081815
37.099853515625, 0.016056
37.1298828125, 0.044018
37.159912109375, 0.030037
37.18994140625, -0.144731
37.2197265625, 0.002074
37.249755859375, -0.025889
37.27978515625, -0.123759
37.309814453125, -0.053852
37.33984375, -0.032879
37.369873046875, -0.025889
37.39990234375, 0.037028
37.429931640625, 0.023046
37.4599609375, -0.046861
37.48974609375, 0.106935
37.519775390625, -0.095796
37.5498046875, 0.002074
37.579833984375, -0.151722
37.60986328125, 0.071981
37.639892578125, 0.016056
37.669921875, 0.037028
37.699951171875, 0.058
37.729736328125, 0.176842
37.759765625, -0.025889
37.789794921875, -0.046861
37.81982421875, 0.037028
37.849853515625, 0.071981
37.8798828125, 0.120916
37.909912109375, 0.023046
37.93994140625, 0.085963
37.969970703125, -0.025889
37.999755859375, -0.046861
38.02978515625, 0.092954
38.059814453125, 0.064991
38.08984375, -0.053852
38.119873046875, -0.081815
38.14990234375, 0.078972
38.179931640625, 0.009065
38.2099609375, 0.051009
38.23974609375, -0.207648
38.269775390625, -0.046861
38.2998046875, -0.011907
38.329833984375, 0.058
38.35986328125, -0.025889
38.389892578125, -0.088805
38.419921875, 0.058
38.449951171875, 0.169852
38.479736328125, 0.058
38.509765625, 0.218787
38.539794921875, 0.162861
38.56982421875, -0.004917
38.599853515625, -0.011907
38.6298828125, -0.193666
38.659912109375, -0.018898
38.68994140625, 0.037028
38.719970703125, 0.064991
38.749755859375, 0.078972
38.77978515625, -0.088805
38.809814453125, 0.002074
38.83984375, 0.106935
38.869873046875, -0.011907
38.89990234375, -0.123759
38.929931640625, -0.011907
38.9599609375, 0.127907
38.98974609375, -0.095796
39.019775390625, -0.074824
39.0498046875, -0.03987
39.079833984375, 0.002074
39.10986328125, -0.053852
39.139892578125, -0.074824
39.169921875, 0.051009
39.199951171875, -0.081815
39.22998046875, -0.123759
39.259765625, 0.016056
39.289794921875, 0.204805
39.31982421875, -0.025889
39.349853515625, -0.123759
39.3798828125, -0.032879
39.409912109375, 0.071981
39.43994140625, -0.025889
39.469970703125, -0.102787
39.499755859375, -0.060842
39.52978515625, -0.053852
39.559814453125, 0.058
39.58984375, -0.025889
39.619873046875, -0.03987
39.64990234375, -0.025889
39.679931640625, -0.081815
39.7099609375, 0.058
39.739990234375, -0.13774
39.769775390625, 0.120916
39.7998046875, 0.044018
39.829833984375, -0.032879
39.85986328125, 0.009065
39.889892578125, -0.067833
39.919921875, 0.030037
39.949951171875, -0.13774
39.97998046875, -0.03987
40.009765625, -0.03987
40.039794921875, -0.03987
40.06982421875, 0.037028
40.099853515625, -0.011907
40.1298828125, 0.030037
40.159912109375, -0.011907
40.18994140625, -0.046861
40.219970703125, -0.053852
40.249755859375, 0.037028
40.27978515625, -0.03987
40.309814453125, 0.120916
40.33984375, -0.13075
40.369873046875, 0.002074
40.39990234375, -0.032879
40.429931640625, 0.051009
40.4599609375, 0.002074
40.489990234375, -0.067833
40.519775390625, 0.044018
40.5498046875, -0.011907
40.579833984375, -0.060842
40.60986328125, -0.116768
40.639892578125, -0.053852
40.669921875, -0.109777
40.699951171875, -0.067833
40.72998046875, -0.018898
40.759765625, -0.032879
40.789794921875, -0.109777
40.81982421875, -0.018898
40.849853515625, 0.002074
40.8798828125, -0.13075
40.909912109375, 0.044018
40.93994140625, -0.011907
40.969970703125, 0.009065
41.0, 0.016056
41.02978515625, -0.144731
41.059814453125, 0.037028
41.08984375, 0.099944
41.119873046875, -0.011907
41.14990234375, -0.032879
41.179931640625, 0.058
41.2099609375, -0.088805
41.239990234375, 0.009065
41.269775390625, -0.03987
41.2998046875, -0.03987
41.329833984375, -0.025889
41.35986328125, -0.067833
41.389892578125, -0.046861
41.419921875, 0.044018
41.449951171875, -0.067833
41.47998046875, 0.058
41.509765625, 0.044018
41.539794921875, 0.051009
41.56982421875, 0.120916
41.599853515625, -0.060842
41.6298828125, -0.046861
41.659912109375, 0.134898
41.68994140625, -0.011907
41.719970703125, -0.011907
41.75, 0.044018
41.77978515625, 0.030037
41.809814453125, -0.165703
41.83984375, 0.051009
41.869873046875, 0.030037
41.89990234375, -0.025889
41.929931640625, 0.232768
41.9599609375, 0.058
41.989990234375, 0.058
42.019775390625, 0.051009
42.0498046875, -0.004917
42.079833984375, 0.002074
42.10986328125, 0.016056
42.139892578125, -0.025889
42.169921875, 0.016056
42.199951171875, 0.099944
42.22998046875, 0.064991
42.260009765625, -0.011907
42.289794921875, -0.011907
42.31982421875, 0.030037
42.349853515625, 0.15587
42.3798828125, -0.088805
42.409912109375, 0.030037
42.43994140625, -0.025889
42.469970703125, -0.018898
42.5, -0.13774
42.52978515625, 0.051009
42.559814453125, -0.102787
42.58984375, 0.023046
42.619873046875, -0.025889
42.64990234375, -0.095796
42.679931640625, -0.004917
42.7099609375, -0.032879
42.739990234375, -0.025889
42.77001953125, 0.016056
42.7998046875, -0.116768
42.829833984375, 0.078972
42.85986328125, 0.030037
42.889892578125, 0.071981
42.919921875, -0.011907
42.949951171875, -0.011907
42.97998046875, 0.044018
43.010009765625, -0.018898
43.039794921875, 0.071981
43.06982421875, -0.060842
43.099853515625, 0.030037
43.1298828125, 0.044018
43.159912109375, 0.113926
43.18994140625, -0.004917
43.219970703125, 0.051009
43.25, 0.058
43.27978515625, -0.095796
43.309814453125, -0.004917
43.33984375, -0.046861
43.369873046875, 0.058
43.39990234375, -0.032879
43.429931640625, 0.113926
43.4599609375, -0.011907
43.489990234375, -0.13075
43.52001953125, -0.095796
43.5498046875, 0.085963
43.579833984375, -0.011907
43.60986328125, 0.113926
43.639892578125, -0.095796
43.669921875, -0.109777
43.699951171875, 0.058
43.72998046875, 0.023046
43.760009765625, 0.183833
43.789794921875, -0.081815
43.81982421875, 0.009065
43.849853515625, 0.051009
43.8798828125, 0.009065
43.909912109375, -0.032879
43.93994140625, -0.074824
43.969970703125, 0.058
44.0, -0.011907
44.030029296875, -0.116768
44.059814453125, -0.109777
44.08984375, 0.064991
44.119873046875, -0.025889
44.14990234375, -0.025889
44.179931640625, 0.058
44.2099609375, 0.078972
44.239990234375, -0.060842
44.27001953125, -0.109777
44.2998046875, -0.032879
44.329833984375, 0.037028
44.35986328125, 0.064991
44.389892578125, 0.113926
44.419921875, 0.002074
44.449951171875, -0.116768
44.47998046875, 0.113926
44.510009765625, 0.071981
44.539794921875, 0.113926
44.56982421875, 0.002074
44.599853515625, -0.046861
44.6298828125, -0.053852
44.659912109375, -0.011907
44.68994140625, -0.074824
44.719970703125, -0.018898
44.75, -0.067833
44.780029296875, -0.067833
44.809814453125, 0.044018
44.83984375, 0.002074
44.869873046875, 0.037028
44.89990234375, 0.030037
44.929931640625, -0.13075
44.9599609375, 0.002074
44.989990234375, -0.179685
45.02001953125, -0.13075
45.0498046875, -0.004917
45.079833984375, -0.004917
45.10986328125, 0.030037
45.139892578125, 0.023046
45.169921875, -0.032879
45.199951171875, -0.025889
45.22998046875, -0.046861
45.260009765625, -0.025889
45.2900390625, -0.018898
45.31982421875, -0.060842
45.349853515625, 0.023046
45.3798828125, 0.002074
45.409912109375, 0.009065
45.43994140625, -0.095796
45.469970703125, 0.051009
45.5, -0.067833
45.530029296875, -0.011907
45.559814453125, -0.046861
45.58984375, 0.058
45.619873046875, -0.018898
45.64990234375, 0.051009
45.679931640625, 0.044018
45.7099609375, -0.060842
45.739990234375, 0.051009
45.77001953125, 0.023046
45.800048828125, -0.109777
45.829833984375, 0.106935
45.85986328125, -0.053852
45.889892578125, 0.169852
45.919921875, -0.067833
45.949951171875, -0.03987
45.97998046875, 0.064991
46.010009765625, -0.109777
46.0400390625, 0.016056
46.06982421875, 0.064991
46.099853515625, -0.067833
46.1298828125, -0.03987
46.159912109375, -0.011907
46.18994140625, -0.03987
46.219970703125, -0.116768
46.25, 0.064991
46.280029296875, -0.067833
46.309814453125, -0.060842
46.33984375, 0.044018
46.369873046875, -0.011907
46.39990234375, -0.018898
46.429931640625, 0.023046
46.4599609375, 0.051009
46.489990234375, 0.148879
46.52001953125, 0.009065
46.550048828125, -0.095796
46.579833984375, 0.002074
46.60986328125, 0.058
46.639892578125, 0.099944
46.669921875, 0.016056
46.699951171875, -0.004917
46.72998046875, -0.032879
46.760009765625, 0.009065
46.7900390625, 0.058
46.81982421875, 0.058
46.849853515625, 0.023046
46.8798828125, -0.074824
46.909912109375, 0.085963
46.93994140625, -0.081815
46.969970703125, 0.016056
47.0, -0.011907
47.030029296875, 0.127907
47.06005859375, 0.106935
47.08984375, 0.099944
47.119873046875, -0.032879
47.14990234375, -0.109777
47.179931640625, 0.016056
47.2099609375, -0.032879
47.239990234375, -0.03987
47.27001953125, -0.011907
47.300048828125, 0.009065
47.329833984375, -0.03987
47.35986328125, 0.092954
47.389892578125, -0.025889
47.419921875, -0.011907
47.449951171875, -0.004917
47.47998046875, 0.092954
47.510009765625, -0.004917
47.5400390625, 0.030037
47.570068359375, -0.046861
47.599853515625, 0.064991
47.6298828125, 0.141889
47.659912109375, 0.078972
47.68994140625, 0.016056
47.719970703125, -0.116768
47.75, 0.023046
47.780029296875, -0.025889
47.81005859375, 0.016056
47.83984375, 0.071981
47.869873046875, -0.088805
47.89990234375, 0.106935
47.929931640625, 0.085963
47.9599609375, -0.046861
47.989990234375, -0.074824
48.02001953125, 0.009065
48.050048828125, -0.088805
48.079833984375, -0.116768
48.10986328125, 0.051009
48.139892578125, 0.051009
48.169921875, -0.011907
48.199951171875, -0.046861
48.22998046875, 0.023046
48.260009765625, 0.016056
48.2900390625, 0.030037
48.320068359375, -0.053852
48.349853515625, 0.002074
48.3798828125, -0.074824
48.409912109375, -0.025889
48.43994140625, -0.109777
48.469970703125, 0.106935
48.5, -0.074824
48.530029296875, 0.064991
48.56005859375, 0.120916
48.58984375, -0.03987
48.619873046875, -0.067833
48.64990234375, -0.13075
48.679931640625, 0.002074
48.7099609375, 0.030037
48.739990234375, 0.058
48.77001953125, -0.046861
48.800048828125, -0.088805
48.830078125, -0.046861
48.85986328125, -0.102787
48.889892578125, -0.067833
48.919921875, 0.030037
48.949951171875, 0.023046
48.97998046875, -0.032879
49.010009765625, 0.016056
49.0400390625, 0.023046
49.070068359375, -0.13774
49.099853515625, -0.074824
49.1298828125, -0.032879
49.159912109375, -0.074824
49.18994140625, 0.016056
49.219970703125, 0.002074
49.25, 0.016056
49.280029296875, -0.116768
49.31005859375, -0.060842
49.33984375, -0.067833
49.369873046875, 0.051009
49.39990234375, -0.081815
49.429931640625, 0.016056
49.4599609375, -0.011907
49.489990234375, 0.002074
49.52001953125, 0.162861
49.550048828125, 0.044018
49.580078125, -0.13774
49.60986328125, 0.058
49.639892578125, 0.009065
49.669921875, -0.03987
49.699951171875, -0.13774
49.72998046875, -0.109777
49.760009765625, -0.025889
49.7900390625, -0.088805
49.820068359375, -0.046861
49.849853515625, -0.004917
49.8798828125, -0.018898
49.909912109375, 0.051009
49.93994140625, -0.053852
49.969970703125, 0.051009
50.0, -0.081815
50.030029296875, 0.051009
50.06005859375, -0.109777
50.090087890625, 0.002074
50.119873046875, 0.190824
50.14990234375, 0.498415
50.179931640625, 0.575313
50.2099609375, 0.7361
50.239990234375, 0.903877
50.27001953125, 1.141562
50.300048828125, 1.141562
50.330078125, 1.337302
50.35986328125, 1.449154
50.389892578125, 1.595959
50.419921875, 1.644894
50.449951171875, 1.812671
50.47998046875, 1.840634
50.510009765625, 1.910541
50.5400390625, 1.973458
50.570068359375, 2.18318
50.60009765625, 2.260078
50.6298828125, 2.392901
50.659912109375, 2.47679
50.68994140625, 2.567669
50.719970703125, 2.581651
50.75, 2.749428
50.780029296875, 2.882252
50.81005859375, 2.910215
50.840087890625, 2.966141
50.869873046875, 3.008085
50.89990234375, 3.098964
50.929931640625, 3.266742
50.9599609375, 3.210816
50.989990234375, 3.168872
51.02001953125, 3.287714
51.050048828125, 3.34364
51.080078125, 3.315677
51.10986328125, 3.497436
51.139892578125, 3.616278
51.169921875, 3.623269
51.199951171875, 3.644241
51.22998046875, 3.686185
51.260009765625, 3.805027
51.2900390625, 3.83299
51.320068359375, 3.574334
51.35009765625, 3.874935
51.3798828125, 3.93086
51.409912109375, 3.874935
51.43994140625, 3.937851
51.469970703125, 4.007758
51.5, 3.902897
51.530029296875, 4.007758
51.56005859375, 4.035721
51.590087890625, 3.993777
51.619873046875, 4.049703
51.64990234375, 3.979795
51.679931640625, 3.937851
51.7099609375, 4.070675
51.739990234375, 4.147573
51.77001953125, 4.126601
51.800048828125, 3.972805
51.830078125, 4.21748
51.860107421875, 4.175536
51.889892578125, 4.140582
51.919921875, 4.11961
51.949951171875, 4.147573
51.97998046875, 4.133591
52.010009765625, 4.098638
52.0400390625, 4.21748
52.070068359375, 4.168545
52.10009765625, 4.042712
52.1298828125, 4.31535
52.159912109375, 4.259424
52.18994140625, 4.203499
52.219970703125, 4.154564
52.25, 4.140582
52.280029296875, 4.112619
52.31005859375, 4.224471
52.340087890625, 4.175536
52.369873046875, 4.175536
52.39990234375, 4.154564
52.429931640625, 4.133591
52.4599609375, 4.11961
52.489990234375, 4.105628
52.52001953125, 4.189517
52.550048828125, 4.028731
52.580078125, 4.049703
52.610107421875, 4.014749
52.639892578125, 4.112619
52.669921875, 4.147573
52.699951171875, 4.028731
52.72998046875, 3.958823
52.760009765625, 3.916879
52.7900390625, 3.972805
52.820068359375, 4.049703
52.85009765625, 3.979795
52.8798828125, 3.826
52.909912109375, 4.035721
52.93994140625, 3.895907
52.969970703125, 3.944842
53.0, 3.742111
53.030029296875, 3.707157
53.06005859375, 3.944842
53.090087890625, 3.805027
53.1201171875, 3.742111
53.14990234375, 3.651231
53.179931640625, 3.693176
53.2099609375, 3.714148
53.239990234375, 3.742111
53.27001953125, 3.777064
53.300048828125, 3.707157
53.330078125, 3.749102
53.360107421875, 3.581324
53.389892578125, 3.714148
53.419921875, 3.644241
53.449951171875, 3.742111
53.47998046875, 3.693176
53.510009765625, 3.770074
53.5400390625, 3.881925
53.570068359375, 3.958823
53.60009765625, 3.986786
53.630126953125, 4.11961
53.659912109375, 3.965814
53.68994140625, 4.063684
53.719970703125, 4.161554
53.75, 4.056693
53.780029296875, 3.986786
53.81005859375, 4.098638
53.840087890625, 4.105628
53.8701171875, 4.007758
53.89990234375, 4.378267
53.929931640625, 4.280397
53.9599609375, 4.133591
53.989990234375, 4.287387
54.02001953125, 4.357294
54.050048828125, 4.322341
54.080078125, 4.357294
54.110107421875, 4.462155
54.139892578125, 4.539053
54.169921875, 4.455165
54.199951171875, 4.539053
54.22998046875, 4.60896
54.260009765625, 4.483127
54.2900390625, 4.525072
54.320068359375, 4.539053
54.35009765625, 4.643914
54.380126953125, 4.539053
54.409912109375, 4.448174
54.43994140625, 4.490118
54.469970703125, 4.469146
54.5, 4.692849
54.530029296875, 4.574007
54.56005859375, 4.60197
54.590087890625, 4.60896
54.6201171875, 4.483127
54.64990234375, 4.615951
54.679931640625, 4.580998
54.7099609375, 4.532063
54.739990234375, 4.615951
54.77001953125, 4.720812
54.800048828125, 4.580998
54.830078125, 4.720812
54.860107421875, 4.650905
54.89013671875, 4.636923
54.919921875, 4.636923
54.949951171875, 4.741784
54.97998046875, 4.741784
55.010009765625, 4.685858
55.0400390625, 4.629933
55.070068359375, 4.727803
55.10009765625, 4.60197
55.130126953125, 4.636923
55.159912109375, 4.713821
55.18994140625, 4.636923
55.219970703125, 4.622942
55.25, 4.685858
55.280029296875, 4.769747
55.31005859375, 4.811691
55.340087890625, 4.657896
55.3701171875, 4.825673
55.400146484375, 4.734794
55.429931640625, 4.804701
55.4599609375, 4.748775
55.489990234375, 4.769747
55.52001953125, 4.727803
55.550048828125, 4.69984
55.580078125, 4.636923
55.610107421875, 4.692849
55.64013671875, 4.636923
55.669921875, 4.713821
55.699951171875, 4.79771
55.72998046875, 4.615951
55.760009765625, 4.783729
55.7900390625, 4.769747
55.820068359375, 4.69984
55.85009765625, 4.783729
55.880126953125, 4.741784
55.909912109375, 4.755766
55.93994140625, 4.720812
55.969970703125, 4.853636
56.0, 4.825673
56.030029296875, 4.804701
56.06005859375, 4.881599
56.090087890625, 4.657896
56.1201171875, 4.790719
56.150146484375, 4.769747
56.179931640625, 4.888589
56.2099609375, 4.776738
56.239990234375, 4.888589
56.27001953125, 4.762756
56.300048828125, 4.657896
56.330078125, 4.839654
56.360107421875, 4.902571
56.39013671875, 4.671877
56.419921875, 4.741784
56.449951171875, 4.867617
56.47998046875, 4.783729
56.510009765625, 4.657896
56.5400390625, 4.734794
56.570068359375, 4.636923
56.60009765625, 4.741784
56.630126953125, 4.69984
56.66015625, 4.825673
56.68994140625, 4.783729
56.719970703125, 4.741784
56.75, 4.748775
56.780029296875, 4.727803
56.81005859375, 4.89558
56.840087890625, 4.657896
56.8701171875, 4.762756
56.900146484375, 4.748775
56.929931640625, 4.713821
56.9599609375, 4.972478
56.989990234375, 4.713821
57.02001953125, 4.755766
57.050048828125, 4.811691
57.080078125, 4.748775
57.110107421875, 4.790719
57.14013671875, 4.79771
57.169921875, 4.783729
57.199951171875, 4.685858
57.22998046875, 4.734794
57.260009765625, 4.60896
57.2900390625, 4.804701
57.320068359375, 4.713821
57.35009765625, 4.657896
57.380126953125, 4.594979
57.41015625, 4.629933
57.43994140625, 4.748775
57.469970703125, 4.615951
57.5, 4.713821
57.530029296875, 4.734794
57.56005859375, 4.650905
57.590087890625, 4.720812
57.6201171875, 4.518081
57.650146484375, 4.748775
57.679931640625, 4.441183
57.7099609375, 4.727803
57.739990234375, 4.650905
57.77001953125, 4.546044
57.800048828125, 4.671877
57.830078125, 4.657896
57.860107421875, 4.874608
57.89013671875, 4.622942
57.920166015625, 4.671877
57.949951171875, 4.734794
57.97998046875, 4.636923
58.010009765625, 4.706831
58.0400390625, 4.720812
58.070068359375, 4.741784
58.10009765625, 4.60896
58.130126953125, 4.748775
58.16015625, 4.580998
58.18994140625, 4.636923
58.219970703125, 4.650905
58.25, 4.79771
58.280029296875, 4.790719
58.31005859375, 4.636923
58.340087890625, 4.671877
58.3701171875, 4.769747
58.400146484375, 4.790719
58.43017578125, 4.69984
58.4599609375, 4.587988
58.489990234375, 4.615951
58.52001953125, 4.713821
58.550048828125, 4.741784
58.580078125, 4.734794
58.610107421875, 4.734794
58.64013671875, 4.755766
58.670166015625, 4.692849
58.699951171875, 4.741784
58.72998046875, 4.587988
58.760009765625, 4.748775
58.7900390625, 4.567016
58.820068359375, 4.643914
58.85009765625, 4.748775
58.880126953125, 4.636923
58.91015625, 4.580998
58.93994140625, 4.769747
58.969970703125, 4.643914
59.0, 4.734794
59.030029296875, 4.769747
59.06005859375, 4.671877
59.090087890625, 4.741784
59.1201171875, 4.776738
59.150146484375, 4.776738
59.18017578125, 4.560025
59.2099609375, 4.741784
59.239990234375, 4.664886
59.27001953125, 4.650905
59.300048828125, 4.741784
59.330078125, 4.678868
59.360107421875, 4.643914
59.39013671875, 4.783729
59.420166015625, 4.832664
59.449951171875, 4.643914
59.47998046875, 4.762756
59.510009765625, 4.776738
59.5400390625, 4.643914
59.570068359375, 4.615951
59.60009765625, 4.636923
59.630126953125, 4.692849
59.66015625, 4.629933
59.690185546875, 4.622942
59.719970703125, 4.769747
59.75, 4.755766
59.780029296875, 4.720812
59.81005859375, 4.643914
59.840087890625, 4.636923
59.8701171875, 4.720812
59.900146484375, 4.60197
59.93017578125, 4.706831
59.9599609375, 4.678868
59.989990234375, 4.664886
60.02001953125, 4.69984
60.050048828125, 4.574007
60.080078125, 4.539053
60.110107421875, 4.546044
60.14013671875, 4.385257
60.170166015625, 4.252434
60.199951171875, 4.273406
60.22998046875, 3.951833
60.260009765625, 3.826
60.2900390625, 3.777064
60.320068359375, 3.553361
60.35009765625, 3.259751
60.380126953125, 3.322667
60.41015625, 3.259751
60.440185546875, 2.966141
60.469970703125, 2.973131
60.5, 2.686512
60.530029296875, 2.560679
60.56005859375, 2.57466
60.590087890625, 2.420864
60.6201171875, 2.099291
60.650146484375, 2.120263
60.68017578125, 1.770727
60.7099609375, 1.812671
60.739990234375, 1.875588
60.77001953125, 1.623922
60.800048828125, 1.358274
60.830078125, 1.246423
60.860107421875, 1.211469
60.89013671875, 0.952812
60.920166015625, 0.952812
60.9501953125, 0.743091
60.97998046875, 0.610267
61.010009765625, -0.193666
61.0400390625, -0.046861
61.070068359375, -0.081815
61.10009765625, 0.023046
61.130126953125, -0.102787
61.16015625, 0.002074
61.190185546875, -0.03987
61.219970703125, -0.025889
61.25, -0.018898
61.280029296875, -0.109777
61.31005859375, 0.085963
61.340087890625, 0.002074
61.3701171875, -0.004917
61.400146484375, 0.058
61.43017578125, 0.030037
61.460205078125, -0.011907
61.489990234375, -0.144731
61.52001953125, -0.011907
61.550048828125, -0.053852
61.580078125, -0.081815
61.610107421875, -0.025889
61.64013671875, -0.095796
61.670166015625, -0.074824
61.7001953125, -0.067833
61.72998046875, -0.13774
61.760009765625, 0.030037
61.7900390625, -0.088805
61.820068359375, -0.032879
61.85009765625, -0.116768
61.880126953125, -0.032879
61.91015625, 0.078972
61.940185546875, -0.088805
61.969970703125, -0.018898
62.0, -0.004917
62.030029296875, -0.03987
62.06005859375, -0.074824
62.090087890625, -0.046861
62.1201171875, -0.060842
62.150146484375, -0.004917
62.18017578125, -0.011907
62.210205078125, -0.144731
62.239990234375, -0.13774
62.27001953125, 0.064991
62.300048828125, -0.123759
62.330078125, -0.032879
62.360107421875, -0.046861
62.39013671875, -0.03987
62.420166015625, -0.123759
62.4501953125, -0.102787
62.47998046875, 0.002074
62.510009765625, -0.025889
62.5400390625, -0.060842
62.570068359375, 0.044018
62.60009765625, 0.016056
62.630126953125, -0.067833
62.66015625, 0.044018
62.690185546875, -0.067833
62.72021484375, -0.025889
62.75, -0.018898
62.780029296875, -0.046861
62.81005859375, -0.060842
62.840087890625, -0.102787
62.8701171875, 0.078972
62.900146484375, -0.102787
62.93017578125, -0.067833
62.960205078125, -0.046861
62.989990234375, -0.046861
63.02001953125, 0.106935
63.050048828125, 0.058
63.080078125, -0.095796
63.110107421875, -0.03987
63.14013671875, 0.071981
63.170166015625, 0.051009
63.2001953125, 0.044018
63.230224609375, -0.053852
63.260009765625, 0.071981
63.2900390625, 0.071981
63.320068359375, -0.053852
63.35009765625, -0.088805
63.380126953125, -0.03987
63.41015625, -0.074824
63.440185546875, -0.060842
63.47021484375, -0.03987
63.5, 0.120916
63.530029296875, -0.046861
63.56005859375, 0.037028
63.590087890625, 0.030037
63.6201171875, -0.004917
63.650146484375, -0.081815
63.68017578125, -0.074824
63.710205078125, 0.037028
63.739990234375, -0.032879
63.77001953125, -0.067833
63.800048828125, 0.106935
63.830078125, -0.060842
63.860107421875, 0.064991
63.89013671875, -0.046861
63.920166015625, -0.095796
63.9501953125, 0.009065
63.980224609375, 0.051009
64.010009765625, -0.025889
64.0400390625, -0.060842
64.070068359375, 0.037028
64.10009765625, -0.158712
64.130126953125, 0.016056
64.16015625, 0.141889
64.190185546875, -0.081815
64.22021484375, 0.058
64.25, -0.018898
64.280029296875, -0.011907
64.31005859375, -0.067833
64.340087890625, 0.016056
64.3701171875, -0.025889
64.400146484375, 0.023046
64.43017578125, -0.03987
64.460205078125, -0.03987
64.490234375, 0.044018
64.52001953125, 0.071981
64.550048828125, 0.044018
64.580078125, 0.016056
64.610107421875, 0.030037
64.64013671875, -0.03987
64.670166015625, -0.088805
64.7001953125, -0.03987
64.730224609375, -0.102787
64.760009765625, -0.011907
64.7900390625, 0.002074
64.820068359375, 0.183833
64.85009765625, -0.095796
64.880126953125, 0.002074
64.91015625, -0.095796
64.940185546875, -0.067833
64.97021484375, -0.004917
65.0, -0.151722
65.030029296875, -0.046861
65.06005859375, 0.044018
65.090087890625, 0.016056
65.1201171875, 0.051009
65.150146484375, -0.088805
65.18017578125, 0.085963
65.210205078125, 0.071981
65.240234375, -0.011907
65.27001953125, 0.085963
65.300048828125, -0.053852
65.330078125, 0.002074
65.360107421875, -0.109777
65.39013671875, 0.051009
65.420166015625, -0.088805
65.4501953125, 0.085963
65.480224609375, -0.074824
65.510009765625, 0.016056
65.5400390625, -0.116768
65.570068359375, 0.009065
65.60009765625, -0.116768
65.630126953125, -0.109777
65.66015625, -0.179685
65.690185546875, -0.060842
65.72021484375, -0.053852
65.750244140625, -0.011907
65.780029296875, -0.060842
65.81005859375, -0.074824
65.840087890625, 0.071981
65.8701171875, 0.127907
65.900146484375, -0.032879
65.93017578125, 0.058
65.960205078125, -0.004917
65.990234375, -0.144731
66.02001953125, -0.025889
66.050048828125, 0.023046
66.080078125, -0.060842
66.110107421875, -0.03987
66.14013671875, 0.051009
66.170166015625, 0.113926
66.2001953125, 0.023046
66.230224609375, 0.085963
66.26025390625, -0.109777
66.2900390625, -0.025889
66.320068359375, -0.03987
66.35009765625, 0.030037
66.380126953125, 0.044018
66.41015625, -0.03987
66.440185546875, -0.067833
66.47021484375, -0.102787
66.500244140625, 0.099944
66.530029296875, -0.03987
66.56005859375, -0.095796
66.590087890625, -0.060842
66.6201171875, -0.067833
66.650146484375, -0.067833
66.68017578125, 0.051009
66.710205078125, 0.058
66.740234375, 0.148879
66.77001953125, 0.085963
66.800048828125, 0.016056
66.830078125, 0.009065
66.860107421875, 0.009065
66.89013671875, 0.016056
66.920166015625, -0.116768
66.9501953125, 0.009065
66.980224609375, 0.023046
67.01025390625, -0.13774
67.0400390625, -0.060842
67.070068359375, 0.023046
67.10009765625, -0.13075
67.130126953125, 0.030037
67.16015625, -0.109777
67.190185546875, 0.078972
67.22021484375, 0.030037
67.250244140625, 0.016056
67.280029296875, 0.051009
67.31005859375, -0.032879
67.340087890625, 0.106935
67.3701171875, -0.067833
67.400146484375, 0.002074
67.43017578125, 0.002074
67.460205078125, -0.046861
67.490234375, 0.162861
67.520263671875, -0.067833
67.550048828125, -0.03987
67.580078125, 0.009065
67.610107421875, -0.032879
67.64013671875, 0.030037
67.670166015625, -0.109777
67.7001953125, -0.004917
67.730224609375, -0.032879
67.76025390625, -0.109777
67.7900390625, 0.030037
67.820068359375, -0.018898
67.85009765625, -0.165703
67.880126953125, 0.120916
67.91015625, 0.023046
67.940185546875, 0.037028
67.97021484375, -0.067833
68.000244140625, -0.123759
68.0302734375, -0.074824
68.06005859375, 0.051009
68.090087890625, 0.016056
68.1201171875, -0.060842
68.150146484375, -0.032879
68.18017578125, -0.067833
68.210205078125, -0.165703
68.240234375, 0.037028
68.270263671875, -0.03987
68.300048828125, 0.023046
68.330078125, -0.011907
68.360107421875, 0.127907
68.39013671875, 0.002074
68.420166015625, -0.102787
68.4501953125, -0.018898
68.480224609375, 0.023046
68.51025390625, 0.071981
68.5400390625, -0.074824
68.570068359375, 0.051009
68.60009765625, -0.032879
68.630126953125, 0.099944
68.66015625, 0.078972
68.690185546875, -0.144731
68.72021484375, -0.025889
68.750244140625, -0.095796
68.7802734375, 0.141889
68.81005859375, 0.009065
68.840087890625, 0.037028
68.8701171875, -0.179685
68.900146484375, -0.011907
68.93017578125, -0.046861
68.960205078125, -0.095796
68.990234375, -0.067833
69.020263671875, -0.025889
69.050048828125, -0.011907
69.080078125, -0.018898
69.110107421875, -0.081815
69.14013671875, -0.025889
69.170166015625, 0.002074
69.2001953125, -0.123759
69.230224609375, -0.032879
69.26025390625, -0.032879
69.290283203125, 0.071981
69.320068359375, -0.158712
69.35009765625, 0.030037
69.380126953125, -0.095796
69.41015625, -0.025889
69.440185546875, -0.032879
69.47021484375, -0.025889
69.500244140625, -0.018898
69.5302734375, -0.046861
69.56005859375, 0.051009
69.590087890625, -0.03987
69.6201171875, 0.002074
69.650146484375, -0.088805
69.68017578125, 0.106935
69.710205078125, -0.03987
69.740234375, -0.123759
69.770263671875, 0.071981
69.800048828125, -0.053852
69.830078125, -0.053852
69.860107421875, -0.018898
69.89013671875, -0.13774
69.920166015625, 0.064991
69.9501953125, -0.025889
69.980224609375, -0.046861
70.01025390625, 0.169852
70.040283203125, -0.004917
70.070068359375, -0.032879
70.10009765625, -0.200657
70.130126953125, 0.085963
70.16015625, -0.004917
70.190185546875, 0.009065
70.22021484375, 0.023046
70.250244140625, 0.15587
70.2802734375, 0.009065
70.31005859375, 0.037028
70.340087890625, 0.085963
70.3701171875, -0.074824
70.400146484375, -0.102787
70.43017578125, -0.13075
70.460205078125, -0.13075
70.490234375, -0.067833
70.520263671875, -0.046861
70.55029296875, -0.109777
70.580078125, -0.074824
70.610107421875, -0.116768
70.64013671875, -0.13774
70.670166015625, 0.009065
70.7001953125, 0.002074
70.730224609375, -0.011907
70.76025390625, 0.058
70.790283203125, 0.058
70.820068359375, -0.13075
70.85009765625, -0.074824
70.880126953125, -0.025889
70.91015625, -0.095796
70.940185546875, -0.03987
70.97021484375, 0.030037
71.000244140625, -0.053852
71.0302734375, -0.067833
71.060302734375, -0.053852
71.090087890625, 0.058
71.1201171875, 0.037028
71.150146484375, -0.011907
71.18017578125, 0.009065
71.210205078125, 0.016056
71.240234375, -0.046861
71.270263671875, -0.046861
71.30029296875, 0.120916
71.330078125, 0.051009
71.360107421875, -0.011907
71.39013671875, -0.158712
71.420166015625, -0.060842
71.4501953125, 0.009065
71.480224609375, -0.025889
71.51025390625, -0.081815
71.540283203125, 0.016056
71.570068359375, -0.074824
71.60009765625, 0.044018
71.630126953125, -0.03987
71.66015625, -0.081815
71.690185546875, -0.067833
71.72021484375, 0.016056
71.750244140625, 0.016056
71.7802734375, -0.067833
71.810302734375, 0.064991
71.840087890625, -0.060842
71.8701171875, -0.095796
71.900146484375, -0.088805
71.93017578125, 0.002074
71.960205078125, 0.030037
71.990234375, -0.011907
72.020263671875, -0.03987
72.05029296875, 0.051009
72.080078125, -0.060842
72.110107421875, -0.018898
72.14013671875, 0.044018
72.170166015625, -0.081815
72.2001953125, 0.016056
72.230224609375, 0.106935
72.26025390625, 0.085963
72.290283203125, 0.071981
72.3203125, -0.095796
72.35009765625, -0.088805
72.380126953125, -0.060842
72.41015625, 0.037028
72.440185546875, -0.207648
72.47021484375, 0.064991
72.500244140625, -0.046861
72.5302734375, 0.002074
72.560302734375, 0.099944
72.590087890625, -0.03987
72.6201171875, -0.018898
72.650146484375, 0.016056
72.68017578125, 0.071981
72.710205078125, 0.016056
72.740234375, 0.113926
72.770263671875, 0.044018
72.80029296875, 0.037028
72.830078125, 0.127907
72.860107421875, 0.009065
72.89013671875, 0.106935
72.920166015625, 0.078972
72.9501953125, -0.025889
72.980224609375, 0.002074
73.01025390625, 0.099944
73.040283203125, 0.085963
73.0703125, -0.074824
73.10009765625, -0.03987
73.130126953125, -0.060842
73.16015625, -0.060842
73.190185546875, -0.046861
73.22021484375, -0.004917
73.250244140625, -0.074824
73.2802734375, 0.044018
73.310302734375, 0.009065
73.340087890625, -0.102787
73.3701171875, -0.060842
73.400146484375, -0.03987
73.43017578125, 0.071981
73.460205078125, 0.002074
73.490234375, 0.169852
73.520263671875, 0.078972
73.55029296875, 0.023046
73.580322265625, -0.011907
73.610107421875, -0.060842
73.64013671875, 0.016056
73.670166015625, -0.144731
73.7001953125, -0.067833
73.730224609375, 0.002074
73.76025390625, -0.13075
73.790283203125, 0.064991
73.8203125, 0.078972
73.85009765625, -0.046861
73.880126953125, 0.085963
73.91015625, 0.113926
73.940185546875, -0.025889
73.97021484375, -0.13774
74.000244140625, -0.03987
74.0302734375, -0.053852
74.060302734375, 0.099944
74.09033203125, -0.13075
74.1201171875, 0.148879
74.150146484375, -0.109777
74.18017578125, -0.03987
74.210205078125, 0.071981
74.240234375, 0.051009
74.270263671875, 0.092954
74.30029296875, 0.016056
74.330322265625, -0.088805
74.360107421875, 0.016056
74.39013671875, 0.051009
74.420166015625, -0.053852
74.4501953125, -0.046861
74.480224609375, 0.051009
74.51025390625, -0.03987
74.540283203125, -0.025889
74.5703125, -0.011907
74.60009765625, -0.004917
74.630126953125, 0.064991
74.66015625, -0.053852
74.690185546875, 0.078972
74.72021484375, -0.018898
74.750244140625, -0.053852
74.7802734375, 0.113926
74.810302734375, -0.046861
74.84033203125, 0.023046
74.8701171875, 0.106935
74.900146484375, -0.22862
74.93017578125, 0.009065
74.960205078125, 0.016056
74.990234375, -0.018898
75.020263671875, -0.109777
75.05029296875, -0.011907
75.080322265625, -0.03987
75.110107421875, -0.025889
75.14013671875, -0.067833
75.170166015625, -0.004917
75.2001953125, -0.03987
75.230224609375, -0.116768
75.26025390625, -0.13774
75.290283203125, -0.018898
75.3203125, 0.030037
75.350341796875, 0.078972
75.380126953125, -0.074824
75.41015625, -0.074824
75.440185546875, -0.046861
75.47021484375, -0.053852
75.500244140625, -0.046861
75.5302734375, -0.193666
75.560302734375, 0.044018
75.59033203125, -0.074824
75.6201171875, -0.011907
75.650146484375, -0.032879
75.68017578125, 0.15587
75.710205078125, -0.004917
75.740234375, 0.023046
75.770263671875, 0.078972
75.80029296875, -0.004917
75.830322265625, -0.004917
75.8603515625, -0.095796
75.89013671875, 0.037028
75.920166015625, -0.03987
75.9501953125, -0.011907
75.980224609375, -0.011907
76.01025390625, 0.071981
76.040283203125, 0.009065
76.0703125, 0.106935
76.100341796875, 0.085963
76.130126953125, -0.025889
76.16015625, -0.018898
76.190185546875, 0.127907
76.22021484375, -0.116768
76.250244140625, -0.067833
76.2802734375, 0.099944
76.310302734375, -0.074824
76.34033203125, -0.123759
76.3701171875, -0.03987
76.400146484375, -0.13075
76.43017578125, 0.113926
76.460205078125, -0.074824
76.490234375, -0.032879
76.520263671875, -0.151722
76.55029296875, -0.018898
76.580322265625, 0.016056
76.6103515625, 0.016056
76.64013671875, -0.046861
76.670166015625, 0.051009
76.7001953125, 0.023046
76.730224609375, -0.067833
76.76025390625, -0.109777
76.790283203125, 0.037028
76.8203125, -0.046861
76.850341796875, -0.025889
76.880126953125, -0.067833
76.91015625, 0.071981
76.940185546875, 0.016056
76.97021484375, -0.053852
77.000244140625, 0.023046
77.0302734375, -0.053852
77.060302734375, 0.044018
77.09033203125, -0.165703
77.120361328125, 0.037028
77.150146484375, -0.081815
77.18017578125, 0.037028
77.210205078125, 0.044018
77.240234375, 0.023046
77.270263671875, 0.002074
77.30029296875, 0.023046
77.330322265625, 0.058
77.3603515625, -0.123759
77.39013671875, -0.004917
77.420166015625, 0.071981
77.4501953125, 0.002074
77.480224609375, 0.044018
77.51025390625, -0.011907
77.540283203125, -0.060842
77.5703125, 0.064991
77.600341796875, 0.058
77.630126953125, 0.030037
77.66015625, -0.018898
77.690185546875, 0.071981
77.72021484375, -0.172694
77.750244140625, -0.011907
77.7802734375, 0.037028
77.810302734375, 0.044018
77.84033203125, -0.186675
77.870361328125, 0.044018
77.900146484375, -0.095796
77.93017578125, -0.018898
77.960205078125, 0.058
77.990234375, -0.025889
78.020263671875, -0.123759
78.05029296875, 0.120916
78.080322265625, -0.095796
78.1103515625, -0.018898
78.14013671875, -0.011907
78.170166015625, 0.085963
78.2001953125, -0.074824
78.230224609375, 0.051009
78.26025390625, -0.011907
78.290283203125, 0.058
78.3203125, -0.060842
78.350341796875, 0.044018
78.38037109375, -0.116768
78.41015625, 0.099944
78.440185546875, 0.078972
78.47021484375, -0.060842
78.500244140625, -0.116768
78.5302734375, -0.067833
78.560302734375, 0.134898
78.59033203125, -0.095796
78.620361328125, -0.004917
78.650146484375, -0.018898
78.68017578125, -0.151722
78.710205078125, -0.03987
78.740234375, 0.071981
78.770263671875, 0.002074
78.80029296875, -0.102787
78.830322265625, 0.030037
78.8603515625, 0.064991
78.890380859375, -0.088805
78.920166015625, -0.032879
78.9501953125, 0.023046
78.980224609375, 0.044018
79.01025390625, 0.051009
79.040283203125, 0.002074
79.0703125, 0.009065
79.100341796875, -0.13774
79.13037109375, 0.051009
79.16015625, 0.009065
79.190185546875, 0.071981
79.22021484375, -0.151722
79.250244140625, 0.030037
79.2802734375, 0.071981
79.310302734375, 0.120916
79.34033203125, 0.051009
79.370361328125, -0.046861
79.400146484375, 0.023046
79.43017578125, -0.025889
79.460205078125, -0.151722
79.490234375, 0.016056
79.520263671875, -0.095796
79.55029296875, 0.023046
79.580322265625, -0.025889
79.6103515625, -0.067833
79.640380859375, -0.032879
79.670166015625, -0.011907
79.7001953125, -0.025889
79.730224609375, -0.067833
79.76025390625, -0.074824
79.790283203125, -0.13774
79.8203125, -0.025889
79.850341796875, 0.044018
79.88037109375, 0.071981
79.91015625, -0.074824
79.940185546875, -0.102787
79.97021484375, 0.058
80.000244140625, 0.023046
80.0302734375, 0.064991
80.060302734375, -0.067833
80.09033203125, -0.067833
80.120361328125, 0.030037
80.150390625, -0.102787
80.18017578125, 0.058
80.210205078125, 0.037028
80.240234375, 0.016056
80.270263671875, 0.037028
80.30029296875, 0.044018
80.330322265625, -0.025889
80.3603515625, 0.044018
80.390380859375, 0.023046
80.420166015625, 0.023046
80.4501953125, -0.053852
80.480224609375, 0.169852
80.51025390625, 0.064991
80.540283203125, -0.032879
80.5703125, 0.064991
80.600341796875, -0.060842
80.63037109375, -0.025889
80.66015625, -0.053852
80.690185546875, -0.060842
80.72021484375, 0.016056
80.750244140625, 0.023046
80.7802734375, 0.134898
80.810302734375, 0.030037
80.84033203125, 0.023046
80.870361328125, 0.051009
80.900390625, 0.134898
80.93017578125, -0.067833
80.960205078125, -0.053852
80.990234375, -0.053852
81.020263671875, 0.085963
81.05029296875, 0.044018
81.080322265625, 0.113926
81.1103515625, -0.025889
81.140380859375, -0.018898
81.170166015625, 0.099944
81.2001953125, -0.151722
81.230224609375, 0.009065
81.26025390625, 0.092954
81.290283203125, -0.004917
81.3203125, -0.011907
81.350341796875, -0.116768
81.38037109375, 0.064991
81.410400390625, 0.058
81.440185546875, 0.009065
81.47021484375, -0.018898
81.500244140625, -0.081815
81.5302734375, -0.060842
81.560302734375, 0.092954
81.59033203125, -0.025889
81.620361328125, -0.116768
81.650390625, 0.051009
81.68017578125, -0.032879
81.710205078125, 0.016056
81.740234375, 0.016056
81.770263671875, -0.074824
81.80029296875, 0.044018
81.830322265625, 0.051009
81.8603515625, -0.109777
81.890380859375, 0.078972
81.92041015625, -0.081815
81.9501953125, 0.016056
81.980224609375, -0.081815
82.01025390625, 0.058
82.040283203125, -0.004917
82.0703125, 0.064991
82.100341796875, -0.011907
82.13037109375, 0.009065
82.160400390625, -0.046861
82.190185546875, -0.074824
82.22021484375, 0.030037
82.250244140625, -0.004917
82.2802734375, 0.071981
82.310302734375, 0.099944
82.34033203125, -0.081815
82.370361328125, -0.03987
82.400390625, -0.144731
82.43017578125, -0.025889
82.460205078125, 0.051009
82.490234375, 0.064991
82.520263671875, -0.081815
82.55029296875, 0.120916
82.580322265625, 0.016056
82.6103515625, 0.016056
82.640380859375, -0.046861
82.67041015625, -0.053852
82.7001953125, -0.03987
82.730224609375, -0.03987
82.76025390625, -0.060842
82.790283203125, -0.172694
82.8203125, 0.016056
82.850341796875, -0.186675
82.88037109375, -0.032879
82.910400390625, 0.023046
82.940185546875, -0.025889
82.97021484375, -0.011907
83.000244140625, 0.064991
83.0302734375, 0.078972
83.060302734375, -0.03987
83.09033203125, 0.044018
83.120361328125, 0.002074
83.150390625, 0.106935
83.180419921875, 0.051009
83.210205078125, 0.051009
83.240234375, 0.071981
83.270263671875, 0.044018
83.30029296875, 0.113926
83.330322265625, -0.067833
83.3603515625, -0.018898
83.390380859375, 0.030037
83.42041015625, -0.067833
83.4501953125, -0.067833
83.480224609375, 0.15587
83.51025390625, 0.141889
83.540283203125, 0.162861
83.5703125, 0.002074
83.600341796875, 0.023046
83.63037109375, -0.004917
83.660400390625, 0.002074
83.6904296875, -0.011907
83.72021484375, 0.078972
83.750244140625, -0.025889
83.7802734375, -0.011907
83.810302734375, 0.141889
83.84033203125, 0.051009
83.870361328125, -0.03987
83.900390625, 0.044018
83.930419921875, -0.011907
83.960205078125, 0.071981
83.990234375, -0.025889
84.020263671875, -0.060842
84.05029296875, -0.109777
84.080322265625, -0.095796
84.1103515625, -0.123759
84.140380859375, -0.060842
84.17041015625, -0.03987
84.2001953125, -0.011907
84.230224609375, -0.067833
84.26025390625, 0.134898
84.290283203125, 0.023046
84.3203125, -0.151722
84.350341796875, 0.058
84.38037109375, -0.032879
84.410400390625, -0.004917
84.4404296875, -0.088805
84.47021484375, -0.004917
84.500244140625, -0.018898
84.5302734375, -0.053852
84.560302734375, -0.03987
84.59033203125, -0.081815
84.620361328125, -0.095796
84.650390625, -0.032879
84.680419921875, -0.03987
84.710205078125, -0.053852
84.740234375, 0.058
84.770263671875, -0.067833
84.80029296875, -0.123759
84.830322265625, -0.046861
84.8603515625, 0.127907
84.890380859375, 0.092954
84.92041015625, -0.088805
84.950439453125, 0.071981
84.980224609375, -0.053852
85.01025390625, -0.025889
85.040283203125, -0.102787
85.0703125, 0.106935
85.100341796875, 0.120916
85.13037109375, 0.183833
85.160400390625, 0.058
85.1904296875, -0.032879
85.22021484375, -0.025889
85.250244140625, 0.099944
85.2802734375, 0.051009
85.310302734375, 0.064991
85.34033203125, -0.053852
85.370361328125, -0.032879
85.400390625, -0.074824
85.430419921875, -0.018898
85.460205078125, 0.127907
85.490234375, 0.064991
85.520263671875, -0.081815
85.55029296875, 0.078972
85.580322265625, -0.053852
85.6103515625, -0.053852
85.640380859375, -0.004917
85.67041015625, -0.025889
85.700439453125, -0.081815
85.730224609375, 0.016056
85.76025390625, -0.109777
85.790283203125, -0.081815
85.8203125, -0.102787
85.850341796875, 0.051009
85.88037109375, 0.023046
85.910400390625, -0.018898
85.9404296875, 0.002074
85.97021484375, 0.002074
86.000244140625, 0.044018
86.0302734375, -0.074824
86.060302734375, -0.025889
86.09033203125, 0.051009
86.120361328125, -0.046861
86.150390625, 0.127907
86.180419921875, -0.03987
86.21044921875, -0.095796
86.240234375, -0.340471
86.270263671875, -0.011907
86.30029296875, -0.004917
86.330322265625, -0.067833
86.3603515625, 0.016056
86.390380859375, 0.064991
86.42041015625, 0.009065
86.450439453125, -0.081815
86.480224609375, 0.085963
86.51025390625, 0.078972
86.540283203125, 0.127907
86.5703125, 0.106935
86.600341796875, 0.002074
86.63037109375, -0.060842
86.660400390625, 0.037028
86.6904296875, -0.284545
86.720458984375, -0.158712
86.750244140625, -0.060842
86.7802734375, 0.002074
86.810302734375, -0.018898
86.84033203125, -0.158712
86.870361328125, -0.060842
86.900390625, 0.023046
86.930419921875, -0.081815
86.96044921875, 0.113926
86.990234375, -0.060842
87.020263671875, 0.064991
87.05029296875, 0.113926
87.080322265625, -0.053852
87.1103515625, 0.002074
87.140380859375, -0.004917
87.17041015625, 0.106935
87.200439453125, 0.037028
87.230224609375, -0.011907
87.26025390625, 0.099944
87.290283203125, -0.088805
87.3203125, 0.009065
87.350341796875, -0.025889
87.38037109375, -0.151722
87.410400390625, -0.046861
87.4404296875, -0.158712
87.470458984375, -0.032879
87.500244140625, -0.025889
87.5302734375, -0.109777
87.560302734375, 0.009065
87.59033203125, -0.13075
87.620361328125, 0.106935
87.650390625, 0.078972
87.680419921875, 0.064991
87.71044921875, 0.016056
87.740234375, 0.037028
87.770263671875, -0.088805
87.80029296875, -0.13075
87.830322265625, -0.060842
87.8603515625, -0.053852
87.890380859375, 0.120916
87.92041015625, 0.106935
87.950439453125, 0.064991
87.98046875, -0.207648
88.01025390625, 0.092954
88.040283203125, -0.032879
88.0703125, 0.071981
88.100341796875, -0.095796
88.13037109375, -0.032879
88.160400390625, 0.002074
88.1904296875, 0.071981
88.220458984375, -0.123759
88.250244140625, 0.016056
88.2802734375, -0.025889
88.310302734375, 0.120916
88.34033203125, -0.165703
88.370361328125, -0.102787
88.400390625, 0.023046
88.430419921875, 0.127907
88.46044921875, 0.016056
88.490234375, 0.009065
88.520263671875, -0.032879
88.55029296875, -0.102787
88.580322265625, -0.053852
88.6103515625, 0.085963
88.640380859375, 0.016056
88.67041015625, 0.009065
88.700439453125, -0.151722
88.73046875, -0.03987
88.76025390625, -0.046861
88.790283203125, -0.081815
88.8203125, 0.058
88.850341796875, -0.046861
88.88037109375, 0.016056
88.910400390625, -0.095796
88.9404296875, -0.123759
88.970458984375, 0.023046
89.000244140625, -0.081815
89.0302734375, 0.030037
89.060302734375, 0.009065
89.09033203125, 0.071981
89.120361328125, -0.060842
89.150390625, 0.009065
89.180419921875, 0.009065
89.21044921875, 0.016056
89.240478515625, -0.053852
89.270263671875, 0.120916
89.30029296875, -0.074824
89.330322265625, -0.004917
89.3603515625, -0.242601
89.390380859375, 0.009065
89.42041015625, -0.067833
89.450439453125, -0.074824
89.48046875, -0.046861
89.51025390625, -0.060842
89.540283203125, 0.078972
89.5703125, 0.016056
89.600341796875, -0.151722
89.63037109375, -0.193666
89.660400390625, 0.002074
89.6904296875, 0.092954
89.720458984375, -0.074824
89.75048828125, 0.009065
89.7802734375, -0.060842
89.810302734375, 0.030037
89.84033203125, -0.109777
89.870361328125, 0.044018
89.900390625, 0.016056
89.930419921875, -0.032879
89.96044921875, -0.102787
89.990478515625, -0.067833
90.020263671875, -0.053852
90.05029296875, -0.060842
90.080322265625, -0.011907
90.1103515625, -0.095796
90.140380859375, 0.078972
90.17041015625, -0.13075
90.200439453125, -0.018898
90.23046875, 0.009065
90.26025390625, -0.095796
90.290283203125, -0.116768
90.3203125, 0.002074
90.350341796875, -0.116768
90.38037109375, 0.037028
90.410400390625, -0.03987
90.4404296875, -0.109777
90.470458984375, -0.088805
90.50048828125, 0.009065
90.5302734375, -0.053852
90.560302734375, -0.025889
90.59033203125, -0.088805
90.620361328125, 0.030037
90.650390625, -0.095796
90.680419921875, 0.023046
90.71044921875, -0.011907
90.740478515625, -0.004917
90.770263671875, -0.109777
90.80029296875, -0.095796
90.830322265625, 0.002074
90.8603515625, -0.102787
90.890380859375, -0.053852
90.92041015625, 0.148879
90.950439453125, 0.023046
90.98046875, 0.051009
91.010498046875, -0.011907
91.040283203125, -0.053852
91.0703125, -0.011907
91.100341796875, 0.030037
91.13037109375, 0.009065
91.160400390625, 0.030037
91.1904296875, 0.009065
91.220458984375, 0.078972
91.25048828125, 0.037028
91.2802734375, -0.053852
91.310302734375, 0.044018
91.34033203125, -0.116768
91.370361328125, -0.03987
91.400390625, -0.004917
91.430419921875, 0.064991
91.46044921875, 0.051009
91.490478515625, 0.037028
91.5205078125, 0.030037
91.55029296875, -0.13075
91.580322265625, 0.099944
91.6103515625, -0.011907
91.640380859375, 0.058
91.67041015625, -0.053852
91.700439453125, 0.002074
91.73046875, 0.016056
91.760498046875, -0.03987
91.790283203125, -0.067833
91.8203125, 0.044018
91.850341796875, -0.018898
91.88037109375, -0.13774
91.910400390625, 0.044018
91.9404296875, -0.046861
91.970458984375, -0.13075
92.00048828125, -0.004917
92.0302734375, -0.081815
92.060302734375, -0.004917
92.09033203125, -0.004917
92.120361328125, 0.051009
92.150390625, -0.095796
92.180419921875, -0.032879
92.21044921875, 0.016056
92.240478515625, 0.002074
92.2705078125, 0.058
92.30029296875, 0.051009
92.330322265625, 0.113926
92.3603515625, 0.009065
92.390380859375, -0.03987
92.42041015625, 0.064991
92.450439453125, -0.032879
92.48046875, -0.046861
92.510498046875, 0.078972
92.540283203125, -0.018898
92.5703125, 0.009065
92.600341796875, 0.058
92.63037109375, 0.085963
92.660400390625, -0.074824
92.6904296875, -0.095796
92.720458984375, 0.002074
92.75048828125, -0.081815
92.780517578125, 0.085963
92.810302734375, 0.023046
92.84033203125, -0.074824
92.870361328125, -0.060842
92.900390625, 0.023046
92.930419921875, -0.004917
92.96044921875, -0.046861
92.990478515625, -0.03987
93.0205078125, -0.074824
93.05029296875, 0.058
93.080322265625, 0.169852
93.1103515625, 0.023046
93.140380859375, 0.092954
93.17041015625, -0.018898
93.200439453125, 0.002074
93.23046875, -0.011907
93.260498046875, -0.060842
93.290283203125, 0.030037
93.3203125, 0.044018
93.350341796875, -0.032879
93.38037109375, -0.053852
93.410400390625, -0.095796
93.4404296875, 0.009065
93.470458984375, -0.088805
93.50048828125, 0.030037
93.530517578125, -0.025889
93.560302734375, -0.025889
93.59033203125, 0.085963
93.620361328125, 0.016056
93.650390625, -0.081815
93.680419921875, -0.074824
93.71044921875, -0.046861
93.740478515625, -0.067833
93.7705078125, 0.037028
93.80029296875, -0.067833
93.830322265625, -0.032879
93.8603515625, -0.102787
93.890380859375, -0.074824
93.92041015625, -0.018898
93.950439453125, 0.030037
93.98046875, 0.016056
94.010498046875, 0.051009
94.04052734375, -0.004917
94.0703125, -0.011907
94.100341796875, -0.032879
94.13037109375, -0.060842
94.160400390625, 0.002074
94.1904296875, -0.032879
94.220458984375, -0.053852
94.25048828125, 0.204805
94.280517578125, -0.123759
94.310302734375, -0.004917
94.34033203125, 0.064991
94.370361328125, 0.002074
94.400390625, -0.053852
94.430419921875, 0.092954
94.46044921875, -0.13075
94.490478515625, 0.009065
94.5205078125, -0.116768
94.550537109375, 0.023046
94.580322265625, 0.225777
94.6103515625, 0.009065
94.640380859375, 0.009065
94.67041015625, -0.074824
94.700439453125, -0.123759
94.73046875, 0.037028
94.760498046875, -0.025889
94.79052734375, -0.053852
94.8203125, -0.032879
94.850341796875, 0.044018
94.88037109375, 0.051009
94.910400390625, -0.081815
94.9404296875, 0.058
94.970458984375, 0.016056
95.00048828125, -0.067833
95.030517578125, -0.004917
95.060302734375, 0.002074
95.09033203125, 0.044018
95.120361328125, -0.03987
95.150390625, -0.081815
95.180419921875, -0.046861
95.21044921875, 0.030037
95.240478515625, -0.004917
95.2705078125, 0.169852
95.300537109375, 0.051009
95.330322265625, -0.03987
95.3603515625, 0.009065
95.390380859375, 0.002074
95.42041015625, 0.127907
95.450439453125, -0.13075
95.48046875, 0.113926
95.510498046875, -0.074824
95.54052734375, -0.060842
95.5703125, -0.004917
95.600341796875, -0.109777
95.63037109375, -0.032879
95.660400390625, -0.053852
95.6904296875, 0.023046
95.720458984375, -0.144731
95.75048828125, 0.099944
95.780517578125, -0.011907
95.810546875, -0.025889
95.84033203125, 0.078972
95.870361328125, -0.046861
95.900390625, 0.051009
95.930419921875, 0.016056
95.96044921875, -0.025889
95.990478515625, 0.009065
96.0205078125, -0.004917
96.050537109375, -0.116768
96.080322265625, -0.018898
96.1103515625, 0.099944
96.140380859375, -0.123759
96.17041015625, -0.032879
96.200439453125, 0.106935
96.23046875, -0.067833
96.260498046875, 0.085963
96.29052734375, 0.030037
96.3203125, -0.046861
96.350341796875, -0.004917
96.38037109375, 0.051009
96.410400390625, -0.060842
96.4404296875, -0.067833
96.470458984375, -0.123759
96.50048828125, -0.116768
96.530517578125, -0.018898
96.560546875, -0.102787
96.59033203125, 0.071981
96.620361328125, 0.009065
96.650390625, -0.03987
96.680419921875, 0.016056
96.71044921875, -0.081815
96.740478515625, 0.002074
96.7705078125, 0.002074
96.800537109375, -0.053852
96.830322265625, -0.032879
96.8603515625, 0.058
96.890380859375, -0.046861
96.92041015625, -0.123759
96.950439453125, 0.106935
96.98046875, 0.002074
97.010498046875, 0.023046
97.04052734375, -0.011907
97.070556640625, 0.044018
97.100341796875, 0.009065
97.13037109375, 0.016056
97.160400390625, 0.044018
97.1904296875, 0.078972
97.220458984375, -0.018898
97.25048828125, 0.016056
97.280517578125, 0.078972
97.310546875, -0.074824
97.34033203125, -0.060842
97.370361328125, 0.044018
97.400390625, 0.064991
97.430419921875, 0.002074
97.46044921875, -0.060842
97.490478515625, -0.13075
97.5205078125, -0.186675
97.550537109375, -0.088805
97.58056640625, -0.053852
97.6103515625, -0.025889
97.640380859375, 0.044018
97.67041015625, -0.053852
97.700439453125, -0.018898
97.73046875, 0.127907
97.760498046875, 0.106935
97.79052734375, 0.016056
97.820556640625, -0.151722
97.850341796875, -0.081815
97.88037109375, -0.102787
97.910400390625, -0.13774
97.9404296875, 0.106935
97.970458984375, 0.016056
98.00048828125, -0.018898
98.030517578125, -0.018898
98.060546875, -0.060842
98.09033203125, 0.023046
98.120361328125, 0.051009
98.150390625, -0.081815
98.180419921875, -0.053852
98.21044921875, 0.009065
98.240478515625, -0.025889
98.2705078125, -0.060842
98.300537109375, 0.002074
98.33056640625, 0.058
98.3603515625, 0.030037
98.390380859375, -0.13075
98.42041015625, -0.032879
98.450439453125, 0.064991
98.48046875, -0.032879
98.510498046875, -0.004917
98.54052734375, 0.15587
98.570556640625, 0.044018
98.600341796875, 0.016056
98.63037109375, -0.074824
98.660400390625, -0.074824
98.6904296875, -0.13075
98.720458984375, -0.067833
98.75048828125, -0.018898
98.780517578125, 0.044018
98.810546875, -0.13075
98.840576171875, -0.102787
98.870361328125, -0.025889
98.900390625, 0.044018
98.930419921875, 0.099944
98.96044921875, -0.03987
98.990478515625, -0.088805
99.0205078125, 0.023046
99.050537109375, 0.030037
99.08056640625, -0.095796
99.1103515625, 0.016056
99.140380859375, 0.044018
99.17041015625, -0.018898
99.200439453125, 0.009065
99.23046875, -0.060842
99.260498046875, 0.023046
99.29052734375, -0.060842
99.320556640625, -0.03987
99.3505859375, -0.004917
99.38037109375, 0.092954
99.410400390625, 0.064991
99.4404296875, 0.162861
99.470458984375, -0.03987
99.50048828125, 0.002074
99.530517578125, -0.144731
99.560546875, 0.037028
99.590576171875, 0.002074
99.620361328125, 0.071981
99.650390625, 0.002074
99.680419921875, -0.011907
99.71044921875, -0.081815
99.740478515625, 0.002074
99.7705078125, 0.023046
99.800537109375, -0.03987
99.83056640625, -0.060842
99.8603515625, -0.032879
99.890380859375, -0.074824
99.92041015625, -0.025889
99.950439453125, 0.002074
99.98046875, 0.085963
100.010498046875, 0.009065
100.04052734375, 0.023046
100.070556640625, -0.074824
100.1005859375, 0.002074
100.13037109375, 0.016056
100.160400390625, -0.081815
100.1904296875, -0.088805
100.220458984375, -0.011907
100.25048828125, 0.148879
100.280517578125, -0.102787
100.310546875, 0.023046
100.340576171875, -0.095796
100.370361328125, 0.023046
100.400390625, 0.002074
100.430419921875, 0.030037
100.46044921875, -0.116768
100.490478515625, -0.025889
100.5205078125, 0.127907
100.550537109375, 0.016056
100.58056640625, -0.102787
100.610595703125, -0.025889
100.640380859375, 0.092954
100.67041015625, -0.053852
100.700439453125, 0.085963
100.73046875, -0.074824
100.760498046875, 0.016056
100.79052734375, 0.030037
100.820556640625, 0.037028
100.8505859375, 0.099944
100.88037109375, -0.018898
100.910400390625, 0.023046
100.9404296875, 0.099944
100.970458984375, -0.046861
101.00048828125, -0.046861
101.030517578125, -0.004917
101.060546875, 0.023046
101.090576171875, -0.004917
101.120361328125, 0.044018
101.150390625, -0.004917
101.180419921875, 0.016056
101.21044921875, -0.088805
101.240478515625, -0.018898
101.2705078125, -0.004917
101.300537109375, -0.032879
101.33056640625, -0.03987
101.360595703125, 0.009065
101.390380859375, 0.044018
101.42041015625, -0.03987
101.450439453125, -0.004917
101.48046875, -0.018898
101.510498046875, -0.088805
101.54052734375, -0.13075
101.570556640625, -0.074824
101.6005859375, 0.197814
101.63037109375, 0.113926
101.660400390625, 0.064991
101.6904296875, 0.037028
101.720458984375, 0.051009
101.75048828125, 0.030037
101.780517578125, 0.009065
101.810546875, -0.074824
101.840576171875, 0.009065
101.87060546875, -0.207648
101.900390625, -0.03987
101.930419921875, -0.074824
101.96044921875, -0.165703
101.990478515625, -0.053852
102.0205078125, 0.071981
102.050537109375, 0.044018
102.08056640625, -0.018898
102.110595703125, -0.095796
102.140380859375, -0.011907
102.17041015625, -0.032879
102.200439453125, 0.162861
102.23046875, -0.046861
102.260498046875, -0.088805
102.29052734375, -0.081815
102.320556640625, -0.067833
102.3505859375, -0.088805
102.380615234375, 0.058
102.410400390625, -0.046861
102.4404296875, -0.067833
102.470458984375, 0.064991
102.50048828125, -0.032879
102.530517578125, -0.13774
102.560546875, 0.044018
102.590576171875, -0.032879
102.62060546875, -0.025889
102.650390625, 0.162861
102.680419921875, 0.078972
102.71044921875, 0.085963
102.740478515625, -0.172694
102.7705078125, 0.023046
102.800537109375, 0.044018
102.83056640625, -0.081815
102.860595703125, 0.030037
102.890380859375, -0.074824
102.92041015625, 0.023046
102.950439453125, -0.032879
102.98046875, -0.053852
103.010498046875, -0.025889
103.04052734375, 0.071981
103.070556640625, -0.011907
103.1005859375, 0.078972
103.130615234375, 0.002074
103.160400390625, -0.116768
103.1904296875, 0.016056
103.220458984375, -0.074824
103.25048828125, -0.081815
103.280517578125, 0.023046
103.310546875, 0.071981
103.340576171875, -0.060842
103.37060546875, -0.088805
103.400390625, -0.004917
103.430419921875, -0.109777
103.46044921875, -0.011907
103.490478515625, 0.009065
103.5205078125, 0.023046
103.550537109375, -0.018898
103.58056640625, -0.032879
103.610595703125, -0.144731
103.640625, -0.03987
103.67041015625, 0.016056
103.700439453125, -0.032879
103.73046875, -0.025889
103.760498046875, -0.011907
103.79052734375, -0.03987
103.820556640625, 0.002074
103.8505859375, -0.025889
103.880615234375, -0.032879
103.910400390625, 0.092954
103.9404296875, 0.030037
103.970458984375, -0.032879
104.00048828125, 0.009065
104.030517578125, 0.071981
104.060546875, -0.270564
104.090576171875, 0.120916
104.12060546875, 0.085963
104.150634765625, 0.037028
104.180419921875, 0.023046
104.21044921875, -0.074824
104.240478515625, 0.113926
104.2705078125, 0.099944
104.300537109375, -0.053852
104.33056640625, 0.058
104.360595703125, 0.134898
104.390625, 0.078972
104.42041015625, 0.009065
104.450439453125, 0.044018
104.48046875, 0.030037
104.510498046875, 0.023046
104.54052734375, 0.009065
104.570556640625, 0.051009
104.6005859375, 0.016056
104.630615234375, -0.004917
104.660400390625, -0.053852
104.6904296875, -0.060842
104.720458984375, -0.165703
104.75048828125, -0.193666
104.780517578125, -0.13774
104.810546875, -0.03987
104.840576171875, -0.03987
104.87060546875, -0.172694
104.900634765625, -0.067833
104.930419921875, 0.009065
104.96044921875, 0.002074
104.990478515625, -0.053852
105.0205078125, 0.051009
105.050537109375, -0.046861
105.08056640625, 0.058
105.110595703125, 0.002074
105.140625, 0.099944
105.17041015625, 0.148879
105.200439453125, -0.018898
105.23046875, -0.011907
105.260498046875, -0.053852
105.29052734375, 0.141889
105.320556640625, -0.151722
105.3505859375, -0.074824
105.380615234375, 0.023046
105.41064453125, -0.004917
105.4404296875, -0.004917
105.470458984375, -0.074824
105.50048828125, 0.064991
105.530517578125, -0.116768
105.560546875, 0.009065
105.590576171875, -0.025889
105.62060546875, -0.074824
105.650634765625, -0.053852
105.680419921875, -0.025889
105.71044921875, -0.067833
105.740478515625, -0.053852
105.7705078125, -0.088805
105.800537109375, 0.009065
105.83056640625, -0.067833
105.860595703125, 0.030037
105.890625, -0.116768
105.92041015625, 0.064991
105.950439453125, -0.053852
105.98046875, 0.037028
106.010498046875, -0.109777
106.04052734375, 0.009065
106.070556640625, 0.023046
106.1005859375, 0.023046
106.130615234375, 0.141889
106.16064453125, -0.004917
106.1904296875, 0.016056
106.220458984375, 0.002074
106.25048828125, 0.064991
106.280517578125, 0.197814
106.310546875, -0.046861
106.340576171875, -0.053852
106.37060546875, -0.095796
106.400634765625, 0.002074
106.430419921875, 0.037028
106.46044921875, 0.064991
106.490478515625, -0.025889
106.5205078125, 0.002074
106.550537109375, 0.030037
106.58056640625, 0.071981
106.610595703125, -0.03987
106.640625, 0.113926
106.670654296875, 0.023046
106.700439453125, 0.120916
106.73046875, -0.004917
106.760498046875, 0.009065
106.79052734375, 0.058
106.820556640625, -0.046861
106.8505859375, 0.092954
106.880615234375, -0.004917
106.91064453125, -0.116768
106.9404296875, 0.009065
106.970458984375, -0.032879
107.00048828125, 0.141889
107.030517578125, 0.037028
107.060546875, 0.002074
107.090576171875, 0.016056
107.12060546875, -0.123759
107.150634765625, 0.051009
107.1806640625, -0.081815
107.21044921875, 0.085963
107.240478515625, -0.032879
107.2705078125, -0.025889
107.300537109375, 0.071981
107.33056640625, -0.074824
107.360595703125, 0.037028
107.390625, 0.120916
107.420654296875, -0.123759
107.450439453125, -0.067833
107.48046875, -0.032879
107.510498046875, -0.03987
107.54052734375, 0.037028
107.570556640625, -0.011907
107.6005859375, -0.004917
107.630615234375, 0.141889
107.66064453125, -0.172694
107.6904296875, -0.081815
107.720458984375, 0.009065
107.75048828125, -0.13075
107.780517578125, -0.060842
107.810546875, 0.099944
107.840576171875, -0.081815
107.87060546875, 0.051009
107.900634765625, -0.018898
107.9306640625, -0.193666
107.96044921875, 0.134898
107.990478515625, -0.018898
108.0205078125, 0.078972
108.050537109375, 0.120916
108.08056640625, 0.085963
108.110595703125, 0.078972
108.140625, 0.127907
108.170654296875, -0.095796
108.200439453125, -0.074824
108.23046875, 0.113926
108.260498046875, -0.095796
108.29052734375, -0.067833
108.320556640625, -0.004917
108.3505859375, -0.025889
108.380615234375, -0.025889
108.41064453125, 0.071981
108.440673828125, -0.018898
108.470458984375, 0.044018
108.50048828125, -0.123759
108.530517578125, -0.214638
108.560546875, -0.144731
108.590576171875, -0.060842
108.62060546875, -0.046861
108.650634765625, 0.030037
108.6806640625, -0.025889
108.71044921875, 0.023046
108.740478515625, -0.053852
108.7705078125, 0.051009
108.800537109375, 0.113926
108.83056640625, 0.071981
108.860595703125, -0.011907
108.890625, -0.088805
108.920654296875, -0.004917
108.950439453125, -0.13075
108.98046875, -0.095796
109.010498046875, -0.011907
109.04052734375, 0.085963
109.070556640625, 0.051009
109.1005859375, -0.074824
109.130615234375, -0.004917
109.16064453125, 0.106935
109.190673828125, 0.064991
109.220458984375, -0.067833
109.25048828125, -0.165703
109.280517578125, 0.023046
109.310546875, -0.053852
109.340576171875, 0.044018
109.37060546875, -0.095796
109.400634765625, -0.032879
109.4306640625, -0.032879
109.46044921875, 0.023046
109.490478515625, 0.078972
109.5205078125, -0.03987
109.550537109375, 0.113926
109.58056640625, 0.030037
109.610595703125, 0.064991
109.640625, 0.058
109.670654296875, -0.081815
109.70068359375, -0.095796
109.73046875, 0.023046
109.760498046875, 0.051009
109.79052734375, 0.009065
109.820556640625, 0.120916
109.8505859375, -0.053852
109.880615234375, -0.011907
109.91064453125, 0.037028
109.940673828125, 0.064991
109.970458984375, 0.058
110.00048828125, 0.134898
110.030517578125, 0.023046
110.060546875, -0.067833
110.090576171875, -0.081815
110.12060546875, 0.092954
110.150634765625, 0.058
110.1806640625, -0.03987
110.210693359375, -0.102787
110.240478515625, -0.13075
110.2705078125, -0.053852
110.300537109375, -0.074824
110.33056640625, -0.109777
110.360595703125, 0.023046
110.390625, -0.081815
110.420654296875, 0.030037
110.45068359375, 0.064991
110.48046875, -0.074824
110.510498046875, -0.025889
110.54052734375, -0.004917
110.570556640625, 0.023046
110.6005859375, -0.053852
110.630615234375, 0.030037
110.66064453125, -0.025889
110.690673828125, -0.004917
110.720458984375, -0.13774
110.75048828125, -0.046861
110.780517578125, -0.046861
110.810546875, -0.03987
110.840576171875, 0.009065
110.87060546875, -0.03987
110.900634765625, -0.116768
110.9306640625, 0.002074
110.960693359375, 0.009065
110.990478515625, 0.009065
111.0205078125, -0.011907
111.050537109375, 0.016056
111.08056640625, 0.085963
111.110595703125, -0.046861
111.140625, -0.004917
111.170654296875, 0.051009
111.20068359375, 0.051009
111.23046875, 0.037028
111.260498046875, 0.113926
111.29052734375, -0.025889
111.320556640625, -0.004917
111.3505859375, -0.032879
111.380615234375, 0.051009
111.41064453125, -0.158712
111.440673828125, 0.113926
111.470703125, -0.165703
111.50048828125, 0.002074
111.530517578125, 0.030037
111.560546875, 0.002074
111.590576171875, 0.030037
111.62060546875, 0.002074
111.650634765625, -0.088805
111.6806640625, 0.002074
111.710693359375, 0.148879
111.740478515625, 0.051009
111.7705078125, 0.071981
111.800537109375, -0.074824
111.83056640625, -0.095796
111.860595703125, -0.011907
111.890625, -0.03987
111.920654296875, 0.002074
111.95068359375, 0.009065
111.980712890625, -0.018898
112.010498046875, -0.088805
112.04052734375, -0.221629
112.070556640625, -0.025889
112.1005859375, -0.081815
112.130615234375, -0.102787
112.16064453125, -0.011907
112.190673828125, -0.067833
112.220703125, 0.092954
112.25048828125, -0.011907
112.280517578125, -0.095796
112.310546875, 0.051009
112.340576171875, 0.044018
112.37060546875, 0.051009
112.400634765625, 0.002074
112.4306640625, 0.016056
112.460693359375, 0.030037
112.490478515625, 0.058
112.5205078125, 0.134898
112.550537109375, 0.064991
112.58056640625, -0.046861
112.610595703125, -0.088805
112.640625, -0.032879
112.670654296875, -0.004917
112.70068359375, -0.032879
112.730712890625, -0.011907
112.760498046875, 0.078972
112.79052734375, -0.116768
112.820556640625, 0.092954
112.8505859375, -0.025889
112.880615234375, 0.023046
112.91064453125, -0.004917
112.940673828125, 0.030037
112.970703125, -0.102787
113.00048828125, 0.099944
113.030517578125, -0.13075
113.060546875, 0.023046
113.090576171875, 0.051009
113.12060546875, 0.016056
113.150634765625, 0.002074
113.1806640625, -0.004917
113.210693359375, 0.071981
113.24072265625, 0.15587
113.2705078125, 0.106935
113.300537109375, -0.088805
113.33056640625, -0.053852
113.360595703125, 0.023046
113.390625, 0.106935
113.420654296875, -0.095796
113.45068359375, 0.037028
113.480712890625, -0.025889
113.510498046875, -0.025889
113.54052734375, 0.058
113.570556640625, -0.046861
113.6005859375, -0.018898
113.630615234375, -0.060842
113.66064453125, 0.023046
113.690673828125, -0.046861
113.720703125, -0.025889
113.75048828125, 0.092954
113.780517578125, -0.067833
113.810546875, -0.046861
113.840576171875, 0.071981
113.87060546875, -0.004917
113.900634765625, -0.060842
113.9306640625, -0.025889
113.960693359375, -0.046861
113.99072265625, -0.088805
114.0205078125, 0.064991
114.050537109375, 0.058
114.08056640625, -0.109777
114.110595703125, -0.046861
114.140625, 0.030037
114.170654296875, -0.004917
114.20068359375, -0.060842
114.230712890625, 0.002074
114.260498046875, 0.023046
114.29052734375, -0.03987
114.320556640625, -0.011907
114.3505859375, 0.009065
114.380615234375, -0.025889
114.41064453125, -0.088805
114.440673828125, -0.004917
114.470703125, -0.03987
114.500732421875, 0.037028
114.530517578125, -0.060842
114.560546875, -0.004917
114.590576171875, -0.053852
114.62060546875, 0.023046
114.650634765625, -0.095796
114.6806640625, -0.032879
114.710693359375, -0.053852
114.74072265625, -0.207648
114.7705078125, -0.074824
114.800537109375, -0.032879
114.83056640625, -0.053852
114.860595703125, -0.018898
114.890625, 0.016056
114.920654296875, -0.102787
114.95068359375, 0.002074
114.980712890625, 0.064991
115.0107421875, -0.13774
115.04052734375, 0.023046
115.070556640625, 0.051009
115.1005859375, -0.025889
115.130615234375, 0.051009
115.16064453125, -0.249592
115.190673828125, 0.099944
115.220703125, 0.064991
115.250732421875, -0.081815
115.280517578125, -0.116768
115.310546875, 0.099944
115.340576171875, 0.085963
115.37060546875, -0.060842
115.400634765625, 0.016056
115.4306640625, 0.113926
115.460693359375, -0.025889
115.49072265625, 0.030037
115.5205078125, -0.053852
115.550537109375, -0.025889
115.58056640625, 0.037028
115.610595703125, -0.03987
115.640625, -0.025889
115.670654296875, 0.016056
115.70068359375, -0.004917
115.730712890625, -0.123759
115.7607421875, 0.002074
115.79052734375, 0.002074
115.820556640625, 0.030037
115.8505859375, 0.141889
115.880615234375, -0.046861
115.91064453125, -0.032879
115.940673828125, 0.023046
115.970703125, -0.074824
116.000732421875, -0.03987
116.030517578125, -0.011907
116.060546875, -0.074824
116.090576171875, 0.009065
116.12060546875, 0.023046
116.150634765625, -0.102787
116.1806640625, -0.053852
116.210693359375, 0.002074
116.24072265625, 0.085963
116.270751953125, 0.037028
116.300537109375, -0.053852
116.33056640625, -0.004917
116.360595703125, 0.120916
116.390625, 0.037028
116.420654296875, -0.018898
116.45068359375, 0.106935
116.480712890625, 0.092954
116.5107421875, 0.071981
116.54052734375, 0.037028
116.570556640625, 0.071981
116.6005859375, 0.016056
116.630615234375, 0.064991
116.66064453125, -0.053852
116.690673828125, -0.13774
116.720703125, 0.023046
116.750732421875, -0.053852
116.780517578125, 0.023046
116.810546875, 0.078972
116.840576171875, 0.071981
116.87060546875, -0.046861
116.900634765625, -0.081815
116.9306640625, 0.030037
116.960693359375, -0.116768
116.99072265625, -0.123759
117.020751953125, -0.095796
117.050537109375, -0.123759
117.08056640625, -0.004917
117.110595703125, 0.009065
117.140625, -0.011907
117.170654296875, -0.025889
117.20068359375, 0.030037
117.230712890625, 0.023046
117.2607421875, -0.011907
117.29052734375, -0.032879
117.320556640625, 0.058
117.3505859375, -0.060842
117.380615234375, 0.058
117.41064453125, 0.099944
117.440673828125, 0.009065
117.470703125, 0.064991
117.500732421875, -0.046861
117.53076171875, -0.032879
117.560546875, 0.002074
117.590576171875, 0.016056
117.62060546875, 0.085963
117.650634765625, 0.148879
117.6806640625, 0.106935
117.710693359375, -0.172694
117.74072265625, -0.046861
117.770751953125, 0.009065
117.800537109375, -0.018898
117.83056640625, 0.051009
117.860595703125, 0.030037
117.890625, -0.053852
117.920654296875, 0.044018
117.95068359375, -0.046861
117.980712890625, 0.106935
118.0107421875, -0.03987
118.040771484375, -0.067833
118.070556640625, -0.03987
118.1005859375, -0.095796
118.130615234375, 0.141889
118.16064453125, 0.190824
118.190673828125, -0.011907
118.220703125, -0.095796
118.250732421875, 0.058
118.28076171875, -0.004917
118.310546875, -0.109777
118.340576171875, 0.092954
118.37060546875, -0.025889
118.400634765625, 0.127907
118.4306640625, 0.092954
118.460693359375, -0.123759
118.49072265625, -0.13075
118.520751953125, -0.025889
118.550537109375, -0.081815
118.58056640625, -0.032879
118.610595703125, 0.044018
118.640625, -0.018898
118.670654296875, -0.13075
118.70068359375, 0.023046
118.730712890625, 0.030037
118.7607421875, -0.109777
118.790771484375, -0.046861
118.820556640625, -0.193666
118.8505859375, -0.011907
118.880615234375, 0.037028
118.91064453125, 0.030037
118.940673828125, 0.009065
118.970703125, -0.102787
119.000732421875, 0.071981
119.03076171875, -0.095796
119.060546875, -0.144731
119.090576171875, 0.071981
119.12060546875, -0.011907
119.150634765625, 0.106935
119.1806640625, 0.009065
119.210693359375, -0.088805
119.24072265625, 0.085963
119.270751953125, -0.081815
119.30078125, -0.116768
119.33056640625, -0.03987
119.360595703125, 0.078972
119.390625, 0.002074
119.420654296875, -0.011907
119.45068359375, 0.058
119.480712890625, 0.085963
119.5107421875, -0.046861
119.540771484375, 0.009065
119.570556640625, 0.037028
119.6005859375, 0.009065
119.630615234375, -0.158712
119.66064453125, -0.116768
119.690673828125, 0.169852
119.720703125, 0.037028
119.750732421875, 0.113926
119.78076171875, -0.004917
119.810791015625, -0.067833
119.840576171875, -0.053852
119.87060546875, -0.03987
119.900634765625, -0.046861
119.9306640625, 0.044018
119.960693359375, 0.204805
119.99072265625, 0.071981
120.020751953125, 0.044018
120.05078125, 0.127907
120.08056640625, 0.044018
120.110595703125, -0.03987
120.140625, -0.004917
120.170654296875, -0.046861
120.20068359375, -0.060842
120.230712890625, 0.009065
120.2607421875, 0.099944
120.290771484375, -0.123759
120.320556640625, -0.053852
120.3505859375, 0.071981
120.380615234375, -0.032879
120.41064453125, -0.025889
120.440673828125, 0.141889
120.470703125, -0.186675
120.500732421875, 0.099944
120.53076171875, -0.095796
120.560791015625, -0.025889
120.590576171875, -0.053852
120.62060546875, 0.044018
120.650634765625, -0.074824
120.6806640625, 0.148879
120.710693359375, 0.071981
120.74072265625, -0.025889
120.770751953125, 0.030037
120.80078125, 0.058
120.83056640625, 0.030037
120.860595703125, -0.088805
120.890625, 0.009065
120.920654296875, 0.030037
120.95068359375, 0.023046
120.980712890625, -0.172694
121.0107421875, -0.018898
121.040771484375, -0.13075
121.07080078125, -0.081815
121.1005859375, -0.116768
121.130615234375, 0.009065
121.16064453125, 0.016056
121.190673828125, -0.13774
121.220703125, -0.074824
121.250732421875, 0.169852
121.28076171875, -0.109777
121.310791015625, -0.095796
121.340576171875, -0.067833
121.37060546875, -0.095796
121.400634765625, -0.018898
121.4306640625, -0.053852
121.460693359375, -0.074824
121.49072265625, -0.123759
121.520751953125, 0.009065
121.55078125, 0.071981
121.58056640625, 0.064991
121.610595703125, 0.134898
121.640625, 0.023046
121.670654296875, -0.067833
121.70068359375, 0.071981
121.730712890625, -0.03987
121.7607421875, 0.009065
121.790771484375, 0.009065
121.82080078125, -0.004917
121.8505859375, 0.037028
121.880615234375, -0.032879
121.91064453125, -0.158712
121.940673828125, -0.13774
121.970703125, 0.071981
122.000732421875, -0.123759
122.03076171875, 0.071981
122.060791015625, 0.023046
122.090576171875, -0.095796
122.12060546875, -0.13774
122.150634765625, -0.123759
122.1806640625, 0.016056
122.210693359375, -0.03987
122.24072265625, -0.095796
122.270751953125, -0.081815
122.30078125, 0.051009
122.330810546875, -0.032879
122.360595703125, -0.032879
122.390625, -0.011907
122.420654296875, 0.023046
122.45068359375, 0.030037
122.480712890625, 0.078972
122.5107421875, 0.078972
122.540771484375, -0.081815
122.57080078125, -0.13075
122.6005859375, -0.053852
122.630615234375, -0.032879
122.66064453125, 0.071981
122.690673828125, -0.186675
122.720703125, 0.002074
122.750732421875, -0.179685
122.78076171875, 0.044018
122.810791015625, -0.011907
122.8408203125, -0.123759
122.87060546875, -0.011907
122.900634765625, -0.067833
122.9306640625, 0.044018
122.960693359375, -0.081815
122.99072265625, 0.002074
123.020751953125, 0.009065
123.05078125, -0.025889
123.080810546875, 0.037028
123.110595703125, -0.116768
123.140625, -0.004917
123.170654296875, 0.085963
123.20068359375, 0.085963
123.230712890625, 0.127907
123.2607421875, -0.032879
123.290771484375, 0.051009
123.32080078125, 0.092954
123.3505859375, -0.151722
123.380615234375, 0.092954
123.41064453125, 0.023046
123.440673828125, -0.053852
123.470703125, -0.074824
123.500732421875, 0.113926
123.53076171875, 0.085963
123.560791015625, 0.15587
123.5908203125, -0.067833
123.62060546875, 0.106935
123.650634765625, -0.116768
123.6806640625, 0.030037
123.710693359375, 0.058
123.74072265625, -0.032879
123.770751953125, 0.016056
123.80078125, 0.113926
123.830810546875, 0.002074
123.860595703125, -0.025889
123.890625, -0.011907
123.920654296875, -0.032879
123.95068359375, -0.032879
123.980712890625, 0.002074
124.0107421875, 0.009065
124.040771484375, 0.058
124.07080078125, -0.074824
124.100830078125, -0.053852
124.130615234375, 0.009065
124.16064453125, -0.011907
124.190673828125, 0.051009
124.220703125, -0.214638
124.250732421875, -0.151722
124.28076171875, -0.053852
124.310791015625, -0.046861
124.3408203125, -0.165703
124.37060546875, 0.106935
124.400634765625, 0.037028
124.4306640625, -0.081815
124.460693359375, 0.058
124.49072265625, -0.095796
124.520751953125, 0.058
124.55078125, 0.078972
124.580810546875, 0.016056
124.610595703125, 0.016056
124.640625, 0.051009
124.670654296875, 0.044018
124.70068359375, 0.030037
124.730712890625, -0.032879
124.7607421875, -0.025889
124.790771484375, -0.004917
124.82080078125, -0.067833
124.850830078125, 0.051009
124.880615234375, 0.037028
124.91064453125, 0.030037
124.940673828125, 0.030037
124.970703125, -0.03987
125.000732421875, 0.037028
125.03076171875, -0.060842
125.060791015625, -0.03987
125.0908203125, -0.053852
125.12060546875, -0.011907
125.150634765625, 0.064991
125.1806640625, 0.113926
125.210693359375, -0.018898
125.24072265625, 0.002074
125.270751953125, 0.127907
125.30078125, -0.004917
125.330810546875, -0.074824
125.36083984375, 0.044018
125.390625, -0.158712
125.420654296875, -0.151722
125.45068359375, 0.071981
125.480712890625, 0.009065
125.5107421875, 0.030037
125.540771484375, -0.074824
125.57080078125, -0.032879
125.600830078125, -0.03987
125.630615234375, 0.113926
125.66064453125, 0.037028
125.690673828125, 0.113926
125.720703125, -0.067833
125.750732421875, -0.067833
125.78076171875, -0.123759
125.810791015625, 0.002074
125.8408203125, -0.095796
125.870849609375, 0.058
125.900634765625, 0.085963
125.9306640625, 0.064991
125.960693359375, -0.03987
125.99072265625, -0.095796
126.020751953125, 0.023046
126.05078125, 0.037028
126.080810546875, -0.270564
126.11083984375, 0.099944
126.140625, -0.158712
126.170654296875, -0.067833
126.20068359375, 0.016056
126.230712890625, -0.053852
126.2607421875, 0.009065
126.290771484375, -0.032879
126.32080078125, 0.051009
126.350830078125, -0.053852
126.380615234375, -0.046861
126.41064453125, 0.009065
126.440673828125, -0.025889
126.470703125, -0.102787
126.500732421875, 0.044018
126.53076171875, 0.051009
126.560791015625, 0.092954
126.5908203125, -0.004917
126.620849609375, -0.102787
126.650634765625, -0.081815
126.6806640625, -0.03987
126.710693359375, -0.13774
126.74072265625, 0.016056
126.770751953125, -0.067833
126.80078125, 0.002074
126.830810546875, 0.030037
126.86083984375, -0.081815
126.890625, 0.023046
126.920654296875, 0.071981
126.95068359375, -0.074824
126.980712890625, 0.009065
127.0107421875, 0.044018
127.040771484375, -0.095796
127.07080078125, -0.095796
127.100830078125, 0.002074
127.130859375, 0.120916
127.16064453125, -0.018898
127.190673828125, 0.064991
127.220703125, -0.060842
127.250732421875, 0.023046
127.28076171875, 0.071981
127.310791015625, -0.116768
127.3408203125, -0.095796
127.370849609375, -0.025889
127.400634765625, -0.081815
127.4306640625, -0.046861
127.460693359375, -0.018898
127.49072265625, 0.127907
127.520751953125, -0.046861
127.55078125, 0.064991
127.580810546875, -0.081815
127.61083984375, 0.030037
127.640869140625, 0.092954
127.670654296875, 0.211796
127.70068359375, -0.074824
127.730712890625, -0.095796
127.7607421875, -0.13774
127.790771484375, -0.095796
127.82080078125, -0.025889
127.850830078125, 0.044018
127.880859375, 0.085963
127.91064453125, 0.113926
127.940673828125, 0.030037
127.970703125, 0.064991
128.000732421875, 0.120916
128.03076171875, -0.011907
128.060791015625, 0.016056
128.0908203125, 0.009065
128.120849609375, 0.023046
128.150634765625, -0.158712
128.1806640625, -0.081815
128.210693359375, 0.030037
128.24072265625, 0.064991
128.270751953125, 0.037028
128.30078125, -0.13774
128.330810546875, 0.002074
128.36083984375, 0.002074
128.390869140625, -0.046861
128.420654296875, -0.13075
128.45068359375, -0.095796
128.480712890625, 0.058
128.5107421875, -0.053852
128.540771484375, 0.148879
128.57080078125, 0.044018
128.600830078125, -0.074824
128.630859375, 0.099944
128.66064453125, 0.009065
128.690673828125, 0.023046
128.720703125, 0.009065
128.750732421875, -0.03987
128.78076171875, 0.085963
128.810791015625, -0.053852
128.8408203125, -0.060842
128.870849609375, 0.002074
128.90087890625, 0.016056
128.9306640625, -0.025889
128.960693359375, -0.095796
128.99072265625, 0.002074
129.020751953125, -0.074824
129.05078125, -0.032879
129.080810546875, 0.085963
129.11083984375, -0.193666
129.140869140625, -0.067833
129.170654296875, 0.023046
129.20068359375, -0.053852
129.230712890625, -0.025889
129.2607421875, -0.025889
129.290771484375, 0.078972
129.32080078125, 0.030037
129.350830078125, -0.025889
129.380859375, 0.037028
129.41064453125, 0.016056
129.440673828125, 0.037028
129.470703125, 0.099944
129.500732421875, -0.074824
129.53076171875, -0.158712
129.560791015625, -0.081815
129.5908203125, -0.046861
129.620849609375, -0.060842
129.65087890625, 0.002074
129.6806640625, -0.046861
129.710693359375, -0.116768
129.74072265625, -0.13075
129.770751953125, 0.044018
129.80078125, -0.032879
129.830810546875, -0.004917
129.86083984375, -0.067833
129.890869140625, 0.023046
129.920654296875, -0.046861
129.95068359375, 0.148879
129.980712890625, 0.071981
130.0107421875, -0.067833
130.040771484375, 0.085963
130.07080078125, -0.032879
130.100830078125, -0.053852
130.130859375, -0.046861
130.160888671875, -0.011907
130.190673828125, -0.144731
130.220703125, 0.023046
130.250732421875, -0.095796
130.28076171875, -0.088805
130.310791015625, 0.030037
130.3408203125, 0.016056
130.370849609375, -0.067833
130.40087890625, -0.13774
130.4306640625, 0.064991
130.460693359375, -0.081815
130.49072265625, 0.044018
130.520751953125, -0.011907
130.55078125, -0.025889
130.580810546875, -0.067833
130.61083984375, 0.016056
130.640869140625, -0.109777
130.6708984375, -0.13075
130.70068359375, -0.151722
130.730712890625, 0.078972
130.7607421875, 0.009065
130.790771484375, -0.025889
130.82080078125, 0.120916
130.850830078125, -0.018898
130.880859375, -0.165703
130.910888671875, -0.046861
130.940673828125, 0.058
130.970703125, 0.009065
131.000732421875, -0.018898
131.03076171875, 0.023046
131.060791015625, -0.018898
131.0908203125, 0.016056
131.120849609375, 0.016056
131.15087890625, 0.016056
131.1806640625, -0.074824
131.210693359375, 0.037028
131.24072265625, 0.092954
131.270751953125, -0.053852
131.30078125, -0.060842
131.330810546875, -0.018898
131.36083984375, 0.009065
131.390869140625, -0.025889
131.4208984375, -0.116768
131.45068359375, 0.051009
131.480712890625, -0.011907
131.5107421875, -0.102787
131.540771484375, 0.051009
131.57080078125, 0.051009
131.600830078125, -0.053852
131.630859375, -0.011907
131.660888671875, -0.081815
131.690673828125, 0.106935
131.720703125, -0.046861
131.750732421875, -0.025889
131.78076171875, 0.092954
131.810791015625, -0.018898
131.8408203125, -0.046861
131.870849609375, 0.009065
131.90087890625, -0.123759
131.930908203125, 0.106935
131.960693359375, 0.120916
131.99072265625, -0.053852
132.020751953125, 0.030037
132.05078125, 0.148879
132.080810546875, -0.074824
132.11083984375, -0.13774
132.140869140625, -0.109777
132.1708984375, -0.102787
132.20068359375, 0.092954
132.230712890625, -0.025889
132.2607421875, -0.025889
132.290771484375, -0.074824
132.32080078125, -0.144731
132.350830078125, 0.058
132.380859375, 0.002074
132.410888671875, -0.011907
132.440673828125, 0.002074
132.470703125, -0.03987
132.500732421875, -0.025889
132.53076171875, 0.099944
132.560791015625, -0.053852
132.5908203125, -0.004917
132.620849609375, -0.025889
132.65087890625, 0.127907
132.680908203125, -0.060842
132.710693359375, 0.078972
132.74072265625, -0.046861
132.770751953125, 0.044018
132.80078125, 0.023046
132.830810546875, -0.067833
132.86083984375, -0.025889
132.890869140625, 0.023046
132.9208984375, -0.025889
132.95068359375, -0.011907
132.980712890625, 0.183833
133.0107421875, -0.074824
133.040771484375, -0.214638
133.07080078125, -0.004917
133.100830078125, 0.037028
133.130859375, -0.074824
133.160888671875, 0.016056
133.19091796875, 0.002074
133.220703125, -0.158712
133.250732421875, -0.018898
133.28076171875, 0.051009
133.310791015625, 0.044018
133.3408203125, 0.113926
133.370849609375, 0.092954
133.40087890625, 0.071981
133.430908203125, -0.158712
133.460693359375, 0.023046
133.49072265625, 0.016056
133.520751953125, -0.053852
133.55078125, 0.009065
133.580810546875, -0.088805
133.61083984375, -0.004917
133.640869140625, 0.023046
133.6708984375, 0.058
133.700927734375, -0.032879
133.730712890625, -0.046861
133.7607421875, -0.116768
133.790771484375, -0.13774
133.82080078125, 0.009065
133.850830078125, 0.002074
133.880859375, 0.030037
133.910888671875, -0.046861
133.94091796875, 0.092954
133.970703125, 0.037028
134.000732421875, 0.023046
134.03076171875, -0.025889
134.060791015625, 0.078972
134.0908203125, 0.016056
134.120849609375, 0.030037
134.15087890625, 0.044018
134.180908203125, -0.03987
134.210693359375, -0.060842
134.24072265625, -0.256583
134.270751953125, -0.053852
134.30078125, -0.004917
134.330810546875, -0.109777
134.36083984375, 0.002074
134.390869140625, -0.011907
134.4208984375, -0.03987
134.450927734375, -0.095796
134.480712890625, -0.018898
134.5107421875, 0.037028
134.540771484375, -0.067833
134.57080078125, -0.081815
134.600830078125, -0.067833
134.630859375, 0.002074
134.660888671875, -0.03987
134.69091796875, -0.011907
134.720703125, -0.095796
134.750732421875, -0.032879
134.78076171875, -0.032879
134.810791015625, -0.060842
134.8408203125, -0.011907
134.870849609375, 0.002074
134.90087890625, -0.158712
134.930908203125, 0.044018
134.9609375, 0.016056
134.99072265625, 0.030037
135.020751953125, -0.074824
135.05078125, -0.03987
135.080810546875, 0.141889
135.11083984375, -0.095796
135.140869140625, 0.058
135.1708984375, 0.141889
135.200927734375, -0.067833
135.230712890625, -0.109777
135.2607421875, 0.064991
135.290771484375, -0.011907
135.32080078125, -0.151722
135.350830078125, 0.009065
135.380859375, -0.067833
135.410888671875, -0.13774
135.44091796875, 0.120916
135.470947265625, 0.162861
135.500732421875, -0.018898
135.53076171875, -0.025889
135.560791015625, -0.081815
135.5908203125, 0.016056
135.620849609375, 0.002074
135.65087890625, 0.064991
135.680908203125, -0.060842
135.7109375, 0.078972
135.74072265625, -0.053852
135.770751953125, 0.064991
135.80078125, -0.032879
135.830810546875, -0.095796
135.86083984375, -0.102787
135.890869140625, -0.046861
135.9208984375, 0.058
135.950927734375, 0.002074
135.980712890625, 0.002074
136.0107421875, 0.009065
136.040771484375, 0.127907
136.07080078125, 0.002074
136.100830078125, -0.004917
136.130859375, -0.13774
136.160888671875, -0.018898
136.19091796875, -0.004917
136.220947265625, 0.016056
136.250732421875, -0.03987
136.28076171875, 0.030037
136.310791015625, -0.018898
136.3408203125, -0.074824
136.370849609375, -0.011907
136.40087890625, -0.004917
136.430908203125, -0.004917
136.4609375, 0.064991
136.49072265625, -0.046861
136.520751953125, -0.095796
136.55078125, 0.016056
136.580810546875, 0.148879
136.61083984375, -0.046861
136.640869140625, 0.009065
136.6708984375, -0.13774
136.700927734375, -0.046861
136.73095703125, 0.190824
136.7607421875, 0.037028
136.790771484375, -0.102787
136.82080078125, 0.009065
136.850830078125, 0.120916
136.880859375, -0.032879
136.910888671875, 0.002074
136.94091796875, 0.023046
136.970947265625, 0.016056
137.000732421875, -0.004917
137.03076171875, -0.053852
137.060791015625, -0.081815
137.0908203125, -0.116768
137.120849609375, -0.018898
137.15087890625, 0.023046
137.180908203125, -0.102787
137.2109375, 0.078972
137.24072265625, -0.13075
137.270751953125, -0.025889
137.30078125, 0.078972
137.330810546875, 0.058
137.36083984375, 0.085963
137.390869140625, -0.032879
137.4208984375, 0.002074
137.450927734375, 0.127907
137.48095703125, 0.023046
137.5107421875, -0.018898
137.540771484375, -0.03987
137.57080078125, -0.03987
137.600830078125, 0.030037
137.630859375, -0.025889
137.660888671875, -0.03987
137.69091796875, -0.011907
137.720947265625, -0.13774
137.750732421875, 0.037028
137.78076171875, 0.058
137.810791015625, -0.025889
137.8408203125, 0.071981
137.870849609375, -0.03987
137.90087890625, -0.081815
137.930908203125, 0.051009
137.9609375, -0.109777
137.990966796875, -0.053852
138.020751953125, -0.081815
138.05078125, 0.002074
138.080810546875, -0.004917
138.11083984375, 0.051009
138.140869140625, -0.025889
138.1708984375, -0.081815
138.200927734375, 0.106935
138.23095703125, 0.058
138.2607421875, -0.102787
138.290771484375, -0.067833
138.32080078125, -0.018898
138.350830078125, -0.032879
138.380859375, -0.025889
138.410888671875, -0.053852
138.44091796875, -0.13075
138.470947265625, -0.004917
138.5009765625, -0.060842
138.53076171875, 0.002074
138.560791015625, -0.109777
138.5908203125, -0.151722
138.620849609375, -0.03987
138.65087890625, 0.085963
138.680908203125, 0.016056
138.7109375, 0.071981
138.740966796875, 0.064991
138.770751953125, -0.102787
138.80078125, -0.011907
138.830810546875, -0.13075
138.86083984375, 0.085963
138.890869140625, 0.030037
138.9208984375, 0.113926
138.950927734375, -0.067833
138.98095703125, 0.037028
139.0107421875, 0.085963
139.040771484375, 0.148879
139.07080078125, -0.025889
139.100830078125, -0.123759
139.130859375, -0.165703
139.160888671875, -0.102787
139.19091796875, 0.016056
139.220947265625, 0.002074
139.2509765625, -0.060842
139.28076171875, -0.03987
139.310791015625, 0.016056
139.3408203125, -0.102787
139.370849609375, -0.123759
139.40087890625, -0.03987
139.430908203125, -0.060842
139.4609375, 0.162861
139.490966796875, 0.023046
139.520751953125, -0.025889
139.55078125, -0.011907
139.580810546875, 0.030037
139.61083984375, 0.016056
139.640869140625, 0.023046
139.6708984375, -0.123759
139.700927734375, 0.085963
139.73095703125, 0.15587
139.760986328125, 0.009065
139.790771484375, 0.078972
139.82080078125, 0.106935
139.850830078125, -0.158712
139.880859375, 0.071981
139.910888671875, 0.044018
139.94091796875, -0.018898
139.970947265625, 0.071981
140.0009765625, 0.078972
140.03076171875, 0.030037
140.060791015625, 0.002074
140.0908203125, 0.023046
140.120849609375, 0.127907
140.15087890625, -0.046861
140.180908203125, 0.002074
140.2109375, -0.004917
140.240966796875, 0.044018
140.270751953125, 0.085963
140.30078125, 0.023046
140.330810546875, 0.044018
140.36083984375, 0.085963
140.390869140625, 0.023046
140.4208984375, -0.053852
140.450927734375, -0.067833
140.48095703125, -0.060842
140.510986328125, -0.011907
140.540771484375, -0.053852
140.57080078125, -0.018898
140.600830078125, -0.03987
140.630859375, 0.023046
140.660888671875, 0.037028
140.69091796875, 0.099944
140.720947265625, 0.002074
140.7509765625, -0.067833
140.78076171875, 0.092954
140.810791015625, -0.03987
140.8408203125, 0.002074
140.870849609375, -0.004917
140.90087890625, -0.032879
140.930908203125, 0.092954
140.9609375, 0.071981
140.990966796875, 0.106935
141.02099609375, -0.095796
141.05078125, 0.064991
141.080810546875, -0.025889
141.11083984375, -0.03987
141.140869140625, 0.099944
141.1708984375, 0.058
141.200927734375, 0.044018
141.23095703125, -0.004917
141.260986328125, 0.002074
141.290771484375, -0.067833
141.32080078125, 0.009065
141.350830078125, -0.179685
141.380859375, -0.13774
141.410888671875, -0.053852
141.44091796875, -0.067833
141.470947265625, 0.002074
141.5009765625, 0.044018
141.531005859375, 0.099944
141.560791015625, -0.123759
141.5908203125, 0.106935
141.620849609375, -0.046861
141.65087890625, 0.023046
141.680908203125, 0.099944
141.7109375, -0.088805
141.740966796875, 0.099944
141.77099609375, 0.113926
141.80078125, 0.092954
141.830810546875, -0.158712
141.86083984375, -0.011907
141.890869140625, 0.030037
141.9208984375, -0.095796
141.950927734375, 0.058
141.98095703125, -0.053852
142.010986328125, -0.095796
142.040771484375, 0.148879
142.07080078125, 0.078972
142.100830078125, -0.144731
142.130859375, -0.095796
142.160888671875, 0.044018
142.19091796875, -0.046861
142.220947265625, -0.060842
142.2509765625, -0.018898
142.281005859375, 0.058
142.310791015625, -0.053852
142.3408203125, 0.051009
142.370849609375, -0.109777
142.40087890625, -0.03987
142.430908203125, 0.051009
142.4609375, 0.044018
142.490966796875, 0.044018
142.52099609375, 0.127907
142.55078125, -0.018898
142.580810546875, -0.13774
142.61083984375, -0.03987
142.640869140625, 0.071981
142.6708984375, 0.148879
142.700927734375, 0.030037
142.73095703125, 0.030037
142.760986328125, -0.053852
142.791015625, 0.058
142.82080078125, -0.116768
142.850830078125, -0.081815
142.880859375, -0.025889
142.910888671875, 0.016056
142.94091796875, -0.046861
142.970947265625, -0.081815
143.0009765625, -0.095796
143.031005859375, 0.023046
143.060791015625, 0.016056
143.0908203125, 0.037028
143.120849609375, 0.002074
143.15087890625, 0.002074
143.180908203125, -0.081815
143.2109375, -0.018898
143.240966796875, -0.067833
143.27099609375, -0.116768
143.301025390625, -0.018898
143.330810546875, 0.15587
143.36083984375, -0.116768
143.390869140625, 0.058
143.4208984375, -0.060842
143.450927734375, -0.011907
143.48095703125, 0.030037
143.510986328125, 0.169852
143.541015625, 0.037028
143.57080078125, -0.004917
143.600830078125, -0.123759
143.630859375, -0.067833
143.660888671875, -0.067833
143.69091796875, 0.078972
143.720947265625, -0.011907
143.7509765625, -0.011907
143.781005859375, -0.004917
143.810791015625, 0.002074
143.8408203125, 0.016056
143.870849609375, 0.002074
143.90087890625, -0.032879
143.930908203125, -0.060842
143.9609375, 0.009065
143.990966796875, 0.030037
144.02099609375, 0.037028
144.051025390625, -0.03987
144.080810546875, -0.123759
144.11083984375, -0.13774
144.140869140625, -0.011907
144.1708984375, -0.025889
144.200927734375, 0.044018
144.23095703125, 0.037028
144.260986328125, 0.002074
144.291015625, 0.044018
144.32080078125, 0.064991
144.350830078125, -0.081815
144.380859375, 0.030037
144.410888671875, -0.179685
144.44091796875, -0.095796
144.470947265625, 0.023046
144.5009765625, 0.099944
144.531005859375, -0.046861
144.56103515625, -0.032879
144.5908203125, -0.004917
144.620849609375, 0.009065
144.65087890625, 0.106935
144.680908203125, 0.058
144.7109375, -0.116768
144.740966796875, -0.060842
144.77099609375, -0.116768
144.801025390625, 0.030037
144.830810546875, -0.060842
144.86083984375, 0.016056
144.890869140625, -0.081815
144.9208984375, -0.095796
144.950927734375, 0.064991
144.98095703125, -0.025889
145.010986328125, 0.002074
145.041015625, -0.03987
145.07080078125, -0.088805
145.100830078125, 0.078972
145.130859375, 0.044018
145.160888671875, -0.018898
145.19091796875, 0.030037
145.220947265625, 0.023046
145.2509765625, 0.051009
145.281005859375, -0.018898
145.31103515625, -0.053852
145.3408203125, 0.071981
145.370849609375, -0.074824
145.40087890625, -0.046861
145.430908203125, -0.018898
145.4609375, 0.044018
145.490966796875, -0.03987
145.52099609375, 0.071981
145.551025390625, -0.102787
145.580810546875, -0.088805
145.61083984375, 0.037028
145.640869140625, 0.141889
145.6708984375, 0.016056
145.700927734375, -0.060842
145.73095703125, -0.011907
145.760986328125, 0.071981
145.791015625, -0.046861
145.821044921875, -0.046861
145.850830078125, -0.004917
145.880859375, -0.032879
145.910888671875, -0.03987
145.94091796875, 0.064991
145.970947265625, -0.018898
146.0009765625, -0.053852
146.031005859375, 0.009065
146.06103515625, 0.044018
146.0908203125, -0.053852
146.120849609375, 0.106935
146.15087890625, 0.016056
146.180908203125, -0.025889
146.2109375, -0.025889
146.240966796875, -0.011907
146.27099609375, 0.044018
146.301025390625, 0.016056
146.3310546875, 0.134898
146.36083984375, 0.051009
146.390869140625, -0.067833
146.4208984375, 0.023046
146.450927734375, -0.004917
146.48095703125, -0.025889
146.510986328125, 0.099944
146.541015625, -0.102787
146.571044921875, 0.037028
146.600830078125, -0.053852
146.630859375, 0.106935
146.660888671875, -0.03987
146.69091796875, -0.13774
146.720947265625, -0.025889
146.7509765625, -0.053852
146.781005859375, 0.030037
146.81103515625, -0.081815
146.8408203125, -0.102787
146.870849609375, 0.051009
146.90087890625, 0.120916
146.930908203125, -0.011907
146.9609375, 0.051009
146.990966796875, 0.037028
147.02099609375, 0.092954
147.051025390625, 0.030037
147.0810546875, 0.016056
147.11083984375, 0.051009
147.140869140625, 0.016056
147.1708984375, -0.032879
147.200927734375, -0.025889
147.23095703125, 0.051009
147.260986328125, -0.053852
147.291015625, 0.085963
147.321044921875, -0.046861
147.350830078125, -0.03987
147.380859375, 0.023046
147.410888671875, -0.011907
147.44091796875, -0.03987
147.470947265625, 0.016056
147.5009765625, -0.046861
147.531005859375, 0.058
147.56103515625, -0.074824
147.591064453125, 0.037028
147.620849609375, 0.009065
147.65087890625, 0.044018
147.680908203125, -0.165703
147.7109375, -0.095796
147.740966796875, 0.044018
147.77099609375, 0.051009
147.801025390625, 0.023046
147.8310546875, 0.071981
147.86083984375, -0.074824
147.890869140625, 0.058
147.9208984375, -0.004917
147.950927734375, 0.002074
147.98095703125, 0.002074
148.010986328125, -0.053852
148.041015625, -0.046861
148.071044921875, -0.004917
148.10107421875, 0.141889
148.130859375, 0.030037
148.160888671875, 0.023046
148.19091796875, 0.023046
148.220947265625, -0.025889
148.2509765625, -0.018898
148.281005859375, -0.088805
148.31103515625, -0.046861
148.341064453125, -0.102787
148.370849609375, -0.060842
148.40087890625, -0.011907
148.430908203125, 0.023046
148.4609375, -0.074824
148.490966796875, -0.088805
148.52099609375, -0.032879
148.551025390625, -0.011907
148.5810546875, 0.030037
148.61083984375, 0.113926
148.640869140625, -0.053852
148.6708984375, -0.011907
148.700927734375, 0.016056
148.73095703125, 0.023046
148.760986328125, -0.088805
148.791015625, -0.102787
148.821044921875, -0.032879
148.85107421875, 0.058
148.880859375, -0.172694
148.910888671875, 0.002074
148.94091796875, -0.025889
148.970947265625, -0.025889
149.0009765625, 0.023046
149.031005859375, 0.099944
149.06103515625, -0.081815
149.091064453125, 0.030037
149.120849609375, -0.060842
149.15087890625, 0.009065
149.180908203125, 0.030037
149.2109375, 0.099944
149.240966796875, 0.002074
149.27099609375, 0.002074
149.301025390625, 0.030037
149.3310546875, 0.016056
149.361083984375, -0.018898
149.390869140625, 0.099944
149.4208984375, 0.030037
149.450927734375, 0.023046
149.48095703125, -0.067833
149.510986328125, -0.165703
149.541015625, 0.037028
149.571044921875, -0.011907
149.60107421875, 0.002074
149.630859375, -0.004917
149.660888671875, -0.095796
149.69091796875, 0.009065
149.720947265625, -0.03987
149.7509765625, -0.060842
149.781005859375, 0.051009
149.81103515625, 0.099944
149.841064453125, -0.13774
149.870849609375, -0.025889
149.90087890625, -0.060842
149.930908203125, 0.016056
149.9609375, -0.032879
149.990966796875, 0.002074
150.02099609375, -0.018898
150.051025390625, -0.025889
150.0810546875, 0.030037
150.111083984375, -0.081815
150.140869140625, -0.025889
150.1708984375, 0.078972
150.200927734375, -0.144731
150.23095703125, -0.011907
150.260986328125, 0.134898
150.291015625, 0.051009
150.321044921875, -0.172694
150.35107421875, -0.060842
150.380859375, -0.032879
150.410888671875, -0.011907
150.44091796875, 0.023046
150.470947265625, -0.074824
150.5009765625, 0.120916
150.531005859375, -0.011907
150.56103515625, -0.074824
150.591064453125, 0.023046
150.62109375, -0.03987
150.65087890625, -0.13774
150.680908203125, -0.060842
150.7109375, -0.032879
150.740966796875, 0.002074
150.77099609375, 0.016056
150.801025390625, 0.023046
150.8310546875, 0.037028
150.861083984375, -0.025889
150.890869140625, -0.074824
150.9208984375, -0.025889
150.950927734375, -0.116768
150.98095703125, 0.064991
151.010986328125, -0.074824
151.041015625, -0.109777
151.071044921875, 0.071981
151.10107421875, 0.016056
151.131103515625, 0.078972
151.160888671875, 0.030037
151.19091796875, -0.081815
151.220947265625, -0.03987
151.2509765625, 0.058
151.281005859375, 0.148879
151.31103515625, -0.018898
151.341064453125, -0.018898
151.37109375, 0.023046
151.40087890625, -0.088805
151.430908203125, -0.081815
151.4609375, 0.051009
151.490966796875, -0.060842
151.52099609375, -0.151722
151.551025390625, -0.074824
151.5810546875, -0.032879
151.611083984375, 0.002074
151.640869140625, 0.085963
151.6708984375, 0.078972
151.700927734375, 0.016056
151.73095703125, 0.058
151.760986328125, -0.074824
151.791015625, 0.037028
151.821044921875, 0.002074
151.85107421875, -0.151722
151.881103515625, -0.060842
151.910888671875, -0.102787
151.94091796875, 0.044018
151.970947265625, -0.095796
152.0009765625, -0.123759
152.031005859375, 0.037028
152.06103515625, -0.046861
152.091064453125, -0.151722
152.12109375, -0.025889
152.15087890625, 0.085963
152.180908203125, 0.037028
152.2109375, -0.172694
152.240966796875, 0.190824
152.27099609375, 0.037028
152.301025390625, -0.018898
152.3310546875, 0.002074
152.361083984375, 0.037028
152.39111328125, 0.051009
152.4208984375, 0.009065
152.450927734375, -0.081815
152.48095703125, -0.046861
152.510986328125, -0.116768
152.541015625, 0.113926
152.571044921875, -0.074824
152.60107421875, -0.03987
152.631103515625, 0.002074
152.660888671875, 0.002074
152.69091796875, -0.03987
152.720947265625, 0.037028
152.7509765625, -0.03987
152.781005859375, -0.081815
152.81103515625, -0.046861
152.841064453125, -0.067833
152.87109375, -0.095796
152.90087890625, -0.088805
152.930908203125, -0.053852
152.9609375, 0.051009
152.990966796875, 0.037028
153.02099609375, 0.030037
153.051025390625, 0.051009
153.0810546875, 0.002074
153.111083984375, 0.051009
153.14111328125, 0.037028
153.1708984375, 0.051009
153.200927734375, 0.044018
153.23095703125, 0.016056
153.260986328125, -0.011907
153.291015625, -0.011907
153.321044921875, -0.032879
153.35107421875, -0.060842
153.381103515625, -0.081815
153.410888671875, 0.016056
153.44091796875, 0.002074
153.470947265625, 0.030037
153.5009765625, -0.067833
153.531005859375, -0.046861
153.56103515625, -0.018898
153.591064453125, -0.109777
153.62109375, -0.074824
153.651123046875, -0.081815
153.680908203125, 0.030037
153.7109375, -0.025889
153.740966796875, 0.120916
153.77099609375, -0.095796
153.801025390625, -0.011907
153.8310546875, -0.046861
153.861083984375, 0.092954
153.89111328125, -0.053852
153.9208984375, 0.218787
153.950927734375, -0.074824
153.98095703125, 0.085963
154.010986328125, -0.025889
154.041015625, -0.060842
154.071044921875, 0.064991
154.10107421875, 0.023046
154.131103515625, -0.095796
154.1611328125, -0.03987
154.19091796875, 0.085963
154.220947265625, -0.018898
154.2509765625, 0.030037
154.281005859375, -0.032879
154.31103515625, -0.151722
154.341064453125, 0.002074
154.37109375, -0.032879
154.401123046875, -0.03987
154.430908203125, 0.099944
154.4609375, -0.053852
154.490966796875, 0.148879
154.52099609375, -0.046861
154.551025390625, 0.064991
154.5810546875, -0.03987
154.611083984375, 0.016056
154.64111328125, 0.016056
154.6708984375, 0.023046
154.700927734375, 0.099944
154.73095703125, -0.011907
154.760986328125, -0.032879
154.791015625, 0.078972
154.821044921875, -0.018898
154.85107421875, -0.088805
154.881103515625, 0.051009
154.9111328125, -0.081815
154.94091796875, -0.004917
154.970947265625, 0.002074
155.0009765625, -0.025889
155.031005859375, -0.060842
155.06103515625, -0.095796
155.091064453125, -0.053852
155.12109375, -0.032879
155.151123046875, -0.046861
155.180908203125, 0.071981
155.2109375, 0.099944
155.240966796875, 0.023046
155.27099609375, 0.044018
155.301025390625, -0.004917
155.3310546875, -0.060842
155.361083984375, -0.088805
155.39111328125, 0.023046
155.421142578125, 0.009065
155.450927734375, 0.009065
155.48095703125, 0.058
155.510986328125, -0.011907
155.541015625, 0.002074
155.571044921875, -0.046861
155.60107421875, -0.03987
155.631103515625, -0.004917
155.6611328125, -0.025889
155.69091796875, 0.044018
155.720947265625, 0.051009
155.7509765625, 0.016056
155.781005859375, -0.116768
155.81103515625, -0.095796
155.841064453125, 0.009065
155.87109375, -0.03987
155.901123046875, 0.134898
155.93115234375, -0.018898
155.9609375, 0.127907
155.990966796875, -0.102787
156.02099609375, -0.004917
156.051025390625, -0.067833
156.0810546875, 0.078972
156.111083984375, -0.011907
156.14111328125, -0.158712
156.171142578125, 0.009065
156.200927734375, -0.011907
156.23095703125, -0.046861
156.260986328125, -0.116768
156.291015625, 0.037028
156.321044921875, -0.046861
156.35107421875, -0.053852
156.381103515625, 0.016056
156.4111328125, 0.023046
156.44091796875, 0.113926
156.470947265625, 0.085963
156.5009765625, 0.037028
156.531005859375, 0.092954
156.56103515625, -0.074824
156.591064453125, -0.095796
156.62109375, 0.064991
156.651123046875, -0.116768
156.68115234375, -0.011907
156.7109375, 0.058
156.740966796875, -0.046861
156.77099609375, 0.009065
156.801025390625, -0.053852
156.8310546875, -0.025889
156.861083984375, -0.025889
156.89111328125, 0.002074
156.921142578125, -0.046861
156.950927734375, 0.051009
156.98095703125, 0.058
157.010986328125, 0.016056
157.041015625, 0.106935
157.071044921875, 0.030037
157.10107421875, -0.095796
157.131103515625, 0.002074
157.1611328125, 0.141889
157.191162109375, 0.099944
157.220947265625, -0.109777
157.2509765625, -0.151722
157.281005859375, -0.074824
157.31103515625, -0.03987
157.341064453125, 0.148879
157.37109375, -0.060842
157.401123046875, 0.197814
157.43115234375, 0.037028
157.4609375, -0.067833
157.490966796875, 0.064991
157.52099609375, 0.078972
157.551025390625, -0.025889
157.5810546875, -0.074824
157.611083984375, 0.085963
157.64111328125, -0.158712
157.671142578125, 0.058
157.700927734375, -0.095796
157.73095703125, -0.011907
157.760986328125, 0.002074
157.791015625, -0.018898
157.821044921875, -0.053852
157.85107421875, -0.074824
157.881103515625, 0.071981
157.9111328125, -0.242601
157.941162109375, 0.023046
157.970947265625, -0.081815
158.0009765625, 0.016056
158.031005859375, -0.03987
158.06103515625, -0.102787
158.091064453125, -0.053852
158.12109375, -0.03987
158.151123046875, -0.095796
158.18115234375, 0.064991
158.2109375, 0.044018
158.240966796875, 0.037028
158.27099609375, -0.158712
158.301025390625, 0.009065
158.3310546875, 0.106935
158.361083984375, 0.016056
158.39111328125, -0.053852
158.421142578125, -0.03987
158.451171875, 0.030037
158.48095703125, 0.023046
158.510986328125, 0.002074
158.541015625, -0.004917
158.571044921875, 0.023046
158.60107421875, 0.044018
158.631103515625, 0.058
158.6611328125, -0.018898
158.691162109375, 0.023046
158.720947265625, 0.127907
158.7509765625, 0.030037
158.781005859375, 0.092954
158.81103515625, 0.009065
158.841064453125, 0.106935
158.87109375, -0.109777
158.901123046875, -0.060842
158.93115234375, -0.046861
158.961181640625, 0.148879
158.990966796875, 0.134898
159.02099609375, 0.037028
159.051025390625, -0.032879
159.0810546875, 0.058
159.111083984375, -0.13075
159.14111328125, -0.032879
159.171142578125, -0.03987
159.201171875, 0.037028
159.23095703125, -0.102787
159.260986328125, 0.016056
159.291015625, -0.095796
159.321044921875, -0.102787
159.35107421875, -0.025889
159.381103515625, -0.032879
159.4111328125, 0.064991
159.441162109375, -0.123759
159.470947265625, -0.046861
159.5009765625, -0.03987
159.531005859375, 0.037028
159.56103515625, -0.032879
159.591064453125, -0.053852
159.62109375, 0.051009
159.651123046875, -0.046861
159.68115234375, 0.002074
159.711181640625, -0.032879
159.740966796875, -0.088805
159.77099609375, 0.009065
159.801025390625, -0.088805
159.8310546875, -0.060842
159.861083984375, -0.123759
159.89111328125, -0.018898
159.921142578125, 0.071981
159.951171875, -0.025889
159.98095703125, -0.13075
160.010986328125, -0.004917
160.041015625, -0.053852
160.071044921875, 0.085963
160.10107421875, 0.044018
160.131103515625, 0.064991
160.1611328125, -0.004917
160.191162109375, -0.032879
160.22119140625, -0.214638
160.2509765625, -0.053852
160.281005859375, -0.074824
160.31103515625, 0.023046
160.341064453125, -0.165703
160.37109375, -0.067833
160.401123046875, 0.037028
160.43115234375, -0.046861
160.461181640625, 0.037028
160.490966796875, 0.058
160.52099609375, 0.023046
160.551025390625, -0.081815
160.5810546875, -0.046861
160.611083984375, -0.109777
160.64111328125, 0.002074
160.671142578125, -0.03987
160.701171875, 0.058
160.73095703125, 0.009065
160.760986328125, -0.004917
160.791015625, -0.074824
160.821044921875, 0.085963
160.85107421875, -0.032879
160.881103515625, -0.116768
160.9111328125, 0.009065
160.941162109375, 0.030037
160.97119140625, 0.030037
161.0009765625, 0.037028
161.031005859375, -0.081815
161.06103515625, -0.081815
161.091064453125, 0.078972
161.12109375, -0.095796
161.151123046875, -0.053852
161.18115234375, -0.046861
161.211181640625, 0.051009
161.240966796875, -0.046861
161.27099609375, 0.141889
161.301025390625, -0.109777
161.3310546875, 0.120916
161.361083984375, 0.009065
161.39111328125, -0.004917
161.421142578125, -0.151722
161.451171875, -0.03987
161.481201171875, 0.030037
161.510986328125, -0.018898
161.541015625, -0.074824
161.571044921875, -0.095796
161.60107421875, 0.044018
161.631103515625, -0.095796
161.6611328125, -0.004917
161.691162109375, -0.032879
161.72119140625, -0.032879
161.7509765625, 0.037028
161.781005859375, -0.03987
161.81103515625, -0.053852
161.841064453125, -0.081815
161.87109375, -0.004917
161.901123046875, 0.092954
161.93115234375, -0.116768
161.961181640625, -0.032879
161.9912109375, -0.03987
162.02099609375, -0.095796
162.051025390625, 0.016056
162.0810546875, -0.053852
162.111083984375, -0.046861
162.14111328125, -0.004917
162.171142578125, 0.051009
162.201171875, 0.134898
162.231201171875, -0.067833
162.260986328125, -0.060842
162.291015625, -0.032879
162.321044921875, -0.025889
162.35107421875, 0.127907
162.381103515625, 0.064991
162.4111328125, 0.058
162.441162109375, -0.158712
162.47119140625, -0.123759
162.5009765625, 0.099944
162.531005859375, -0.03987
162.56103515625, -0.095796
162.591064453125, -0.03987
162.62109375, 0.106935
162.651123046875, 0.085963
162.68115234375, -0.123759
162.711181640625, 0.127907
162.7412109375, 0.016056
162.77099609375, 0.023046
162.801025390625, -0.116768
162.8310546875, 0.037028
162.861083984375, 0.030037
162.89111328125, 0.023046
162.921142578125, 0.030037
162.951171875, -0.116768
162.981201171875, 0.051009
163.010986328125, -0.025889
163.041015625, 0.037028
163.071044921875, 0.002074
163.10107421875, 0.078972
163.131103515625, 0.099944
163.1611328125, -0.03987
163.191162109375, -0.025889
163.22119140625, 0.002074
163.251220703125, -0.067833
163.281005859375, -0.025889
163.31103515625, -0.13075
163.341064453125, 0.058
163.37109375, -0.053852
163.401123046875, -0.081815
163.43115234375, 0.051009
163.461181640625, -0.074824
163.4912109375, 0.071981
163.52099609375, -0.116768
163.551025390625, 0.030037
163.5810546875, 0.071981
163.611083984375, 0.064991
163.64111328125, 0.092954
163.671142578125, -0.03987
163.701171875, -0.095796
163.731201171875, 0.051009
163.76123046875, -0.053852
163.791015625, -0.032879
163.821044921875, -0.109777
163.85107421875, -0.074824
163.881103515625, 0.023046
163.9111328125, -0.067833
163.941162109375, 0.002074
163.97119140625, -0.032879
164.001220703125, -0.081815
164.031005859375, -0.004917
164.06103515625, -0.074824
164.091064453125, -0.011907
164.12109375, -0.025889
164.151123046875, -0.060842
164.18115234375, 0.023046
164.211181640625, -0.046861
164.2412109375, -0.053852
164.27099609375, 0.058
164.301025390625, -0.151722
164.3310546875, -0.004917
164.361083984375, 0.016056
164.39111328125, -0.060842
164.421142578125, -0.172694
164.451171875, -0.109777
164.481201171875, 0.030037
164.51123046875, 0.120916
164.541015625, 0.030037
164.571044921875, 0.071981
164.60107421875, -0.053852
164.631103515625, -0.116768
164.6611328125, 0.002074
164.691162109375, -0.018898
164.72119140625, -0.004917
164.751220703125, -0.004917
164.781005859375, 0.051009
164.81103515625, -0.011907
164.841064453125, -0.123759
164.87109375, 0.071981
164.901123046875, 0.009065
164.93115234375, -0.095796
164.961181640625, 0.002074
164.9912109375, -0.067833
165.021240234375, -0.081815
165.051025390625, -0.109777
165.0810546875, 0.064991
165.111083984375, -0.018898
165.14111328125, -0.03987
165.171142578125, 0.085963
165.201171875, -0.060842
165.231201171875, -0.032879
165.26123046875, -0.011907
165.291015625, 0.016056
165.321044921875, -0.053852
165.35107421875, 0.037028
165.381103515625, -0.060842
165.4111328125, 0.030037
165.441162109375, 0.009065
165.47119140625, -0.046861
165.501220703125, 0.016056
165.531005859375, -0.074824
165.56103515625, 0.051009
165.591064453125, -0.109777
165.62109375, -0.046861
165.651123046875, -0.102787
165.68115234375, 0.064991
165.711181640625, -0.081815
165.7412109375, 0.002074
165.771240234375, -0.018898
165.801025390625, -0.011907
165.8310546875, -0.074824
165.861083984375, -0.046861
165.89111328125, -0.03987
165.921142578125, 0.016056
165.951171875, -0.095796
165.981201171875, -0.095796
166.01123046875, -0.025889
166.041015625, -0.004917
166.071044921875, -0.032879
166.10107421875, 0.009065
166.131103515625, 0.002074
166.1611328125, 0.058
166.191162109375, 0.002074
166.22119140625, -0.032879
166.251220703125, -0.025889
166.28125, 0.009065
166.31103515625, 0.120916
166.341064453125, -0.074824
166.37109375, -0.053852
166.401123046875, -0.025889
166.43115234375, 0.044018
166.461181640625, 0.099944
166.4912109375, -0.018898
166.521240234375, -0.004917
166.551025390625, 0.023046
166.5810546875, -0.025889
166.611083984375, -0.081815
166.64111328125, 0.085963
166.671142578125, 0.023046
166.701171875, 0.106935
166.731201171875, 0.120916
166.76123046875, -0.018898
166.791259765625, -0.004917
166.821044921875, -0.081815
166.85107421875, -0.13075
166.881103515625, 0.009065
166.9111328125, -0.053852
166.941162109375, -0.053852
166.97119140625, -0.011907
167.001220703125, 0.058
167.03125, -0.081815
167.06103515625, -0.116768
167.091064453125, -0.060842
167.12109375, 0.058
167.151123046875, -0.03987
167.18115234375, -0.123759
167.211181640625, -0.095796
167.2412109375, -0.109777
167.271240234375, 0.106935
167.301025390625, 0.162861
167.3310546875, -0.088805
167.361083984375, -0.032879
167.39111328125, 0.023046
167.421142578125, -0.03987
167.451171875, -0.074824
167.481201171875, -0.060842
167.51123046875, -0.102787
167.541259765625, 0.064991
167.571044921875, 0.092954
167.60107421875, -0.13774
167.631103515625, 0.078972
167.6611328125, 0.044018
167.691162109375, 0.023046
167.72119140625, -0.123759
167.751220703125, -0.004917
167.78125, 0.030037
167.81103515625, 0.071981
167.841064453125, 0.134898
167.87109375, -0.053852
167.901123046875, -0.095796
167.93115234375, 0.071981
167.961181640625, -0.067833
167.9912109375, 0.016056
168.021240234375, -0.053852
168.05126953125, -0.032879
168.0810546875, -0.214638
168.111083984375, 0.030037
168.14111328125, -0.123759
168.171142578125, -0.067833
168.201171875, -0.081815
168.231201171875, -0.088805
168.26123046875, -0.004917
168.291259765625, -0.032879
168.321044921875, -0.03987
168.35107421875, -0.109777
168.381103515625, -0.151722
168.4111328125, -0.060842
168.441162109375, -0.018898
168.47119140625, 0.030037
168.501220703125, -0.03987
168.53125, 0.064991
168.56103515625, 0.002074
168.591064453125, -0.053852
168.62109375, -0.088805
168.651123046875, -0.102787
168.68115234375, 0.148879
168.711181640625, 0.071981
168.7412109375, 0.071981
168.771240234375, -0.018898
168.80126953125, 0.009065
168.8310546875, -0.151722
168.861083984375, -0.060842
168.89111328125, 0.085963
168.921142578125, 0.009065
168.951171875, 0.030037
168.981201171875, -0.067833
169.01123046875, -0.004917
169.041259765625, 0.099944
169.071044921875, -0.13774
169.10107421875, 0.085963
169.131103515625, -0.032879
169.1611328125, 0.071981
169.191162109375, -0.081815
169.22119140625, 0.051009
169.251220703125, -0.109777
169.28125, 0.030037
169.311279296875, 0.058
169.341064453125, -0.053852
169.37109375, -0.081815
169.401123046875, -0.116768
169.43115234375, -0.109777
169.461181640625, 0.071981
169.4912109375, -0.067833
169.521240234375, -0.165703
169.55126953125, 0.058
169.5810546875, 0.064991
169.611083984375, 0.071981
169.64111328125, 0.044018
169.671142578125, -0.116768
169.701171875, 0.030037
169.731201171875, 0.148879
169.76123046875, -0.011907
169.791259765625, 0.106935
169.8212890625, -0.03987
169.85107421875, -0.025889
169.881103515625, -0.004917
169.9111328125, 0.064991
169.941162109375, 0.051009
169.97119140625, 0.023046
170.001220703125, 0.030037
170.03125, -0.13774
170.061279296875, -0.053852
170.091064453125, 0.085963
170.12109375, 0.141889
170.151123046875, -0.102787
170.18115234375, -0.123759
170.211181640625, 0.002074
170.2412109375, -0.067833
170.271240234375, -0.053852
170.30126953125, -0.095796
170.3310546875, 0.085963
170.361083984375, -0.067833
170.39111328125, -0.053852
170.421142578125, 0.002074
170.451171875, -0.004917
170.481201171875, 0.016056
170.51123046875, 0.016056
170.541259765625, -0.060842
170.5712890625, 0.016056
170.60107421875, -0.095796
170.631103515625, 0.002074
170.6611328125, 0.071981
170.691162109375, -0.095796
170.72119140625, 0.190824
170.751220703125, 0.037028
170.78125, 0.058
170.811279296875, 0.030037
170.841064453125, 0.099944
170.87109375, 0.044018
170.901123046875, -0.053852
170.93115234375, 0.009065
170.961181640625, -0.074824
170.9912109375, 0.064991
171.021240234375, -0.03987
171.05126953125, 0.106935
171.081298828125, -0.011907
171.111083984375, -0.011907
171.14111328125, -0.004917
171.171142578125, -0.004917
171.201171875, -0.032879
171.231201171875, 0.002074
171.26123046875, -0.172694
171.291259765625, 0.023046
171.3212890625, -0.032879
171.35107421875, 0.009065
171.381103515625, 0.016056
171.4111328125, 0.009065
171.441162109375, -0.060842
171.47119140625, 0.016056
171.501220703125, 0.044018
171.53125, 0.044018
171.561279296875, -0.102787
171.59130859375, -0.081815
171.62109375, 0.002074
171.651123046875, 0.009065
171.68115234375, -0.053852
171.711181640625, 0.009065
171.7412109375, 0.085963
171.771240234375, -0.018898
171.80126953125, 0.044018
171.831298828125, -0.004917
171.861083984375, -0.186675
171.89111328125, 0.120916
171.921142578125, -0.03987
171.951171875, -0.088805
171.981201171875, -0.060842
172.01123046875, 0.002074
172.041259765625, -0.074824
172.0712890625, -0.018898
172.10107421875, -0.025889
172.131103515625, -0.053852
172.1611328125, -0.067833
172.191162109375, 0.009065
172.22119140625, -0.03987
172.251220703125, -0.046861
172.28125, -0.081815
172.311279296875, -0.067833
172.34130859375, 0.051009
172.37109375, 0.016056
172.401123046875, -0.004917
172.43115234375, -0.025889
172.461181640625, -0.018898
172.4912109375, -0.095796
172.521240234375, 0.016056
172.55126953125, 0.016056
172.581298828125, -0.032879
172.611083984375, 0.009065
172.64111328125, 0.030037
172.671142578125, -0.095796
172.701171875, 0.064991
172.731201171875, 0.058
172.76123046875, 0.016056
172.791259765625, 0.002074
172.8212890625, 0.016056
172.851318359375, 0.058
172.881103515625, 0.016056
172.9111328125, -0.151722
172.941162109375, -0.046861
172.97119140625, 0.009065
173.001220703125, -0.032879
173.03125, 0.064991
173.061279296875, -0.004917
173.09130859375, -0.109777
173.12109375, -0.032879
173.151123046875, 0.044018
173.18115234375, -0.074824
173.211181640625, 0.002074
173.2412109375, -0.046861
173.271240234375, 0.162861
173.30126953125, -0.03987
173.331298828125, 0.009065
173.361083984375, 0.009065
173.39111328125, 0.078972
173.421142578125, -0.116768
173.451171875, 0.002074
173.481201171875, 0.002074
173.51123046875, 0.002074
173.541259765625, 0.051009
173.5712890625, -0.03987
173.601318359375, 0.092954
173.631103515625, 0.002074
173.6611328125, 0.051009
173.691162109375, 0.148879
173.72119140625, -0.13774
173.751220703125, 0.058
173.78125, 0.009065
173.811279296875, 0.037028
173.84130859375, -0.109777
173.87109375, -0.067833
173.901123046875, -0.053852
173.93115234375, -0.095796
173.961181640625, 0.106935
173.9912109375, 0.044018
174.021240234375, 0.037028
174.05126953125, 0.099944
174.081298828125, -0.03987
174.111328125, -0.060842
174.14111328125, -0.060842
174.171142578125, 0.134898
174.201171875, -0.025889
174.231201171875, 0.030037
174.26123046875, -0.060842
174.291259765625, -0.081815
174.3212890625, 0.030037
174.351318359375, -0.081815
174.381103515625, 0.044018
174.4111328125, 0.002074
174.441162109375, 0.016056
174.47119140625, -0.046861
174.501220703125, -0.032879
174.53125, 0.092954
174.561279296875, -0.011907
174.59130859375, 0.030037
174.621337890625, -0.165703
174.651123046875, 0.058
174.68115234375, -0.011907
174.711181640625, -0.067833
174.7412109375, -0.060842
174.771240234375, -0.109777
174.80126953125, -0.060842
174.831298828125, -0.011907
174.861328125, -0.025889
174.89111328125, -0.179685
174.921142578125, -0.053852
174.951171875, -0.025889
174.981201171875, 0.058
175.01123046875, -0.025889
175.041259765625, 0.009065
175.0712890625, -0.046861
175.101318359375, -0.060842
175.131103515625, 0.009065
175.1611328125, 0.064991
175.191162109375, -0.060842
175.22119140625, -0.03987
175.251220703125, -0.172694
175.28125, 0.016056
175.311279296875, 0.009065
175.34130859375, -0.060842
175.371337890625, -0.046861
175.401123046875, -0.060842
175.43115234375, 0.064991
175.461181640625, 0.134898
175.4912109375, 0.037028
175.521240234375, 0.071981
175.55126953125, -0.165703
175.581298828125, 0.030037
175.611328125, -0.13774
175.64111328125, 0.030037
175.671142578125, -0.046861
175.701171875, -0.074824
175.731201171875, -0.074824
175.76123046875, 0.044018
175.791259765625, 0.064991
175.8212890625, 0.030037
175.851318359375, 0.058
175.88134765625, -0.081815
175.9111328125, -0.158712
175.941162109375, -0.060842
175.97119140625, -0.109777
176.001220703125, 0.037028
176.03125, -0.011907
176.061279296875, -0.004917
176.09130859375, 0.023046
176.121337890625, 0.037028
176.151123046875, 0.016056
176.18115234375, -0.025889
176.211181640625, -0.123759
176.2412109375, -0.025889
176.271240234375, -0.081815
176.30126953125, 0.037028
176.331298828125, 0.009065
176.361328125, -0.13075
176.39111328125, 0.030037
176.421142578125, 0.162861
176.451171875, -0.025889
176.481201171875, 0.002074
176.51123046875, -0.032879
176.541259765625, -0.032879
176.5712890625, -0.03987
176.601318359375, -0.088805
176.63134765625, -0.046861
176.6611328125, 0.092954
176.691162109375, -0.088805
176.72119140625, 0.058
176.751220703125, -0.025889
176.78125, -0.102787
176.811279296875, -0.060842
176.84130859375, -0.03987
176.871337890625, -0.081815
176.901123046875, 0.030037
176.93115234375, -0.151722
176.961181640625, -0.095796
176.9912109375, -0.018898
177.021240234375, 0.085963
177.05126953125, -0.074824
177.081298828125, -0.011907
177.111328125, -0.03987
177.141357421875, 0.071981
177.171142578125, -0.025889
177.201171875, 0.016056
177.231201171875, -0.109777
177.26123046875, -0.025889
177.291259765625, -0.067833
177.3212890625, -0.102787
177.351318359375, -0.03987
177.38134765625, -0.032879
177.4111328125, 0.169852
177.441162109375, 0.016056
177.47119140625, 0.044018
177.501220703125, 0.023046
177.53125, 0.023046
177.561279296875, 0.037028
177.59130859375, -0.088805
177.621337890625, -0.018898
177.6513671875, -0.018898
177.68115234375, -0.018898
177.711181640625, -0.081815
177.7412109375, -0.032879
177.771240234375, -0.13075
177.80126953125, -0.03987
177.831298828125, -0.13774
177.861328125, -0.067833
177.891357421875, 0.023046
177.921142578125, 0.030037
177.951171875, -0.109777
177.981201171875, -0.088805
178.01123046875, 0.064991
178.041259765625, -0.03987
178.0712890625, -0.018898
178.101318359375, -0.03987
178.13134765625, -0.095796
178.1611328125, 0.030037
178.191162109375, 0.009065
178.22119140625, 0.051009
178.251220703125, -0.004917
178.28125, -0.067833
178.311279296875, -0.03987
178.34130859375, -0.081815
178.371337890625, 0.064991
178.4013671875, -0.011907
178.43115234375, -0.102787
178.461181640625, -0.074824
178.4912109375, 0.016056
178.521240234375, 0.058
178.55126953125, -0.018898
178.581298828125, 0.058
178.611328125, -0.151722
178.641357421875, -0.025889
178.671142578125, 0.037028
178.701171875, -0.067833
178.731201171875, -0.193666
178.76123046875, 0.023046
178.791259765625, 0.016056
178.8212890625, -0.144731
178.851318359375, 0.016056
178.88134765625, -0.144731
178.911376953125, 0.058
178.941162109375, -0.151722
178.97119140625, -0.116768
179.001220703125, -0.025889
179.03125, 0.106935
179.061279296875, -0.074824
179.09130859375, -0.025889
179.121337890625, -0.011907
179.1513671875, -0.032879
179.18115234375, -0.060842
179.211181640625, 0.023046
179.2412109375, -0.074824
179.271240234375, 0.037028
179.30126953125, 0.071981
179.331298828125, 0.071981
179.361328125, -0.025889
179.391357421875, 0.064991
179.42138671875, -0.018898
179.451171875, 0.044018
179.481201171875, 0.002074
179.51123046875, -0.102787
179.541259765625, -0.018898
179.5712890625, 0.099944
179.601318359375, 0.085963
179.63134765625, -0.011907
179.661376953125, -0.032879
179.691162109375, 0.078972
179.72119140625, -0.011907
179.751220703125, 0.120916
179.78125, -0.011907
179.811279296875, -0.032879
179.84130859375, 0.002074
179.871337890625, -0.074824
179.9013671875, 0.023046
179.93115234375, -0.060842
179.961181640625, 0.092954
179.9912109375, -0.053852
180.021240234375, -0.018898
180.05126953125, 0.058
180.081298828125, 0.127907
180.111328125, -0.088805
180.141357421875, -0.116768
180.17138671875, -0.102787
180.201171875, -0.067833
180.231201171875, -0.011907
180.26123046875, -0.13075
180.291259765625, 0.016056
180.3212890625, 0.002074
180.351318359375, -0.03987
180.38134765625, -0.165703
180.411376953125, -0.004917
180.441162109375, 0.134898
180.47119140625, -0.011907
180.501220703125, 0.016056
180.53125, -0.095796
180.561279296875, 0.078972
180.59130859375, -0.172694
180.621337890625, -0.032879
180.6513671875, -0.03987
180.681396484375, 0.051009
180.711181640625, 0.071981
180.7412109375, 0.016056
180.771240234375, 0.030037
180.80126953125, 0.016056
180.831298828125, 0.023046
180.861328125, -0.03987
180.891357421875, 0.037028
180.92138671875, -0.03987
180.951171875, 0.058
180.981201171875, -0.088805
181.01123046875, 0.176842
181.041259765625, 0.113926
181.0712890625, -0.025889
181.101318359375, 0.002074
181.13134765625, -0.081815
181.161376953125, -0.067833
181.191162109375, 0.009065
181.22119140625, -0.046861
181.251220703125, -0.053852
181.28125, -0.067833
181.311279296875, -0.025889
181.34130859375, -0.018898
181.371337890625, 0.009065
181.4013671875, -0.03987
181.431396484375, 0.016056
181.461181640625, 0.037028
181.4912109375, -0.011907
181.521240234375, -0.018898
181.55126953125, 0.071981
181.581298828125, 0.002074
181.611328125, -0.067833
181.641357421875, -0.053852
181.67138671875, 0.044018
181.701171875, 0.030037
181.731201171875, -0.116768
181.76123046875, 0.058
181.791259765625, -0.095796
181.8212890625, -0.095796
181.851318359375, -0.004917
181.88134765625, 0.030037
181.911376953125, -0.032879
181.94140625, -0.025889
181.97119140625, 0.009065
182.001220703125, -0.011907
182.03125, -0.025889
182.061279296875, -0.081815
182.09130859375, 0.148879
182.121337890625, 0.016056
182.1513671875, -0.102787
182.181396484375, -0.011907
182.211181640625, -0.095796
182.2412109375, -0.060842
182.271240234375, 0.113926
182.30126953125, 0.009065
182.331298828125, -0.186675
182.361328125, -0.018898
182.391357421875, 0.071981
182.42138671875, -0.032879
182.451416015625, -0.095796
182.481201171875, 0.023046
182.51123046875, -0.032879
182.541259765625, 0.016056
182.5712890625, 0.071981
182.601318359375, -0.13075
182.63134765625, -0.081815
182.661376953125, 0.002074
182.69140625, -0.046861
182.72119140625, 0.092954
182.751220703125, -0.081815
182.78125, 0.044018
182.811279296875, -0.060842
182.84130859375, -0.060842
182.871337890625, -0.053852
182.9013671875, -0.018898
182.931396484375, -0.13075
182.961181640625, -0.095796
182.9912109375, -0.074824
183.021240234375, -0.053852
183.05126953125, 0.002074
183.081298828125, 0.058
183.111328125, -0.081815
183.141357421875, -0.004917
183.17138671875, 0.051009
183.201416015625, 0.113926
183.231201171875, -0.011907
183.26123046875, -0.067833
183.291259765625, -0.074824
183.3212890625, 0.030037
183.351318359375, 0.002074
183.38134765625, 0.030037
183.411376953125, 0.134898
183.44140625, -0.046861
183.47119140625, 0.030037
183.501220703125, -0.004917
183.53125, 0.002074
183.561279296875, -0.025889
183.59130859375, 0.002074
183.621337890625, -0.165703
183.6513671875, 0.113926
183.681396484375, -0.046861
183.71142578125, 0.023046
183.7412109375, -0.123759
183.771240234375, -0.123759
183.80126953125, 0.051009
183.831298828125, 0.064991
183.861328125, 0.016056
183.891357421875, -0.123759
183.92138671875, -0.067833
183.951416015625, 0.002074
183.981201171875, -0.004917
184.01123046875, 0.023046
184.041259765625, -0.004917
184.0712890625, 0.037028
184.101318359375, -0.102787
184.13134765625, 0.051009
184.161376953125, -0.03987
184.19140625, -0.018898
184.22119140625, -0.179685
184.251220703125, -0.123759
184.28125, 0.044018
184.311279296875, -0.095796
184.34130859375, 0.023046
184.371337890625, -0.053852
184.4013671875, -0.03987
184.431396484375, -0.011907
184.46142578125, -0.067833
184.4912109375, -0.13075
184.521240234375, -0.13774
184.55126953125, 0.037028
184.581298828125, -0.116768
184.611328125, 0.071981
184.641357421875, -0.088805
184.67138671875, -0.060842
184.701416015625, 0.058
184.731201171875, -0.109777
184.76123046875, 0.023046
184.791259765625, -0.018898
184.8212890625, 0.037028
184.851318359375, -0.081815
184.88134765625, -0.011907
184.911376953125, -0.074824
184.94140625, 0.016056
184.971435546875, 0.009065
185.001220703125, -0.004917
185.03125, -0.081815
185.061279296875, -0.025889
185.09130859375, -0.165703
185.121337890625, 0.099944
185.1513671875, -0.025889
185.181396484375, 0.023046
185.21142578125, -0.109777
185.2412109375, -0.088805
185.271240234375, -0.081815
185.30126953125, -0.102787
185.331298828125, 0.051009
185.361328125, -0.053852
185.391357421875, -0.004917
185.42138671875, -0.179685
185.451416015625, -0.088805
185.4814453125, 0.030037
185.51123046875, -0.018898
185.541259765625, 0.058
185.5712890625, 0.113926
185.601318359375, -0.032879
185.63134765625, -0.158712
185.661376953125, -0.109777
185.69140625, 0.225777
185.721435546875, -0.074824
185.751220703125, -0.151722
185.78125, 0.030037
185.811279296875, -0.046861
185.84130859375, -0.004917
185.871337890625, -0.046861
185.9013671875, -0.032879
185.931396484375, 0.051009
185.96142578125, 0.078972
185.9912109375, -0.032879
186.021240234375, 0.071981
186.05126953125, 0.078972
186.081298828125, 0.078972
186.111328125, -0.095796
186.141357421875, 0.009065
186.17138671875, -0.123759
186.201416015625, -0.032879
186.2314453125, 0.037028
186.26123046875, 0.051009
186.291259765625, 0.078972
186.3212890625, -0.074824
186.351318359375, 0.030037
186.38134765625, -0.025889
186.411376953125, -0.088805
186.44140625, 0.099944
186.471435546875, 0.009065
186.501220703125, 0.016056
186.53125, -0.011907
186.561279296875, -0.03987
186.59130859375, 0.106935
186.621337890625, 0.071981
186.6513671875, 0.044018
186.681396484375, 0.051009
186.71142578125, -0.032879
186.741455078125, 0.071981
186.771240234375, -0.074824
186.80126953125, 0.044018
186.831298828125, -0.067833
186.861328125, -0.13075
186.891357421875, -0.032879
186.92138671875, -0.03987
186.951416015625, -0.03987
186.9814453125, 0.030037
187.01123046875, 0.030037
187.041259765625, 0.037028
187.0712890625, -0.060842
187.101318359375, -0.03987
187.13134765625, -0.144731
187.161376953125, -0.011907
187.19140625, 0.030037
187.221435546875, -0.067833
187.25146484375, 0.023046
187.28125, 0.002074
187.311279296875, -0.025889
187.34130859375, -0.102787
187.371337890625, 0.037028
187.4013671875, -0.074824
187.431396484375, 0.162861
187.46142578125, -0.018898
187.491455078125, 0.002074
187.521240234375, -0.025889
187.55126953125, -0.053852
187.581298828125, 0.134898
187.611328125, -0.011907
187.641357421875, -0.032879
187.67138671875, -0.060842
187.701416015625, 0.051009
187.7314453125, -0.095796
187.76123046875, -0.074824
187.791259765625, -0.018898
187.8212890625, 0.099944
187.851318359375, -0.011907
187.88134765625, -0.053852
187.911376953125, 0.120916
187.94140625, 0.023046
187.971435546875, -0.018898
188.00146484375, -0.004917
188.03125, 0.120916
188.061279296875, -0.165703
188.09130859375, 0.064991
188.121337890625, 0.127907
188.1513671875, 0.037028
188.181396484375, -0.053852
188.21142578125, -0.081815
188.241455078125, 0.030037
188.271240234375, -0.018898
188.30126953125, -0.032879
188.331298828125, 0.002074
188.361328125, 0.058
188.391357421875, -0.242601
188.42138671875, 0.037028
188.451416015625, -0.053852
188.4814453125, 0.058
188.511474609375, -0.081815
188.541259765625, -0.151722
188.5712890625, 0.023046
188.601318359375, 0.058
188.63134765625, 0.051009
188.661376953125, 0.071981
188.69140625, -0.032879
188.721435546875, 0.071981
188.75146484375, -0.067833
188.78125, -0.018898
188.811279296875, -0.088805
188.84130859375, -0.032879
188.871337890625, 0.071981
188.9013671875, -0.004917
188.931396484375, 0.120916
188.96142578125, 0.051009
188.991455078125, -0.011907
189.021240234375, 0.023046
189.05126953125, -0.046861
189.081298828125, 0.009065
189.111328125, -0.060842
189.141357421875, 0.092954
189.17138671875, 0.148879
189.201416015625, 0.016056
189.2314453125, -0.011907
189.261474609375, -0.053852
189.291259765625, 0.058
189.3212890625, 0.058
189.351318359375, -0.102787
189.38134765625, -0.011907
189.411376953125, -0.025889
189.44140625, 0.030037
189.471435546875, -0.025889
189.50146484375, 0.044018
189.53125, 0.051009
189.561279296875, 0.085963
189.59130859375, -0.060842
189.621337890625, -0.13075
189.6513671875, -0.018898
189.681396484375, -0.046861
189.71142578125, -0.053852
189.741455078125, 0.078972
189.771484375, -0.116768
189.80126953125, -0.081815
189.831298828125, 0.030037
189.861328125, 0.023046
189.891357421875, 0.071981
189.92138671875, 0.002074
189.951416015625, 0.044018
189.9814453125, 0.113926
190.011474609375, 0.085963
190.041259765625, -0.03987
190.0712890625, -0.032879
190.101318359375, 0.030037
190.13134765625, -0.088805
190.161376953125, 0.016056
190.19140625, -0.018898
190.221435546875, 0.071981
190.25146484375, 0.044018
190.281494140625, -0.053852
190.311279296875, 0.030037
190.34130859375, 0.051009
190.371337890625, -0.025889
190.4013671875, -0.067833
190.431396484375, 0.009065
190.46142578125, -0.123759
190.491455078125, -0.004917
190.521484375, 0.051009
190.55126953125, -0.046861
190.581298828125, 0.016056
190.611328125, 0.099944
190.641357421875, -0.074824
190.67138671875, 0.064991
190.701416015625, 0.023046
190.7314453125, 0.016056
190.761474609375, -0.095796
190.791259765625, 0.037028
190.8212890625, 0.051009
190.851318359375, 0.009065
190.88134765625, -0.018898
190.911376953125, -0.032879
190.94140625, -0.102787
190.971435546875, -0.102787
191.00146484375, 0.120916
191.031494140625, -0.011907
191.061279296875, -0.116768
191.09130859375, 0.044018
191.121337890625, -0.032879
191.1513671875, -0.046861
191.181396484375, -0.032879
191.21142578125, -0.088805
191.241455078125, 0.037028
191.271484375, -0.03987
191.30126953125, 0.044018
191.331298828125, -0.018898
191.361328125, -0.060842
191.391357421875, -0.074824
191.42138671875, 0.037028
191.451416015625, -0.004917
191.4814453125, 0.071981
191.511474609375, -0.102787
191.54150390625, -0.088805
191.5712890625, -0.011907
191.601318359375, -0.004917
191.63134765625, -0.109777
191.661376953125, 0.030037
191.69140625, -0.074824
191.721435546875, -0.081815
191.75146484375, -0.088805
191.781494140625, -0.067833
191.811279296875, -0.053852
191.84130859375, -0.025889
191.871337890625, -0.116768
191.9013671875, -0.046861
191.931396484375, 0.002074
191.96142578125, -0.116768
191.991455078125, -0.025889
192.021484375, -0.095796
192.051513671875, -0.074824
192.081298828125, -0.123759
192.111328125, 0.002074
192.141357421875, -0.081815
192.17138671875, -0.004917
192.201416015625, -0.032879
192.2314453125, -0.067833
192.261474609375, -0.018898
192.29150390625, 0.051009
192.3212890625, 0.023046
192.351318359375, 0.085963
192.38134765625, 0.085963
192.411376953125, 0.071981
192.44140625, -0.081815
192.471435546875, 0.037028
192.50146484375, -0.095796
192.531494140625, 0.120916
192.561279296875, -0.046861
192.59130859375, 0.064991
192.621337890625, -0.004917
192.6513671875, -0.095796
192.681396484375, 0.002074
192.71142578125, 0.009065
192.741455078125, -0.004917
192.771484375, 0.051009
192.801513671875, 0.037028
192.831298828125, 0.002074
192.861328125, 0.064991
192.891357421875, 0.106935
192.92138671875, 0.071981
192.951416015625, 0.016056
192.9814453125, -0.081815
193.011474609375, 0.030037
193.04150390625, -0.046861
193.0712890625, 0.016056
193.101318359375, -0.102787
193.13134765625, -0.088805
193.161376953125, 0.051009
193.19140625, 0.092954
193.221435546875, -0.025889
193.25146484375, -0.165703
193.281494140625, -0.060842
193.3115234375, -0.060842
193.34130859375, -0.018898
193.371337890625, -0.004917
193.4013671875, -0.03987
193.431396484375, -0.018898
193.46142578125, -0.060842
193.491455078125, 0.183833
193.521484375, -0.053852
193.551513671875, -0.074824
193.581298828125, -0.102787
193.611328125, -0.095796
193.641357421875, 0.016056
193.67138671875, -0.004917
193.701416015625, -0.046861
193.7314453125, -0.165703
193.761474609375, -0.046861
193.79150390625, -0.025889
193.8212890625, -0.025889
193.851318359375, -0.025889
193.88134765625, -0.060842
193.911376953125, -0.046861
193.94140625, 0.113926
193.971435546875, -0.067833
194.00146484375, 0.023046
194.031494140625, -0.13774
194.0615234375, 0.044018
194.09130859375, -0.025889
194.121337890625, 0.099944
194.1513671875, 0.023046
194.181396484375, 0.058
194.21142578125, 0.071981
194.241455078125, -0.067833
194.271484375, 0.016056
194.301513671875, -0.032879
194.331298828125, 0.044018
194.361328125, 0.044018
194.391357421875, -0.053852
194.42138671875, 0.051009
194.451416015625, -0.004917
194.4814453125, -0.025889
194.511474609375, -0.032879
194.54150390625, 0.030037
194.571533203125, 0.037028
194.601318359375, -0.053852
194.63134765625, -0.03987
194.661376953125, -0.144731
194.69140625, 0.058
194.721435546875, 0.092954
194.75146484375, 0.058
194.781494140625, -0.004917
194.8115234375, -0.095796
194.84130859375, 0.058
194.871337890625, 0.071981
194.9013671875, 0.051009
194.931396484375, 0.044018
194.96142578125, -0.018898
194.991455078125, 0.058
195.021484375, 0.002074
195.051513671875, -0.053852
195.08154296875, -0.081815
195.111328125, 0.064991
195.141357421875, -0.046861
195.17138671875, 0.016056
195.201416015625, 0.051009
195.2314453125, 0.016056
195.261474609375, -0.018898
195.29150390625, -0.067833
195.321533203125, -0.081815
195.351318359375, -0.053852
195.38134765625, -0.067833
195.411376953125, 0.078972
195.44140625, -0.109777
195.471435546875, 0.085963
195.50146484375, 0.009065
195.531494140625, 0.023046
195.5615234375, -0.088805
195.59130859375, -0.095796
195.621337890625, 0.037028
195.6513671875, 0.085963
195.681396484375, 0.023046
195.71142578125, -0.004917
195.741455078125, 0.037028
195.771484375, -0.123759
195.801513671875, 0.120916
195.83154296875, 0.051009
195.861328125, 0.176842
195.891357421875, -0.081815
195.92138671875, 0.120916
195.951416015625, 0.002074
195.9814453125, 0.009065
196.011474609375, 0.078972
196.04150390625, 0.085963
196.071533203125, -0.13774
196.101318359375, 0.016056
196.13134765625, 0.058
196.161376953125, -0.067833
196.19140625, 0.051009
196.221435546875, -0.025889
196.25146484375, 0.030037
196.281494140625, -0.025889
196.3115234375, -0.004917
196.341552734375, -0.060842
196.371337890625, -0.095796
196.4013671875, -0.074824
196.431396484375, 0.023046
196.46142578125, 0.141889
196.491455078125, 0.099944
196.521484375, -0.109777
196.551513671875, -0.032879
196.58154296875, 0.016056
196.611328125, 0.071981
196.641357421875, 0.071981
196.67138671875, -0.046861
196.701416015625, 0.037028
196.7314453125, -0.018898
196.761474609375, 0.051009
196.79150390625, -0.060842
196.821533203125, -0.088805
196.851318359375, -0.13774
196.88134765625, -0.032879
196.911376953125, -0.004917
196.94140625, -0.123759
196.971435546875, -0.22862
197.00146484375, -0.095796
197.031494140625, 0.064991
197.0615234375, 0.009065
197.091552734375, -0.046861
197.121337890625, 0.044018
197.1513671875, 0.127907
197.181396484375, 0.058
197.21142578125, 0.058
197.241455078125, -0.081815
197.271484375, 0.078972
197.301513671875, 0.064991
197.33154296875, 0.051009
197.361328125, 0.058
197.391357421875, -0.088805
197.42138671875, -0.088805
197.451416015625, 0.127907
197.4814453125, 0.064991
197.511474609375, -0.13075
197.54150390625, 0.023046
197.571533203125, 0.002074
197.6015625, -0.116768
197.63134765625, -0.081815
197.661376953125, -0.123759
197.69140625, -0.053852
197.721435546875, -0.151722
197.75146484375, -0.116768
197.781494140625, 0.002074
197.8115234375, 0.016056
197.841552734375, 0.078972
197.871337890625, -0.060842
197.9013671875, -0.095796
197.931396484375, -0.123759
197.96142578125, 0.030037
197.991455078125, -0.046861
198.021484375, -0.067833
198.051513671875, 0.030037
198.08154296875, 0.009065
198.111572265625, -0.088805
198.141357421875, 0.120916
198.17138671875, 0.009065
198.201416015625, 0.064991
198.2314453125, 0.037028
198.261474609375, -0.025889
198.29150390625, -0.025889
198.321533203125, -0.018898
198.3515625, -0.004917
198.38134765625, -0.004917
198.411376953125, 0.023046
198.44140625, 0.058
198.471435546875, 0.009065
198.50146484375, 0.023046
198.531494140625, -0.088805
198.5615234375, -0.053852
198.591552734375, 0.016056
198.621337890625, 0.064991
198.6513671875, 0.009065
198.681396484375, -0.046861
198.71142578125, -0.060842
198.741455078125, 0.085963
198.771484375, -0.004917
198.801513671875, -0.116768
198.83154296875, 0.092954
198.861572265625, -0.060842
198.891357421875, -0.060842
198.92138671875, 0.044018
198.951416015625, -0.018898
198.9814453125, -0.004917
199.011474609375, -0.011907
199.04150390625, -0.03987
199.071533203125, 0.085963
199.1015625, -0.025889
199.13134765625, -0.025889
199.161376953125, 0.037028
199.19140625, -0.053852
199.221435546875, -0.03987
199.25146484375, -0.109777
199.281494140625, -0.025889
199.3115234375, 0.023046
199.341552734375, 0.030037
199.37158203125, -0.011907
199.4013671875, -0.046861
199.431396484375, -0.144731
199.46142578125, 0.023046
199.491455078125, -0.011907
199.521484375, -0.165703
199.551513671875, -0.102787
199.58154296875, 0.085963
199.611572265625, -0.046861
199.641357421875, -0.123759
199.67138671875, 0.002074
199.701416015625, -0.018898
199.7314453125, 0.037028
199.761474609375, 0.016056
199.79150390625, 0.099944
199.821533203125, -0.067833
199.8515625, 0.030037
199.881591796875, -0.018898
199.911376953125, -0.13774
199.94140625, 0.058
199.971435546875, 0.044018
200.00146484375, 0.071981
200.031494140625, -0.074824
200.0615234375, -0.060842
200.091552734375, -0.067833
200.12158203125, 0.023046
200.1513671875, -0.004917
200.181396484375, -0.060842
200.21142578125, -0.067833
200.241455078125, -0.109777
200.271484375, -0.025889
200.301513671875, 0.051009
200.33154296875, 0.009065
200.361572265625, 0.058
200.391357421875, -0.053852
200.42138671875, -0.102787
200.451416015625, -0.025889
200.4814453125, 0.023046
200.511474609375, 0.044018
200.54150390625, 0.009065
200.571533203125, -0.060842
200.6015625, -0.060842
200.631591796875, -0.067833
200.661376953125, 0.009065
200.69140625, 0.009065
200.721435546875, 0.044018
200.75146484375, 0.023046
200.781494140625, 0.030037
200.8115234375, -0.053852
200.841552734375, -0.13774
200.87158203125, 0.058
200.9013671875, 0.037028
200.931396484375, 0.037028
200.96142578125, -0.011907
200.991455078125, -0.03987
201.021484375, -0.018898
201.051513671875, 0.023046
201.08154296875, -0.172694
201.111572265625, 0.009065
201.1416015625, 0.071981
201.17138671875, -0.151722
201.201416015625, -0.067833
201.2314453125, -0.03987
201.261474609375, 0.099944
201.29150390625, -0.03987
201.321533203125, -0.03987
201.3515625, 0.051009
201.381591796875, -0.018898
201.411376953125, 0.016056
201.44140625, 0.099944
201.471435546875, 0.009065
201.50146484375, -0.032879
201.531494140625, -0.060842
201.5615234375, 0.002074
201.591552734375, 0.051009
201.62158203125, -0.067833
201.6513671875, 0.016056
201.681396484375, -0.109777
201.71142578125, -0.03987
201.741455078125, 0.030037
201.771484375, -0.018898
201.801513671875, 0.044018
201.83154296875, -0.046861
201.861572265625, 0.092954
201.8916015625, 0.030037
201.92138671875, -0.03987
201.951416015625, 0.058
201.9814453125, 0.064991
202.011474609375, -0.004917
202.04150390625, -0.046861
202.071533203125, 0.023046
202.1015625, 0.078972
202.131591796875, -0.032879
202.161376953125, -0.03987
202.19140625, 0.085963
202.221435546875, -0.053852
202.25146484375, -0.074824
202.281494140625, -0.123759
202.3115234375, -0.046861
202.341552734375, -0.046861
202.37158203125, -0.004917
202.401611328125, -0.011907
202.431396484375, -0.03987
202.46142578125, -0.060842
202.491455078125, -0.025889
202.521484375, -0.081815
202.551513671875, 0.085963
202.58154296875, 0.064991
202.611572265625, -0.088805
202.6416015625, 0.071981
202.67138671875, -0.046861
202.701416015625, 0.064991
202.7314453125, 0.058
202.761474609375, -0.03987
202.79150390625, 0.134898
202.821533203125, -0.025889
202.8515625, 0.030037
202.881591796875, -0.095796
202.91162109375, -0.046861
202.94140625, 0.016056
202.971435546875, 0.009065
203.00146484375, -0.102787
203.031494140625, -0.018898
203.0615234375, -0.088805
203.091552734375, -0.053852
203.12158203125, -0.060842
203.151611328125, -0.004917
203.181396484375, -0.060842
203.21142578125, -0.102787
203.241455078125, 0.071981
203.271484375, 0.009065
203.301513671875, 0.064991
203.33154296875, -0.081815
203.361572265625, 0.023046
203.3916015625, -0.03987
203.42138671875, 0.078972
203.451416015625, -0.116768
203.4814453125, -0.011907
203.511474609375, 0.113926
203.54150390625, -0.116768
203.571533203125, -0.13774
203.6015625, 0.002074
203.631591796875, 0.064991
203.66162109375, 0.092954
203.69140625, -0.067833
203.721435546875, 0.106935
203.75146484375, -0.060842
203.781494140625, -0.053852
203.8115234375, -0.011907
203.841552734375, 0.030037
203.87158203125, -0.060842
203.901611328125, -0.116768
203.931396484375, -0.018898
203.96142578125, -0.032879
203.991455078125, -0.081815
204.021484375, -0.025889
204.051513671875, -0.095796
204.08154296875, -0.088805
204.111572265625, 0.085963
204.1416015625, -0.004917
204.171630859375, 0.016056
204.201416015625, -0.060842
204.2314453125, 0.009065
204.261474609375, 0.044018
204.29150390625, -0.046861
204.321533203125, 0.078972
204.3515625, 0.037028
204.381591796875, -0.13075
204.41162109375, 0.120916
204.44140625, -0.088805
204.471435546875, 0.016056
204.50146484375, -0.046861
204.531494140625, -0.018898
204.5615234375, 0.106935
204.591552734375, 0.002074
204.62158203125, 0.030037
204.651611328125, -0.088805
204.681396484375, 0.002074
204.71142578125, -0.088805
204.741455078125, -0.067833
204.771484375, 0.058
204.801513671875, 0.169852
204.83154296875, 0.030037
204.861572265625, 0.002074
204.8916015625, -0.018898
204.921630859375, 0.002074
204.951416015625, -0.067833
204.9814453125, 0.064991
205.011474609375, 0.016056
205.04150390625, -0.109777
205.071533203125, -0.03987
205.1015625, -0.011907
205.131591796875, -0.242601
205.16162109375, 0.099944
205.19140625, -0.03987
205.221435546875, -0.081815
205.25146484375, -0.074824
205.281494140625, 0.037028
205.3115234375, -0.004917
205.341552734375, -0.011907
205.37158203125, 0.023046
205.401611328125, 0.002074
205.431640625, -0.053852
205.46142578125, -0.13075
205.491455078125, -0.060842
205.521484375, -0.109777
205.551513671875, 0.009065
205.58154296875, 0.099944
205.611572265625, -0.011907
205.6416015625, -0.004917
205.671630859375, 0.023046
205.701416015625, -0.004917
205.7314453125, 0.009065
205.761474609375, -0.032879
205.79150390625, -0.018898
205.821533203125, 0.037028
205.8515625, -0.067833
205.881591796875, -0.074824
205.91162109375, 0.044018
205.941650390625, -0.172694
205.971435546875, 0.051009
206.00146484375, -0.060842
206.031494140625, -0.158712
206.0615234375, -0.03987
206.091552734375, -0.025889
206.12158203125, 0.085963
206.151611328125, -0.018898
206.181640625, -0.046861
206.21142578125, -0.095796
206.241455078125, -0.025889
206.271484375, -0.018898
206.301513671875, -0.03987
206.33154296875, 0.030037
206.361572265625, -0.095796
206.3916015625, 0.016056
206.421630859375, -0.018898
206.451416015625, -0.088805
206.4814453125, 0.023046
206.511474609375, 0.030037
206.54150390625, -0.011907
206.571533203125, 0.058
206.6015625, 0.037028
206.631591796875, -0.088805
206.66162109375, 0.078972
206.691650390625, 0.002074
206.721435546875, -0.053852
206.75146484375, -0.067833
206.781494140625, -0.081815
206.8115234375, 0.099944
206.841552734375, 0.148879
206.87158203125, 0.030037
206.901611328125, -0.018898
206.931640625, -0.004917
206.96142578125, -0.081815
206.991455078125, 0.064991
207.021484375, 0.058
207.051513671875, -0.109777
207.08154296875, -0.011907
207.111572265625, -0.067833
207.1416015625, -0.03987
207.171630859375, -0.088805
207.20166015625, -0.053852
207.2314453125, -0.025889
207.261474609375, -0.116768
207.29150390625, -0.053852
207.321533203125, -0.032879
207.3515625, -0.095796
207.381591796875, 0.085963
207.41162109375, -0.018898
207.441650390625, -0.060842
207.471435546875, 0.064991
207.50146484375, 0.099944
207.531494140625, 0.085963
207.5615234375, -0.067833
207.591552734375, -0.053852
207.62158203125, 0.064991
207.651611328125, 0.016056
207.681640625, -0.025889
207.711669921875, 0.058
207.741455078125, -0.025889
207.771484375, -0.025889
207.801513671875, -0.088805
207.83154296875, 0.016056
207.861572265625, 0.064991
207.8916015625, 0.044018
207.921630859375, 0.016056
207.95166015625, -0.102787
207.9814453125, -0.046861
208.011474609375, -0.095796
208.04150390625, 0.092954
208.071533203125, -0.004917
208.1015625, 0.092954
208.131591796875, -0.13075
208.16162109375, 0.078972
208.191650390625, 0.051009
208.221435546875, 0.064991
208.25146484375, -0.018898
208.281494140625, 0.016056
208.3115234375, -0.053852
208.341552734375, -0.004917
208.37158203125, 0.051009
208.401611328125, -0.13774
208.431640625, -0.018898
208.461669921875, 0.037028
208.491455078125, -0.053852
208.521484375, 0.016056
208.551513671875, 0.009065
208.58154296875, -0.025889
208.611572265625, -0.004917
208.6416015625, -0.03987
208.671630859375, 0.030037
208.70166015625, -0.046861
208.7314453125, 0.099944
208.761474609375, 0.127907
208.79150390625, 0.002074
208.821533203125, -0.067833
208.8515625, 0.009065
208.881591796875, -0.102787
208.91162109375, 0.051009
208.941650390625, -0.004917
208.9716796875, 0.044018
209.00146484375, -0.060842
209.031494140625, -0.088805
209.0615234375, 0.183833
209.091552734375, -0.165703
209.12158203125, 0.169852
209.151611328125, 0.016056
209.181640625, 0.016056
209.211669921875, 0.085963
209.241455078125, -0.067833
209.271484375, -0.011907
209.301513671875, -0.053852
209.33154296875, -0.102787
209.361572265625, -0.123759
209.3916015625, 0.078972
209.421630859375, 0.078972
209.45166015625, 0.030037
209.4814453125, 0.085963
209.511474609375, 0.120916
209.54150390625, -0.046861
209.571533203125, -0.081815
209.6015625, -0.060842
209.631591796875, 0.064991
209.66162109375, 0.016056
209.691650390625, 0.085963
209.7216796875, 0.064991
209.75146484375, 0.016056
209.781494140625, 0.037028
209.8115234375, 0.051009
209.841552734375, 0.016056
209.87158203125, 0.148879
209.901611328125, -0.004917
209.931640625, -0.018898
209.961669921875, 0.071981
209.991455078125, -0.060842
210.021484375, -0.081815
210.051513671875, -0.011907
210.08154296875, -0.018898
210.111572265625, -0.03987
210.1416015625, -0.018898
210.171630859375, -0.018898
210.20166015625, -0.018898
210.231689453125, 0.099944
210.261474609375, -0.004917
210.29150390625, -0.074824
210.321533203125, -0.053852
210.3515625, -0.032879
210.381591796875, 0.141889
210.41162109375, 0.071981
210.441650390625, -0.095796
210.4716796875, -0.011907
210.50146484375, -0.004917
210.531494140625, 0.009065
210.5615234375, 0.037028
210.591552734375, 0.016056
210.62158203125, 0.051009
210.651611328125, 0.016056
210.681640625, 0.030037
210.711669921875, 0.044018
210.74169921875, -0.046861
210.771484375, 0.023046
210.801513671875, 0.078972
210.83154296875, 0.023046
210.861572265625, -0.060842
210.8916015625, -0.053852
210.921630859375, 0.044018
210.95166015625, -0.018898
210.981689453125, -0.095796
211.011474609375, -0.011907
211.04150390625, 0.009065
211.071533203125, -0.046861
211.1015625, 0.023046
211.131591796875, -0.109777
211.16162109375, -0.032879
211.191650390625, -0.025889
211.2216796875, 0.009065
211.25146484375, 0.071981
211.281494140625, -0.179685
211.3115234375, -0.13075
211.341552734375, 0.044018
211.37158203125, 0.002074
211.401611328125, 0.120916
211.431640625, -0.011907
211.461669921875, 0.078972
211.49169921875, -0.081815
211.521484375, 0.002074
211.551513671875, 0.099944
211.58154296875, -0.03987
211.611572265625, -0.102787
211.6416015625, 0.099944
211.671630859375, -0.067833
211.70166015625, -0.088805
211.731689453125, -0.032879
211.761474609375, -0.032879
211.79150390625, -0.081815
211.821533203125, -0.025889
211.8515625, -0.095796
211.881591796875, 0.051009
211.91162109375, 0.099944
211.941650390625, -0.018898
211.9716796875, 0.023046
212.001708984375, -0.004917
212.031494140625, -0.004917
212.0615234375, -0.004917
212.091552734375, 0.016056
212.12158203125, 0.037028
212.151611328125, 0.037028
212.181640625, -0.025889
212.211669921875, -0.03987
212.24169921875, -0.067833
212.271484375, 0.058
212.301513671875, -0.123759
212.33154296875, -0.081815
212.361572265625, 0.085963
212.3916015625, 0.016056
212.421630859375, 0.037028
212.45166015625, 0.009065
212.481689453125, 0.064991
212.511474609375, 0.016056
212.54150390625, -0.088805
212.571533203125, 0.044018
212.6015625, 0.037028
212.631591796875, 0.016056
212.66162109375, -0.032879
212.691650390625, -0.081815
212.7216796875, -0.123759
212.751708984375, -0.060842
212.781494140625, -0.151722
212.8115234375, 0.002074
212.841552734375, -0.186675
212.87158203125, 0.016056
212.901611328125, -0.081815
212.931640625, 0.064991
212.961669921875, -0.025889
212.99169921875, 0.023046
213.021484375, 0.058
213.051513671875, -0.018898
213.08154296875, 0.002074
213.111572265625, -0.046861
213.1416015625, -0.03987
213.171630859375, -0.13075
213.20166015625, -0.03987
213.231689453125, -0.018898
213.26171875, 0.002074
213.29150390625, 0.085963
213.321533203125, 0.030037
213.3515625, -0.018898
213.381591796875, 0.099944
213.41162109375, 0.009065
213.441650390625, -0.046861
213.4716796875, -0.032879
213.501708984375, -0.032879
213.531494140625, -0.123759
213.5615234375, -0.004917
213.591552734375, 0.064991
213.62158203125, 0.099944
213.651611328125, 0.030037
213.681640625, 0.002074
213.711669921875, 0.190824
213.74169921875, 0.085963
213.771728515625, -0.025889
213.801513671875, 0.169852
213.83154296875, 0.071981
213.861572265625, 0.030037
213.8916015625, 0.051009
213.921630859375, 0.030037
213.95166015625, 0.085963
213.981689453125, -0.053852
214.01171875, 0.113926
214.04150390625, -0.088805
214.071533203125, -0.03987
214.1015625, -0.004917
214.131591796875, 0.037028
214.16162109375, -0.053852
214.191650390625, -0.060842
214.2216796875, 0.009065
214.251708984375, -0.004917
214.281494140625, 0.148879
214.3115234375, -0.053852
214.341552734375, -0.102787
214.37158203125, -0.011907
214.401611328125, -0.018898
214.431640625, -0.081815
214.461669921875, 0.058
214.49169921875, 0.037028
214.521728515625, -0.102787
214.551513671875, -0.011907
214.58154296875, -0.018898
214.611572265625, -0.004917
214.6416015625, 0.002074
214.671630859375, -0.025889
214.70166015625, -0.13075
214.731689453125, -0.011907
214.76171875, -0.151722
214.79150390625, -0.004917
214.821533203125, -0.060842
214.8515625, 0.051009
214.881591796875, -0.088805
214.91162109375, 0.030037
214.941650390625, 0.016056
214.9716796875, -0.116768
215.001708984375, 0.085963
215.03173828125, 0.037028
215.0615234375, 0.044018
215.091552734375, 0.148879
215.12158203125, 0.016056
215.151611328125, -0.067833
215.181640625, -0.116768
215.211669921875, 0.044018
215.24169921875, 0.15587
215.271728515625, -0.011907
215.301513671875, 0.120916
215.33154296875, -0.081815
215.361572265625, 0.016056
215.3916015625, -0.102787
215.421630859375, -0.13075
215.45166015625, -0.046861
215.481689453125, -0.095796
215.51171875, -0.046861
215.541748046875, -0.053852
215.571533203125, 0.058
215.6015625, -0.179685
215.631591796875, 0.064991
215.66162109375, 0.023046
215.691650390625, 0.009065
215.7216796875, 0.037028
215.751708984375, -0.032879
215.78173828125, -0.032879
215.8115234375, -0.011907
215.841552734375, 0.085963
215.87158203125, 0.009065
215.901611328125, 0.064991
215.931640625, 0.120916
215.961669921875, 0.044018
215.99169921875, -0.13075
216.021728515625, -0.088805
216.051513671875, -0.081815
216.08154296875, -0.032879
216.111572265625, 0.071981
216.1416015625, -0.004917
216.171630859375, -0.03987
216.20166015625, -0.116768
216.231689453125, -0.004917
216.26171875, 0.037028
216.291748046875, 0.058
216.321533203125, -0.095796
216.3515625, 0.009065
216.381591796875, -0.074824
216.41162109375, -0.004917
216.441650390625, 0.106935
216.4716796875, -0.011907
216.501708984375, -0.046861
216.53173828125, 0.051009
216.5615234375, 0.037028
216.591552734375, -0.067833
216.62158203125, 0.009065
216.651611328125, -0.018898
216.681640625, 0.037028
216.711669921875, -0.025889
216.74169921875, 0.148879
216.771728515625, 0.058
216.8017578125, -0.095796
216.83154296875, 0.064991
216.861572265625, 0.064991
216.8916015625, 0.051009
216.921630859375, 0.051009
216.95166015625, 0.051009
216.981689453125, -0.102787
217.01171875, -0.123759
217.041748046875, 0.044018
217.071533203125, -0.123759
217.1015625, 0.058
217.131591796875, 0.106935
217.16162109375, -0.032879
217.191650390625, 0.002074
217.2216796875, -0.053852
217.251708984375, 0.030037
217.28173828125, -0.074824
217.3115234375, -0.13774
217.341552734375, 0.023046
217.37158203125, -0.095796
217.401611328125, -0.088805
217.431640625, 0.023046
217.461669921875, -0.060842
217.49169921875, 0.058
217.521728515625, -0.13774
217.5517578125, 0.071981
217.58154296875, 0.037028
217.611572265625, -0.03987
217.6416015625, 0.030037
217.671630859375, -0.221629
217.70166015625, -0.025889
217.731689453125, -0.186675
217.76171875, 0.002074
217.791748046875, -0.032879
217.821533203125, -0.011907
217.8515625, 0.037028
217.881591796875, -0.046861
217.91162109375, 0.009065
217.941650390625, 0.169852
217.9716796875, -0.067833
218.001708984375, 0.009065
218.03173828125, -0.067833
218.061767578125, 0.078972
218.091552734375, -0.13075
218.12158203125, -0.060842
218.151611328125, -0.032879
218.181640625, -0.067833
218.211669921875, -0.074824
218.24169921875, -0.025889
218.271728515625, -0.123759
218.3017578125, -0.004917
218.33154296875, -0.032879
218.361572265625, -0.053852
218.3916015625, -0.018898
218.421630859375, 0.030037
218.45166015625, -0.011907
218.481689453125, 0.064991
218.51171875, -0.109777
218.541748046875, -0.018898
218.57177734375, 0.002074
218.6015625, 0.058
218.631591796875, 0.009065
218.66162109375, 0.009065
218.691650390625, -0.032879
218.7216796875, 0.078972
218.751708984375, -0.004917
218.78173828125, -0.004917
218.811767578125, -0.032879
218.841552734375, -0.095796
218.87158203125, 0.044018
218.901611328125, -0.03987
218.931640625, -0.067833
218.961669921875, 0.058
218.99169921875, 0.058
219.021728515625, 0.009065
219.0517578125, -0.004917
219.08154296875, 0.023046
219.111572265625, 0.092954
219.1416015625, 0.023046
219.171630859375, -0.032879
219.20166015625, -0.011907
219.231689453125, -0.13774
219.26171875, -0.004917
219.291748046875, -0.060842
219.32177734375, -0.03987
219.3515625, 0.044018
219.381591796875, 0.044018
219.41162109375, -0.053852
219.441650390625, 0.002074
219.4716796875, -0.116768
219.501708984375, -0.179685
219.53173828125, -0.151722
219.561767578125, -0.067833
219.591552734375, 0.009065
219.62158203125, 0.085963
219.651611328125, 0.071981
219.681640625, 0.058
219.711669921875, -0.067833
219.74169921875, 0.023046
219.771728515625, 0.120916
219.8017578125, 0.030037
219.831787109375, 0.023046
219.861572265625, -0.03987
219.8916015625, -0.095796
219.921630859375, -0.025889
219.95166015625, -0.046861
219.981689453125, 0.058
220.01171875, 0.071981
220.041748046875, 0.099944
220.07177734375, 0.044018
220.1015625, -0.088805
220.131591796875, 0.023046
220.16162109375, -0.03987
220.191650390625, 0.071981
220.2216796875, -0.081815
220.251708984375, -0.060842
220.28173828125, -0.102787
220.311767578125, -0.025889
220.341552734375, 0.016056
220.37158203125, -0.011907
220.401611328125, -0.060842
220.431640625, -0.067833
220.461669921875, -0.067833
220.49169921875, 0.113926
220.521728515625, 0.085963
220.5517578125, 0.092954
220.581787109375, 0.023046
220.611572265625, -0.067833
220.6416015625, 0.085963
220.671630859375, -0.116768
220.70166015625, 0.016056
220.731689453125, 0.064991
220.76171875, 0.092954
220.791748046875, -0.123759
220.82177734375, -0.102787
220.8515625, 0.051009
220.881591796875, -0.046861
220.91162109375, -0.081815
220.941650390625, 0.030037
220.9716796875, -0.03987
221.001708984375, 0.064991
221.03173828125, -0.011907
221.061767578125, 0.002074
221.091796875, 0.009065
221.12158203125, -0.116768
221.151611328125, -0.011907
221.181640625, -0.004917
221.211669921875, -0.074824
221.24169921875, 0.141889
221.271728515625, -0.004917
221.3017578125, 0.211796
221.331787109375, 0.037028
221.361572265625, -0.03987
221.3916015625, -0.018898
221.421630859375, -0.060842
221.45166015625, -0.060842
221.481689453125, -0.053852
221.51171875, 0.044018
221.541748046875, -0.018898
221.57177734375, -0.03987
221.601806640625, 0.106935
221.631591796875, -0.018898
221.66162109375, -0.060842
221.691650390625, 0.016056
221.7216796875, 0.037028
221.751708984375, -0.081815
221.78173828125, 0.15587
221.811767578125, 0.051009
221.841796875, 0.030037
221.87158203125, 0.064991
221.901611328125, -0.067833
221.931640625, -0.144731
221.961669921875, 0.071981
221.99169921875, 0.030037
222.021728515625, 0.016056
222.0517578125, -0.053852
222.081787109375, -0.018898
222.111572265625, -0.102787
222.1416015625, -0.060842
222.171630859375, 0.058
222.20166015625, 0.030037
222.231689453125, -0.025889
222.26171875, -0.025889
222.291748046875, -0.053852
222.32177734375, 0.051009
222.351806640625, -0.067833
222.381591796875, 0.002074
222.41162109375, -0.004917
222.441650390625, -0.095796
222.4716796875, -0.200657
222.501708984375, -0.13774
222.53173828125, 0.120916
222.561767578125, -0.144731
222.591796875, 0.113926
222.62158203125, -0.025889
222.651611328125, 0.141889
222.681640625, 0.120916
222.711669921875, 0.009065
222.74169921875, -0.053852
222.771728515625, 0.071981
222.8017578125, 0.002074
222.831787109375, 0.016056
222.86181640625, 0.092954
222.8916015625, -0.067833
222.921630859375, 0.037028
222.95166015625, 0.023046
222.981689453125, 0.009065
223.01171875, -0.032879
223.041748046875, -0.032879
223.07177734375, 0.044018
223.101806640625, 0.030037
223.131591796875, -0.018898
223.16162109375, 0.030037
223.191650390625, 0.071981
223.2216796875, 0.002074
223.251708984375, 0.030037
223.28173828125, 0.016056
223.311767578125, -0.116768
223.341796875, 0.037028
223.371826171875, 0.002074
223.401611328125, 0.009065
223.431640625, -0.102787
223.461669921875, -0.179685
223.49169921875, -0.046861
223.521728515625, 0.009065
223.5517578125, -0.053852
223.581787109375, -0.004917
223.61181640625, 0.092954
223.6416015625, 0.037028
223.671630859375, -0.144731
223.70166015625, -0.025889
223.731689453125, 0.030037
223.76171875, -0.074824
223.791748046875, -0.081815
223.82177734375, -0.095796
223.851806640625, -0.011907
223.881591796875, -0.060842
223.91162109375, -0.053852
223.941650390625, -0.067833
223.9716796875, -0.13774
224.001708984375, -0.095796
224.03173828125, -0.13075
224.061767578125, 0.058
224.091796875, 0.169852
224.121826171875, -0.032879
224.151611328125, -0.011907
224.181640625, 0.009065
224.211669921875, 0.002074
224.24169921875, -0.004917
224.271728515625, 0.051009
224.3017578125, -0.032879
224.331787109375, -0.025889
224.36181640625, 0.078972
224.3916015625, 0.078972
224.421630859375, -0.067833
224.45166015625, -0.004917
224.481689453125, -0.060842
224.51171875, -0.018898
224.541748046875, -0.13774
224.57177734375, 0.002074
224.601806640625, -0.13774
224.6318359375, 0.002074
224.66162109375, 0.002074
224.691650390625, -0.144731
224.7216796875, -0.102787
224.751708984375, 0.009065
224.78173828125, -0.053852
224.811767578125, 0.009065
224.841796875, 0.148879
224.871826171875, -0.144731
224.901611328125, -0.004917
224.931640625, -0.067833
224.961669921875, -0.053852
224.99169921875, -0.011907
225.021728515625, -0.032879
225.0517578125, -0.046861
225.081787109375, -0.23561
225.11181640625, 0.030037
225.1416015625, -0.074824
225.171630859375, 0.009065
225.20166015625, -0.03987
225.231689453125, 0.106935
225.26171875, 0.016056
225.291748046875, 0.044018
225.32177734375, -0.067833
225.351806640625, -0.095796
225.3818359375, -0.172694
225.41162109375, 0.009065
225.441650390625, 0.078972
225.4716796875, -0.032879
225.501708984375, 0.030037
225.53173828125, 0.051009
225.561767578125, -0.03987
225.591796875, 0.120916
225.621826171875, 0.016056
225.651611328125, 0.113926
225.681640625, -0.088805
225.711669921875, 0.058
225.74169921875, 0.023046
225.771728515625, -0.116768
225.8017578125, 0.106935
225.831787109375, -0.03987
225.86181640625, -0.074824
225.891845703125, -0.004917
225.921630859375, 0.009065
225.95166015625, -0.081815
225.981689453125, 0.120916
226.01171875, 0.037028
226.041748046875, 0.113926
226.07177734375, 0.016056
226.101806640625, 0.085963
226.1318359375, 0.023046
226.16162109375, -0.004917
226.191650390625, 0.030037
226.2216796875, 0.023046
226.251708984375, -0.018898
226.28173828125, 0.099944
226.311767578125, 0.092954
226.341796875, -0.03987
226.371826171875, -0.172694
226.40185546875, 0.092954
226.431640625, -0.081815
226.461669921875, 0.051009
226.49169921875, -0.025889
226.521728515625, -0.032879
226.5517578125, -0.060842
226.581787109375, 0.071981
226.61181640625, 0.106935
226.641845703125, 0.016056
226.671630859375, 0.106935
226.70166015625, -0.004917
226.731689453125, 0.099944
226.76171875, 0.002074
226.791748046875, 0.002074
226.82177734375, 0.016056
226.851806640625, -0.074824
226.8818359375, -0.032879
226.91162109375, -0.011907
226.941650390625, -0.004917
226.9716796875, -0.018898
227.001708984375, -0.004917
227.03173828125, -0.025889
227.061767578125, -0.060842
227.091796875, -0.123759
227.121826171875, 0.085963
227.15185546875, 0.002074
227.181640625, -0.03987
227.211669921875, -0.060842
227.24169921875, 0.106935
227.271728515625, -0.018898
227.3017578125, 0.030037
227.331787109375, 0.002074
227.36181640625, -0.116768
227.391845703125, -0.053852
227.421630859375, -0.088805
227.45166015625, 0.037028
227.481689453125, -0.074824
227.51171875, 0.106935
227.541748046875, -0.109777
227.57177734375, 0.009065
227.601806640625, 0.023046
227.6318359375, 0.037028
227.661865234375, 0.044018
227.691650390625, -0.032879
227.7216796875, -0.032879
227.751708984375, -0.025889
227.78173828125, 0.037028
227.811767578125, 0.058
227.841796875, -0.03987
227.871826171875, -0.025889
227.90185546875, 0.037028
227.931640625, 0.009065
227.961669921875, -0.032879
227.99169921875, -0.025889
228.021728515625, -0.151722
228.0517578125, -0.067833
228.081787109375, 0.099944
228.11181640625, 0.023046
228.141845703125, 0.044018
228.171630859375, 0.002074
228.20166015625, -0.116768
228.231689453125, 0.051009
228.26171875, -0.046861
228.291748046875, -0.067833
228.32177734375, 0.058
228.351806640625, -0.032879
228.3818359375, -0.046861
228.411865234375, 0.051009
228.441650390625, -0.025889
228.4716796875, 0.099944
228.501708984375, 0.085963
228.53173828125, -0.193666
228.561767578125, 0.016056
228.591796875, 0.030037
228.621826171875, -0.067833
228.65185546875, 0.085963
228.681640625, -0.060842
228.711669921875, -0.060842
228.74169921875, -0.025889
228.771728515625, -0.088805
228.8017578125, 0.085963
228.831787109375, -0.109777
228.86181640625, -0.046861
228.891845703125, -0.074824
228.921875, -0.088805
228.95166015625, 0.051009
228.981689453125, 0.002074
229.01171875, -0.067833
229.041748046875, 0.009065
229.07177734375, 0.071981
229.101806640625, -0.004917
229.1318359375, -0.046861
229.161865234375, 0.037028
229.191650390625, -0.165703
229.2216796875, 0.106935
229.251708984375, 0.078972
229.28173828125, 0.009065
229.311767578125, 0.002074
229.341796875, -0.22862
229.371826171875, 0.009065
229.40185546875, -0.011907
229.431884765625, -0.060842
229.461669921875, 0.030037
229.49169921875, -0.095796
229.521728515625, 0.002074
229.5517578125, 0.051009
229.581787109375, 0.141889
229.61181640625, -0.074824
229.641845703125, 0.009065
229.671875, 0.064991
229.70166015625, -0.060842
229.731689453125, 0.044018
229.76171875, -0.018898
229.791748046875, -0.102787
229.82177734375, -0.025889
229.851806640625, 0.113926
229.8818359375, -0.011907
229.911865234375, 0.016056
229.941650390625, -0.03987
229.9716796875, 0.002074
230.001708984375, -0.004917
230.03173828125, 0.051009
230.061767578125, 0.058
230.091796875, 0.002074
230.121826171875, -0.102787
230.15185546875, -0.095796
230.181884765625, -0.053852
230.211669921875, -0.032879
230.24169921875, -0.018898
230.271728515625, -0.053852
230.3017578125, -0.123759
230.331787109375, -0.011907
230.36181640625, -0.060842
230.391845703125, 0.030037
230.421875, -0.060842
230.45166015625, -0.032879
230.481689453125, 0.023046
230.51171875, 0.099944
230.541748046875, 0.009065
230.57177734375, -0.067833
230.601806640625, -0.046861
230.6318359375, -0.004917
230.661865234375, 0.058
230.69189453125, -0.03987
230.7216796875, 0.009065
230.751708984375, 0.051009
230.78173828125, -0.011907
230.811767578125, -0.088805
230.841796875, 0.058
230.871826171875, -0.151722
230.90185546875, -0.053852
230.931884765625, -0.032879
230.961669921875, -0.025889
230.99169921875, -0.032879
231.021728515625, 0.085963
231.0517578125, -0.03987
231.081787109375, 0.078972
231.11181640625, -0.067833
231.141845703125, -0.004917
231.171875, 0.113926
231.201904296875, 0.051009
231.231689453125, -0.011907
231.26171875, -0.13075
231.291748046875, 0.023046
231.32177734375, -0.046861
231.351806640625, -0.03987
231.3818359375, -0.046861
231.411865234375, -0.011907
231.44189453125, -0.081815
231.4716796875, 0.085963
231.501708984375, 0.127907
231.53173828125, 0.016056
231.561767578125, -0.011907
231.591796875, -0.053852
231.621826171875, -0.03987
231.65185546875, 0.023046
231.681884765625, -0.004917
231.711669921875, -0.102787
231.74169921875, -0.088805
231.771728515625, -0.025889
231.8017578125, 0.092954
231.831787109375, -0.053852
231.86181640625, -0.095796
231.891845703125, -0.088805
231.921875, -0.060842
231.951904296875, -0.095796
231.981689453125, 0.127907
232.01171875, 0.002074
232.041748046875, 0.023046
232.07177734375, 0.085963
232.101806640625, -0.081815
232.1318359375, -0.13075
232.161865234375, 0.071981
232.19189453125, 0.016056
232.2216796875, 0.009065
232.251708984375, 0.002074
232.28173828125, -0.088805
232.311767578125, 0.009065
232.341796875, 0.051009
232.371826171875, 0.092954
232.40185546875, -0.074824
232.431884765625, -0.116768
232.4619140625, 0.023046
232.49169921875, 0.064991
232.521728515625, 0.030037
232.5517578125, -0.032879
232.581787109375, -0.053852
232.61181640625, -0.053852
232.641845703125, 0.058
232.671875, -0.088805
232.701904296875, -0.116768
232.731689453125, -0.03987
232.76171875, 0.002074
232.791748046875, 0.037028
232.82177734375, 0.030037
232.851806640625, -0.018898
232.8818359375, 0.099944
232.911865234375, -0.088805
232.94189453125, -0.018898
232.9716796875, -0.060842
233.001708984375, 0.037028
233.03173828125, -0.116768
233.061767578125, -0.067833
233.091796875, 0.078972
233.121826171875, 0.023046
233.15185546875, -0.018898
233.181884765625, -0.074824
233.2119140625, -0.004917
233.24169921875, 0.099944
233.271728515625, 0.044018
233.3017578125, 0.030037
233.331787109375, 0.030037
233.36181640625, -0.060842
233.391845703125, -0.067833
233.421875, -0.060842
233.451904296875, 0.162861
233.481689453125, -0.004917
233.51171875, -0.004917
233.541748046875, -0.102787
233.57177734375, -0.025889
233.601806640625, -0.123759
233.6318359375, -0.025889
233.661865234375, -0.03987
233.69189453125, 0.141889
233.721923828125, 0.009065
233.751708984375, 0.030037
233.78173828125, 0.051009
233.811767578125, -0.03987
233.841796875, -0.102787
233.871826171875, -0.060842
233.90185546875, -0.032879
233.931884765625, -0.011907
233.9619140625, -0.004917
233.99169921875, 0.120916
234.021728515625, -0.011907
234.0517578125, 0.071981
234.081787109375, 0.092954
234.11181640625, -0.088805
234.141845703125, 0.023046
234.171875, -0.116768
234.201904296875, -0.109777
234.23193359375, 0.002074
234.26171875, -0.004917
234.291748046875, -0.025889
234.32177734375, -0.032879
234.351806640625, -0.03987
234.3818359375, -0.053852
234.411865234375, 0.058
234.44189453125, 0.058
234.471923828125, 0.009065
234.501708984375, 0.071981
234.53173828125, -0.088805
234.561767578125, -0.088805
234.591796875, 0.106935
234.621826171875, 0.15587
234.65185546875, -0.011907
234.681884765625, -0.053852
234.7119140625, 0.002074
234.74169921875, 0.037028
234.771728515625, 0.037028
234.8017578125, 0.058
234.831787109375, -0.102787
234.86181640625, -0.13075
234.891845703125, -0.060842
234.921875, -0.018898
234.951904296875, -0.018898
234.98193359375, -0.025889
235.01171875, -0.088805
235.041748046875, -0.13774
235.07177734375, -0.03987
235.101806640625, -0.032879
235.1318359375, 0.051009
235.161865234375, -0.025889
235.19189453125, -0.081815
235.221923828125, -0.123759
235.251708984375, 0.044018
235.28173828125, 0.106935
235.311767578125, 0.016056
235.341796875, 0.002074
235.371826171875, -0.018898
235.40185546875, 0.023046
235.431884765625, 0.002074
235.4619140625, 0.037028
235.491943359375, 0.037028
235.521728515625, 0.016056
235.5517578125, 0.051009
235.581787109375, -0.018898
235.61181640625, -0.067833
235.641845703125, 0.023046
235.671875, 0.085963
235.701904296875, 0.009065
235.73193359375, -0.004917
235.76171875, 0.141889
235.791748046875, 0.009065
235.82177734375, 0.078972
235.851806640625, -0.074824
235.8818359375, -0.144731
235.911865234375, -0.109777
235.94189453125, 0.002074
235.971923828125, 0.134898
236.001953125, -0.03987
236.03173828125, 0.030037
236.061767578125, 0.058
236.091796875, 0.078972
236.121826171875, 0.064991
236.15185546875, 0.002074
236.181884765625, -0.046861
236.2119140625, -0.053852
236.241943359375, -0.102787
236.271728515625, 0.078972
236.3017578125, -0.018898
236.331787109375, -0.046861
236.36181640625, -0.032879
236.391845703125, -0.081815
236.421875, 0.009065
236.451904296875, -0.004917
236.48193359375, -0.088805
236.51171875, -0.018898
236.541748046875, -0.109777
236.57177734375, 0.106935
236.601806640625, 0.099944
236.6318359375, 0.037028
236.661865234375, 0.15587
236.69189453125, 0.044018
236.721923828125, 0.030037
236.751953125, 0.016056
236.78173828125, -0.03987
236.811767578125, -0.053852
236.841796875, -0.053852
236.871826171875, 0.064991
236.90185546875, -0.025889
236.931884765625, 0.030037
236.9619140625, 0.016056
236.991943359375, -0.032879
237.021728515625, -0.018898
237.0517578125, 0.058
237.081787109375, 0.051009
237.11181640625, 0.030037
237.141845703125, 0.016056
237.171875, -0.046861
237.201904296875, -0.123759
237.23193359375, 0.078972
237.261962890625, 0.030037
237.291748046875, -0.13075
237.32177734375, -0.011907
237.351806640625, -0.004917
237.3818359375, -0.067833
237.411865234375, 0.023046
237.44189453125, 0.085963
237.471923828125, -0.067833
237.501953125, -0.067833
237.53173828125, 0.023046
237.561767578125, -0.074824
237.591796875, -0.123759
237.621826171875, -0.03987
237.65185546875, 0.016056
237.681884765625, -0.109777
237.7119140625, -0.03987
237.741943359375, 0.071981
237.771728515625, -0.200657
237.8017578125, 0.051009
237.831787109375, 0.141889
237.86181640625, 0.106935
237.891845703125, 0.002074
237.921875, -0.151722
237.951904296875, 0.071981
237.98193359375, 0.148879
238.011962890625, 0.058
238.041748046875, 0.023046
238.07177734375, -0.067833
238.101806640625, -0.011907
238.1318359375, -0.011907
238.161865234375, -0.123759
238.19189453125, -0.151722
238.221923828125, -0.116768
238.251953125, 0.002074
238.28173828125, -0.004917
238.311767578125, -0.018898
238.341796875, 0.092954
238.371826171875, 0.148879
238.40185546875, 0.106935
238.431884765625, 0.064991
238.4619140625, -0.03987
238.491943359375, -0.088805
238.52197265625, -0.053852
238.5517578125, 0.030037
238.581787109375, -0.109777
238.61181640625, -0.053852
238.641845703125, 0.002074
238.671875, 0.064991
238.701904296875, -0.046861
238.73193359375, -0.067833
238.761962890625, -0.088805
238.791748046875, -0.088805
238.82177734375, 0.002074
238.851806640625, -0.116768
238.8818359375, 0.009065
238.911865234375, 0.002074
238.94189453125, 0.009065
238.971923828125, -0.011907
239.001953125, 0.030037
239.031982421875, 0.009065
239.061767578125, -0.081815
239.091796875, 0.113926
239.121826171875, -0.011907
239.15185546875, -0.046861
239.181884765625, 0.092954
239.2119140625, -0.116768
239.241943359375, 0.037028
239.27197265625, -0.081815
239.3017578125, -0.011907
239.331787109375, 0.044018
239.36181640625, 0.058
239.391845703125, -0.221629
239.421875, -0.018898
239.451904296875, 0.148879
239.48193359375, 0.058
239.511962890625, -0.151722
239.541748046875, -0.004917
239.57177734375, 0.044018
239.601806640625, 0.023046
239.6318359375, -0.088805
239.661865234375, -0.123759
239.69189453125, -0.102787
239.721923828125, 0.044018
239.751953125, 0.023046
239.781982421875, 0.113926
239.811767578125, 0.044018
239.841796875, -0.158712
239.871826171875, 0.051009
239.90185546875, -0.053852
239.931884765625, 0.030037
239.9619140625, -0.053852
239.991943359375, -0.116768
240.02197265625, 0.016056
240.0517578125, 0.030037
240.081787109375, 0.023046
240.11181640625, -0.095796
240.141845703125, 0.002074
240.171875, -0.032879
240.201904296875, -0.067833
240.23193359375, -0.025889
240.261962890625, -0.067833
240.2919921875, 0.044018
240.32177734375, -0.03987
240.351806640625, 0.099944
240.3818359375, -0.053852
240.411865234375, -0.081815
240.44189453125, -0.025889
240.471923828125, -0.053852
240.501953125, -0.011907
240.531982421875, -0.116768
240.561767578125, -0.032879
240.591796875, 0.064991
240.621826171875, 0.204805
240.65185546875, 0.051009
240.681884765625, -0.088805
240.7119140625, -0.025889
240.741943359375, 0.037028
240.77197265625, 0.016056
240.8017578125, 0.092954
240.831787109375, -0.053852
240.86181640625, -0.018898
240.891845703125, 0.016056
240.921875, -0.13774
240.951904296875, -0.03987
240.98193359375, -0.13075
241.011962890625, -0.025889
241.0419921875, 0.064991
241.07177734375, 0.092954
241.101806640625, 0.078972
241.1318359375, -0.074824
241.161865234375, 0.120916
241.19189453125, -0.011907
241.221923828125, -0.004917
241.251953125, 0.023046
241.281982421875, 0.044018
241.311767578125, -0.158712
241.341796875, 0.092954
241.371826171875, -0.004917
241.40185546875, -0.123759
241.431884765625, -0.074824
241.4619140625, -0.109777
241.491943359375, 0.058
241.52197265625, -0.060842
241.552001953125, -0.109777
241.581787109375, 0.092954
241.61181640625, 0.030037
241.641845703125, -0.03987
241.671875, -0.074824
241.701904296875, 0.002074
241.73193359375, 0.037028
241.761962890625, -0.03987
241.7919921875, 0.002074
241.82177734375, 0.002074
241.851806640625, -0.011907
241.8818359375, 0.037028
241.911865234375, -0.102787
241.94189453125, 0.127907
241.971923828125, 0.141889
242.001953125, -0.025889
242.031982421875, 0.030037
242.06201171875, 0.044018
242.091796875, -0.081815
242.121826171875, 0.009065
242.15185546875, -0.074824
242.181884765625, 0.064991
242.2119140625, -0.13075
242.241943359375, 0.044018
242.27197265625, 0.016056
242.302001953125, 0.051009
242.331787109375, 0.023046
242.36181640625, 0.023046
242.391845703125, 0.016056
242.421875, -0.095796
242.451904296875, -0.011907
242.48193359375, 0.044018
242.511962890625, -0.046861
242.5419921875, -0.165703
242.57177734375, -0.025889
242.601806640625, -0.095796
242.6318359375, 0.009065
242.661865234375, 0.064991
242.69189453125, -0.081815
242.721923828125, -0.011907
242.751953125, -0.067833
242.781982421875, -0.053852
242.81201171875, -0.060842
242.841796875, -0.074824
242.871826171875, 0.023046
242.90185546875, 0.141889
242.931884765625, 0.002074
242.9619140625, -0.046861
242.991943359375, 0.044018
243.02197265625, -0.018898
243.052001953125, -0.011907
243.081787109375, 0.030037
243.11181640625, -0.004917
243.141845703125, 0.009065
243.171875, -0.109777
243.201904296875, -0.067833
243.23193359375, 0.058
243.261962890625, 0.051009
243.2919921875, -0.200657
243.322021484375, -0.13075
243.351806640625, 0.099944
243.3818359375, -0.025889
243.411865234375, -0.032879
243.44189453125, 0.064991
243.471923828125, 0.037028
243.501953125, 0.044018
243.531982421875, 0.106935
243.56201171875, 0.106935
243.591796875, 0.099944
243.621826171875, -0.018898
243.65185546875, 0.099944
243.681884765625, -0.158712
243.7119140625, -0.004917
243.741943359375, 0.071981
243.77197265625, 0.023046
243.802001953125, -0.018898
243.83203125, 0.002074
243.86181640625, 0.002074
243.891845703125, -0.025889
243.921875, 0.002074
243.951904296875, -0.109777
243.98193359375, -0.109777
244.011962890625, 0.009065
244.0419921875, 0.044018
244.072021484375, 0.092954
244.101806640625, -0.081815
244.1318359375, 0.092954
244.161865234375, -0.088805
244.19189453125, -0.053852
244.221923828125, -0.053852
244.251953125, 0.037028
244.281982421875, -0.179685
244.31201171875, -0.004917
244.341796875, 0.106935
244.371826171875, 0.023046
244.40185546875, -0.025889
244.431884765625, -0.046861
244.4619140625, -0.011907
244.491943359375, 0.023046
244.52197265625, 0.058
244.552001953125, -0.011907
244.58203125, -0.046861
244.61181640625, 0.009065
244.641845703125, 0.092954
244.671875, 0.078972
244.701904296875, 0.064991
244.73193359375, 0.071981
244.761962890625, 0.002074
244.7919921875, -0.004917
244.822021484375, -0.060842
244.851806640625, -0.004917
244.8818359375, 0.051009
244.911865234375, -0.158712
244.94189453125, 0.085963
244.971923828125, 0.044018
245.001953125, 0.016056
245.031982421875, 0.058
245.06201171875, -0.144731
245.092041015625, -0.074824
245.121826171875, -0.03987
245.15185546875, -0.088805
245.181884765625, 0.023046
245.2119140625, 0.023046
245.241943359375, -0.03987
245.27197265625, -0.060842
245.302001953125, -0.032879
245.33203125, 0.023046
245.36181640625, -0.032879
245.391845703125, -0.046861
245.421875, -0.081815
245.451904296875, 0.051009
245.48193359375, 0.064991
245.511962890625, 0.030037
245.5419921875, -0.081815
245.572021484375, -0.025889
245.601806640625, -0.032879
245.6318359375, -0.025889
245.661865234375, -0.004917
245.69189453125, 0.085963
245.721923828125, -0.095796
245.751953125, -0.03987
245.781982421875, -0.088805
245.81201171875, 0.016056
245.842041015625, 0.267722
245.871826171875, -0.067833
245.90185546875, -0.207648
245.931884765625, 0.009065
245.9619140625, -0.018898
245.991943359375, -0.011907
246.02197265625, 0.030037
246.052001953125, -0.018898
246.08203125, 0.009065
246.11181640625, 0.15587
246.141845703125, 0.016056
246.171875, 0.016056
246.201904296875, -0.032879
246.23193359375, -0.03987
246.261962890625, -0.067833
246.2919921875, -0.03987
246.322021484375, -0.067833
246.35205078125, 0.162861
246.3818359375, -0.011907
246.411865234375, -0.004917
246.44189453125, -0.03987
246.471923828125, 0.085963
246.501953125, -0.095796
246.531982421875, 0.030037
246.56201171875, -0.053852
246.592041015625, -0.046861
246.621826171875, -0.011907
246.65185546875, -0.011907
246.681884765625, 0.009065
246.7119140625, 0.120916
246.741943359375, -0.032879
246.77197265625, -0.095796
246.802001953125, 0.058
246.83203125, -0.011907
246.862060546875, 0.044018
246.891845703125, -0.032879
246.921875, -0.116768
246.951904296875, -0.03987
246.98193359375, -0.074824
247.011962890625, 0.009065
247.0419921875, -0.074824
247.072021484375, -0.018898
247.10205078125, -0.004917
247.1318359375, 0.120916
247.161865234375, 0.030037
247.19189453125, 0.051009
247.221923828125, -0.060842
247.251953125, -0.03987
247.281982421875, 0.051009
247.31201171875, -0.032879
247.342041015625, 0.002074
247.371826171875, -0.109777
247.40185546875, 0.106935
247.431884765625, 0.141889
247.4619140625, -0.004917
247.491943359375, 0.092954
247.52197265625, -0.03987
247.552001953125, 0.030037
247.58203125, 0.044018
247.612060546875, -0.151722
247.641845703125, -0.060842
247.671875, 0.078972
247.701904296875, -0.025889
247.73193359375, -0.060842
247.761962890625, 0.044018
247.7919921875, 0.009065
247.822021484375, 0.009065
247.85205078125, 0.058
247.8818359375, -0.032879
247.911865234375, -0.011907
247.94189453125, 0.085963
247.971923828125, 0.078972
248.001953125, -0.074824
248.031982421875, -0.03987
248.06201171875, -0.046861
248.092041015625, 0.037028
248.1220703125, 0.002074
248.15185546875, -0.011907
248.181884765625, 0.120916
248.2119140625, 0.092954
248.241943359375, -0.074824
248.27197265625, 0.064991
248.302001953125, -0.074824
248.33203125, 0.016056
248.362060546875, 0.051009
248.391845703125, -0.053852
248.421875, 0.071981
248.451904296875, -0.158712
248.48193359375, -0.004917
248.511962890625, 0.071981
248.5419921875, 0.099944
248.572021484375, -0.03987
248.60205078125, -0.116768
248.6318359375, 0.044018
248.661865234375, 0.071981
248.69189453125, 0.051009
248.721923828125, 0.092954
248.751953125, -0.053852
248.781982421875, -0.025889
248.81201171875, -0.032879
248.842041015625, -0.03987
248.8720703125, -0.095796
248.90185546875, 0.058
248.931884765625, -0.088805
248.9619140625, 0.092954
248.991943359375, -0.060842
249.02197265625, -0.004917
249.052001953125, -0.046861
249.08203125, -0.032879
249.112060546875, 0.002074
249.141845703125, 0.051009
249.171875, 0.016056
249.201904296875, 0.051009
249.23193359375, 0.044018
249.261962890625, -0.13774
249.2919921875, -0.081815
249.322021484375, -0.004917
249.35205078125, 0.030037
249.382080078125, -0.074824
249.411865234375, -0.032879
249.44189453125, 0.092954
249.471923828125, -0.074824
249.501953125, 0.030037
249.531982421875, 0.009065
249.56201171875, 0.058
249.592041015625, 0.120916
249.6220703125, 0.058
249.65185546875, -0.102787
249.681884765625, 0.037028
249.7119140625, -0.03987
249.741943359375, 0.058
249.77197265625, 0.023046
249.802001953125, 0.023046
249.83203125, 0.044018
249.862060546875, 0.078972
249.89208984375, 0.051009
249.921875, 0.085963
249.951904296875, -0.032879
249.98193359375, 0.044018
250.011962890625, -0.165703
250.0419921875, -0.032879
250.072021484375, 0.099944
250.10205078125, 0.169852
250.132080078125, -0.067833
250.161865234375, 0.002074
250.19189453125, 0.071981
250.221923828125, 0.002074
250.251953125, -0.053852
250.281982421875, -0.074824
250.31201171875, 0.058
250.342041015625, 0.037028
250.3720703125, 0.030037
250.40185546875, -0.158712
250.431884765625, -0.046861
250.4619140625, -0.025889
250.491943359375, -0.067833
250.52197265625, -0.011907
250.552001953125, 0.002074
250.58203125, 0.085963
250.612060546875, -0.046861
250.64208984375, -0.109777
250.671875, -0.032879
250.701904296875, -0.060842
250.73193359375, 0.023046
250.761962890625, -0.102787
250.7919921875, -0.081815
250.822021484375, 0.016056
250.85205078125, -0.095796
250.882080078125, 0.002074
250.911865234375, -0.193666
250.94189453125, 0.058
250.971923828125, -0.074824
251.001953125, -0.053852
251.031982421875, -0.032879
251.06201171875, 0.064991
251.092041015625, -0.004917
251.1220703125, 0.085963
251.152099609375, -0.067833
251.181884765625, -0.13774
251.2119140625, -0.025889
251.241943359375, -0.03987
251.27197265625, 0.009065
251.302001953125, 0.002074
251.33203125, 0.002074
251.362060546875, -0.102787
251.39208984375, 0.085963
251.421875, -0.186675
251.451904296875, -0.011907
251.48193359375, -0.060842
251.511962890625, -0.081815
251.5419921875, 0.051009
251.572021484375, 0.002074
251.60205078125, -0.123759
251.632080078125, -0.102787
251.662109375, -0.053852
251.69189453125, 0.030037
251.721923828125, 0.023046
251.751953125, -0.060842
251.781982421875, 0.071981
251.81201171875, 0.071981
251.842041015625, -0.025889
251.8720703125, -0.123759
251.902099609375, -0.074824
251.931884765625, -0.032879
251.9619140625, 0.023046
251.991943359375, 0.030037
252.02197265625, -0.03987
252.052001953125, -0.053852
252.08203125, 0.037028
252.112060546875, 0.099944
252.14208984375, 0.009065
252.171875, 0.058
252.201904296875, -0.004917
252.23193359375, -0.025889
252.261962890625, -0.025889
252.2919921875, 0.106935
252.322021484375, 0.120916
252.35205078125, 0.016056
252.382080078125, -0.011907
252.412109375, 0.044018
252.44189453125, -0.025889
252.471923828125, 0.044018
252.501953125, 0.009065
252.531982421875, -0.018898
252.56201171875, 0.044018
252.592041015625, 0.044018
252.6220703125, 0.044018
252.652099609375, 0.023046
252.681884765625, 0.058
252.7119140625, -0.053852
252.741943359375, -0.03987
252.77197265625, 0.023046
252.802001953125, 0.023046
252.83203125, -0.004917
252.862060546875, -0.046861
252.89208984375, 0.023046
252.922119140625, 0.044018
252.951904296875, -0.123759
252.98193359375, 0.071981
253.011962890625, 0.141889
253.0419921875, 0.162861
253.072021484375, -0.081815
253.10205078125, 0.044018
253.132080078125, -0.074824
253.162109375, 0.030037
253.19189453125, 0.064991
253.221923828125, 0.016056
253.251953125, 0.009065
253.281982421875, -0.067833
253.31201171875, 0.064991
253.342041015625, -0.03987
253.3720703125, -0.018898
253.402099609375, -0.004917
253.431884765625, 0.009065
253.4619140625, 0.023046
253.491943359375, 0.176842
253.52197265625, 0.044018
253.552001953125, -0.116768
253.58203125, 0.092954
253.612060546875, -0.151722
253.64208984375, 0.058
253.672119140625, 0.078972
253.701904296875, 0.030037
253.73193359375, 0.016056
253.761962890625, -0.074824
253.7919921875, 0.051009
253.822021484375, 0.058
253.85205078125, 0.190824
253.882080078125, 0.009065
253.912109375, 0.037028
253.94189453125, 0.002074
253.971923828125, 0.092954
254.001953125, 0.044018
254.031982421875, 0.009065
254.06201171875, -0.102787
254.092041015625, -0.011907
254.1220703125, 0.002074
254.152099609375, -0.032879
254.18212890625, -0.011907
254.2119140625, 0.009065
254.241943359375, -0.018898
254.27197265625, 0.085963
254.302001953125, -0.081815
254.33203125, -0.004917
254.362060546875, -0.060842
254.39208984375, -0.032879
254.422119140625, 0.058
254.451904296875, -0.067833
254.48193359375, -0.032879
254.511962890625, 0.016056
254.5419921875, 0.002074
254.572021484375, 0.058
254.60205078125, -0.025889
254.632080078125, -0.060842
254.662109375, 0.092954
254.692138671875, 0.225777
254.721923828125, 0.016056
254.751953125, -0.011907
254.781982421875, 0.15587
254.81201171875, -0.018898
254.842041015625, -0.011907
254.8720703125, -0.060842
254.902099609375, 0.030037
254.93212890625, -0.053852
254.9619140625, -0.032879
254.991943359375, 0.016056
255.02197265625, 0.030037
255.052001953125, -0.053852
255.08203125, -0.011907
255.112060546875, -0.025889
255.14208984375, 0.092954
255.172119140625, 0.002074
255.201904296875, 0.092954
255.23193359375, 0.002074
255.261962890625, -0.074824
255.2919921875, -0.03987
255.322021484375, 0.002074
255.35205078125, 0.037028
255.382080078125, 0.064991
255.412109375, 0.009065
255.442138671875, 0.009065
255.471923828125, -0.011907
255.501953125, 0.092954
255.531982421875, -0.088805
255.56201171875, 0.071981
255.592041015625, 0.044018
255.6220703125, 0.092954
255.652099609375, -0.074824
255.68212890625, -0.074824
255.7119140625, -0.053852
255.741943359375, 0.002074
255.77197265625, -0.011907
255.802001953125, 0.106935
255.83203125, 0.085963
255.862060546875, -0.053852
255.89208984375, 0.016056
255.922119140625, -0.004917
255.9521484375, -0.025889
255.98193359375, 0.016056
256.011962890625, -0.011907
256.0419921875, -0.074824
256.072021484375, -0.046861
256.10205078125, -0.032879
256.132080078125, 0.030037
256.162109375, -0.060842
256.192138671875, -0.053852
256.221923828125, -0.158712
256.251953125, -0.03987
256.281982421875, 0.064991
256.31201171875, -0.109777
256.342041015625, 0.002074
256.3720703125, 0.009065
256.402099609375, -0.046861
256.43212890625, -0.060842
256.4619140625, 0.002074
256.491943359375, 0.051009
256.52197265625, 0.092954
256.552001953125, -0.018898
256.58203125, 0.071981
256.612060546875, -0.165703
256.64208984375, 0.002074
256.672119140625, 0.023046
256.7021484375, -0.067833
256.73193359375, 0.037028
256.761962890625, 0.009065
256.7919921875, 0.023046
256.822021484375, -0.067833
256.85205078125, -0.018898
256.882080078125, -0.004917
256.912109375, -0.109777
256.942138671875, 0.085963
256.971923828125, 0.030037
257.001953125, 0.051009
257.031982421875, 0.037028
257.06201171875, -0.025889
257.092041015625, -0.011907
257.1220703125, -0.011907
257.152099609375, 0.002074
257.18212890625, 0.030037
257.212158203125, 0.016056
257.241943359375, 0.037028
257.27197265625, 0.016056
257.302001953125, -0.053852
257.33203125, 0.023046
257.362060546875, -0.123759
257.39208984375, -0.067833
257.422119140625, -0.025889
257.4521484375, -0.011907
257.48193359375, 0.176842
257.511962890625, 0.071981
257.5419921875, 0.002074
257.572021484375, -0.193666
257.60205078125, -0.025889
257.632080078125, -0.109777
257.662109375, -0.018898
257.692138671875, -0.095796
257.72216796875, -0.095796
257.751953125, 0.044018
257.781982421875, 0.078972
257.81201171875, 0.030037
257.842041015625, -0.109777
257.8720703125, 0.030037
257.902099609375, 0.030037
257.93212890625, 0.058
257.962158203125, -0.116768
257.991943359375, 0.030037
258.02197265625, 0.092954
258.052001953125, 0.106935
258.08203125, -0.060842
258.112060546875, -0.011907
258.14208984375, -0.011907
258.172119140625, -0.004917
258.2021484375, -0.018898
258.23193359375, -0.004917
258.261962890625, -0.095796
258.2919921875, -0.046861
258.322021484375, -0.018898
258.35205078125, 0.037028
258.382080078125, -0.067833
258.412109375, 0.016056
258.442138671875, 0.134898
258.47216796875, 0.002074
258.501953125, -0.046861
258.531982421875, 0.009065
258.56201171875, -0.13075
258.592041015625, 0.071981
258.6220703125, -0.025889
258.652099609375, -0.025889
258.68212890625, 0.051009
258.712158203125, -0.074824
258.741943359375, -0.067833
258.77197265625, -0.004917
258.802001953125, -0.13075
258.83203125, -0.004917
258.862060546875, -0.025889
258.89208984375, -0.018898
258.922119140625, 0.113926
258.9521484375, -0.123759
258.982177734375, -0.060842
259.011962890625, 0.030037
259.0419921875, 0.15587
259.072021484375, 0.037028
259.10205078125, 0.120916
259.132080078125, -0.074824
259.162109375, 0.002074
259.192138671875, 0.023046
259.22216796875, -0.011907
259.251953125, -0.081815
259.281982421875, 0.085963
259.31201171875, 0.002074
259.342041015625, -0.046861
259.3720703125, -0.018898
259.402099609375, 0.023046
259.43212890625, 0.009065
259.462158203125, -0.011907
259.4921875, -0.13774
259.52197265625, -0.144731
259.552001953125, -0.179685
259.58203125, -0.018898
259.612060546875, 0.030037
259.64208984375, 0.051009
259.672119140625, -0.053852
259.7021484375, 0.141889
259.732177734375, -0.004917
259.761962890625, 0.016056
259.7919921875, 0.099944
259.822021484375, -0.053852
259.85205078125, 0.023046
259.882080078125, 0.120916
259.912109375, 0.058
259.942138671875, -0.081815
259.97216796875, -0.067833
260.001953125, -0.053852
260.031982421875, -0.025889
260.06201171875, 0.037028
260.092041015625, 0.044018
260.1220703125, -0.032879
260.152099609375, -0.067833
260.18212890625, -0.032879
260.212158203125, -0.046861
260.2421875, 0.183833
260.27197265625, 0.15587
260.302001953125, -0.109777
260.33203125, -0.144731
260.362060546875, 0.016056
260.39208984375, 0.078972
260.422119140625, -0.074824
260.4521484375, -0.025889
260.482177734375, -0.046861
260.511962890625, 0.016056
260.5419921875, -0.004917
260.572021484375, -0.018898
260.60205078125, -0.032879
260.632080078125, 0.127907
260.662109375, 0.016056
260.692138671875, 0.023046
260.72216796875, 0.092954
260.752197265625, 0.106935
260.781982421875, 0.002074
260.81201171875, -0.074824
260.842041015625, -0.046861
260.8720703125, 0.071981
260.902099609375, -0.067833
260.93212890625, 0.037028
260.962158203125, -0.025889
260.9921875, 0.030037
261.02197265625, 0.016056
261.052001953125, 0.051009
261.08203125, -0.046861
261.112060546875, -0.053852
261.14208984375, 0.002074
261.172119140625, 0.058
261.2021484375, -0.025889
261.232177734375, 0.106935
261.261962890625, -0.025889
261.2919921875, -0.004917
261.322021484375, -0.025889
261.35205078125, -0.144731
261.382080078125, 0.030037
261.412109375, 0.064991
261.442138671875, -0.13075
261.47216796875, 0.002074
261.502197265625, -0.011907
261.531982421875, -0.074824
261.56201171875, 0.071981
261.592041015625, -0.095796
261.6220703125, 0.106935
261.652099609375, 0.127907
261.68212890625, -0.081815
261.712158203125, 0.085963
261.7421875, 0.078972
261.77197265625, -0.004917
261.802001953125, -0.011907
261.83203125, -0.053852
261.862060546875, 0.009065
261.89208984375, 0.030037
261.922119140625, -0.151722
261.9521484375, 0.030037
261.982177734375, -0.067833
262.01220703125, 0.051009
262.0419921875, -0.074824
262.072021484375, 0.078972
262.10205078125, -0.025889
262.132080078125, -0.011907
262.162109375, -0.067833
262.192138671875, 0.051009
262.22216796875, -0.025889
262.252197265625, 0.058
262.281982421875, 0.106935
262.31201171875, 0.051009
262.342041015625, 0.051009
262.3720703125, -0.018898
262.402099609375, 0.023046
262.43212890625, -0.046861
262.462158203125, 0.058
262.4921875, 0.176842
262.522216796875, -0.074824
262.552001953125, 0.030037
262.58203125, 0.009065
262.612060546875, -0.13774
262.64208984375, 0.162861
262.672119140625, 0.009065
262.7021484375, 0.044018
262.732177734375, -0.116768
262.76220703125, 0.058
262.7919921875, -0.046861
262.822021484375, -0.060842
262.85205078125, 0.106935
262.882080078125, 0.169852
262.912109375, -0.172694
262.942138671875, 0.044018
262.97216796875, -0.03987
263.002197265625, 0.030037
263.031982421875, 0.009065
263.06201171875, -0.011907
263.092041015625, -0.046861
263.1220703125, 0.141889
263.152099609375, -0.032879
263.18212890625, -0.13774
263.212158203125, 0.085963
263.2421875, -0.004917
263.272216796875, 0.051009
263.302001953125, 0.051009
263.33203125, -0.032879
263.362060546875, 0.051009
263.39208984375, 0.030037
263.422119140625, 0.044018
263.4521484375, 0.016056
263.482177734375, 0.037028
263.51220703125, -0.102787
263.5419921875, 0.078972
263.572021484375, -0.13774
263.60205078125, 0.071981
263.632080078125, -0.032879
263.662109375, 0.030037
263.692138671875, 0.058
263.72216796875, -0.025889
263.752197265625, 0.058
263.7822265625, -0.004917
263.81201171875, 0.009065
263.842041015625, 0.092954
263.8720703125, -0.004917
263.902099609375, 0.148879
263.93212890625, -0.081815
263.962158203125, -0.032879
263.9921875, -0.172694
264.022216796875, 0.009065
264.052001953125, -0.025889
264.08203125, 0.044018
264.112060546875, 0.023046
264.14208984375, -0.011907
264.172119140625, -0.046861
264.2021484375, 0.044018
264.232177734375, -0.074824
264.26220703125, -0.018898
264.2919921875, 0.120916
264.322021484375, -0.018898
264.35205078125, 0.037028
264.382080078125, 0.162861
264.412109375, 0.085963
264.442138671875, -0.03987
264.47216796875, -0.13075
264.502197265625, 0.092954
264.5322265625, -0.095796
264.56201171875, -0.032879
264.592041015625, 0.002074
264.6220703125, 0.064991
264.652099609375, 0.044018
264.68212890625, -0.004917
264.712158203125, -0.067833
264.7421875, 0.023046
264.772216796875, -0.046861
264.802001953125, -0.032879
264.83203125, -0.060842
264.862060546875, 0.037028
264.89208984375, -0.151722
264.922119140625, 0.071981
264.9521484375, 0.134898
264.982177734375, -0.088805
265.01220703125, 0.078972
265.042236328125, -0.060842
265.072021484375, -0.095796
265.10205078125, -0.095796
265.132080078125, 0.016056
265.162109375, -0.025889
265.192138671875, 0.071981
265.22216796875, 0.002074
265.252197265625, -0.067833
265.2822265625, -0.109777
265.31201171875, 0.113926
265.342041015625, 0.134898
265.3720703125, -0.095796
265.402099609375, 0.023046
265.43212890625, -0.13075
265.462158203125, -0.025889
265.4921875, 0.002074
265.522216796875, -0.13075
265.55224609375, 0.023046
265.58203125, -0.018898
265.612060546875, -0.025889
265.64208984375, 0.002074
265.672119140625, -0.13774
265.7021484375, 0.064991
265.732177734375, -0.004917
265.76220703125, -0.123759
265.792236328125, 0.078972
265.822021484375, 0.016056
265.85205078125, 0.030037
265.882080078125, -0.060842
265.912109375, 0.071981
265.942138671875, -0.088805
265.97216796875, -0.074824
266.002197265625, 0.058
266.0322265625, 0.113926
266.06201171875, 0.016056
266.092041015625, -0.011907
266.1220703125, 0.030037
266.152099609375, -0.032879
266.18212890625, -0.011907
266.212158203125, -0.088805
266.2421875, 0.002074
266.272216796875, 0.037028
266.30224609375, -0.018898
266.33203125, -0.081815
266.362060546875, 0.085963
266.39208984375, 0.15587
266.422119140625, -0.151722
266.4521484375, -0.095796
266.482177734375, -0.03987
266.51220703125, -0.025889
266.542236328125, -0.011907
266.572021484375, -0.067833
266.60205078125, 0.064991
266.632080078125, 0.051009
266.662109375, 0.016056
266.692138671875, -0.011907
266.72216796875, -0.158712
266.752197265625, 0.218787
266.7822265625, -0.158712
266.812255859375, 0.064991
266.842041015625, 0.176842
266.8720703125, -0.032879
266.902099609375, -0.03987
266.93212890625, 0.044018
266.962158203125, 0.099944
266.9921875, 0.037028
267.022216796875, -0.13075
267.05224609375, -0.03987
267.08203125, -0.060842
267.112060546875, 0.106935
267.14208984375, 0.071981
267.172119140625, 0.037028
267.2021484375, -0.004917
267.232177734375, -0.095796
267.26220703125, 0.016056
267.292236328125, -0.081815
267.322265625, -0.088805
267.35205078125, -0.004917
267.382080078125, -0.004917
267.412109375, 0.002074
267.442138671875, 0.058
267.47216796875, -0.081815
267.502197265625, -0.032879
267.5322265625, -0.018898
267.562255859375, -0.03987
267.592041015625, 0.064991
267.6220703125, 0.085963
267.652099609375, -0.03987
267.68212890625, -0.018898
267.712158203125, -0.109777
267.7421875, -0.025889
267.772216796875, 0.030037
267.80224609375, -0.046861
267.83203125, -0.088805
267.862060546875, -0.200657
267.89208984375, -0.025889
267.922119140625, -0.046861
267.9521484375, 0.127907
267.982177734375, 0.078972
268.01220703125, 0.037028
268.042236328125, -0.060842
268.072265625, 0.051009
268.10205078125, -0.074824
268.132080078125, 0.030037
268.162109375, -0.13774
268.192138671875, 0.030037
268.22216796875, 0.023046
268.252197265625, 0.058
268.2822265625, -0.018898
268.312255859375, -0.025889
268.342041015625, 0.002074
268.3720703125, 0.113926
268.402099609375, 0.078972
268.43212890625, 0.023046
268.462158203125, -0.025889
268.4921875, -0.095796
268.522216796875, 0.051009
268.55224609375, -0.018898
268.582275390625, -0.011907
268.612060546875, -0.116768
268.64208984375, -0.074824
268.672119140625, -0.025889
268.7021484375, 0.120916
268.732177734375, 0.15587
268.76220703125, -0.004917
268.792236328125, 0.009065
268.822265625, -0.060842
268.85205078125, 0.058
268.882080078125, -0.011907
268.912109375, -0.046861
268.942138671875, -0.046861
268.97216796875, 0.002074
269.002197265625, -0.060842
269.0322265625, -0.018898
269.062255859375, 0.078972
269.092041015625, -0.053852
269.1220703125, 0.023046
269.152099609375, -0.095796
269.18212890625, -0.053852
269.212158203125, -0.011907
269.2421875, -0.03987
269.272216796875, -0.109777
269.30224609375, -0.03987
269.332275390625, 0.15587
269.362060546875, -0.172694
269.39208984375, -0.018898
269.422119140625, -0.004917
269.4521484375, -0.025889
269.482177734375, 0.030037
269.51220703125, -0.046861
269.542236328125, -0.053852
269.572265625, 0.044018
269.60205078125, -0.046861
269.632080078125, 0.120916
269.662109375, 0.030037
269.692138671875, 0.016056
269.72216796875, -0.025889
269.752197265625, 0.092954
269.7822265625, 0.002074
269.812255859375, -0.088805
269.84228515625, 0.023046
269.8720703125, 0.037028
269.902099609375, 0.051009
269.93212890625, -0.025889
269.962158203125, -0.018898
269.9921875, 0.030037
270.022216796875, -0.03987
270.05224609375, 0.058
270.082275390625, 0.023046
270.112060546875, -0.032879
270.14208984375, 0.009065
270.172119140625, -0.109777
270.2021484375, 0.051009
270.232177734375, 0.030037
270.26220703125, 0.016056
270.292236328125, 0.134898
270.322265625, -0.060842
270.352294921875, 0.106935
270.382080078125, 0.058
270.412109375, -0.025889
270.442138671875, -0.046861
270.47216796875, 0.085963
270.502197265625, 0.016056
270.5322265625, -0.088805
270.562255859375, -0.053852
270.59228515625, 0.023046
270.6220703125, 0.051009
270.652099609375, 0.002074
270.68212890625, 0.044018
270.712158203125, -0.011907
270.7421875, -0.074824
270.772216796875, 0.016056
270.80224609375, 0.009065
270.832275390625, 0.037028
270.862060546875, 0.078972
270.89208984375, 0.023046
270.922119140625, -0.03987
270.9521484375, 0.106935
270.982177734375, 0.078972
271.01220703125, -0.102787
271.042236328125, 0.071981
271.072265625, -0.046861
271.102294921875, 0.016056
271.132080078125, 0.016056
271.162109375, 0.078972
271.192138671875, 0.016056
271.22216796875, -0.144731
271.252197265625, -0.004917
271.2822265625, -0.025889
271.312255859375, -0.053852
271.34228515625, 0.058
271.3720703125, -0.004917
271.402099609375, -0.004917
271.43212890625, -0.025889
271.462158203125, 0.023046
271.4921875, -0.088805
271.522216796875, -0.074824
271.55224609375, 0.030037
271.582275390625, 0.016056
271.6123046875, 0.037028
271.64208984375, 0.058
271.672119140625, -0.060842
271.7021484375, 0.092954
271.732177734375, -0.032879
271.76220703125, 0.002074
271.792236328125, 0.051009
271.822265625, -0.032879
271.852294921875, 0.085963
271.882080078125, 0.044018
271.912109375, 0.078972
271.942138671875, -0.095796
271.97216796875, -0.053852
272.002197265625, 0.009065
272.0322265625, -0.011907
272.062255859375, -0.025889
272.09228515625, 0.030037
272.122314453125, -0.046861
272.152099609375, -0.004917
272.18212890625, 0.016056
272.212158203125, 0.030037
272.2421875, 0.016056
272.272216796875, -0.116768
272.30224609375, -0.025889
272.332275390625, -0.03987
272.3623046875, -0.13075
272.39208984375, -0.081815
272.422119140625, -0.046861
272.4521484375, -0.046861
272.482177734375, -0.011907
272.51220703125, 0.099944
272.542236328125, 0.002074
272.572265625, -0.03987
272.602294921875, -0.151722
272.632080078125, -0.053852
272.662109375, 0.071981
272.692138671875, -0.046861
272.72216796875, -0.046861
272.752197265625, 0.002074
272.7822265625, 0.002074
272.812255859375, 0.141889
272.84228515625, -0.004917
272.872314453125, 0.113926
272.902099609375, 0.002074
272.93212890625, 0.009065
272.962158203125, 0.064991
272.9921875, 0.078972
273.022216796875, -0.018898
273.05224609375, -0.053852
273.082275390625, -0.03987
273.1123046875, -0.116768
273.14208984375, 0.002074
273.172119140625, 0.078972
273.2021484375, -0.046861
273.232177734375, -0.018898
273.26220703125, 0.009065
273.292236328125, -0.053852
273.322265625, -0.025889
273.352294921875, 0.023046
273.38232421875, -0.067833
273.412109375, -0.032879
273.442138671875, 0.016056
273.47216796875, 0.078972
273.502197265625, 0.002074
273.5322265625, 0.023046
273.562255859375, 0.085963
273.59228515625, -0.053852
273.622314453125, -0.13075
273.652099609375, -0.13075
273.68212890625, -0.053852
273.712158203125, -0.13075
273.7421875, -0.03987
273.772216796875, 0.113926
273.80224609375, -0.067833
273.832275390625, -0.060842
273.8623046875, 0.064991
273.89208984375, -0.025889
273.922119140625, -0.060842
273.9521484375, 0.009065
273.982177734375, -0.032879
274.01220703125, 0.071981
274.042236328125, -0.074824
274.072265625, 0.106935
274.102294921875, 0.141889
274.13232421875, -0.053852
274.162109375, -0.095796
274.192138671875, 0.016056
274.22216796875, 0.009065
274.252197265625, -0.018898
274.2822265625, -0.088805
274.312255859375, 0.051009
274.34228515625, 0.044018
274.372314453125, -0.053852
274.402099609375, -0.046861
274.43212890625, -0.018898
274.462158203125, -0.165703
274.4921875, 0.037028
274.522216796875, -0.018898
274.55224609375, -0.046861
274.582275390625, 0.023046
274.6123046875, -0.025889
274.642333984375, -0.032879
274.672119140625, -0.088805
274.7021484375, 0.023046
274.732177734375, 0.009065
274.76220703125, 0.127907
274.792236328125, -0.165703
274.822265625, 0.064991
274.852294921875, -0.095796
274.88232421875, -0.004917
274.912109375, 0.064991
274.942138671875, -0.03987
274.97216796875, -0.109777
275.002197265625, -0.03987
275.0322265625, 0.044018
275.062255859375, 0.058
275.09228515625, 0.023046
275.122314453125, -0.081815
275.15234375, 0.092954
275.18212890625, 0.037028
275.212158203125, -0.172694
275.2421875, 0.002074
275.272216796875, 0.064991
275.30224609375, -0.004917
275.332275390625, 0.009065
275.3623046875, 0.016056
275.392333984375, 0.078972
275.422119140625, -0.074824
275.4521484375, -0.088805
275.482177734375, 0.044018
275.51220703125, 0.120916
275.542236328125, 0.023046
275.572265625, -0.060842
275.602294921875, -0.095796
275.63232421875, 0.016056
275.662109375, 0.037028
275.692138671875, 0.051009
275.72216796875, 0.002074
275.752197265625, 0.016056
275.7822265625, -0.011907
275.812255859375, 0.058
275.84228515625, -0.046861
275.872314453125, 0.030037
275.90234375, -0.046861
275.93212890625, -0.060842
275.962158203125, -0.067833
275.9921875, -0.053852
276.022216796875, 0.162861
276.05224609375, -0.018898
276.082275390625, 0.016056
276.1123046875, 0.016056
276.142333984375, -0.011907
276.172119140625, -0.011907
276.2021484375, -0.060842
276.232177734375, -0.046861
276.26220703125, 0.037028
276.292236328125, 0.030037
276.322265625, 0.092954
276.352294921875, 0.037028
276.38232421875, 0.044018
276.412353515625, 0.030037
276.442138671875, 0.037028
276.47216796875, 0.016056
276.502197265625, -0.018898
276.5322265625, 0.009065
276.562255859375, -0.088805
276.59228515625, -0.081815
276.622314453125, 0.085963
276.65234375, 0.058
276.68212890625, 0.183833
276.712158203125, -0.018898
276.7421875, -0.025889
276.772216796875, -0.011907
276.80224609375, -0.053852
276.832275390625, 0.064991
276.8623046875, -0.179685
276.892333984375, -0.004917
276.922119140625, -0.018898
276.9521484375, 0.127907
276.982177734375, -0.046861
277.01220703125, -0.025889
277.042236328125, -0.074824
277.072265625, -0.011907
277.102294921875, 0.030037
277.13232421875, -0.081815
277.162353515625, -0.095796
277.192138671875, 0.037028
277.22216796875, 0.15587
277.252197265625, -0.032879
277.2822265625, 0.030037
277.312255859375, -0.046861
277.34228515625, -0.03987
277.372314453125, -0.067833
277.40234375, -0.102787
277.43212890625, -0.088805
277.462158203125, 0.092954
277.4921875, 0.169852
277.522216796875, 0.127907
277.55224609375, -0.053852
277.582275390625, -0.053852
277.6123046875, -0.067833
277.642333984375, -0.095796
277.67236328125, 0.009065
277.7021484375, -0.095796
277.732177734375, 0.099944
277.76220703125, 0.016056
277.792236328125, 0.099944
277.822265625, 0.016056
277.852294921875, 0.016056
277.88232421875, 0.058
277.912353515625, 0.058
277.942138671875, -0.074824
277.97216796875, -0.053852
278.002197265625, 0.113926
278.0322265625, 0.078972
278.062255859375, 0.113926
278.09228515625, -0.074824
278.122314453125, 0.009065
278.15234375, 0.058
278.182373046875, 0.051009
278.212158203125, -0.025889
278.2421875, -0.158712
278.272216796875, 0.002074
278.30224609375, 0.016056
278.332275390625, 0.064991
278.3623046875, -0.151722
278.392333984375, -0.018898
278.42236328125, -0.088805
278.4521484375, -0.011907
278.482177734375, -0.081815
278.51220703125, -0.109777
278.542236328125, 0.169852
278.572265625, -0.13774
278.602294921875, 0.037028
278.63232421875, -0.032879
278.662353515625, 0.037028
278.692138671875, 0.071981
278.72216796875, -0.032879
278.752197265625, -0.095796
278.7822265625, 0.085963
278.812255859375, -0.018898
278.84228515625, 0.037028
278.872314453125, 0.078972
278.90234375, -0.088805
278.932373046875, 0.085963
278.962158203125, -0.102787
278.9921875, 0.099944
279.022216796875, 0.030037
279.05224609375, 0.023046
279.082275390625, -0.004917
279.1123046875, -0.074824
279.142333984375, 0.002074
279.17236328125, -0.109777
279.2021484375, 0.009065
279.232177734375, -0.116768
279.26220703125, -0.025889
279.292236328125, -0.067833
279.322265625, 0.120916
279.352294921875, -0.053852
279.38232421875, 0.023046
279.412353515625, -0.151722
279.4423828125, -0.060842
279.47216796875, -0.011907
279.502197265625, -0.032879
279.5322265625, -0.03987
279.562255859375, -0.109777
279.59228515625, 0.106935
279.622314453125, 0.141889
279.65234375, 0.058
279.682373046875, -0.088805
279.712158203125, -0.109777
279.7421875, 0.078972
279.772216796875, 0.002074
279.80224609375, -0.172694
279.832275390625, -0.13075
279.8623046875, -0.088805
279.892333984375, 0.009065
279.92236328125, 0.030037
279.952392578125, 0.204805
279.982177734375, 0.030037
280.01220703125, 0.127907
280.042236328125, -0.053852
280.072265625, 0.078972
280.102294921875, -0.158712
280.13232421875, -0.060842
280.162353515625, 0.023046
280.1923828125, 0.064991
280.22216796875, 0.016056
280.252197265625, -0.053852
280.2822265625, -0.067833
280.312255859375, 0.092954
280.34228515625, -0.018898
280.372314453125, 0.016056
280.40234375, 0.016056
280.432373046875, 0.058
280.462158203125, 0.064991
280.4921875, -0.032879
280.522216796875, -0.025889
280.55224609375, -0.046861
280.582275390625, -0.03987
280.6123046875, -0.081815
280.642333984375, -0.018898
280.67236328125, 0.044018
280.702392578125, -0.053852
280.732177734375, 0.023046
280.76220703125, 0.037028
280.792236328125, -0.004917
280.822265625, 0.078972
280.852294921875, -0.165703
280.88232421875, -0.095796
280.912353515625, -0.13075
280.9423828125, -0.011907
280.97216796875, -0.067833
281.002197265625, -0.053852
281.0322265625, 0.023046
281.062255859375, 0.002074
281.09228515625, 0.037028
281.122314453125, -0.011907
281.15234375, -0.109777
281.182373046875, -0.13774
281.21240234375, 0.099944
281.2421875, 0.044018
281.272216796875, 0.002074
281.30224609375, 0.030037
281.332275390625, -0.025889
281.3623046875, 0.141889
281.392333984375, -0.074824
281.42236328125, 0.009065
281.452392578125, 0.078972
281.482177734375, -0.03987
281.51220703125, -0.081815
281.542236328125, 0.058
281.572265625, -0.018898
281.602294921875, -0.011907
281.63232421875, 0.113926
281.662353515625, 0.044018
281.6923828125, 0.037028
281.72216796875, -0.081815
281.752197265625, 0.044018
281.7822265625, -0.03987
281.812255859375, -0.13774
281.84228515625, 0.023046
281.872314453125, -0.004917
281.90234375, 0.134898
281.932373046875, -0.032879
281.96240234375, 0.092954
281.9921875, -0.109777
282.022216796875, -0.011907
282.05224609375, -0.018898
282.082275390625, 0.030037
282.1123046875, 0.120916
282.142333984375, -0.186675
282.17236328125, -0.025889
282.202392578125, 0.002074
282.232177734375, 0.009065
282.26220703125, 0.002074
282.292236328125, 0.085963
282.322265625, -0.032879
282.352294921875, 0.016056
282.38232421875, 0.106935
282.412353515625, -0.053852
282.4423828125, -0.011907
282.472412109375, 0.030037
282.502197265625, -0.004917
282.5322265625, -0.03987
282.562255859375, 0.058
282.59228515625, 0.085963
282.622314453125, 0.064991
282.65234375, -0.074824
282.682373046875, -0.060842
282.71240234375, -0.053852
282.7421875, -0.088805
282.772216796875, -0.03987
282.80224609375, -0.102787
282.832275390625, 0.037028
282.8623046875, -0.032879
282.892333984375, 0.078972
282.92236328125, 0.016056
282.952392578125, 0.016056
282.982421875, 0.078972
283.01220703125, -0.13774
283.042236328125, 0.009065
283.072265625, 0.009065
283.102294921875, 0.030037
283.13232421875, -0.032879
283.162353515625, 0.051009
283.1923828125, -0.13075
283.222412109375, 0.085963
283.252197265625, -0.046861
283.2822265625, -0.025889
283.312255859375, 0.009065
283.34228515625, 0.023046
283.372314453125, -0.004917
283.40234375, -0.025889
283.432373046875, -0.095796
283.46240234375, -0.025889
283.4921875, 0.016056
283.522216796875, 0.016056
283.55224609375, -0.018898
283.582275390625, -0.011907
283.6123046875, -0.025889
283.642333984375, 0.023046
283.67236328125, -0.074824
283.702392578125, -0.060842
283.732421875, 0.051009
283.76220703125, -0.13075
283.792236328125, -0.060842
283.822265625, 0.120916
283.852294921875, 0.030037
283.88232421875, -0.046861
283.912353515625, -0.018898
283.9423828125, 0.030037
283.972412109375, 0.078972
284.002197265625, -0.144731
284.0322265625, 0.030037
284.062255859375, 0.085963
284.09228515625, -0.102787
284.122314453125, -0.018898
284.15234375, -0.053852
284.182373046875, 0.016056
284.21240234375, 0.037028
284.242431640625, 0.044018
284.272216796875, 0.044018
284.30224609375, -0.088805
284.332275390625, -0.081815
284.3623046875, -0.018898
284.392333984375, -0.004917
284.42236328125, 0.051009
284.452392578125, 0.016056
284.482421875, 0.064991
284.51220703125, 0.023046
284.542236328125, 0.009065
284.572265625, -0.032879
284.602294921875, 0.030037
284.63232421875, 0.113926
284.662353515625, -0.032879
284.6923828125, -0.004917
284.722412109375, -0.123759
284.752197265625, 0.037028
284.7822265625, 0.071981
284.812255859375, -0.067833
284.84228515625, 0.064991
284.872314453125, 0.085963
284.90234375, 0.030037
284.932373046875, -0.018898
284.96240234375, -0.03987
284.992431640625, 0.141889
285.022216796875, -0.018898
285.05224609375, -0.032879
285.082275390625, -0.116768
285.1123046875, 0.023046
285.142333984375, -0.13075
285.17236328125, 0.044018
285.202392578125, -0.011907
285.232421875, 0.009065
285.26220703125, 0.085963
285.292236328125, 0.064991
285.322265625, 0.162861
285.352294921875, -0.116768
285.38232421875, 0.134898
285.412353515625, 0.044018
285.4423828125, -0.004917
285.472412109375, -0.088805
285.50244140625, 0.016056
285.5322265625, -0.032879
285.562255859375, -0.074824
285.59228515625, -0.053852
285.622314453125, -0.053852
285.65234375, 0.009065
285.682373046875, -0.032879
285.71240234375, 0.002074
285.742431640625, -0.004917
285.772216796875, 0.064991
285.80224609375, 0.071981
285.832275390625, 0.030037
285.8623046875, -0.004917
285.892333984375, 0.037028
285.92236328125, 0.016056
285.952392578125, -0.109777
285.982421875, 0.023046
286.012451171875, -0.004917
286.042236328125, -0.165703
286.072265625, 0.141889
286.102294921875, -0.03987
286.13232421875, 0.169852
286.162353515625, -0.067833
286.1923828125, -0.13774
286.222412109375, -0.207648
286.25244140625, 0.169852
286.2822265625, 0.141889
286.312255859375, -0.03987
286.34228515625, 0.148879
286.372314453125, -0.095796
286.40234375, 0.016056
286.432373046875, -0.053852
286.46240234375, 0.023046
286.492431640625, -0.018898
286.522216796875, -0.060842
286.55224609375, -0.004917
286.582275390625, 0.092954
286.6123046875, -0.095796
286.642333984375, 0.071981
286.67236328125, 0.030037
286.702392578125, 0.064991
286.732421875, -0.025889
286.762451171875, -0.03987
286.792236328125, -0.053852
286.822265625, -0.109777
286.852294921875, 0.106935
286.88232421875, 0.120916
286.912353515625, 0.009065
286.9423828125, -0.011907
286.972412109375, 0.030037
287.00244140625, 0.058
287.0322265625, -0.011907
287.062255859375, 0.058
287.09228515625, -0.011907
287.122314453125, 0.030037
287.15234375, -0.011907
287.182373046875, -0.053852
287.21240234375, 0.044018
287.242431640625, -0.053852
287.2724609375, -0.03987
287.30224609375, -0.004917
287.332275390625, 0.002074
287.3623046875, 0.016056
287.392333984375, 0.023046
287.42236328125, -0.053852
287.452392578125, -0.025889
287.482421875, -0.060842
287.512451171875, -0.018898
287.542236328125, 0.016056
287.572265625, -0.067833
287.602294921875, -0.053852
287.63232421875, 0.030037
287.662353515625, 0.030037
287.6923828125, -0.102787
287.722412109375, 0.023046
287.75244140625, 0.030037
287.782470703125, -0.032879
287.812255859375, -0.004917
287.84228515625, -0.081815
287.872314453125, -0.095796
287.90234375, -0.032879
287.932373046875, -0.053852
287.96240234375, -0.018898
287.992431640625, -0.053852
288.0224609375, -0.03987
288.05224609375, -0.193666
288.082275390625, -0.046861
288.1123046875, 0.030037
288.142333984375, -0.011907
288.17236328125, 0.016056
288.202392578125, -0.032879
288.232421875, 0.051009
288.262451171875, 0.023046
288.292236328125, 0.016056
288.322265625, -0.060842
288.352294921875, -0.032879
288.38232421875, -0.011907
288.412353515625, -0.032879
288.4423828125, -0.109777
288.472412109375, 0.064991
288.50244140625, -0.116768
288.532470703125, -0.011907
288.562255859375, 0.023046
288.59228515625, -0.011907
288.622314453125, 0.120916
288.65234375, -0.032879
288.682373046875, 0.037028
288.71240234375, -0.067833
288.742431640625, 0.051009
288.7724609375, -0.109777
288.80224609375, 0.016056
288.832275390625, -0.046861
288.8623046875, -0.046861
288.892333984375, 0.002074
288.92236328125, 0.044018
288.952392578125, -0.13774
288.982421875, -0.116768
289.012451171875, -0.081815
289.04248046875, -0.018898
289.072265625, 0.058
289.102294921875, 0.016056
289.13232421875, -0.032879
289.162353515625, 0.023046
289.1923828125, -0.025889
289.222412109375, 0.037028
289.25244140625, -0.053852
289.282470703125, 0.023046
289.312255859375, 0.030037
289.34228515625, 0.023046
289.372314453125, -0.102787
289.40234375, -0.095796
289.432373046875, 0.037028
289.46240234375, 0.030037
289.492431640625, -0.004917
289.5224609375, -0.046861
289.55224609375, 0.099944
289.582275390625, 0.141889
289.6123046875, -0.03987
289.642333984375, -0.053852
289.67236328125, -0.046861
289.702392578125, 0.071981
289.732421875, -0.109777
289.762451171875, -0.081815
289.79248046875, -0.025889
289.822265625, -0.011907
289.852294921875, 0.141889
289.88232421875, 0.023046
289.912353515625, -0.03987
289.9423828125, 0.099944
289.972412109375, -0.046861
290.00244140625, 0.030037
290.032470703125, 0.064991
290.062255859375, 0.051009
290.09228515625, 0.016056
290.122314453125, 0.002074
290.15234375, -0.004917
290.182373046875, 0.002074
290.21240234375, -0.186675
290.242431640625, -0.081815
290.2724609375, -0.095796
290.302490234375, 0.037028
290.332275390625, -0.060842
290.3623046875, 0.113926
290.392333984375, 0.023046
290.42236328125, -0.025889
290.452392578125, -0.053852
290.482421875, -0.095796
290.512451171875, -0.025889
290.54248046875, 0.016056
290.572265625, -0.004917
290.602294921875, 0.009065
290.63232421875, 0.162861
290.662353515625, -0.102787
290.6923828125, -0.032879
290.722412109375, 0.037028
290.75244140625, 0.051009
290.782470703125, 0.009065
290.8125, -0.011907
290.84228515625, 0.071981
290.872314453125, 0.162861
290.90234375, -0.088805
290.932373046875, -0.088805
290.96240234375, -0.081815
290.992431640625, -0.088805
291.0224609375, 0.071981
291.052490234375, 0.085963
291.082275390625, -0.172694
291.1123046875, -0.067833
291.142333984375, 0.016056
291.17236328125, 0.009065
291.202392578125, 0.051009
291.232421875, 0.071981
291.262451171875, 0.085963
291.29248046875, -0.018898
291.322265625, -0.081815
291.352294921875, 0.064991
291.38232421875, -0.13774
291.412353515625, -0.109777
291.4423828125, -0.032879
291.472412109375, -0.004917
291.50244140625, -0.053852
291.532470703125, 0.099944
291.5625, 0.016056
291.59228515625, 0.058
291.622314453125, -0.074824
291.65234375, -0.081815
291.682373046875, -0.074824
291.71240234375, -0.060842
291.742431640625, 0.016056
291.7724609375, 0.092954
291.802490234375, -0.067833
291.832275390625, -0.081815
291.8623046875, 0.246749
291.892333984375, -0.011907
291.92236328125, 0.044018
291.952392578125, -0.053852
291.982421875, 0.044018
292.012451171875, -0.060842
292.04248046875, 0.064991
292.072509765625, 0.030037
292.102294921875, 0.071981
292.13232421875, -0.109777
292.162353515625, -0.046861
292.1923828125, -0.067833
292.222412109375, 0.078972
292.25244140625, -0.018898
292.282470703125, -0.011907
292.3125, -0.116768
292.34228515625, 0.071981
292.372314453125, -0.018898
292.40234375, -0.03987
292.432373046875, 0.016056
292.46240234375, -0.158712
292.492431640625, -0.025889
292.5224609375, 0.127907
292.552490234375, 0.023046
292.582275390625, -0.060842
292.6123046875, 0.016056
292.642333984375, -0.102787
292.67236328125, -0.081815
292.702392578125, -0.011907
292.732421875, -0.060842
292.762451171875, -0.067833
292.79248046875, 0.064991
292.822509765625, 0.204805
292.852294921875, 0.023046
292.88232421875, 0.169852
292.912353515625, -0.032879
292.9423828125, 0.058
292.972412109375, 0.030037
293.00244140625, 0.071981
293.032470703125, 0.044018
293.0625, 0.002074
293.09228515625, 0.058
293.122314453125, -0.046861
293.15234375, 0.037028
293.182373046875, 0.037028
293.21240234375, 0.071981
293.242431640625, 0.023046
293.2724609375, -0.025889
293.302490234375, -0.102787
293.33251953125, -0.046861
293.3623046875, 0.064991
293.392333984375, 0.023046
293.42236328125, 0.058
293.452392578125, 0.002074
293.482421875, -0.123759
293.512451171875, 0.037028
293.54248046875, -0.088805
293.572509765625, 0.058
293.602294921875, 0.078972
293.63232421875, -0.088805
293.662353515625, 0.120916
293.6923828125, -0.046861
293.722412109375, 0.071981
293.75244140625, 0.002074
293.782470703125, 0.064991
293.8125, -0.004917
293.842529296875, 0.051009
293.872314453125, -0.060842
293.90234375, -0.074824
293.932373046875, 0.009065
293.96240234375, 0.016056
293.992431640625, -0.046861
294.0224609375, -0.032879
294.052490234375, 0.023046
294.08251953125, -0.018898
294.1123046875, -0.053852
294.142333984375, 0.078972
294.17236328125, -0.067833
294.202392578125, 0.037028
294.232421875, -0.088805
294.262451171875, -0.004917
294.29248046875, -0.102787
294.322509765625, -0.053852
294.352294921875, 0.030037
294.38232421875, 0.037028
294.412353515625, -0.060842
294.4423828125, 0.002074
294.472412109375, 0.064991
294.50244140625, -0.03987
294.532470703125, 0.085963
294.5625, 0.044018
294.592529296875, -0.018898
294.622314453125, 0.016056
294.65234375, 0.002074
294.682373046875, 0.009065
294.71240234375, -0.067833
294.742431640625, 0.023046
294.7724609375, 0.106935
294.802490234375, 0.051009
294.83251953125, -0.011907
294.8623046875, -0.032879
294.892333984375, 0.078972
294.92236328125, -0.172694
294.952392578125, -0.053852
294.982421875, -0.032879
295.012451171875, 0.085963
295.04248046875, -0.032879
295.072509765625, -0.151722
295.1025390625, 0.064991
295.13232421875, -0.025889
295.162353515625, -0.011907
295.1923828125, 0.099944
295.222412109375, 0.120916
295.25244140625, 0.044018
295.282470703125, 0.058
295.3125, -0.074824
295.342529296875, -0.046861
295.372314453125, 0.016056
295.40234375, 0.044018
295.432373046875, 0.037028
295.46240234375, 0.051009
295.492431640625, 0.058
295.5224609375, 0.071981
295.552490234375, 0.078972
295.58251953125, 0.023046
295.612548828125, 0.037028
295.642333984375, -0.032879
295.67236328125, 0.064991
295.702392578125, 0.211796
295.732421875, -0.011907
295.762451171875, -0.018898
295.79248046875, -0.046861
295.822509765625, -0.081815
295.8525390625, -0.151722
295.88232421875, -0.067833
295.912353515625, -0.004917
295.9423828125, 0.023046
295.972412109375, -0.011907
296.00244140625, 0.002074
296.032470703125, 0.099944
296.0625, 0.127907
296.092529296875, -0.13774
296.122314453125, 0.162861
296.15234375, -0.081815
296.182373046875, -0.011907
296.21240234375, -0.03987
296.242431640625, -0.109777
296.2724609375, -0.025889
296.302490234375, 0.037028
296.33251953125, -0.074824
296.362548828125, -0.095796
296.392333984375, 0.051009
296.42236328125, -0.067833
296.452392578125, -0.081815
296.482421875, 0.030037
296.512451171875, -0.095796
296.54248046875, -0.074824
296.572509765625, 0.162861
296.6025390625, -0.025889
296.63232421875, -0.018898
296.662353515625, 0.016056
296.6923828125, 0.037028
296.722412109375, 0.134898
296.75244140625, 0.030037
296.782470703125, 0.037028
296.8125, -0.060842
296.842529296875, -0.011907
296.87255859375, -0.018898
296.90234375, 0.071981
296.932373046875, 0.023046
296.96240234375, 0.078972
296.992431640625, 0.099944
297.0224609375, 0.085963
297.052490234375, 0.002074
297.08251953125, -0.046861
297.112548828125, 0.092954
297.142333984375, -0.067833
297.17236328125, -0.074824
297.202392578125, -0.13075
297.232421875, -0.053852
297.262451171875, -0.03987
297.29248046875, -0.046861
297.322509765625, 0.078972
297.3525390625, -0.018898
297.38232421875, -0.067833
297.412353515625, 0.051009
297.4423828125, 0.085963
297.472412109375, 0.023046
297.50244140625, 0.037028
297.532470703125, 0.246749
297.5625, 0.120916
297.592529296875, -0.081815
297.62255859375, 0.023046
297.65234375, -0.03987
297.682373046875, -0.123759
297.71240234375, 0.037028
297.742431640625, 0.002074
297.7724609375, -0.053852
297.802490234375, -0.011907
297.83251953125, 0.002074
297.862548828125, 0.023046
297.892333984375, -0.053852
297.92236328125, 0.023046
297.952392578125, 0.099944
297.982421875, -0.060842
298.012451171875, 0.064991
298.04248046875, 0.071981
298.072509765625, -0.081815
298.1025390625, 0.037028
298.132568359375, -0.081815
298.162353515625, -0.018898
298.1923828125, 0.002074
298.222412109375, 0.002074
298.25244140625, 0.037028
298.282470703125, 0.085963
298.3125, 0.071981
298.342529296875, -0.032879
298.37255859375, 0.078972
298.40234375, -0.004917
298.432373046875, -0.046861
298.46240234375, -0.109777
298.492431640625, -0.004917
298.5224609375, 0.009065
298.552490234375, 0.064991
298.58251953125, 0.058
298.612548828125, 0.002074
298.642578125, -0.074824
298.67236328125, -0.03987
298.702392578125, -0.03987
298.732421875, -0.074824
298.762451171875, -0.053852
298.79248046875, -0.067833
298.822509765625, -0.011907
298.8525390625, 0.064991
298.882568359375, -0.032879
298.912353515625, 0.176842
298.9423828125, -0.046861
298.972412109375, -0.081815
299.00244140625, 0.044018
299.032470703125, -0.109777
299.0625, -0.081815
299.092529296875, -0.03987
299.12255859375, 0.113926
299.15234375, -0.102787
299.182373046875, -0.053852
299.21240234375, 0.051009
299.242431640625, 0.134898
299.2724609375, 0.037028
299.302490234375, -0.025889
299.33251953125, -0.046861
299.362548828125, 0.044018
299.392578125, 0.162861
299.42236328125, 0.002074
299.452392578125, 0.099944
299.482421875, -0.011907
299.512451171875, -0.13075
299.54248046875, -0.081815
299.572509765625, 0.016056
299.6025390625, 0.044018
299.632568359375, 0.078972
299.662353515625, -0.102787
299.6923828125, -0.053852
299.722412109375, -0.046861
299.75244140625, -0.03987
299.782470703125, -0.186675
299.8125, -0.018898
299.842529296875, 0.078972
299.87255859375, -0.046861
299.902587890625, 0.051009
299.932373046875, 0.009065
299.96240234375, -0.13774
299.992431640625, -0.081815
300.0224609375, 0.009065
300.052490234375, 0.023046
300.08251953125, -0.060842
300.112548828125, -0.018898
300.142578125, -0.004917
300.17236328125, 0.030037
300.202392578125, -0.116768
300.232421875, -0.004917
300.262451171875, -0.109777
300.29248046875, -0.060842
300.322509765625, 0.099944
300.3525390625, 0.016056
300.382568359375, -0.053852
300.412353515625, 0.071981
300.4423828125, 0.044018
300.472412109375, -0.025889
300.50244140625, -0.102787
300.532470703125, 0.134898
300.5625, -0.011907
300.592529296875, -0.144731
300.62255859375, -0.081815
300.652587890625, -0.018898
300.682373046875, -0.011907
300.71240234375, 0.099944
300.742431640625, 0.120916
300.7724609375, 0.037028
300.802490234375, -0.116768
300.83251953125, 0.092954
300.862548828125, 0.099944
300.892578125, -0.081815
300.92236328125, 0.064991
300.952392578125, -0.060842
300.982421875, -0.172694
301.012451171875, -0.13075
301.04248046875, -0.095796
301.072509765625, -0.053852
301.1025390625, -0.004917
301.132568359375, -0.03987
301.16259765625, -0.018898
301.1923828125, -0.081815
301.222412109375, -0.025889
301.25244140625, -0.011907
301.282470703125, -0.088805
301.3125, 0.009065
301.342529296875, 0.078972
301.37255859375, -0.088805
301.402587890625, 0.064991
301.432373046875, -0.025889
301.46240234375, 0.078972
301.492431640625, -0.095796
301.5224609375, 0.044018
301.552490234375, 0.044018
301.58251953125, -0.123759
301.612548828125, -0.025889
301.642578125, -0.018898
301.672607421875, -0.018898
301.702392578125, 0.071981
301.732421875, 0.002074
301.762451171875, 0.016056
301.79248046875, -0.074824
301.822509765625, -0.03987
301.8525390625, 0.051009
301.882568359375, -0.053852
301.91259765625, -0.067833
301.9423828125, -0.123759
301.972412109375, 0.023046
302.00244140625, 0.037028
302.032470703125, 0.092954
302.0625, -0.053852
302.092529296875, -0.011907
302.12255859375, -0.067833
302.152587890625, -0.032879
302.182373046875, -0.053852
302.21240234375, 0.002074
302.242431640625, -0.060842
302.2724609375, -0.067833
302.302490234375, 0.030037
302.33251953125, -0.03987
302.362548828125, 0.030037
302.392578125, -0.004917
302.422607421875, -0.004917
302.452392578125, 0.009065
302.482421875, 0.016056
302.512451171875, 0.197814
302.54248046875, -0.025889
302.572509765625, 0.106935
302.6025390625, 0.051009
302.632568359375, 0.016056
302.66259765625, -0.018898
302.6923828125, -0.018898
302.722412109375, 0.044018
302.75244140625, 0.058
302.782470703125, -0.03987
302.8125, 0.044018
302.842529296875, -0.046861
302.87255859375, -0.011907
302.902587890625, -0.095796
302.9326171875, 0.002074
302.96240234375, -0.046861
302.992431640625, 0.071981
303.0224609375, -0.018898
303.052490234375, -0.03987
303.08251953125, -0.032879
303.112548828125, -0.060842
303.142578125, 0.085963
303.172607421875, -0.053852
303.202392578125, 0.15587
303.232421875, 0.071981
303.262451171875, 0.023046
303.29248046875, 0.009065
303.322509765625, 0.134898
303.3525390625, -0.025889
303.382568359375, -0.102787
303.41259765625, 0.190824
303.442626953125, 0.023046
303.472412109375, 0.044018
303.50244140625, 0.113926
303.532470703125, 0.037028
303.5625, 0.058
303.592529296875, -0.011907
303.62255859375, -0.13774
303.652587890625, -0.011907
303.6826171875, 0.030037
303.71240234375, -0.067833
303.742431640625, 0.078972
303.7724609375, 0.023046
303.802490234375, -0.053852
303.83251953125, 0.078972
303.862548828125, 0.127907
303.892578125, -0.03987
303.922607421875, -0.025889
303.952392578125, -0.018898
303.982421875, -0.116768
304.012451171875, 0.030037
304.04248046875, -0.011907
304.072509765625, 0.148879
304.1025390625, 0.064991
304.132568359375, 0.037028
304.16259765625, -0.074824
304.192626953125, 0.030037
304.222412109375, -0.03987
304.25244140625, 0.002074
304.282470703125, -0.018898
304.3125, 0.183833
304.342529296875, -0.046861
304.37255859375, 0.058
304.402587890625, 0.037028
304.4326171875, -0.172694
304.46240234375, -0.13774
304.492431640625, 0.071981
304.5224609375, -0.011907
304.552490234375, -0.03987
304.58251953125, 0.023046
304.612548828125, -0.011907
304.642578125, 0.030037
304.672607421875, 0.051009
304.70263671875, -0.081815
304.732421875, 0.15587
304.762451171875, 0.023046
304.79248046875, 0.141889
304.822509765625, 0.023046
304.8525390625, 0.051009
304.882568359375, -0.018898
304.91259765625, 0.071981
304.942626953125, -0.025889
304.972412109375, 0.099944
305.00244140625, -0.011907
305.032470703125, 0.071981
305.0625, -0.102787
305.092529296875, 0.071981
305.12255859375, 0.106935
305.152587890625, 0.099944
305.1826171875, -0.109777
305.21240234375, 0.071981
305.242431640625, -0.004917
305.2724609375, -0.03987
305.302490234375, 0.023046
305.33251953125, 0.064991
305.362548828125, 0.009065
305.392578125, -0.088805
305.422607421875, -0.011907
305.45263671875, -0.13774
305.482421875, -0.032879
305.512451171875, -0.046861
305.54248046875, 0.002074
305.572509765625, -0.053852
305.6025390625, -0.025889
305.632568359375, 0.051009
305.66259765625, -0.018898
305.692626953125, -0.088805
305.722412109375, 0.009065
305.75244140625, 0.092954
305.782470703125, 0.016056
305.8125, 0.023046
305.842529296875, -0.004917
305.87255859375, -0.011907
305.902587890625, 0.092954
305.9326171875, -0.074824
305.962646484375, -0.011907
305.992431640625, -0.102787
306.0224609375, -0.060842
306.052490234375, 0.162861
306.08251953125, -0.060842
306.112548828125, -0.095796
306.142578125, 0.078972
306.172607421875, -0.004917
306.20263671875, 0.023046
306.232421875, 0.099944
306.262451171875, 0.120916
306.29248046875, 0.078972
306.322509765625, -0.102787
306.3525390625, -0.088805
306.382568359375, -0.046861
306.41259765625, -0.018898
306.442626953125, 0.030037
306.47265625, -0.046861
306.50244140625, 0.051009
306.532470703125, 0.085963
306.5625, 0.058
306.592529296875, 0.023046
306.62255859375, -0.102787
306.652587890625, -0.088805
306.6826171875, -0.081815
306.712646484375, -0.046861
306.742431640625, -0.144731
306.7724609375, -0.109777
306.802490234375, 0.058
306.83251953125, 0.002074
306.862548828125, -0.060842
306.892578125, -0.025889
306.922607421875, -0.046861
306.95263671875, -0.053852
306.982421875, -0.025889
307.012451171875, -0.074824
307.04248046875, 0.016056
307.072509765625, 0.002074
307.1025390625, 0.030037
307.132568359375, 0.044018
307.16259765625, -0.081815
307.192626953125, 0.016056
307.22265625, 0.037028
307.25244140625, 0.099944
307.282470703125, -0.018898
307.3125, 0.085963
307.342529296875, 0.023046
307.37255859375, 0.064991
307.402587890625, 0.016056
307.4326171875, -0.081815
307.462646484375, -0.004917
307.492431640625, 0.037028
307.5224609375, -0.060842
307.552490234375, -0.13774
307.58251953125, 0.099944
307.612548828125, 0.127907
307.642578125, 0.085963
307.672607421875, -0.004917
307.70263671875, 0.037028
307.732666015625, -0.123759
307.762451171875, 0.016056
307.79248046875, 0.106935
307.822509765625, -0.081815
307.8525390625, 0.016056
307.882568359375, -0.03987
307.91259765625, -0.025889
307.942626953125, -0.011907
307.97265625, -0.046861
308.00244140625, 0.092954
308.032470703125, -0.018898
308.0625, 0.127907
308.092529296875, -0.074824
308.12255859375, -0.088805
308.152587890625, 0.085963
308.1826171875, -0.025889
308.212646484375, 0.002074
308.242431640625, 0.009065
308.2724609375, -0.018898
308.302490234375, 0.044018
308.33251953125, 0.023046
308.362548828125, 0.002074
308.392578125, -0.03987
308.422607421875, 0.016056
308.45263671875, 0.002074
308.482666015625, -0.004917
308.512451171875, -0.088805
308.54248046875, 0.002074
308.572509765625, 0.030037
308.6025390625, 0.023046
308.632568359375, 0.009065
308.66259765625, 0.106935
308.692626953125, 0.085963
308.72265625, 0.085963
308.75244140625, -0.074824
308.782470703125, -0.172694
308.8125, -0.102787
308.842529296875, 0.037028
308.87255859375, -0.032879
308.902587890625, 0.071981
308.9326171875, 0.141889
308.962646484375, -0.025889
308.99267578125, -0.025889
309.0224609375, -0.060842
309.052490234375, 0.009065
309.08251953125, 0.064991
309.112548828125, 0.092954
309.142578125, 0.058
309.172607421875, -0.067833
309.20263671875, -0.193666
309.232666015625, 0.092954
309.262451171875, 0.044018
309.29248046875, -0.067833
309.322509765625, -0.053852
309.3525390625, -0.13075
309.382568359375, -0.102787
309.41259765625, 0.023046
309.442626953125, -0.074824
309.47265625, -0.095796
309.502685546875, 0.023046
309.532470703125, 0.051009
309.5625, 0.044018
309.592529296875, -0.025889
309.62255859375, -0.060842
309.652587890625, 0.148879
309.6826171875, -0.13075
309.712646484375, 0.023046
309.74267578125, 0.092954
309.7724609375, 0.030037
309.802490234375, -0.03987
309.83251953125, 0.030037
309.862548828125, 0.099944
309.892578125, 0.15587
309.922607421875, -0.032879
309.95263671875, -0.03987
309.982666015625, 0.002074
310.012451171875, -0.03987
310.04248046875, 0.051009
310.072509765625, 0.169852
310.1025390625, -0.109777
310.132568359375, 0.016056
310.16259765625, 0.058
310.192626953125, -0.088805
310.22265625, 0.085963
310.252685546875, -0.102787
310.282470703125, 0.099944
310.3125, 0.176842
310.342529296875, 0.092954
310.37255859375, -0.004917
310.402587890625, 0.148879
310.4326171875, -0.004917
310.462646484375, 0.176842
310.49267578125, 0.078972
310.5224609375, -0.067833
310.552490234375, 0.058
310.58251953125, 0.078972
310.612548828125, -0.060842
310.642578125, -0.004917
310.672607421875, -0.081815
310.70263671875, -0.102787
310.732666015625, 0.023046
310.7626953125, 0.078972
310.79248046875, -0.025889
310.822509765625, 0.037028
310.8525390625, -0.074824
310.882568359375, -0.03987
310.91259765625, 0.037028
310.942626953125, -0.046861
310.97265625, -0.053852
311.002685546875, 0.064991
311.032470703125, -0.088805
311.0625, -0.046861
311.092529296875, -0.102787
311.12255859375, 0.016056
311.152587890625, 0.002074
311.1826171875, 0.064991
311.212646484375, -0.018898
311.24267578125, -0.067833
311.272705078125, 0.002074
311.302490234375, 0.016056
311.33251953125, -0.214638
311.362548828125, 0.099944
311.392578125, -0.088805
311.422607421875, 0.030037
311.45263671875, -0.03987
311.482666015625, 0.009065
311.5126953125, 0.016056
311.54248046875, -0.03987
311.572509765625, 0.002074
311.6025390625, -0.081815
311.632568359375, -0.053852
311.66259765625, -0.025889
311.692626953125, -0.067833
311.72265625, 0.071981
311.752685546875, 0.148879
311.782470703125, 0.051009
311.8125, -0.032879
311.842529296875, -0.060842
311.87255859375, -0.088805
311.902587890625, 0.016056
311.9326171875, -0.207648
311.962646484375, 0.009065
311.99267578125, 0.016056
312.022705078125, -0.025889
312.052490234375, -0.095796
312.08251953125, 0.085963
312.112548828125, -0.046861
312.142578125, -0.074824
312.172607421875, 0.030037
312.20263671875, 0.044018
312.232666015625, 0.002074
312.2626953125, -0.011907
312.29248046875, 0.023046
312.322509765625, -0.03987
312.3525390625, 0.134898
312.382568359375, 0.037028
312.41259765625, -0.053852
312.442626953125, 0.030037
312.47265625, 0.134898
312.502685546875, -0.011907
312.53271484375, 0.016056
312.5625, 0.016056
312.592529296875, -0.088805
312.62255859375, -0.109777
312.652587890625, -0.004917
312.6826171875, -0.074824
312.712646484375, 0.002074
312.74267578125, 0.009065
312.772705078125, 0.002074
312.802490234375, 0.085963
312.83251953125, -0.03987
312.862548828125, 0.023046
312.892578125, 0.051009
312.922607421875, 0.037028
312.95263671875, 0.071981
312.982666015625, 0.092954
313.0126953125, -0.088805
313.04248046875, -0.011907
313.072509765625, -0.018898
313.1025390625, 0.058
313.132568359375, -0.179685
313.16259765625, -0.053852
313.192626953125, 0.030037
313.22265625, -0.011907
313.252685546875, -0.067833
313.28271484375, -0.046861
313.3125, 0.051009
313.342529296875, -0.13075
313.37255859375, -0.095796
313.402587890625, -0.123759
313.4326171875, -0.053852
313.462646484375, -0.032879
313.49267578125, 0.092954
313.522705078125, 0.002074
313.552490234375, 0.078972
313.58251953125, -0.004917
313.612548828125, -0.03987
313.642578125, -0.046861
313.672607421875, -0.004917
313.70263671875, -0.032879
313.732666015625, -0.025889
313.7626953125, 0.030037
313.792724609375, -0.03987
313.822509765625, 0.030037
313.8525390625, 0.169852
313.882568359375, 0.099944
313.91259765625, -0.081815
313.942626953125, -0.046861
313.97265625, -0.025889
314.002685546875, 0.071981
314.03271484375, 0.002074
314.0625, 0.071981
314.092529296875, -0.032879
314.12255859375, -0.067833
314.152587890625, 0.134898
314.1826171875, 0.030037
314.212646484375, -0.025889
314.24267578125, -0.081815
314.272705078125, 0.141889
314.302734375, -0.046861
314.33251953125, -0.088805
314.362548828125, 0.064991
314.392578125, 0.037028
314.422607421875, -0.060842
314.45263671875, -0.088805
314.482666015625, 0.016056
314.5126953125, 0.058
314.542724609375, -0.081815
314.572509765625, -0.060842
314.6025390625, -0.151722
314.632568359375, 0.051009
314.66259765625, -0.03987
314.692626953125, 0.051009
314.72265625, -0.011907
314.752685546875, 0.078972
314.78271484375, 0.016056
314.8125, 0.051009
314.842529296875, -0.088805
314.87255859375, 0.148879
314.902587890625, 0.085963
314.9326171875, -0.074824
314.962646484375, -0.032879
314.99267578125, 0.085963
315.022705078125, 0.009065
315.052734375, 0.078972
315.08251953125, -0.018898
315.112548828125, -0.004917
315.142578125, 0.023046
315.172607421875, 0.162861
315.20263671875, -0.053852
315.232666015625, 0.092954
315.2626953125, -0.011907
315.292724609375, -0.053852
315.322509765625, -0.109777
315.3525390625, 0.044018
315.382568359375, 0.037028
315.41259765625, 0.002074
315.442626953125, 0.176842
315.47265625, 0.016056
315.502685546875, 0.15587
315.53271484375, 0.051009
315.562744140625, -0.011907
315.592529296875, 0.037028
315.62255859375, 0.085963
315.652587890625, -0.158712
315.6826171875, -0.025889
315.712646484375, -0.004917
315.74267578125, -0.03987
315.772705078125, 0.092954
315.802734375, -0.095796
315.83251953125, 0.002074
315.862548828125, -0.123759
315.892578125, -0.011907
315.922607421875, 0.051009
315.95263671875, -0.116768
315.982666015625, -0.018898
316.0126953125, -0.060842
316.042724609375, -0.004917
316.07275390625, 0.037028
316.1025390625, -0.088805
316.132568359375, -0.144731
316.16259765625, -0.025889
316.192626953125, -0.046861
316.22265625, 0.113926
316.252685546875, -0.025889
316.28271484375, -0.13075
316.312744140625, -0.13774
316.342529296875, -0.081815
316.37255859375, 0.002074
316.402587890625, 0.037028
316.4326171875, 0.030037
316.462646484375, -0.011907
316.49267578125, -0.053852
316.522705078125, -0.081815
316.552734375, 0.051009
316.58251953125, -0.032879
316.612548828125, -0.03987
316.642578125, 0.016056
316.672607421875, -0.032879
316.70263671875, 0.058
316.732666015625, -0.025889
316.7626953125, 0.078972
316.792724609375, 0.023046
316.82275390625, -0.03987
316.8525390625, -0.018898
316.882568359375, 0.016056
316.91259765625, -0.088805
316.942626953125, -0.025889
316.97265625, 0.162861
317.002685546875, -0.158712
317.03271484375, -0.060842
317.062744140625, -0.018898
317.092529296875, 0.030037
317.12255859375, 0.030037
317.152587890625, -0.109777
317.1826171875, 0.002074
317.212646484375, -0.067833
317.24267578125, 0.113926
317.272705078125, -0.011907
317.302734375, -0.032879
317.332763671875, -0.004917
317.362548828125, 0.037028
317.392578125, 0.044018
317.422607421875, -0.004917
317.45263671875, -0.032879
317.482666015625, -0.067833
317.5126953125, -0.004917
317.542724609375, -0.011907
317.57275390625, 0.009065
317.6025390625, 0.064991
317.632568359375, -0.025889
317.66259765625, 0.002074
317.692626953125, 0.016056
317.72265625, 0.037028
317.752685546875, -0.004917
317.78271484375, -0.018898
317.812744140625, 0.002074
317.842529296875, 0.092954
317.87255859375, 0.023046
317.902587890625, -0.081815
317.9326171875, -0.03987
317.962646484375, 0.023046
317.99267578125, -0.03987
318.022705078125, 0.009065
318.052734375, 0.009065
318.082763671875, -0.03987
318.112548828125, 0.148879
318.142578125, 0.071981
318.172607421875, 0.051009
318.20263671875, 0.064991
318.232666015625, -0.067833
318.2626953125, -0.032879
318.292724609375, 0.106935
318.32275390625, -0.13075
318.3525390625, -0.046861
318.382568359375, 0.009065
318.41259765625, 0.190824
318.442626953125, -0.03987
318.47265625, -0.053852
318.502685546875, -0.03987
318.53271484375, 0.085963
318.562744140625, -0.03987
318.5927734375, 0.009065
318.62255859375, -0.109777
318.652587890625, 0.120916
318.6826171875, 0.009065
318.712646484375, -0.144731
318.74267578125, 0.044018
318.772705078125, 0.071981
318.802734375, -0.025889
318.832763671875, 0.071981
318.862548828125, -0.018898
318.892578125, 0.127907
318.922607421875, -0.102787
318.95263671875, -0.088805
318.982666015625, 0.037028
319.0126953125, 0.016056
319.042724609375, -0.046861
319.07275390625, -0.018898
319.102783203125, -0.011907
319.132568359375, -0.095796
319.16259765625, -0.109777
319.192626953125, -0.046861
319.22265625, 0.002074
319.252685546875, -0.004917
319.28271484375, -0.067833
319.312744140625, 0.071981
319.3427734375, -0.123759
319.37255859375, -0.011907
319.402587890625, -0.165703
319.4326171875, -0.004917
319.462646484375, -0.074824
319.49267578125, 0.127907
319.522705078125, 0.037028
319.552734375, -0.025889
319.582763671875, -0.172694
319.612548828125, -0.032879
319.642578125, -0.018898
319.672607421875, -0.067833
319.70263671875, -0.011907
319.732666015625, -0.095796
319.7626953125, 0.044018
319.792724609375, -0.088805
319.82275390625, -0.018898
319.852783203125, -0.018898
319.882568359375, 0.037028
319.91259765625, 0.092954
319.942626953125, 0.085963
319.97265625, -0.109777
320.002685546875, -0.060842
320.03271484375, 0.092954
320.062744140625, 0.037028
320.0927734375, -0.151722
320.12255859375, 0.099944
320.152587890625, 0.009065
320.1826171875, 0.023046
320.212646484375, -0.074824
320.24267578125, -0.018898
320.272705078125, 0.037028
320.302734375, -0.067833
320.332763671875, -0.060842
320.36279296875, -0.081815
320.392578125, 0.127907
320.422607421875, 0.078972
320.45263671875, -0.011907
320.482666015625, -0.067833
320.5126953125, -0.053852
320.542724609375, 0.064991
320.57275390625, -0.032879
320.602783203125, 0.044018
320.632568359375, -0.095796
320.66259765625, 0.058
320.692626953125, 0.15587
320.72265625, -0.011907
320.752685546875, -0.067833
320.78271484375, 0.092954
320.812744140625, 0.058
320.8427734375, -0.067833
320.87255859375, 0.044018
320.902587890625, 0.009065
320.9326171875, 0.002074
320.962646484375, 0.071981
320.99267578125, 0.120916
321.022705078125, -0.102787
321.052734375, 0.183833
321.082763671875, 0.030037
321.11279296875, 0.023046
321.142578125, -0.144731
321.172607421875, 0.037028
321.20263671875, 0.044018
321.232666015625, -0.011907
321.2626953125, 0.016056
321.292724609375, -0.060842
321.32275390625, 0.134898
321.352783203125, 0.030037
321.382568359375, 0.051009
321.41259765625, 0.141889
321.442626953125, -0.011907
321.47265625, 0.078972
321.502685546875, -0.025889
321.53271484375, 0.009065
321.562744140625, -0.053852
321.5927734375, -0.053852
321.622802734375, -0.011907
321.652587890625, -0.046861
321.6826171875, -0.053852
321.712646484375, -0.13075
321.74267578125, 0.009065
321.772705078125, -0.081815
321.802734375, 0.037028
321.832763671875, -0.032879
321.86279296875, 0.120916
321.892578125, 0.016056
321.922607421875, 0.030037
321.95263671875, 0.030037
321.982666015625, -0.004917
322.0126953125, -0.053852
322.042724609375, 0.044018
322.07275390625, 0.016056
322.102783203125, -0.046861
322.1328125, -0.018898
322.16259765625, 0.044018
322.192626953125, 0.071981
322.22265625, -0.025889
322.252685546875, -0.102787
322.28271484375, 0.232768
322.312744140625, 0.169852
322.3427734375, 0.078972
322.372802734375, -0.004917
322.402587890625, 0.078972
322.4326171875, 0.002074
322.462646484375, 0.037028
322.49267578125, 0.064991
322.522705078125, -0.074824
322.552734375, 0.092954
322.582763671875, 0.044018
322.61279296875, -0.13075
322.642578125, -0.088805
322.672607421875, -0.074824
322.70263671875, -0.102787
322.732666015625, 0.002074
322.7626953125, 0.099944
322.792724609375, 0.044018
322.82275390625, -0.032879
322.852783203125, -0.011907
322.8828125, 0.106935
322.91259765625, -0.081815
322.942626953125, -0.081815
322.97265625, -0.03987
323.002685546875, 0.009065
323.03271484375, 0.058
323.062744140625, -0.067833
323.0927734375, -0.046861
323.122802734375, 0.064991
323.152587890625, -0.081815
323.1826171875, -0.074824
323.212646484375, 0.064991
323.24267578125, -0.004917
323.272705078125, -0.060842
323.302734375, -0.151722
323.332763671875, -0.046861
323.36279296875, -0.074824
323.392822265625, -0.018898
323.422607421875, -0.081815
323.45263671875, -0.046861
323.482666015625, 0.051009
323.5126953125, 0.016056
323.542724609375, 0.064991
323.57275390625, -0.032879
323.602783203125, -0.123759
323.6328125, -0.074824
323.66259765625, 0.127907
323.692626953125, 0.023046
323.72265625, -0.018898
323.752685546875, -0.025889
323.78271484375, -0.03987
323.812744140625, -0.123759
323.8427734375, 0.023046
323.872802734375, 0.037028
323.90283203125, 0.120916
323.9326171875, -0.032879
323.962646484375, 0.037028
323.99267578125, 0.141889
324.022705078125, -0.004917
324.052734375, -0.060842
324.082763671875, 0.064991
324.11279296875, -0.03987
324.142822265625, -0.004917
324.172607421875, -0.011907
324.20263671875, -0.081815
324.232666015625, -0.088805
324.2626953125, 0.002074
324.292724609375, 0.141889
324.32275390625, -0.032879
324.352783203125, 0.009065
324.3828125, 0.106935
324.41259765625, 0.002074
324.442626953125, -0.074824
324.47265625, 0.023046
324.502685546875, 0.051009
324.53271484375, 0.016056
324.562744140625, 0.023046
324.5927734375, -0.081815
324.622802734375, -0.053852
324.65283203125, -0.004917
324.6826171875, -0.081815
324.712646484375, -0.060842
324.74267578125, -0.060842
324.772705078125, -0.004917
324.802734375, 0.002074
324.832763671875, 0.058
324.86279296875, -0.018898
324.892822265625, 0.106935
324.922607421875, -0.060842
324.95263671875, -0.03987
324.982666015625, -0.053852
325.0126953125, 0.030037
325.042724609375, 0.15587
325.07275390625, -0.179685
325.102783203125, -0.081815
325.1328125, -0.032879
325.162841796875, -0.018898
325.192626953125, 0.085963
325.22265625, 0.009065
325.252685546875, -0.004917
325.28271484375, -0.025889
325.312744140625, -0.060842
325.3427734375, -0.004917
325.372802734375, -0.03987
325.40283203125, -0.060842
325.4326171875, 0.092954
325.462646484375, 0.023046
325.49267578125, 0.064991
325.522705078125, 0.064991
325.552734375, 0.113926
325.582763671875, -0.116768
325.61279296875, -0.053852
325.642822265625, 0.044018
325.672607421875, -0.032879
325.70263671875, -0.046861
325.732666015625, 0.113926
325.7626953125, -0.018898
325.792724609375, -0.046861
325.82275390625, 0.051009
325.852783203125, 0.064991
325.8828125, -0.060842
325.912841796875, 0.078972
325.942626953125, -0.088805
325.97265625, 0.016056
326.002685546875, -0.116768
326.03271484375, -0.088805
326.062744140625, 0.051009
326.0927734375, 0.183833
326.122802734375, -0.053852
326.15283203125, -0.032879
326.1826171875, -0.046861
326.212646484375, 0.002074
326.24267578125, -0.004917
326.272705078125, 0.030037
326.302734375, -0.03987
326.332763671875, -0.116768
326.36279296875, -0.046861
326.392822265625, 0.016056
326.4228515625, 0.078972
326.45263671875, -0.03987
326.482666015625, -0.011907
326.5126953125, -0.046861
326.542724609375, -0.172694
326.57275390625, 0.009065
326.602783203125, 0.002074
326.6328125, 0.092954
326.662841796875, 0.023046
326.692626953125, 0.030037
326.72265625, 0.016056
326.752685546875, 0.037028
326.78271484375, -0.053852
326.812744140625, -0.102787
326.8427734375, 0.064991
326.872802734375, 0.009065
326.90283203125, 0.009065
326.932861328125, 0.009065
326.962646484375, -0.025889
326.99267578125, 0.037028
327.022705078125, -0.011907
327.052734375, -0.088805
327.082763671875, 0.044018
327.11279296875, 0.071981
327.142822265625, 0.037028
327.1728515625, -0.011907
327.20263671875, 0.009065
327.232666015625, 0.037028
327.2626953125, 0.023046
327.292724609375, 0.071981
327.32275390625, 0.009065
327.352783203125, -0.004917
327.3828125, 0.071981
327.412841796875, -0.186675
327.442626953125, -0.053852
327.47265625, 0.030037
327.502685546875, 0.106935
327.53271484375, 0.009065
327.562744140625, -0.011907
327.5927734375, 0.016056
327.622802734375, -0.060842
327.65283203125, -0.025889
327.682861328125, 0.106935
327.712646484375, 0.023046
327.74267578125, -0.053852
327.772705078125, -0.060842
327.802734375, -0.032879
327.832763671875, -0.025889
327.86279296875, -0.011907
327.892822265625, 0.009065
327.9228515625, -0.144731
327.95263671875, 0.134898
327.982666015625, -0.067833
328.0126953125, 0.009065
328.042724609375, 0.030037
328.07275390625, 0.099944
328.102783203125, 0.016056
328.1328125, -0.088805
328.162841796875, 0.037028
328.19287109375, -0.095796
328.22265625, 0.037028
328.252685546875, 0.058
328.28271484375, 0.023046
328.312744140625, -0.081815
328.3427734375, 0.099944
328.372802734375, 0.051009
328.40283203125, -0.109777
328.432861328125, 0.099944
328.462646484375, -0.172694
328.49267578125, -0.018898
328.522705078125, 0.002074
328.552734375, 0.113926
328.582763671875, 0.030037
328.61279296875, 0.134898
328.642822265625, -0.025889
328.6728515625, 0.002074
328.70263671875, -0.165703
328.732666015625, 0.113926
328.7626953125, -0.032879
328.792724609375, 0.064991
328.82275390625, -0.025889
328.852783203125, 0.058
328.8828125, -0.03987
328.912841796875, 0.002074
328.94287109375, 0.037028
328.97265625, -0.067833
329.002685546875, -0.081815
329.03271484375, -0.018898
329.062744140625, -0.116768
329.0927734375, 0.071981
329.122802734375, -0.060842
329.15283203125, 0.15587
329.182861328125, 0.037028
329.212646484375, -0.13774
329.24267578125, -0.011907
329.272705078125, -0.032879
329.302734375, -0.053852
329.332763671875, 0.078972
329.36279296875, -0.004917
329.392822265625, -0.03987
329.4228515625, -0.060842
329.452880859375, 0.051009
329.482666015625, -0.032879
329.5126953125, -0.074824
329.542724609375, -0.025889
329.57275390625, 0.051009
329.602783203125, -0.053852
329.6328125, 0.085963
329.662841796875, -0.03987
329.69287109375, 0.092954
329.72265625, -0.123759
329.752685546875, -0.095796
329.78271484375, -0.109777
329.812744140625, 0.064991
329.8427734375, 0.030037
329.872802734375, -0.13075
329.90283203125, 0.009065
329.932861328125, -0.03987
329.962890625, 0.023046
329.99267578125, -0.088805
330.022705078125, 0.023046
330.052734375, -0.095796
330.082763671875, -0.032879
330.11279296875, 0.051009
330.142822265625, -0.067833
330.1728515625, -0.095796
330.202880859375, -0.004917
330.232666015625, 0.064991
330.2626953125, -0.03987
330.292724609375, -0.074824
330.32275390625, 0.078972
330.352783203125, 0.009065
330.3828125, 0.037028
330.412841796875, 0.016056
330.44287109375, -0.060842
330.47265625, 0.009065
330.502685546875, -0.095796
330.53271484375, 0.071981
330.562744140625, 0.071981
330.5927734375, -0.032879
330.622802734375, -0.018898
330.65283203125, -0.011907
330.682861328125, 0.099944
330.712890625, 0.002074
330.74267578125, -0.053852
330.772705078125, -0.03987
330.802734375, 0.016056
330.832763671875, -0.109777
330.86279296875, -0.018898
330.892822265625, 0.009065
330.9228515625, 0.051009
330.952880859375, -0.004917
330.982666015625, 0.009065
331.0126953125, 0.113926
331.042724609375, -0.053852
331.07275390625, -0.032879
331.102783203125, -0.025889
331.1328125, 0.058
331.162841796875, -0.116768
331.19287109375, 0.071981
331.222900390625, -0.081815
331.252685546875, 0.030037
331.28271484375, 0.037028
331.312744140625, 0.113926
331.3427734375, -0.025889
331.372802734375, 0.002074
331.40283203125, -0.025889
331.432861328125, 0.092954
331.462890625, 0.030037
331.49267578125, 0.023046
331.522705078125, -0.018898
331.552734375, 0.071981
331.582763671875, -0.046861
331.61279296875, 0.051009
331.642822265625, -0.088805
331.6728515625, -0.165703
331.702880859375, 0.092954
331.73291015625, -0.074824
331.7626953125, 0.078972
331.792724609375, 0.037028
331.82275390625, 0.092954
331.852783203125, -0.095796
331.8828125, -0.123759
331.912841796875, 0.030037
331.94287109375, -0.165703
331.972900390625, -0.032879
332.002685546875, -0.081815
332.03271484375, -0.081815
332.062744140625, -0.060842
332.0927734375, 0.051009
332.122802734375, 0.002074
332.15283203125, -0.018898
332.182861328125, 0.106935
332.212890625, -0.018898
332.24267578125, -0.116768
332.272705078125, -0.046861
332.302734375, -0.03987
332.332763671875, 0.044018
332.36279296875, 0.120916
332.392822265625, 0.002074
332.4228515625, 0.064991
332.452880859375, 0.030037
332.48291015625, -0.018898
332.5126953125, -0.060842
332.542724609375, 0.051009
332.57275390625, -0.123759
332.602783203125, -0.011907
332.6328125, -0.116768
332.662841796875, -0.067833
332.69287109375, 0.016056
332.722900390625, 0.002074
332.752685546875, 0.016056
332.78271484375, 0.037028
332.812744140625, 0.071981
332.8427734375, -0.053852
332.872802734375, 0.037028
332.90283203125, 0.071981
332.932861328125, 0.106935
332.962890625, -0.03987
332.992919921875, 0.058
333.022705078125, 0.016056
333.052734375, 0.030037
333.082763671875, 0.037028
333.11279296875, 0.002074
333.142822265625, 0.030037
333.1728515625, -0.067833
333.202880859375, 0.044018
333.23291015625, -0.004917
333.2626953125, 0.051009
333.292724609375, 0.009065
333.32275390625, 0.141889
333.352783203125, -0.060842
333.3828125, 0.037028
333.412841796875, 0.085963
333.44287109375, -0.081815
333.472900390625, 0.092954
333.502685546875, 0.113926
333.53271484375, 0.030037
333.562744140625, -0.018898
333.5927734375, -0.074824
333.622802734375, 0.051009
333.65283203125, 0.030037
333.682861328125, -0.011907
333.712890625, 0.058
333.742919921875, -0.046861
333.772705078125, -0.018898
333.802734375, -0.004917
333.832763671875, -0.053852
333.86279296875, 0.134898
333.892822265625, 0.120916
333.9228515625, 0.009065
333.952880859375, 0.051009
333.98291015625, 0.064991
334.0126953125, -0.004917
334.042724609375, 0.044018
334.07275390625, -0.011907
334.102783203125, 0.141889
334.1328125, 0.002074
334.162841796875, -0.081815
334.19287109375, -0.018898
334.222900390625, 0.023046
334.2529296875, 0.023046
334.28271484375, 0.037028
334.312744140625, 0.009065
334.3427734375, -0.004917
334.372802734375, 0.002074
334.40283203125, 0.009065
334.432861328125, -0.011907
334.462890625, -0.046861
334.492919921875, -0.025889
334.522705078125, -0.067833
334.552734375, -0.151722
334.582763671875, 0.085963
334.61279296875, 0.009065
334.642822265625, 0.058
334.6728515625, -0.088805
334.702880859375, -0.018898
334.73291015625, -0.116768
334.762939453125, 0.085963
334.792724609375, 0.113926
334.82275390625, -0.004917
334.852783203125, 0.016056
334.8828125, -0.088805
334.912841796875, 0.044018
334.94287109375, -0.03987
334.972900390625, 0.064991
335.0029296875, -0.088805
335.03271484375, 0.037028
335.062744140625, -0.158712
335.0927734375, 0.023046
335.122802734375, -0.03987
335.15283203125, -0.004917
335.182861328125, -0.018898
335.212890625, 0.044018
335.242919921875, -0.025889
335.272705078125, 0.099944
335.302734375, 0.058
335.332763671875, -0.011907
335.36279296875, -0.060842
335.392822265625, -0.074824
335.4228515625, -0.158712
335.452880859375, 0.064991
335.48291015625, -0.032879
335.512939453125, 0.058
335.542724609375, -0.095796
335.57275390625, 0.037028
335.602783203125, -0.03987
335.6328125, 0.113926
335.662841796875, 0.002074
335.69287109375, 0.113926
335.722900390625, 0.030037
335.7529296875, 0.016056
335.78271484375, -0.151722
335.812744140625, 0.002074
335.8427734375, 0.064991
335.872802734375, 0.030037
335.90283203125, -0.011907
335.932861328125, 0.044018
335.962890625, 0.002074
335.992919921875, -0.102787
336.02294921875, -0.032879
336.052734375, -0.025889
336.082763671875, 0.092954
336.11279296875, -0.074824
336.142822265625, 0.127907
336.1728515625, 0.023046
336.202880859375, -0.102787
336.23291015625, -0.032879
336.262939453125, 0.037028
336.292724609375, 0.113926
336.32275390625, 0.064991
336.352783203125, 0.023046
336.3828125, 0.085963
336.412841796875, 0.058
336.44287109375, -0.081815
336.472900390625, -0.018898
336.5029296875, 0.002074
336.53271484375, 0.023046
336.562744140625, 0.009065
336.5927734375, 0.051009
336.622802734375, -0.067833
336.65283203125, 0.044018
336.682861328125, -0.123759
336.712890625, -0.03987
336.742919921875, 0.092954
336.77294921875, 0.106935
336.802734375, 0.058
336.832763671875, 0.085963
336.86279296875, 0.023046
336.892822265625, -0.095796
336.9228515625, -0.032879
336.952880859375, 0.106935
336.98291015625, 0.030037
337.012939453125, -0.032879
337.042724609375, -0.025889
337.07275390625, -0.025889
337.102783203125, 0.016056
337.1328125, 0.037028
337.162841796875, -0.025889
337.19287109375, 0.002074
337.222900390625, 0.002074
337.2529296875, -0.004917
337.282958984375, 0.002074
337.312744140625, -0.03987
337.3427734375, 0.085963
337.372802734375, -0.025889
337.40283203125, -0.011907
337.432861328125, -0.03987
337.462890625, -0.025889
337.492919921875, -0.053852
337.52294921875, -0.011907
337.552734375, -0.03987
337.582763671875, 0.037028
337.61279296875, 0.016056
337.642822265625, 0.099944
337.6728515625, 0.064991
337.702880859375, 0.148879
337.73291015625, -0.018898
337.762939453125, 0.009065
337.79296875, -0.011907
337.82275390625, 0.085963
337.852783203125, 0.064991
337.8828125, -0.032879
337.912841796875, -0.116768
337.94287109375, -0.046861
337.972900390625, 0.044018
338.0029296875, -0.032879
338.032958984375, -0.165703
338.062744140625, -0.032879
338.0927734375, -0.018898
338.122802734375, -0.088805
338.15283203125, -0.109777
338.182861328125, 0.002074
338.212890625, -0.165703
338.242919921875, -0.102787
338.27294921875, 0.044018
338.302734375, 0.002074
338.332763671875, -0.095796
338.36279296875, 0.058
338.392822265625, 0.023046
338.4228515625, 0.009065
338.452880859375, 0.002074
338.48291015625, 0.044018
338.512939453125, -0.109777
338.54296875, -0.03987
338.57275390625, 0.183833
338.602783203125, -0.018898
338.6328125, -0.123759
338.662841796875, 0.141889
338.69287109375, 0.064991
338.722900390625, 0.030037
338.7529296875, 0.085963
338.782958984375, -0.074824
338.812744140625, 0.016056
338.8427734375, -0.102787
338.872802734375, -0.102787
338.90283203125, -0.151722
338.932861328125, 0.002074
338.962890625, -0.060842
338.992919921875, 0.016056
339.02294921875, -0.060842
339.052978515625, 0.064991
339.082763671875, -0.158712
339.11279296875, -0.088805
339.142822265625, -0.046861
339.1728515625, 0.009065
339.202880859375, 0.058
339.23291015625, -0.074824
339.262939453125, 0.071981
339.29296875, -0.025889
339.32275390625, 0.106935
339.352783203125, 0.016056
339.3828125, 0.064991
339.412841796875, 0.092954
339.44287109375, -0.081815
339.472900390625, 0.044018
339.5029296875, 0.092954
339.532958984375, -0.011907
339.56298828125, -0.074824
339.5927734375, 0.016056
339.622802734375, 0.002074
339.65283203125, 0.030037
339.682861328125, -0.03987
339.712890625, 0.204805
339.742919921875, -0.074824
339.77294921875, 0.037028
339.802978515625, 0.016056
339.832763671875, 0.051009
339.86279296875, 0.009065
339.892822265625, 0.037028
339.9228515625, -0.053852
339.952880859375, 0.002074
339.98291015625, 0.037028
340.012939453125, -0.046861
340.04296875, 0.071981
340.07275390625, -0.060842
340.102783203125, -0.046861
340.1328125, 0.009065
340.162841796875, -0.109777
340.19287109375, 0.002074
340.222900390625, 0.071981
340.2529296875, -0.032879
340.282958984375, 0.099944
340.31298828125, 0.064991
340.3427734375, -0.032879
340.372802734375, 0.071981
340.40283203125, -0.053852
340.432861328125, -0.158712
340.462890625, 0.085963
340.492919921875, 0.071981
340.52294921875, 0.030037
340.552978515625, -0.03987
340.582763671875, -0.011907
340.61279296875, 0.009065
340.642822265625, -0.03987
340.6728515625, 0.092954
340.702880859375, -0.018898
340.73291015625, 0.037028
340.762939453125, -0.018898
340.79296875, 0.037028
340.822998046875, 0.009065
340.852783203125, -0.046861
340.8828125, -0.074824
340.912841796875, -0.046861
340.94287109375, 0.044018
340.972900390625, -0.13075
341.0029296875, 0.023046
341.032958984375, -0.074824
341.06298828125, -0.109777
341.0927734375, 0.002074
341.122802734375, -0.025889
341.15283203125, 0.092954
341.182861328125, -0.011907
341.212890625, -0.116768
341.242919921875, 0.058
341.27294921875, -0.13774
341.302978515625, -0.067833
341.332763671875, -0.025889
341.36279296875, -0.060842
341.392822265625, 0.051009
341.4228515625, 0.085963
341.452880859375, -0.004917
341.48291015625, -0.004917
341.512939453125, -0.242601
341.54296875, -0.025889
341.572998046875, -0.088805
341.602783203125, 0.183833
341.6328125, 0.044018
341.662841796875, 0.113926
341.69287109375, -0.060842
341.722900390625, -0.03987
341.7529296875, 0.169852
341.782958984375, -0.011907
341.81298828125, 0.037028
341.8427734375, 0.051009
341.872802734375, -0.032879
341.90283203125, 0.009065
341.932861328125, -0.018898
341.962890625, 0.030037
341.992919921875, -0.088805
342.02294921875, -0.046861
342.052978515625, -0.018898
342.0830078125, -0.004917
342.11279296875, 0.064991
342.142822265625, 0.092954
342.1728515625, 0.016056
342.202880859375, 0.030037
342.23291015625, 0.002074
342.262939453125, 0.106935
342.29296875, -0.004917
342.322998046875, 0.051009
342.352783203125, -0.018898
342.3828125, -0.004917
342.412841796875, 0.099944
342.44287109375, 0.023046
342.472900390625, 0.023046
342.5029296875, -0.011907
342.532958984375, -0.102787
342.56298828125, -0.081815
342.593017578125, -0.074824
342.622802734375, -0.053852
342.65283203125, 0.148879
342.682861328125, 0.058
342.712890625, -0.004917
342.742919921875, 0.037028
342.77294921875, 0.134898
342.802978515625, -0.011907
342.8330078125, -0.109777
342.86279296875, -0.03987
342.892822265625, 0.016056
342.9228515625, -0.032879
342.952880859375, 0.030037
342.98291015625, 0.037028
343.012939453125, -0.032879
343.04296875, 0.016056
343.072998046875, -0.123759
343.102783203125, 0.092954
343.1328125, 0.044018
343.162841796875, 0.064991
343.19287109375, 0.002074
343.222900390625, -0.032879
343.2529296875, 0.092954
343.282958984375, 0.009065
343.31298828125, 0.078972
343.343017578125, -0.144731
343.372802734375, 0.148879
343.40283203125, 0.002074
343.432861328125, 0.044018
343.462890625, -0.032879
343.492919921875, 0.009065
343.52294921875, 0.141889
343.552978515625, -0.144731
343.5830078125, -0.158712
343.61279296875, -0.116768
343.642822265625, -0.004917
343.6728515625, 0.092954
343.702880859375, 0.058
343.73291015625, -0.011907
343.762939453125, -0.025889
343.79296875, 0.071981
343.822998046875, 0.023046
343.85302734375, -0.060842
343.8828125, -0.081815
343.912841796875, 0.023046
343.94287109375, 0.002074
343.972900390625, -0.067833
344.0029296875, -0.074824
344.032958984375, -0.13774
344.06298828125, 0.023046
344.093017578125, 0.044018
344.122802734375, 0.078972
344.15283203125, 0.051009
344.182861328125, 0.023046
344.212890625, -0.004917
344.242919921875, -0.046861
344.27294921875, 0.078972
344.302978515625, -0.046861
344.3330078125, -0.081815
344.36279296875, 0.134898
344.392822265625, 0.044018
344.4228515625, 0.092954
344.452880859375, 0.009065
344.48291015625, -0.03987
344.512939453125, 0.030037
344.54296875, 0.044018
344.572998046875, -0.144731
344.60302734375, 0.030037
344.6328125, 0.058
344.662841796875, 0.092954
344.69287109375, -0.03987
344.722900390625, 0.078972
344.7529296875, -0.025889
344.782958984375, -0.123759
344.81298828125, -0.151722
344.843017578125, -0.081815
344.872802734375, -0.025889
344.90283203125, 0.037028
344.932861328125, 0.037028
344.962890625, -0.004917
344.992919921875, -0.102787
345.02294921875, -0.046861
345.052978515625, -0.03987
345.0830078125, 0.002074
345.113037109375, -0.095796
345.142822265625, 0.009065
345.1728515625, 0.071981
345.202880859375, 0.037028
345.23291015625, -0.053852
345.262939453125, -0.025889
345.29296875, 0.044018
345.322998046875, 0.058
345.35302734375, -0.011907
345.3828125, 0.051009
345.412841796875, -0.109777
345.44287109375, 0.127907
345.472900390625, -0.011907
345.5029296875, 0.141889
345.532958984375, 0.134898
345.56298828125, -0.102787
345.593017578125, 0.002074
345.623046875, 0.023046
345.65283203125, -0.025889
345.682861328125, -0.200657
345.712890625, 0.037028
345.742919921875, -0.011907
345.77294921875, 0.009065
345.802978515625, 0.058
345.8330078125, -0.053852
345.863037109375, -0.025889
345.892822265625, 0.051009
345.9228515625, -0.165703
345.952880859375, 0.002074
345.98291015625, 0.099944
346.012939453125, 0.030037
346.04296875, -0.004917
346.072998046875, 0.023046
346.10302734375, 0.058
346.1328125, -0.011907
346.162841796875, 0.030037
346.19287109375, -0.03987
346.222900390625, 0.030037
346.2529296875, -0.018898
346.282958984375, 0.113926
346.31298828125, 0.092954
346.343017578125, -0.074824
346.373046875, 0.044018
346.40283203125, -0.025889
346.432861328125, -0.053852
346.462890625, 0.099944
346.492919921875, -0.03987
346.52294921875, -0.067833
346.552978515625, 0.078972
346.5830078125, 0.051009
346.613037109375, 0.071981
346.642822265625, 0.037028
346.6728515625, -0.088805
346.702880859375, 0.176842
346.73291015625, 0.169852
346.762939453125, 0.071981
346.79296875, 0.037028
346.822998046875, 0.037028
346.85302734375, 0.085963
346.883056640625, 0.071981
346.912841796875, -0.025889
346.94287109375, 0.071981
346.972900390625, -0.004917
347.0029296875, 0.009065
347.032958984375, 0.071981
347.06298828125, 0.106935
347.093017578125, -0.032879
347.123046875, 0.030037
347.15283203125, -0.088805
347.182861328125, 0.127907
347.212890625, -0.151722
347.242919921875, 0.002074
347.27294921875, 0.120916
347.302978515625, 0.051009
347.3330078125, -0.116768
347.363037109375, -0.144731
347.39306640625, -0.03987
347.4228515625, -0.011907
347.452880859375, 0.078972
347.48291015625, -0.025889
347.512939453125, 0.071981
347.54296875, 0.002074
347.572998046875, 0.051009
347.60302734375, -0.018898
347.633056640625, 0.044018
347.662841796875, 0.099944
347.69287109375, -0.032879
347.722900390625, -0.018898
347.7529296875, -0.13774
347.782958984375, -0.081815
347.81298828125, -0.102787
347.843017578125, -0.053852
347.873046875, 0.071981
347.90283203125, 0.064991
347.932861328125, -0.032879
347.962890625, 0.030037
347.992919921875, 0.078972
348.02294921875, 0.078972
348.052978515625, -0.025889
348.0830078125, -0.004917
348.113037109375, 0.058
348.14306640625, 0.016056
348.1728515625, 0.058
348.202880859375, -0.081815
348.23291015625, -0.018898
348.262939453125, -0.011907
348.29296875, -0.032879
348.322998046875, 0.002074
348.35302734375, -0.186675
348.383056640625, -0.102787
348.412841796875, -0.109777
348.44287109375, 0.044018
348.472900390625, 0.023046
348.5029296875, 0.190824
348.532958984375, -0.018898
348.56298828125, -0.074824
348.593017578125, 0.002074
348.623046875, 0.106935
348.653076171875, 0.148879
348.682861328125, 0.051009
348.712890625, 0.106935
348.742919921875, -0.03987
348.77294921875, -0.158712
348.802978515625, 0.023046
348.8330078125, 0.058
348.863037109375, -0.067833
348.89306640625, -0.025889
348.9228515625, -0.067833
348.952880859375, 0.037028
348.98291015625, -0.088805
349.012939453125, -0.067833
349.04296875, -0.03987
349.072998046875, 0.002074
349.10302734375, -0.018898
349.133056640625, -0.074824
349.162841796875, -0.004917
349.19287109375, 0.085963
349.222900390625, 0.009065
349.2529296875, -0.032879
349.282958984375, 0.002074
349.31298828125, -0.067833
349.343017578125, 0.037028
349.373046875, 0.030037
349.403076171875, 0.092954
349.432861328125, 0.051009
349.462890625, -0.165703
349.492919921875, 0.037028
349.52294921875, -0.025889
349.552978515625, 0.127907
349.5830078125, -0.172694
349.613037109375, -0.018898
349.64306640625, -0.095796
349.6728515625, 0.120916
349.702880859375, -0.109777
349.73291015625, 0.002074
349.762939453125, -0.046861
349.79296875, -0.046861
349.822998046875, 0.037028
349.85302734375, 0.037028
349.883056640625, 0.044018
349.9130859375, -0.060842
349.94287109375, 0.120916
349.972900390625, 0.009065
350.0029296875, 0.002074
