Tag, Descricao, Modulo, Fase, Grandeza, IdSensor, Frequencia_Amostragem, Timestamp
M1IOCA2, I OPENING COIL A, 1, A, I, 2, 10000.0, 1749126149.5395

tempos, dados
50.0, -0.000286
50.10009765625, -0.005163
50.199951171875, 0.015322
50.300048828125, 0.015322
50.39990234375, 0.005301
50.5, -0.004764
50.60009765625, -0.004454
50.699951171875, 0.003262
50.800048828125, -0.014608
50.89990234375, 0.003971
51.0, -0.004853
51.10009765625, 0.009735
51.199951171875, -0.005429
51.300048828125, -0.016914
51.39990234375, -0.00707
51.5, 0.009558
51.60009765625, -0.011016
51.699951171875, 0.000158
51.800048828125, 0.011021
51.89990234375, -0.007779
52.0, -0.002724
52.10009765625, -0.008888
52.199951171875, -0.036956
52.300048828125, 0.03297
52.39990234375, 0.003173
52.5, 0.000291
52.60009765625, -0.033231
52.699951171875, 0.018692
52.800048828125, 0.008893
52.89990234375, -0.012524
53.0, -0.017091
53.10009765625, -0.022323
53.199951171875, 0.019091
53.300048828125, -0.004986
53.39990234375, 0.003927
53.5, -0.001838
53.60009765625, 0.002774
53.699951171875, -0.014519
53.800048828125, -0.000419
53.89990234375, -0.008045
54.0, 0.019357
54.10009765625, 0.002197
54.199951171875, -0.006981
54.300048828125, 0.005346
54.39990234375, 0.004414
54.5, -0.012213
54.60009765625, 0.002552
54.699951171875, -0.005296
54.800048828125, 0.00406
54.89990234375, 0.012751
55.0, -0.01075
55.10009765625, 0.001266
55.199951171875, 0.048489
55.300048828125, 0.010312
55.39990234375, 0.037182
55.5, 0.031462
55.60009765625, 0.005523
55.699951171875, 0.033768
55.800048828125, -0.008622
55.89990234375, 0.003129
56.0, 0.012351
56.10009765625, -0.01514
56.199951171875, -0.003833
56.300048828125, -0.010129
56.39990234375, 0.004015
56.5, 0.004281
56.60009765625, 0.013371
56.699951171875, 0.038734
56.800048828125, 0.033325
56.89990234375, 0.009026
57.0, 0.008316
57.10009765625, -0.010928
57.199951171875, -0.004321
57.300048828125, 0.005301
57.39990234375, 0.015854
57.5, -0.00911
57.60009765625, 0.001976
57.699951171875, -0.015583
57.800048828125, -0.009642
57.89990234375, 0.012218
58.0, -0.014652
58.10009765625, 0.006232
58.199951171875, -0.019973
58.300048828125, -0.005695
58.39990234375, -0.02086
58.5, 0.006587
58.60009765625, 0.020821
58.699951171875, 0.01009
58.800048828125, 0.022594
58.89990234375, 0.013194
59.0, 0.009602
59.10009765625, 0.010489
59.199951171875, 0.01009
59.300048828125, 0.0057
59.39990234375, 0.020732
59.5, -0.003212
59.60009765625, -0.015716
59.699951171875, 0.001222
59.800048828125, 0.008716
59.89990234375, 0.01111
60.0, -0.001838
60.10009765625, 0.001178
60.199951171875, 0.000424
60.300048828125, -0.000108
60.39990234375, 0.004813
60.5, 0.011287
60.60009765625, 0.031729
60.699951171875, 0.005434
60.800048828125, 0.006498
60.89990234375, 0.002242
61.0, 0.006809
61.10009765625, -0.027422
61.199951171875, -0.003168
61.300048828125, -0.022678
61.39990234375, -0.005695
61.5, 0.008183
61.60009765625, -0.006094
61.699951171875, 0.009115
61.800048828125, -0.012302
61.89990234375, -0.024496
62.0, -0.004099
62.10009765625, -0.035803
62.199951171875, -0.00135
62.300048828125, 0.006188
62.39990234375, -0.00809
62.5, -0.013721
62.60009765625, 0.010711
62.699951171875, 0.016298
62.800048828125, 0.006232
62.89990234375, 0.008804
63.0, -0.018687
63.10009765625, 0.006232
63.199951171875, -0.019264
63.300048828125, 0.024058
63.39990234375, 0.00437
63.5, -0.015406
63.60009765625, 0.015367
63.699951171875, -0.00135
63.800048828125, -0.00707
63.89990234375, 0.015411
64.0, 0.031196
64.10009765625, -0.000108
64.199951171875, 0.00805
64.300048828125, 0.018515
64.39990234375, 0.019402
64.5, 0.019269
64.60009765625, 0.005878
64.699951171875, -0.010883
64.800048828125, -0.01882
64.89990234375, -0.016071
65.0, 0.023437
65.10009765625, -0.001971
65.199951171875, -0.005296
65.300048828125, 0.000246
65.39990234375, 0.012396
65.5, -0.01279
65.60009765625, -0.020638
65.699951171875, 0.005346
65.800048828125, -0.010883
65.89990234375, 0.002729
66.0, 0.006365
66.10009765625, 0.021175
66.199951171875, -0.009996
66.300048828125, -0.018466
66.39990234375, -0.006449
66.5, -0.000596
66.60009765625, 0.020865
66.699951171875, 0.010134
66.800048828125, 0.030753
66.89990234375, 0.021353
67.0, 0.004769
67.10009765625, -0.016781
67.199951171875, -0.000552
67.300048828125, -0.001971
67.39990234375, -0.004853
67.5, 0.015544
67.60009765625, -0.027511
67.699951171875, 0.006809
67.800048828125, -0.003035
67.89990234375, 0.001843
68.0, -0.018466
68.10009765625, -0.010662
68.199951171875, -0.002813
68.300048828125, -0.008799
68.39990234375, 0.0108
68.5, -0.009065
68.60009765625, 0.017052
68.699951171875, -0.010529
68.800048828125, 0.016076
68.89990234375, -0.012302
69.0, -0.010307
69.10009765625, -0.012613
69.199951171875, 0.012174
69.300048828125, -0.026092
69.39990234375, 0.012529
69.5, -0.031014
69.60009765625, -0.007026
69.699951171875, 0.045873
69.800048828125, 0.002419
69.89990234375, -0.013854
70.0, 0.004281
70.10009765625, 0.008139
70.199951171875, -0.010041
70.300048828125, -0.006316
70.39990234375, -0.003966
70.5, 0.004503
70.60009765625, 0.015145
70.699951171875, 0.019756
70.800048828125, -0.024762
70.89990234375, -0.015362
71.0, 0.021574
71.10009765625, 0.002463
71.199951171875, -2e-05
71.300048828125, -0.004764
71.39990234375, -0.00707
71.5, 0.014746
71.60009765625, -0.01718
71.699951171875, -0.009642
71.800048828125, 0.000645
71.89990234375, -0.006449
72.0, 0.009957
72.10009765625, -0.001394
72.199951171875, -0.020505
72.300048828125, 0.018914
72.39990234375, -0.004631
72.5, 0.006454
72.60009765625, 0.00774
72.699951171875, 0.007518
72.800048828125, -0.002769
72.89990234375, -0.026048
73.0, 0.001178
73.10009765625, -0.000286
73.199951171875, 0.009558
73.300048828125, 0.005789
73.39990234375, 0.00539
73.5, -0.006538
73.60009765625, -0.016426
73.699951171875, 0.011465
73.800048828125, -0.025117
73.89990234375, -0.005119
74.0, 0.008494
74.10009765625, -0.005429
74.199951171875, -0.0037
74.300048828125, -0.006094
74.39990234375, -0.006671
74.5, -0.015096
74.60009765625, -0.013278
74.699951171875, 0.013371
74.800048828125, -0.001527
74.89990234375, -0.025693
75.0, -0.02188
75.10009765625, -0.004365
75.199951171875, 0.001399
75.300048828125, -0.009996
75.39990234375, -0.002281
75.5, 0.00233
75.60009765625, -0.013411
75.699951171875, 0.010622
75.800048828125, 0.009469
75.89990234375, 0.005745
76.0, -0.023166
76.10009765625, -0.005119
76.199951171875, -0.026491
76.300048828125, 0.011376
76.39990234375, -0.013943
76.5, -0.007203
76.60009765625, 0.002242
76.699951171875, 0.025787
76.800048828125, 0.00641
76.89990234375, 0.006011
77.0, -0.014342
77.10009765625, -0.005873
77.199951171875, 0.012706
77.300048828125, -0.002192
77.39990234375, 0.011819
77.5, 0.003395
77.60009765625, -0.014253
77.699951171875, -0.006848
77.800048828125, -0.012347
77.89990234375, -0.00339
78.0, -0.010174
78.10009765625, -0.000907
78.199951171875, 0.011952
78.300048828125, -0.004232
78.39990234375, 0.008405
78.5, 0.019801
78.60009765625, 0.039311
78.699951171875, 0.003439
78.800048828125, -0.01208
78.89990234375, -0.036113
79.0, 0.017983
79.10009765625, 0.015721
79.199951171875, 0.022018
79.300048828125, 0.006676
79.39990234375, 0.007518
79.5, -0.008001
79.60009765625, 0.018382
79.699951171875, 0.005567
79.800048828125, -0.020284
79.89990234375, -0.005208
80.0, 0.032793
80.10009765625, -0.010662
80.199951171875, -0.014431
80.300048828125, -0.013987
80.39990234375, 0.00508
80.5, 0.020022
80.60009765625, 0.012263
80.699951171875, -0.004587
80.800048828125, 0.017052
80.89990234375, 0.042149
81.0, 0.019313
81.10009765625, 0.006498
81.199951171875, 0.002109
81.300048828125, 0.003794
81.39990234375, -0.005784
81.5, 0.016786
81.60009765625, 0.003528
81.699951171875, -0.020727
81.800048828125, -0.016648
81.89990234375, 0.005567
82.0, 0.019934
82.10009765625, -0.028531
82.199951171875, -0.014386
82.300048828125, -0.002813
82.39990234375, 0.013327
82.5, 0.012573
82.60009765625, 0.019446
82.699951171875, 0.010179
82.800048828125, 0.022417
82.89990234375, 0.005168
83.0, -0.001128
83.10009765625, 0.030531
83.199951171875, 0.007696
83.300048828125, -0.000862
83.39990234375, -0.003478
83.5, 0.002774
83.60009765625, -0.005119
83.699951171875, -0.018377
83.800048828125, -0.015096
83.89990234375, 0.017318
84.0, -0.008932
84.10009765625, 0.004104
84.199951171875, -0.011903
84.300048828125, 0.022062
84.39990234375, 0.012884
84.5, 0.018914
84.60009765625, -0.020062
84.699951171875, -0.017357
84.800048828125, 0.000246
84.89990234375, -0.000995
85.0, 0.014702
85.10009765625, -0.011637
85.199951171875, 0.010046
85.300048828125, 0.005346
85.39990234375, 0.01111
85.5, -0.00064
85.60009765625, 0.008361
85.699951171875, -0.02995
85.800048828125, 0.007962
85.89990234375, -0.003567
86.0, -0.034029
86.10009765625, -0.02086
86.199951171875, 0.011775
86.300048828125, -0.0037
86.39990234375, 0.013327
86.5, -0.006183
86.60009765625, 0.01479
86.699951171875, 0.012706
86.800048828125, 0.012795
86.89990234375, 0.016697
87.0, -0.029906
87.10009765625, 0.006232
87.199951171875, -0.016071
87.300048828125, 0.010267
87.39990234375, 0.007119
87.5, 0.012706
87.60009765625, 0.004769
87.699951171875, -0.00104
87.800048828125, -0.00809
87.89990234375, -0.030526
88.0, 0.004769
88.10009765625, -0.019973
88.199951171875, -0.003079
88.300048828125, 0.028492
88.39990234375, 0.025654
88.5, 0.035941
88.60009765625, 0.003927
88.699951171875, -0.002946
88.800048828125, 0.013327
88.89990234375, 0.007164
89.0, 0.004193
89.10009765625, 0.00907
89.199951171875, 0.004237
89.300048828125, 0.009292
89.39990234375, 0.011509
89.5, 0.011997
89.60009765625, 0.017007
89.699951171875, -0.001616
89.800048828125, -0.013499
89.89990234375, -0.002325
90.0, 0.041927
90.10009765625, -0.009331
90.199951171875, 0.023791
90.300048828125, -6.4e-05
90.39990234375, 0.012928
90.5, 0.015056
90.60009765625, 0.002951
90.699951171875, -0.001616
90.800048828125, -0.008134
90.89990234375, 0.013238
91.0, -0.028176
91.10009765625, 0.013416
91.199951171875, 0.008716
91.300048828125, 0.021486
91.39990234375, 0.007563
91.5, -0.018111
91.60009765625, 0.000468
91.699951171875, -0.005208
91.800048828125, 0.005656
91.89990234375, 0.024457
92.0, 0.009026
92.10009765625, 0.036118
92.199951171875, 0.002774
92.300048828125, -0.009021
92.39990234375, -0.009908
92.5, 0.01244
92.60009765625, 0.008316
92.699951171875, -0.018377
92.800048828125, 0.01448
92.89990234375, -0.000286
93.0, 0.016697
93.10009765625, 2.5e-05
93.199951171875, 0.042326
93.300048828125, -0.002237
93.39990234375, 0.014347
93.5, 0.009469
93.60009765625, 0.006764
93.699951171875, -0.003168
93.800048828125, 0.00069
93.89990234375, -0.005651
94.0, -0.012967
94.10009765625, -0.015849
94.199951171875, -0.025693
94.300048828125, 0.02184
94.39990234375, -0.005651
94.5, -0.01647
94.60009765625, -0.001084
94.699951171875, 0.026053
94.800048828125, -0.00237
94.89990234375, 0.003616
95.0, 0.005789
95.10009765625, 0.010977
95.199951171875, 0.026142
95.300048828125, 0.01111
95.39990234375, 0.00774
95.5, 0.018071
95.60009765625, -0.023787
95.699951171875, 0.004326
95.800048828125, -0.00166
95.89990234375, 0.01111
96.0, 0.01683
96.10009765625, 0.009514
96.199951171875, -0.004055
96.300048828125, -0.011947
96.39990234375, 0.012795
96.5, -0.001128
96.60009765625, 0.006188
96.699951171875, 0.018382
96.800048828125, 0.016431
96.89990234375, 0.0057
97.0, -0.001084
97.10009765625, 0.003439
97.199951171875, 0.00171
97.300048828125, 0.010179
97.39990234375, -0.004188
97.5, 0.005523
97.60009765625, 0.008716
97.699951171875, 0.016298
97.800048828125, 0.025609
97.89990234375, -0.008622
98.0, 0.001754
98.10009765625, -0.006937
98.199951171875, 0.010755
98.300048828125, 0.001266
98.39990234375, -0.006981
98.5, -0.008311
98.60009765625, -0.014164
98.699951171875, 0.014968
98.800048828125, 0.005523
98.89990234375, -0.010396
99.0, 0.021796
99.10009765625, 0.006365
99.199951171875, 0.000424
99.300048828125, 0.012618
99.39990234375, 0.001355
99.5, 0.00171
99.60009765625, 0.023437
99.699951171875, -0.01545
99.800048828125, 0.007252
99.89990234375, 0.010267
100.0, 0.011908
100.10009765625, 0.005346
100.199951171875, -0.006006
100.300048828125, 0.010622
100.39990234375, 0.009115
100.5, -0.008888
100.60009765625, 0.008671
100.699951171875, 0.00304
100.800048828125, -0.003212
100.89990234375, 0.000645
101.0, -0.003257
101.10009765625, 0.017318
101.199951171875, -0.019884
101.300048828125, 0.011819
101.39990234375, 0.001887
101.5, 0.005479
101.60009765625, 0.012573
101.699951171875, -0.011504
101.800048828125, 0.001178
101.89990234375, 0.038335
102.0, 0.008095
102.10009765625, -0.002237
102.199951171875, 0.019313
102.300048828125, 0.019712
102.39990234375, 0.02122
102.5, 0.016032
102.60009765625, -0.005208
102.699951171875, 0.01448
102.800048828125, 0.000911
102.89990234375, 0.029733
103.0, -0.005075
103.10009765625, 0.007784
103.199951171875, 0.013593
103.300048828125, -0.005651
103.39990234375, -0.001527
103.5, 0.00335
103.60009765625, 0.008228
103.699951171875, -0.01177
103.800048828125, 0.012218
103.89990234375, 0.00468
104.0, -0.004143
104.10009765625, -0.010839
104.199951171875, 0.009159
104.300048828125, 0.000823
104.39990234375, 0.010977
104.5, 0.022639
104.60009765625, 0.00907
104.699951171875, 0.02224
104.800048828125, 0.03328
104.89990234375, 0.007297
105.0, 0.013017
105.10009765625, -0.000108
105.199951171875, -0.009376
105.300048828125, 0.018293
105.39990234375, 0.008937
105.5, -0.007646
105.60009765625, -0.015849
105.699951171875, -0.001439
105.800048828125, -0.0084
105.89990234375, 0.007563
106.0, 0.023791
106.10009765625, -0.010529
106.199951171875, -0.005119
106.300048828125, 0.024058
106.39990234375, 0.010223
106.5, 0.02153
106.60009765625, 0.040419
106.699951171875, 0.002197
106.800048828125, 0.011287
106.89990234375, 0.021929
107.0, -0.010839
107.10009765625, -0.000463
107.199951171875, -0.017889
107.300048828125, 0.010844
107.39990234375, -0.008267
107.5, -0.012701
107.60009765625, -0.016736
107.699951171875, 0.012972
107.800048828125, 0.014569
107.89990234375, 0.002375
108.0, 0.026053
108.10009765625, 0.006277
108.199951171875, 0.001133
108.300048828125, -0.014298
108.39990234375, 0.001577
108.5, 0.004281
108.60009765625, -0.005119
108.699951171875, 0.005612
108.800048828125, 0.022328
108.89990234375, 0.024191
109.0, 0.009602
109.10009765625, 0.004636
109.199951171875, 0.038468
109.300048828125, 0.009159
109.39990234375, 0.019402
109.5, -0.019352
109.60009765625, 0.035586
109.699951171875, 0.009381
109.800048828125, 0.002508
109.89990234375, 0.026009
110.0, 0.007829
110.10009765625, -0.01177
110.199951171875, -0.008755
110.300048828125, -0.004409
110.39990234375, 0.019845
110.5, 0.006365
110.60009765625, 0.004459
110.699951171875, 0.004902
110.800048828125, 0.016963
110.89990234375, 0.018071
111.0, 0.009868
111.10009765625, 0.023703
111.199951171875, 0.001399
111.300048828125, 0.006188
111.39990234375, 0.032305
111.5, 0.009824
111.60009765625, -0.020195
111.699951171875, 0.004725
111.800048828125, 0.006853
111.89990234375, 0.018648
112.0, 0.002286
112.10009765625, 0.013992
112.199951171875, -0.010129
112.300048828125, 0.006144
112.39990234375, -0.002813
112.5, 0.001532
112.60009765625, 0.026851
112.699951171875, -0.007868
112.800048828125, 0.018471
112.89990234375, -0.009376
113.0, 0.004148
113.10009765625, -0.003301
113.199951171875, 0.004193
113.300048828125, 0.008405
113.39990234375, -0.012834
113.5, -0.02055
113.60009765625, -0.010085
113.699951171875, -0.028442
113.800048828125, -0.004809
113.89990234375, 0.002242
114.0, 0.00202
114.10009765625, -0.020727
114.199951171875, 0.006764
114.300048828125, -0.000995
114.39990234375, -0.000862
114.5, 0.007917
114.60009765625, 0.010046
114.699951171875, -0.015849
114.800048828125, -0.018998
114.89990234375, 0.004769
115.0, 0.00171
115.10009765625, -0.011548
115.199951171875, 0.019003
115.300048828125, 0.010933
115.39990234375, 0.002907
115.5, 0.004902
115.60009765625, 0.016963
115.699951171875, -0.008356
115.800048828125, 0.014657
115.89990234375, 0.021707
116.0, 0.010933
116.10009765625, 0.003306
116.199951171875, -0.007336
116.300048828125, -0.006538
116.39990234375, 0.006942
116.5, -0.018421
116.60009765625, -0.003523
116.699951171875, 0.001444
116.800048828125, -0.028531
116.89990234375, -0.004276
117.0, 0.007119
117.10009765625, 0.000424
117.199951171875, 0.006188
117.300048828125, 0.019712
117.39990234375, -0.012169
117.5, -0.025117
117.60009765625, 6.9e-05
117.699951171875, -0.005474
117.800048828125, -0.00605
117.89990234375, 0.001843
118.0, 0.004947
118.10009765625, 0.026674
118.199951171875, -0.004099
118.300048828125, -0.014342
118.39990234375, -0.018466
118.5, 0.001887
118.60009765625, -0.039882
118.699951171875, 0.000601
118.800048828125, 0.038468
118.89990234375, 0.040375
119.0, -0.016116
119.10009765625, -6.4e-05
119.199951171875, -0.006538
119.300048828125, 2.5e-05
119.39990234375, -0.014298
119.5, 0.010489
119.60009765625, 0.000113
119.699951171875, 0.009957
119.800048828125, -0.011947
119.89990234375, -0.009464
120.0, 0.011553
120.10009765625, 0.027693
120.199951171875, -0.011149
120.300048828125, -0.018333
120.39990234375, 0.007873
120.5, -0.019929
120.60009765625, -0.00104
120.699951171875, -0.015849
120.800048828125, 0.011509
120.89990234375, 0.004459
121.0, -0.015849
121.10009765625, 0.008449
121.199951171875, 0.006942
121.300048828125, -0.00707
121.39990234375, 0.029068
121.5, -2e-05
121.60009765625, 0.007208
121.699951171875, 0.00437
121.800048828125, 0.003306
121.89990234375, -0.00503
122.0, -0.00237
122.10009765625, -0.00339
122.199951171875, 0.034921
122.300048828125, 0.027427
122.39990234375, 0.000202
122.5, -0.018599
122.60009765625, 0.012396
122.699951171875, 0.0155
122.800048828125, -0.00809
122.89990234375, 0.018648
123.0, -0.004942
123.10009765625, 0.008183
123.199951171875, 0.020067
123.300048828125, 0.022683
123.39990234375, -0.000197
123.5, -0.013012
123.60009765625, -0.012613
123.699951171875, -0.010795
123.800048828125, -0.003168
123.89990234375, 0.007252
124.0, -0.001173
124.10009765625, 0.032571
124.199951171875, 0.004902
124.300048828125, -0.003789
124.39990234375, 0.013327
124.5, 0.009381
124.60009765625, -0.015273
124.699951171875, -0.006893
124.800048828125, 0.014524
124.89990234375, 0.025388
125.0, 0.002286
125.10009765625, 0.00202
125.199951171875, -0.008755
125.300048828125, 0.015899
125.39990234375, -0.028354
125.5, 0.004104
125.60009765625, 0.012839
125.699951171875, 0.008095
125.800048828125, -0.001128
125.89990234375, -0.005828
126.0, 0.02357
126.10009765625, 0.009647
126.199951171875, 0.017007
126.300048828125, 0.010533
126.39990234375, 0.027649
126.5, -0.004897
126.60009765625, -0.000108
126.699951171875, 0.018914
126.800048828125, 0.008449
126.89990234375, 0.001621
127.0, 0.001399
127.10009765625, -0.003212
127.199951171875, 0.007252
127.300048828125, -0.006183
127.39990234375, -0.0037
127.5, -0.027866
127.60009765625, 0.016253
127.699951171875, 0.006809
127.800048828125, -0.002325
127.89990234375, 0.014569
128.0, 0.023791
128.10009765625, 0.001532
128.199951171875, -0.01177
128.300048828125, 0.015278
128.39990234375, -0.001793
128.5, -0.019663
128.60009765625, -0.001306
128.699951171875, 0.007563
128.800048828125, 0.009469
128.89990234375, 0.007474
129.0, 0.028891
129.10009765625, -0.006804
129.199951171875, 0.006853
129.300048828125, 0.012484
129.39990234375, 0.027782
129.5, -0.001971
129.60009765625, 0.004725
129.699951171875, -0.00166
129.800048828125, 0.01581
129.89990234375, 0.02521
130.0, -0.008178
130.10009765625, 0.028048
130.199951171875, 0.003838
130.300048828125, 0.001311
130.39990234375, 0.007252
130.5, 0.016431
130.60009765625, 0.017185
130.699951171875, -0.003966
130.800048828125, 0.012529
130.89990234375, 0.022328
131.0, -0.005474
131.10009765625, 0.022018
131.199951171875, -0.012568
131.300048828125, -0.017313
131.39990234375, -0.0037
131.5, 0.013859
131.60009765625, 0.002596
131.699951171875, 0.004326
131.800048828125, -0.004365
131.89990234375, 0.01377
132.0, 0.001311
132.10009765625, 0.01244
132.199951171875, -0.01953
132.300048828125, -0.003611
132.39990234375, 0.000557
132.5, -0.011548
132.60009765625, -0.004454
132.699951171875, 0.009026
132.800048828125, 0.004858
132.89990234375, 0.019623
133.0, 0.008316
133.10009765625, -0.000685
133.199951171875, 0.009203
133.300048828125, 0.006942
133.39990234375, 0.004326
133.5, -0.012657
133.60009765625, -0.023387
133.699951171875, 0.0155
133.800048828125, -2e-05
133.89990234375, 0.014347
134.0, 0.006011
134.10009765625, 0.023658
134.199951171875, 0.00202
134.300048828125, -0.019175
134.39990234375, -0.020816
134.5, 0.007563
134.60009765625, 0.009336
134.699951171875, 0.017451
134.800048828125, -0.014785
134.89990234375, -0.027467
135.0, -0.008622
135.10009765625, -0.005296
135.199951171875, 6.9e-05
135.300048828125, 0.000778
135.39990234375, 0.017229
135.5, -0.009287
135.60009765625, 0.017628
135.699951171875, -0.018776
135.800048828125, -0.012258
135.89990234375, 0.016387
136.0, 0.017938
136.10009765625, 0.001532
136.199951171875, 0.009868
136.300048828125, -0.008888
136.39990234375, 0.014125
136.5, -0.002636
136.60009765625, 0.028891
136.699951171875, -0.00033
136.800048828125, -0.002015
136.89990234375, -0.008755
137.0, 0.024235
137.10009765625, -0.018554
137.199951171875, -0.005562
137.300048828125, -0.004188
137.39990234375, -0.021082
137.5, 0.007784
137.60009765625, 0.017451
137.699951171875, 0.005922
137.800048828125, -0.004276
137.89990234375, 0.039444
138.0, 0.003927
138.10009765625, 0.021707
138.199951171875, 0.016387
138.300048828125, 0.014125
138.39990234375, -0.014564
138.5, 0.000113
138.60009765625, -0.006937
138.699951171875, 0.023836
138.800048828125, 0.007252
138.89990234375, 0.008228
139.0, 0.003794
139.10009765625, -0.007646
139.199951171875, -0.016825
139.300048828125, 0.014569
139.39990234375, -0.004631
139.5, -0.014475
139.60009765625, 0.006986
139.699951171875, -0.012347
139.800048828125, -0.003523
139.89990234375, 0.027693
140.0, 0.009957
140.10009765625, 0.000557
140.199951171875, -0.015628
140.300048828125, -0.013677
140.39990234375, 0.022816
140.5, 0.032615
140.60009765625, 0.024368
140.699951171875, 0.007164
140.800048828125, -0.005828
140.89990234375, -0.02117
141.0, 0.012972
141.10009765625, 0.0104
141.199951171875, 0.014169
141.300048828125, 0.005612
141.39990234375, 0.003882
141.5, 0.001488
141.60009765625, -0.028221
141.699951171875, -0.011016
141.800048828125, -0.001173
141.89990234375, -0.022412
142.0, -0.013278
142.10009765625, -0.014564
142.199951171875, -0.015007
142.300048828125, -0.010085
142.39990234375, 0.001665
142.5, -0.045248
142.60009765625, 0.005168
142.699951171875, -0.008178
142.800048828125, -0.01984
142.89990234375, -0.004055
143.0, 0.001
143.10009765625, -0.012524
143.199951171875, 0.018027
143.300048828125, 0.007784
143.39990234375, 0.005124
143.5, 0.00069
143.60009765625, -0.012302
143.699951171875, 0.022683
143.800048828125, 0.009336
143.89990234375, -0.003168
144.0, -0.019973
144.10009765625, -0.020195
144.199951171875, 0.024811
144.300048828125, -0.016515
144.39990234375, 0.017983
144.5, -0.013366
144.60009765625, 0.035364
144.699951171875, 0.016963
144.800048828125, 0.006232
144.89990234375, 0.018648
145.0, -0.002813
145.10009765625, -0.032965
145.199951171875, -0.00339
145.300048828125, 0.011332
145.39990234375, 0.009115
145.5, 0.008937
145.60009765625, -0.002281
145.699951171875, 0.027161
145.800048828125, 0.027693
145.89990234375, -0.003212
146.0, 0.008405
146.10009765625, -0.033896
146.199951171875, 0.008361
146.300048828125, -0.006804
146.39990234375, 0.043479
146.5, 0.001843
146.60009765625, -0.001217
146.699951171875, 0.012529
146.800048828125, -0.008267
146.89990234375, -0.011282
147.0, -0.024274
147.10009765625, -0.007026
147.199951171875, -0.006006
147.300048828125, 0.002508
147.39990234375, -0.003656
147.5, 0.011243
147.60009765625, 0.013859
147.699951171875, 0.027827
147.800048828125, 0.020067
147.89990234375, -0.006183
148.0, 0.010711
148.10009765625, 0.010933
148.199951171875, -0.004143
148.300048828125, 0.035985
148.39990234375, 0.015588
148.5, 0.002951
148.60009765625, -0.025826
148.699951171875, -0.015849
148.800048828125, 0.008937
148.89990234375, 0.015012
149.0, -0.026536
149.10009765625, 0.002463
149.199951171875, 0.008582
149.300048828125, -0.011149
149.39990234375, 0.00171
149.5, -0.002724
149.60009765625, -0.01851
149.699951171875, -0.010795
149.800048828125, 0.014923
149.89990234375, 0.002641
150.0, 0.030354
150.10009765625, 0.004414
150.199951171875, 0.013327
150.300048828125, -0.00401
150.39990234375, 0.003084
150.5, 0.013416
150.60009765625, 0.011287
150.699951171875, -0.00237
150.800048828125, 0.00406
150.89990234375, 0.010046
151.0, 0.012396
151.10009765625, 0.012351
151.199951171875, 0.017451
151.300048828125, 0.022328
151.39990234375, 0.020422
151.5, 0.01315
151.60009765625, 0.026585
151.699951171875, -0.017047
151.800048828125, 0.003705
151.89990234375, 0.024013
152.0, 0.005523
152.10009765625, 0.002818
152.199951171875, -0.011681
152.300048828125, -0.003301
152.39990234375, 0.016653
152.5, 0.024856
152.60009765625, -0.017135
152.699951171875, 0.004459
152.800048828125, 0.023614
152.89990234375, 0.019224
153.0, -0.010085
153.10009765625, 0.014302
153.199951171875, 0.018515
153.300048828125, 0.002242
153.39990234375, -0.024008
153.5, -0.008799
153.60009765625, 0.000601
153.699951171875, -0.007026
153.800048828125, 0.022284
153.89990234375, 0.008361
154.0, -0.022988
154.10009765625, 0.009913
154.199951171875, 0.011908
154.300048828125, 0.031817
154.39990234375, 0.030398
154.5, 0.018559
154.60009765625, 0.009735
154.699951171875, -0.00033
154.800048828125, -0.010839
154.89990234375, 0.001044
155.0, 0.011553
155.10009765625, 0.002641
155.199951171875, -0.004055
155.300048828125, 0.000158
155.39990234375, -0.018732
155.5, 0.002242
155.60009765625, 0.00468
155.699951171875, -0.009021
155.800048828125, 0.014214
155.89990234375, 0.033901
156.0, -0.009996
156.10009765625, -0.026669
156.199951171875, 0.006321
156.300048828125, -0.00268
156.39990234375, -0.006449
156.5, 0.006898
156.60009765625, 0.003173
156.699951171875, 0.0057
156.800048828125, -0.003478
156.89990234375, -0.001173
157.0, 0.019889
157.10009765625, 0.006454
157.199951171875, 0.016032
157.300048828125, -0.004454
157.39990234375, -0.019264
157.5, 0.013327
157.60009765625, 0.001222
157.699951171875, 0.012839
157.800048828125, 0.010533
157.89990234375, 0.018338
158.0, -0.016869
158.10009765625, -0.004897
158.199951171875, 0.020732
158.300048828125, -0.001394
158.39990234375, 0.00171
158.5, -0.000685
158.60009765625, -0.007824
158.699951171875, -0.022323
158.800048828125, 0.005257
158.89990234375, 0.013682
159.0, 0.004015
159.10009765625, -0.013765
159.199951171875, 0.025343
159.300048828125, 0.02725
159.39990234375, 0.009336
159.5, 0.031019
159.60009765625, 0.01949
159.699951171875, 0.002907
159.800048828125, -0.010218
159.89990234375, -0.028664
160.0, 0.019357
160.10009765625, -0.00707
160.199951171875, -0.031812
160.300048828125, 0.007563
160.39990234375, -0.003922
160.5, 0.018027
160.60009765625, 0.016653
160.699951171875, -0.012701
160.800048828125, 0.014036
160.89990234375, -0.007868
161.0, -0.010085
161.10009765625, 0.005567
161.199951171875, 0.000202
161.300048828125, 0.005745
161.39990234375, 0.015012
161.5, 0.014214
161.60009765625, 0.00876
161.699951171875, -0.007159
161.800048828125, -0.022767
161.89990234375, 0.019712
162.0, -0.001705
162.10009765625, -0.001394
162.199951171875, 0.006498
162.300048828125, -0.011194
162.39990234375, 0.024545
162.5, 0.023481
162.60009765625, 0.005346
162.699951171875, 0.022062
162.800048828125, -0.008622
162.89990234375, 0.012751
163.0, -0.009287
163.10009765625, 0.011376
163.199951171875, -0.002503
163.300048828125, -0.00401
163.39990234375, -0.005252
163.5, -0.000729
163.60009765625, -0.014298
163.699951171875, 0.014657
163.800048828125, -0.001128
163.89990234375, 0.010667
164.0, 0.028137
164.10009765625, -0.008001
164.199951171875, 0.030265
164.300048828125, 0.038823
164.39990234375, -0.004542
164.5, 0.003927
164.60009765625, -0.008888
164.699951171875, -0.018554
164.800048828125, -0.000463
164.89990234375, 0.008627
165.0, -0.0084
165.10009765625, -0.003212
165.199951171875, 0.003794
165.300048828125, 0.014923
165.39990234375, -0.009021
165.5, 0.020776
165.60009765625, -0.023299
165.699951171875, -0.01647
165.800048828125, 0.011686
165.89990234375, -0.000419
166.0, 0.028713
166.10009765625, 0.017273
166.199951171875, 0.001044
166.300048828125, -0.005961
166.39990234375, 0.013327
166.5, 0.012218
166.60009765625, 0.007917
166.699951171875, 0.001266
166.800048828125, -0.003257
166.89990234375, -0.007336
167.0, 0.003173
167.10009765625, -0.016116
167.199951171875, -0.002414
167.300048828125, 0.012484
167.39990234375, 0.006986
167.5, -0.02321
167.60009765625, 0.00437
167.699951171875, 0.001621
167.800048828125, -0.01647
167.89990234375, 0.002064
168.0, 0.014524
168.10009765625, 0.02796
168.199951171875, -0.029817
168.300048828125, -0.024851
168.39990234375, -0.016781
168.5, -0.021436
168.60009765625, 0.005656
168.699951171875, 0.016165
168.800048828125, -0.021259
168.89990234375, 0.006676
169.0, 0.005833
169.10009765625, 0.010755
169.199951171875, -0.00401
169.300048828125, -0.008533
169.39990234375, -0.006981
169.5, -0.028753
169.60009765625, -0.001527
169.699951171875, 0.004104
169.800048828125, -0.022013
169.89990234375, -0.007425
170.0, 0.00304
170.10009765625, 0.015899
170.199951171875, -0.021969
170.300048828125, 0.002641
170.39990234375, 0.013105
170.5, 0.012484
170.60009765625, -0.012125
170.699951171875, 0.040685
170.800048828125, -0.017401
170.89990234375, -0.01412
171.0, -0.000153
171.10009765625, 0.025255
171.199951171875, -0.001749
171.300048828125, 0.000867
171.39990234375, 0.00539
171.5, -0.00339
171.60009765625, -0.002902
171.699951171875, 0.003173
171.800048828125, -0.000685
171.89990234375, -0.006538
172.0, 0.006809
172.10009765625, 0.005434
172.199951171875, -0.008134
172.300048828125, 0.028891
172.39990234375, 0.01714
172.5, -0.00636
172.60009765625, 0.012662
172.699951171875, 0.028891
172.800048828125, -0.011371
172.89990234375, 0.024013
173.0, 0.006986
173.10009765625, -0.014519
173.199951171875, 0.024013
173.300048828125, 0.000113
173.39990234375, -0.003168
173.5, 0.018426
173.60009765625, 0.007297
173.699951171875, 0.011021
173.800048828125, 0.008582
173.89990234375, -0.00605
174.0, 0.013593
174.10009765625, 0.014081
174.199951171875, -0.012347
174.300048828125, 0.010667
174.39990234375, -0.0178
174.5, 0.03328
174.60009765625, 0.014835
174.699951171875, 0.002818
174.800048828125, 0.01816
174.89990234375, -0.020638
175.0, 0.006942
175.10009765625, -0.00472
175.199951171875, -0.014918
175.300048828125, -0.013411
175.39990234375, 0.015322
175.5, 0.005168
175.60009765625, 0.008272
175.699951171875, 0.004947
175.800048828125, -0.000463
175.89990234375, 0.00876
176.0, 0.019402
176.10009765625, 0.015943
176.199951171875, 0.007518
176.300048828125, -0.018599
176.39990234375, -0.007292
176.5, -0.025782
176.60009765625, 0.013504
176.699951171875, 0.013504
176.800048828125, -0.038862
176.89990234375, -0.016116
177.0, -0.0037
177.10009765625, -0.000552
177.199951171875, -0.008223
177.300048828125, 0.006898
177.39990234375, 0.020555
177.5, -0.016071
177.60009765625, -0.007558
177.699951171875, 0.007873
177.800048828125, -0.008844
177.89990234375, 0.000823
178.0, -0.003833
178.10009765625, 0.007651
178.199951171875, -0.001394
178.300048828125, -0.002813
178.39990234375, 0.009292
178.5, 0.00171
178.60009765625, -0.021215
178.699951171875, 0.011287
178.800048828125, 0.006011
178.89990234375, 0.000468
179.0, -0.004853
179.10009765625, -0.008844
179.199951171875, 0.022417
179.300048828125, 0.019136
179.39990234375, 0.002375
179.5, 0.021264
179.60009765625, 0.006232
179.699951171875, -0.008444
179.800048828125, 0.007696
179.89990234375, -0.002015
180.0, 0.008006
180.10009765625, 0.000113
180.199951171875, 0.017761
180.300048828125, -0.00942
180.39990234375, 0.001754
180.5, 0.007385
180.60009765625, 0.014169
180.699951171875, 0.000823
180.800048828125, -0.003124
180.89990234375, 0.016387
181.0, 0.010622
181.10009765625, 0.019934
181.199951171875, 0.001887
181.300048828125, 0.024944
181.39990234375, 0.014968
181.5, -0.030571
181.60009765625, -0.028664
181.699951171875, 0.016431
181.800048828125, -0.000153
181.89990234375, 0.000512
182.0, 0.020732
182.10009765625, 0.031418
182.199951171875, 0.014302
182.300048828125, -0.007912
182.39990234375, -0.006981
182.5, 0.001355
182.60009765625, 0.004991
182.699951171875, -0.019352
182.800048828125, -0.002414
182.89990234375, 0.014923
183.0, 0.007607
183.10009765625, 0.014702
183.199951171875, -0.002769
183.300048828125, -0.000552
183.39990234375, -0.007558
183.5, -0.016116
183.60009765625, 0.010312
183.699951171875, 0.026762
183.800048828125, 0.009203
183.89990234375, 0.011686
184.0, 0.0057
184.10009765625, 0.018737
184.199951171875, 0.01111
184.300048828125, 0.004281
184.39990234375, 0.012263
184.5, -0.010839
184.60009765625, -0.016958
184.699951171875, -0.005119
184.800048828125, -0.030748
184.89990234375, 0.003483
185.0, -0.011371
185.10009765625, -0.012613
185.199951171875, 0.025122
185.300048828125, 0.009336
185.39990234375, 0.009824
185.5, -0.004853
185.60009765625, 0.020954
185.699951171875, -0.003079
185.800048828125, 0.036163
185.89990234375, 0.000291
186.0, 0.012839
186.10009765625, -0.013012
186.199951171875, 0.019712
186.300048828125, 0.027073
186.39990234375, 0.010844
186.5, 0.012573
186.60009765625, -0.003966
186.699951171875, -0.008134
186.800048828125, 0.008849
186.89990234375, 0.013061
187.0, -0.020417
187.10009765625, 0.014657
187.199951171875, 0.028314
187.300048828125, 0.012218
187.39990234375, 0.007784
187.5, -0.002946
187.60009765625, 0.003262
187.699951171875, 0.02255
187.800048828125, 0.008183
187.89990234375, -0.025915
188.0, 0.005035
188.10009765625, 0.021707
188.199951171875, 0.023038
188.300048828125, 0.040419
188.39990234375, -0.013189
188.5, -0.004853
188.60009765625, 0.007917
188.699951171875, 0.021042
188.800048828125, 0.002463
188.89990234375, 0.00171
189.0, 0.008893
189.10009765625, 0.015101
189.199951171875, 0.014702
189.300048828125, 0.033236
189.39990234375, 0.018737
189.5, -0.006538
189.60009765625, 0.004237
189.699951171875, -0.011194
189.800048828125, 0.015987
189.89990234375, 0.017628
190.0, 0.006809
190.10009765625, 0.026674
190.199951171875, 0.001311
190.300048828125, -0.005208
190.39990234375, 0.020954
190.5, -0.004676
190.60009765625, 0.003439
190.699951171875, 0.008139
190.800048828125, -0.002104
190.89990234375, 0.017894
191.0, 0.009868
191.10009765625, 0.018293
191.199951171875, -0.004188
191.300048828125, -0.019352
191.39990234375, -0.015849
191.5, 0.010622
191.60009765625, -0.004897
191.699951171875, 0.02459
191.800048828125, 0.007696
191.89990234375, 0.000557
192.0, 0.022683
192.10009765625, -0.003079
192.199951171875, -0.009686
192.300048828125, 0.000601
192.39990234375, 0.004947
192.5, 0.000379
192.60009765625, 0.006809
192.699951171875, 0.027782
192.800048828125, 0.00978
192.89990234375, -0.018732
193.0, -0.014076
193.10009765625, -0.009021
193.199951171875, 0.010489
193.300048828125, 0.008139
193.39990234375, 0.023259
193.5, -0.012169
193.60009765625, 0.00907
193.699951171875, 0.017938
193.800048828125, 0.003705
193.89990234375, 0.000734
194.0, 0.006277
194.10009765625, -0.002724
194.199951171875, -0.009553
194.300048828125, -0.002104
194.39990234375, -0.014785
194.5, 0.0155
194.60009765625, -0.018687
194.699951171875, 0.018825
194.800048828125, 0.00805
194.89990234375, 0.016564
195.0, 0.009203
195.10009765625, 0.040242
195.199951171875, 0.022506
195.300048828125, 0.002818
195.39990234375, -2e-05
195.5, 0.00876
195.60009765625, -0.018643
195.699951171875, 0.023658
195.800048828125, 0.032482
195.89990234375, -0.024186
196.0, 0.00406
196.10009765625, -0.004542
196.199951171875, 0.027605
196.300048828125, 0.007962
196.39990234375, -0.017135
196.5, 0.02623
196.60009765625, -0.012701
196.699951171875, -0.005695
196.800048828125, -0.012746
196.89990234375, 0.024191
197.0, 0.003705
197.10009765625, -0.023565
197.199951171875, 0.002064
197.300048828125, -0.006848
197.39990234375, 0.006144
197.5, -0.005119
197.60009765625, 0.014214
197.699951171875, -0.002192
197.800048828125, -0.008844
197.89990234375, 0.003084
198.0, 0.009647
198.10009765625, 0.025077
198.199951171875, -0.010706
198.300048828125, -0.016426
198.39990234375, -0.001128
198.5, -0.003301
198.60009765625, -0.005873
198.699951171875, 0.00335
198.800048828125, 0.003306
198.89990234375, 0.00304
199.0, 0.010179
199.10009765625, -0.021791
199.199951171875, 0.007252
199.300048828125, 0.008849
199.39990234375, 0.012706
199.5, 0.027782
199.60009765625, 0.005346
199.699951171875, 0.000911
199.800048828125, 0.001399
199.89990234375, -0.00472
200.0, 0.009425
200.10009765625, 0.017983
200.199951171875, -0.010529
200.300048828125, 0.000424
200.39990234375, 0.016209
200.5, 0.00978
200.60009765625, 0.026142
200.699951171875, 0.0202
200.800048828125, 0.015234
200.89990234375, 0.009868
201.0, 0.006454
201.10009765625, -0.009287
201.199951171875, -0.008045
201.300048828125, -0.009863
201.39990234375, -0.014785
201.5, 0.03328
201.60009765625, 0.018338
201.699951171875, 0.024191
201.800048828125, 0.013682
201.89990234375, -0.029063
202.0, 0.00743
202.10009765625, -0.008444
202.199951171875, -0.008444
202.300048828125, -0.014209
202.39990234375, 0.003661
202.5, 0.00641
202.60009765625, 0.016653
202.699951171875, 0.005213
202.800048828125, -0.002858
202.89990234375, 0.001976
203.0, 0.032837
203.10009765625, 0.013682
203.199951171875, 2.5e-05
203.300048828125, 0.001931
203.39990234375, 0.001444
203.5, -0.040902
203.60009765625, -0.026669
203.699951171875, 0.005966
203.800048828125, 0.005346
203.89990234375, -0.017623
204.0, 0.007297
204.10009765625, 0.001931
204.199951171875, -0.002724
204.300048828125, 0.028536
204.39990234375, 0.005922
204.5, -0.004942
204.60009765625, -0.004587
204.699951171875, 0.008538
204.800048828125, -0.001128
204.89990234375, 0.002064
205.0, 0.00335
205.10009765625, 0.002729
205.199951171875, -0.017933
205.300048828125, -0.002414
205.39990234375, -0.023254
205.5, -0.002458
205.60009765625, 0.004326
205.699951171875, -0.007735
205.800048828125, -0.002991
205.89990234375, -0.019574
206.0, -0.025915
206.10009765625, 0.019978
206.199951171875, -0.018244
206.300048828125, -0.00605
206.39990234375, 0.01714
206.5, -0.010529
206.60009765625, -0.002237
206.699951171875, -0.01412
206.800048828125, 0.018914
206.89990234375, 0.012928
207.0, 0.017451
207.10009765625, 0.02521
207.199951171875, 0.005301
207.300048828125, -0.014741
207.39990234375, -0.001882
207.5, 0.000158
207.60009765625, -0.016293
207.699951171875, 0.005612
207.800048828125, 0.029955
207.89990234375, -0.003124
208.0, 0.01949
208.10009765625, -0.000907
208.199951171875, -0.016603
208.300048828125, -0.014386
208.39990234375, -0.003833
208.5, 0.015987
208.60009765625, -0.011504
208.699951171875, -0.007912
208.800048828125, 0.012263
208.89990234375, 0.035143
209.0, 0.041661
209.10009765625, 0.022594
209.199951171875, 0.001665
209.300048828125, 0.004015
209.39990234375, -0.011327
209.5, 0.007031
209.60009765625, -0.012036
209.699951171875, 0.007607
209.800048828125, 0.017007
209.89990234375, 0.021973
210.0, 0.029556
210.10009765625, 0.008893
210.199951171875, -0.0182
210.300048828125, -0.008134
210.39990234375, -0.0182
210.5, 0.025388
210.60009765625, 0.018515
210.699951171875, 0.025521
210.800048828125, -0.013278
210.89990234375, 0.017185
211.0, 0.0296
211.10009765625, -0.025383
211.199951171875, 0.026496
211.300048828125, 0.013593
211.39990234375, 0.000911
211.5, 0.03328
211.60009765625, -0.016559
211.699951171875, 0.014524
211.800048828125, 0.011952
211.89990234375, 0.016342
212.0, -0.005562
212.10009765625, -0.005873
212.199951171875, -0.017047
212.300048828125, -0.006272
212.39990234375, -0.013898
212.5, -0.006006
212.60009765625, 0.020688
212.699951171875, -0.011814
212.800048828125, -0.00809
212.89990234375, -0.01075
213.0, -0.009287
213.10009765625, 0.022062
213.199951171875, 0.017318
213.300048828125, 0.010711
213.39990234375, 0.00304
213.5, 0.022151
213.60009765625, 0.013682
213.699951171875, 0.029378
213.800048828125, -0.019663
213.89990234375, -0.025915
214.0, 0.002774
214.10009765625, -0.005208
214.199951171875, 0.007031
214.300048828125, -0.012613
214.39990234375, 0.000867
214.5, -0.000463
214.60009765625, -0.003789
214.699951171875, -0.025161
214.800048828125, -0.000241
214.89990234375, 0.009336
215.0, -0.007735
215.10009765625, -0.009686
215.199951171875, -0.002724
215.300048828125, 0.008228
215.39990234375, -0.005518
215.5, 0.000158
215.60009765625, 0.005922
215.699951171875, -0.000419
215.800048828125, 0.003572
215.89990234375, 0.006099
216.0, 0.00335
216.10009765625, -0.008888
216.199951171875, 0.025476
216.300048828125, 0.024811
216.39990234375, 0.018958
216.5, -0.007292
216.60009765625, -0.011726
216.699951171875, -0.029861
216.800048828125, 0.005922
216.89990234375, -0.002503
217.0, 0.014169
217.10009765625, -0.007602
217.199951171875, 0.035941
217.300048828125, 0.040464
217.39990234375, 0.016741
217.5, -0.000197
217.60009765625, 0.015987
217.699951171875, 0.015544
217.800048828125, 0.016431
217.89990234375, 0.015766
218.0, 0.009203
218.10009765625, 0.001976
218.199951171875, -0.018333
218.300048828125, -0.00401
218.39990234375, 0.013992
218.5, 0.008316
218.60009765625, 0.024811
218.699951171875, -0.004454
218.800048828125, -0.026358
218.89990234375, -0.01545
219.0, 0.001754
219.10009765625, 0.002286
219.199951171875, 0.014879
219.300048828125, 0.017273
219.39990234375, -0.027955
219.5, -0.005296
219.60009765625, 0.01142
219.699951171875, -0.007779
219.800048828125, 0.008316
219.89990234375, -0.005562
220.0, 0.013238
220.10009765625, 0.021131
220.199951171875, 0.025964
220.300048828125, -0.014741
220.39990234375, -0.007292
220.5, 0.014923
220.60009765625, 0.004636
220.699951171875, 0.000158
220.800048828125, 0.01142
220.89990234375, 0.000601
221.0, 0.004237
221.10009765625, 0.001665
221.199951171875, 0.008982
221.300048828125, 0.004281
221.39990234375, 0.003395
221.5, -0.008223
221.60009765625, -0.01381
221.699951171875, 0.003483
221.800048828125, -0.022501
221.89990234375, -0.01718
222.0, 0.004636
222.10009765625, -0.01483
222.199951171875, 0.01949
222.300048828125, -0.011105
222.39990234375, -0.00268
222.5, 0.011199
222.60009765625, 0.02592
222.699951171875, -0.013765
222.800048828125, -0.00339
222.89990234375, 0.027472
223.0, 0.017894
223.10009765625, -0.023387
223.199951171875, 0.017406
223.300048828125, 0.024545
223.39990234375, -0.011681
223.5, -0.022811
223.60009765625, 0.007297
223.699951171875, 0.002286
223.800048828125, 0.002818
223.89990234375, 0.025787
224.0, -0.002769
224.10009765625, -0.000241
224.199951171875, -0.004764
224.300048828125, -0.01718
224.39990234375, 0.002375
224.5, 0.008405
224.60009765625, 0.004547
224.699951171875, -0.032655
224.800048828125, -0.017667
224.89990234375, -0.01177
225.0, 0.003262
225.10009765625, 0.013017
225.199951171875, -0.018953
225.300048828125, -0.019485
225.39990234375, -0.009642
225.5, 0.007164
225.60009765625, -0.005961
225.699951171875, 0.006144
225.800048828125, 0.022639
225.89990234375, -0.001173
226.0, 0.019889
226.10009765625, 0.011997
226.199951171875, -0.009331
226.300048828125, -0.024186
226.39990234375, -0.019441
226.5, -0.000241
226.60009765625, 0.006232
226.699951171875, -0.00104
226.800048828125, 0.001798
226.89990234375, 0.003084
227.0, -0.016426
227.10009765625, -0.008267
227.199951171875, -0.001705
227.300048828125, -0.002281
227.39990234375, 0.007607
227.5, -0.008311
227.60009765625, -0.01851
227.699951171875, -0.008045
227.800048828125, 0.006055
227.89990234375, 0.009558
228.0, 0.014258
228.10009765625, -0.003833
228.199951171875, 0.011154
228.300048828125, 0.020821
228.39990234375, 0.021441
228.5, -0.003567
228.60009765625, 0.017273
228.699951171875, 0.006543
228.800048828125, -0.030659
228.89990234375, 0.011864
229.0, -0.032921
229.10009765625, 0.010134
229.199951171875, -0.000596
229.300048828125, 0.0057
229.39990234375, 0.019357
229.5, 0.017185
229.60009765625, -0.018998
229.699951171875, -0.031058
229.800048828125, -0.00033
229.89990234375, 0.003306
230.0, -0.001838
230.10009765625, 0.006853
230.199951171875, -0.025294
230.300048828125, 0.019402
230.39990234375, 0.001222
230.5, -0.005296
230.60009765625, 0.020244
230.699951171875, -0.004764
230.800048828125, -0.018155
230.89990234375, 0.024856
231.0, 0.015056
231.10009765625, 0.004547
231.199951171875, -0.006538
231.300048828125, -0.000286
231.39990234375, 0.008095
231.5, -0.019352
231.60009765625, 0.009824
231.699951171875, -0.01208
231.800048828125, -0.003478
231.89990234375, 0.011509
232.0, 0.011021
232.10009765625, 0.00304
232.199951171875, 0.022816
232.300048828125, -0.027112
232.39990234375, -0.001705
232.5, -0.007336
232.60009765625, -0.002414
232.699951171875, 0.019978
232.800048828125, -0.004365
232.89990234375, -0.004321
233.0, 0.003971
233.10009765625, 0.014835
233.199951171875, 0.017318
233.300048828125, -0.00268
233.39990234375, 0.020022
233.5, 0.013238
233.60009765625, 0.023703
233.699951171875, -0.00166
233.800048828125, 0.004592
233.89990234375, 6.9e-05
234.0, -0.001306
234.10009765625, 0.02122
234.199951171875, -0.014431
234.300048828125, 0.015766
234.39990234375, 0.011952
234.5, 0.002375
234.60009765625, 0.018338
234.699951171875, 0.024102
234.800048828125, 0.000601
234.89990234375, 0.005257
235.0, -0.002591
235.10009765625, 0.021397
235.199951171875, -0.017889
235.300048828125, -0.02862
235.39990234375, 0.014081
235.5, -0.001084
235.60009765625, -0.020239
235.699951171875, 0.018382
235.800048828125, 0.004237
235.89990234375, 0.000291
236.0, 0.031596
236.10009765625, -0.018244
236.199951171875, -0.000995
236.300048828125, -0.010484
236.39990234375, -0.012435
236.5, -0.000241
236.60009765625, 0.000512
236.699951171875, 0.004503
236.800048828125, 0.023082
236.89990234375, 0.009824
237.0, 0.013371
237.10009765625, -0.006139
237.199951171875, 0.01887
237.300048828125, -0.007558
237.39990234375, 0.010223
237.5, 0.027693
237.60009765625, 0.033857
237.699951171875, 0.002552
237.800048828125, 0.016963
237.89990234375, 0.001222
238.0, -0.002503
238.10009765625, 0.006543
238.199951171875, 0.012529
238.300048828125, 0.004547
238.39990234375, 0.006986
238.5, -0.015761
238.60009765625, 0.021441
238.699951171875, -0.012879
238.800048828125, 0.019313
238.89990234375, 0.004193
239.0, 0.010267
239.10009765625, -0.008932
239.199951171875, 0.007696
239.300048828125, 0.007119
239.39990234375, 0.009647
239.5, 0.034699
239.60009765625, -0.01851
239.699951171875, 0.01918
239.800048828125, -0.008223
239.89990234375, 0.001532
240.0, -0.013189
240.10009765625, 0.008893
240.199951171875, -0.022944
240.300048828125, -0.018953
240.39990234375, 0.028669
240.5, 0.031152
240.60009765625, -0.018155
240.699951171875, 0.000202
240.800048828125, 0.003882
240.89990234375, 0.00907
241.0, 0.014081
241.10009765625, 0.005656
241.199951171875, 0.000291
241.300048828125, -0.016869
241.39990234375, -0.011327
241.5, 0.002242
241.60009765625, -0.010529
241.699951171875, -0.00268
241.800048828125, -0.008578
241.89990234375, -0.013987
242.0, -0.010795
242.10009765625, 0.00171
242.199951171875, 0.010977
242.300048828125, 0.00907
242.39990234375, -0.018111
242.5, 0.00539
242.60009765625, -0.01208
242.699951171875, 0.024457
242.800048828125, -0.021924
242.89990234375, -0.005651
243.0, -0.013987
243.10009765625, -0.006627
243.199951171875, -0.018377
243.300048828125, -0.003301
243.39990234375, -0.009154
243.5, -0.005961
243.60009765625, -0.01208
243.699951171875, 0.006853
243.800048828125, 0.009336
243.89990234375, 0.022949
244.0, -0.010617
244.10009765625, 0.020909
244.199951171875, 0.017096
244.300048828125, 0.003971
244.39990234375, -0.013632
244.5, -0.002104
244.60009765625, 0.018515
244.699951171875, -0.018244
244.800048828125, 0.011952
244.89990234375, 0.010356
245.0, -0.013588
245.10009765625, 0.020244
245.199951171875, 0.009957
245.300048828125, 0.010622
245.39990234375, 0.013682
245.5, 0.013815
245.60009765625, 0.02858
245.699951171875, -0.002192
245.800048828125, -0.004631
245.89990234375, -0.011282
246.0, -0.004764
246.10009765625, -0.013189
246.199951171875, 0.016919
246.300048828125, 0.014879
246.39990234375, 0.024102
246.5, 0.000113
246.60009765625, 0.032394
246.699951171875, 0.004326
246.800048828125, -0.013632
246.89990234375, 0.01346
247.0, -0.006848
247.10009765625, -0.007336
247.199951171875, -0.000995
247.300048828125, 0.022993
247.39990234375, -0.015849
247.5, 0.015411
247.60009765625, 0.018116
247.699951171875, -0.007159
247.800048828125, 0.022461
247.89990234375, 0.023969
248.0, -0.017135
248.10009765625, -0.015184
248.199951171875, 0.024545
248.300048828125, 0.041395
248.39990234375, 0.00641
248.5, 0.003616
248.60009765625, 0.021175
248.699951171875, 0.000734
248.800048828125, 0.005656
248.89990234375, 0.0104
249.0, 0.022195
249.10009765625, 0.018781
249.199951171875, 0.038557
249.300048828125, -0.008533
249.39990234375, 0.022018
249.5, -0.011016
249.60009765625, -0.006893
249.699951171875, 0.046139
249.800048828125, 0.02623
249.89990234375, -0.005296
250.0, 0.00406
250.10009765625, -0.006183
250.199951171875, -0.004986
250.300048828125, 0.005833
250.39990234375, 0.020954
250.5, 0.026319
250.60009765625, -0.002991
250.699951171875, -0.000507
250.800048828125, -0.007292
250.89990234375, 0.003705
251.0, -0.041523
251.10009765625, -0.006183
251.199951171875, -0.003168
251.300048828125, -0.007646
251.39990234375, 0.001089
251.5, -0.004986
251.60009765625, -0.002325
251.699951171875, 0.034212
251.800048828125, 0.013416
251.89990234375, 0.009248
252.0, -0.010351
252.10009765625, -0.003744
252.199951171875, -0.002991
252.300048828125, -0.004631
252.39990234375, -0.011814
252.5, -0.000197
252.60009765625, 0.018604
252.699951171875, 0.006853
252.800048828125, -0.002991
252.89990234375, 0.010312
253.0, 0.00876
253.10009765625, 0.002286
253.199951171875, -0.007114
253.300048828125, -0.004454
253.39990234375, -0.017357
253.5, 0.001843
253.60009765625, 0.006942
253.699951171875, -0.0178
253.800048828125, 0.007651
253.89990234375, 0.003217
254.0, -0.005562
254.10009765625, -0.016337
254.199951171875, -0.009819
254.300048828125, 0.017539
254.39990234375, 0.011819
254.5, 0.007696
254.60009765625, -0.005562
254.699951171875, 0.010267
254.800048828125, 0.002286
254.89990234375, -0.009908
255.0, -0.00911
255.10009765625, 0.032438
255.199951171875, -0.010617
255.300048828125, -0.001882
255.39990234375, 0.008139
255.5, -0.010573
255.60009765625, 0.019934
255.699951171875, 0.008671
255.800048828125, 0.003084
255.89990234375, -0.010041
256.0, 0.015943
256.10009765625, 0.001044
256.199951171875, -0.007824
256.300048828125, 0.009469
256.39990234375, 0.020466
256.5, 0.021308
256.60009765625, 0.004769
256.699951171875, 0.006144
256.800048828125, -0.004276
256.89990234375, 0.021087
257.0, -0.013145
257.10009765625, -0.021259
257.199951171875, 0.007031
257.300048828125, 0.013549
257.39990234375, 0.023525
257.5, 0.005434
257.60009765625, 0.007607
257.699951171875, 0.018515
257.800048828125, 0.004902
257.89990234375, -0.016204
258.0, 0.024501
258.10009765625, -0.032566
258.199951171875, 0.015721
258.300048828125, -0.025117
258.39990234375, 0.000867
258.5, -0.014741
258.60009765625, -0.009154
258.699951171875, -0.016515
258.800048828125, -0.016204
258.89990234375, 0.005301
259.0, -0.01279
259.10009765625, -0.000197
259.199951171875, -0.027378
259.300048828125, 0.029245
259.39990234375, 0.006232
259.5, -0.011149
259.60009765625, -0.005296
259.699951171875, -0.008932
259.800048828125, -0.001838
259.89990234375, -0.001926
260.0, -0.021614
260.10009765625, 0.016387
260.199951171875, 0.000424
260.300048828125, 0.011908
260.39990234375, -0.016293
260.5, 0.0343
260.60009765625, -0.011415
260.699951171875, -0.019973
260.800048828125, 0.02694
260.89990234375, -0.005695
261.0, 0.009957
261.10009765625, -0.018953
261.199951171875, -0.012213
261.300048828125, 0.011864
261.39990234375, 0.013105
261.5, 0.025343
261.60009765625, 0.006144
261.699951171875, 0.011154
261.800048828125, 0.029201
261.89990234375, 0.009824
262.0, 0.008538
262.10009765625, -0.027156
262.199951171875, 0.005878
262.300048828125, 0.012484
262.39990234375, 0.007563
262.5, 0.011332
262.60009765625, -0.013411
262.699951171875, -0.015672
262.800048828125, -0.023476
262.89990234375, -0.014031
263.0, 0.01244
263.10009765625, 0.015411
263.199951171875, -0.014253
263.300048828125, 0.02051
263.39990234375, 0.006365
263.5, 0.00876
263.60009765625, 0.005035
263.699951171875, 0.010622
263.800048828125, -0.011992
263.89990234375, -0.016027
264.0, 0.006277
264.10009765625, -0.004232
264.199951171875, 0.011598
264.300048828125, -0.011016
264.39990234375, 0.017451
264.5, 0.003173
264.60009765625, -0.007691
264.699951171875, -0.000685
264.800048828125, 0.006587
264.89990234375, 0.018604
265.0, 0.003749
265.10009765625, -0.015184
265.199951171875, 0.023969
265.300048828125, 0.00672
265.39990234375, 0.006853
265.5, 0.008228
265.60009765625, 0.015943
265.699951171875, 0.018204
265.800048828125, 0.006853
265.89990234375, 0.018426
266.0, 0.016564
266.10009765625, 0.00539
266.199951171875, 0.007075
266.300048828125, 0.012573
266.39990234375, 0.002242
266.5, 0.012928
266.60009765625, 0.014923
266.699951171875, -0.001173
266.800048828125, -0.026447
266.89990234375, -0.007779
267.0, -0.013056
267.10009765625, 6.9e-05
267.199951171875, -0.01647
267.300048828125, 0.007607
267.39990234375, 0.013105
267.5, -0.018998
267.60009765625, 0.021353
267.699951171875, -0.005385
267.800048828125, -0.006405
267.89990234375, -0.007336
268.0, 0.015943
268.10009765625, -0.001128
268.199951171875, -0.000507
268.300048828125, 0.005612
268.39990234375, -0.010529
268.5, 0.01315
268.60009765625, 0.015633
268.699951171875, 0.025299
268.800048828125, -0.000463
268.89990234375, 0.00304
269.0, 0.012529
269.10009765625, -0.004321
269.199951171875, 0.006188
269.300048828125, 0.012351
269.39990234375, 0.012396
269.5, 0.000246
269.60009765625, 0.027028
269.699951171875, -0.001261
269.800048828125, 0.005878
269.89990234375, -0.011371
270.0, 0.011864
270.10009765625, 0.006454
270.199951171875, -0.009996
270.300048828125, 0.003129
270.39990234375, -0.011238
270.5, 0.006764
270.60009765625, -0.005518
270.699951171875, 0.003395
270.800048828125, -0.007868
270.89990234375, 0.017717
271.0, 0.018515
271.10009765625, 0.008849
271.199951171875, -0.02423
271.300048828125, -0.001572
271.39990234375, 0.011199
271.5, -0.011903
271.60009765625, 0.001887
271.699951171875, -0.002281
271.800048828125, -0.036911
271.89990234375, 0.005213
272.0, -0.006493
272.10009765625, -0.01208
272.199951171875, -0.010662
272.300048828125, 0.010755
272.39990234375, 0.002641
272.5, 0.016209
272.60009765625, 0.013593
272.699951171875, -0.021747
272.800048828125, -0.010529
272.89990234375, -0.019884
273.0, -0.004897
273.10009765625, -0.009464
273.199951171875, -0.006671
273.300048828125, -0.011992
273.39990234375, -0.012391
273.5, -0.031945
273.60009765625, 0.002596
273.699951171875, 0.033635
273.800048828125, -0.002325
273.89990234375, 0.008139
274.0, 0.018293
274.10009765625, 0.013992
274.199951171875, 0.007518
274.300048828125, -0.012435
274.39990234375, 0.015367
274.5, -0.017756
274.60009765625, -0.005607
274.699951171875, 0.019136
274.800048828125, 0.018338
274.89990234375, 0.02184
275.0, 0.009824
275.10009765625, 0.001621
275.199951171875, -0.00472
275.300048828125, 0.018027
275.39990234375, 0.020555
275.5, 0.015012
275.60009765625, 0.014081
275.699951171875, 0.01785
275.800048828125, -0.003124
275.89990234375, -0.011194
276.0, 0.010312
276.10009765625, 0.017805
276.199951171875, 0.004503
276.300048828125, 0.002463
276.39990234375, -0.018244
276.5, -0.003168
276.60009765625, -0.01208
276.699951171875, -0.00135
276.800048828125, -0.008178
276.89990234375, -0.016603
277.0, -0.017002
277.10009765625, 0.008494
277.199951171875, 0.02756
277.300048828125, -0.001084
277.39990234375, -0.007558
277.5, -0.016293
277.60009765625, -0.026491
277.699951171875, 0.007119
277.800048828125, 0.017273
277.89990234375, 0.017185
278.0, 0.004636
278.10009765625, 0.039843
278.199951171875, 0.013017
278.300048828125, 0.04073
278.39990234375, -0.000153
278.5, -0.006671
278.60009765625, 0.039577
278.699951171875, 0.001044
278.800048828125, -0.015406
278.89990234375, 0.011066
279.0, 0.005745
279.10009765625, -0.027422
279.199951171875, 0.020555
279.300048828125, 0.010312
279.39990234375, -0.012568
279.5, -0.036512
279.60009765625, 0.011819
279.699951171875, -0.006006
279.800048828125, -0.015362
279.89990234375, -2e-05
280.0, 0.001976
280.10009765625, 0.023348
280.199951171875, 0.016253
280.300048828125, 0.023614
280.39990234375, -0.006937
280.5, 0.021486
280.60009765625, 0.018825
280.699951171875, -0.001527
280.800048828125, -0.028043
280.89990234375, -0.000862
281.0, 0.002242
281.10009765625, -0.00636
281.199951171875, -0.00809
281.300048828125, -0.026137
281.39990234375, 0.014436
281.5, -0.01146
281.60009765625, -0.022235
281.699951171875, 0.008316
281.800048828125, -0.00064
281.89990234375, 0.015189
282.0, -0.025693
282.10009765625, -0.00401
282.199951171875, 0.024723
282.300048828125, 0.015854
282.39990234375, 0.0104
282.5, -0.009509
282.60009765625, -0.000729
282.699951171875, -0.015982
282.800048828125, 0.008183
282.89990234375, -0.018953
283.0, 0.008272
283.10009765625, -0.010129
283.199951171875, 0.01714
283.300048828125, 0.022594
283.39990234375, -0.00503
283.5, -0.004143
283.60009765625, 0.000424
283.699951171875, 0.013238
283.800048828125, -0.014785
283.89990234375, -0.012347
284.0, 0.006321
284.10009765625, -0.003567
284.199951171875, 0.035187
284.300048828125, -2e-05
284.39990234375, 0.00641
284.5, 0.010622
284.60009765625, 0.002064
284.699951171875, 0.015544
284.800048828125, -0.011504
284.89990234375, -0.010795
285.0, -0.011282
285.10009765625, -0.012125
285.199951171875, -0.00911
285.300048828125, 0.007829
285.39990234375, 0.020909
285.5, -0.005429
285.60009765625, 0.002596
285.699951171875, -0.011726
285.800048828125, -0.021836
285.89990234375, 0.024723
286.0, -0.005208
286.10009765625, 0.008893
286.199951171875, -0.009952
286.300048828125, 0.007518
286.39990234375, 0.004858
286.5, -0.015229
286.60009765625, 0.001222
286.699951171875, -0.021569
286.800048828125, -0.012347
286.89990234375, -0.005695
287.0, -0.016426
287.10009765625, 0.009159
287.199951171875, 0.007607
287.300048828125, 0.018737
287.39990234375, -0.003922
287.5, -0.00707
287.60009765625, 0.003483
287.699951171875, -0.017623
287.800048828125, 0.019047
287.89990234375, 0.012529
288.0, 0.002242
288.10009765625, -0.015096
288.199951171875, -0.018466
288.300048828125, 0.017894
288.39990234375, 0.010578
288.5, 0.006099
288.60009765625, -0.001705
288.699951171875, -0.006405
288.800048828125, -0.003877
288.89990234375, 0.01785
289.0, 0.007075
289.10009765625, -0.013145
289.199951171875, -0.015317
289.300048828125, 0.010001
289.39990234375, -0.026846
289.5, 0.033014
289.60009765625, -0.029817
289.699951171875, -0.00809
289.800048828125, 0.014125
289.89990234375, -0.010573
290.0, -0.006715
290.10009765625, 0.009602
290.199951171875, 0.017273
290.300048828125, -0.00237
290.39990234375, -0.021924
290.5, -0.009287
290.60009765625, -0.003478
290.699951171875, -0.003345
290.800048828125, 0.008716
290.89990234375, -0.005784
291.0, 0.000557
291.10009765625, 0.003749
291.199951171875, 0.019091
291.300048828125, 0.0296
291.39990234375, 0.02694
291.5, -0.023742
291.60009765625, -0.007558
291.699951171875, -0.006316
291.800048828125, 0.023082
291.89990234375, 0.003882
292.0, 0.011332
292.10009765625, 0.001089
292.199951171875, -0.023787
292.300048828125, -0.00574
292.39990234375, -0.036734
292.5, -0.026624
292.60009765625, 0.025432
292.699951171875, 0.010533
292.800048828125, 0.007031
292.89990234375, -0.007779
293.0, 0.000246
293.10009765625, 0.011952
293.199951171875, -0.003877
293.300048828125, -0.001926
293.39990234375, 0.005035
293.5, 0.032216
293.60009765625, 0.01111
293.699951171875, 0.000911
293.800048828125, 0.021574
293.89990234375, -0.021702
294.0, -0.027245
294.10009765625, -0.029329
294.199951171875, -0.00401
294.300048828125, 0.013593
294.39990234375, 0.008671
294.5, -0.021259
294.60009765625, -0.005075
294.699951171875, -0.007114
294.800048828125, 0.027915
294.89990234375, 0.004547
295.0, -0.001882
295.10009765625, 0.005612
295.199951171875, -0.011637
295.300048828125, -0.001793
295.39990234375, 0.004237
295.5, -0.032167
295.60009765625, 0.018781
295.699951171875, -0.014209
295.800048828125, 0.017318
295.89990234375, 0.006498
296.0, 0.01111
296.10009765625, 0.040286
296.199951171875, -0.014874
296.300048828125, 0.002286
296.39990234375, 0.009647
296.5, -0.01412
296.60009765625, -0.007646
296.699951171875, -0.015716
296.800048828125, -0.013499
296.89990234375, -0.011238
297.0, -0.007292
297.10009765625, -0.010573
297.199951171875, -0.013499
297.300048828125, 0.018071
297.39990234375, -0.000995
297.5, -0.003833
297.60009765625, 0.000379
297.699951171875, -0.020372
297.800048828125, 0.002907
297.89990234375, 0.026408
298.0, -0.004631
298.10009765625, -0.001705
298.199951171875, -0.00064
298.300048828125, 0.002109
298.39990234375, -0.017357
298.5, 0.017584
298.60009765625, -0.008755
298.699951171875, 0.001843
298.800048828125, -0.01177
298.89990234375, 0.02357
299.0, 0.011997
299.10009765625, 0.003749
299.199951171875, -0.001084
299.300048828125, -0.005429
299.39990234375, -0.00104
299.5, -0.003656
299.60009765625, -0.0276
299.699951171875, -0.022501
299.800048828125, -0.003257
299.89990234375, -0.004188
300.0, 0.00774
300.10009765625, 0.016342
300.199951171875, -0.015894
300.300048828125, -0.010662
300.39990234375, -0.016825
300.5, 0.013194
300.60009765625, 0.018382
300.699951171875, 0.006144
300.800048828125, 0.030886
300.89990234375, 0.010312
301.0, 0.012972
301.10009765625, -0.016382
301.199951171875, -0.012125
301.300048828125, 0.006232
301.39990234375, -0.028398
301.5, 0.008582
301.60009765625, 0.00069
301.699951171875, 0.020865
301.800048828125, 0.002064
301.89990234375, 0.000291
302.0, 0.02388
302.10009765625, 0.007563
302.199951171875, 0.028713
302.300048828125, -0.002104
302.39990234375, -0.005296
302.5, -0.001793
302.60009765625, 0.009824
302.699951171875, 0.022949
302.800048828125, -0.009553
302.89990234375, 0.009469
303.0, -0.01381
303.10009765625, -0.006493
303.199951171875, 0.013238
303.300048828125, 0.009381
303.39990234375, 0.00641
303.5, -0.017224
303.60009765625, -0.014918
303.699951171875, 0.026186
303.800048828125, -0.013632
303.89990234375, 0.007563
304.0, 0.001089
304.10009765625, 0.002286
304.199951171875, 0.011775
304.300048828125, 0.016874
304.39990234375, -0.000685
304.5, -0.015982
304.60009765625, -0.002724
304.699951171875, -0.008444
304.800048828125, 0.006365
304.89990234375, 0.011908
305.0, -0.028132
305.10009765625, 0.019313
305.199951171875, -0.022235
305.300048828125, -0.019441
305.39990234375, -0.022146
305.5, 0.014347
305.60009765625, -0.019973
305.699951171875, -0.00503
305.800048828125, 0.009203
305.89990234375, 0.010179
306.0, 0.016963
306.10009765625, 0.017672
306.199951171875, 0.011465
306.300048828125, -0.00707
306.39990234375, -0.01718
306.5, -0.033808
306.60009765625, 0.013061
306.699951171875, 0.012573
306.800048828125, 0.013194
306.89990234375, -0.009376
307.0, 0.025609
307.10009765625, 0.013105
307.199951171875, 0.009735
307.300048828125, -0.006405
307.39990234375, 0.007518
307.5, -0.001793
307.60009765625, 0.005567
307.699951171875, 0.033369
307.800048828125, 0.006587
307.89990234375, -0.001926
308.0, 0.017451
308.10009765625, 0.000956
308.199951171875, -0.017623
308.300048828125, 0.002729
308.39990234375, -0.00809
308.5, 0.002641
308.60009765625, 0.006277
308.699951171875, 0.006498
308.800048828125, -0.020771
308.89990234375, -0.010706
309.0, -0.016869
309.10009765625, -0.024274
309.199951171875, -0.02321
309.300048828125, -0.010706
309.39990234375, -0.013677
309.5, 0.00335
309.60009765625, -0.005695
309.699951171875, 0.000823
309.800048828125, -0.01984
309.89990234375, -0.00339
310.0, 0.004148
310.10009765625, 0.003528
310.199951171875, 0.006099
310.300048828125, -0.030216
310.39990234375, -0.022412
310.5, 0.004414
310.60009765625, -0.004897
310.699951171875, 0.007119
310.800048828125, -0.007868
310.89990234375, -0.005784
311.0, -0.008489
311.10009765625, 0.007075
311.199951171875, 0.002729
311.300048828125, 0.018825
311.39990234375, 0.002064
311.5, 0.01111
311.60009765625, 0.02184
311.699951171875, 0.02051
311.800048828125, -0.007912
311.89990234375, 0.010445
312.0, 0.00335
312.10009765625, 0.024013
312.199951171875, -0.00738
312.300048828125, 0.01448
312.39990234375, -0.013411
312.5, -0.012657
312.60009765625, 0.008316
312.699951171875, 0.010046
312.800048828125, -0.000241
312.89990234375, 0.023392
313.0, -0.021836
313.10009765625, -0.007026
313.199951171875, 0.001798
313.300048828125, 0.026275
313.39990234375, 0.000601
313.5, -0.001749
313.60009765625, -0.00104
313.699951171875, -0.002724
313.800048828125, -0.011637
313.89990234375, -0.024895
314.0, 0.011819
314.10009765625, 0.035453
314.199951171875, 0.01244
314.300048828125, -0.019131
314.39990234375, 0.008804
314.5, 0.005656
314.60009765625, 0.012085
314.699951171875, 0.003749
314.800048828125, 0.00437
314.89990234375, -0.015672
315.0, 0.003705
315.10009765625, 0.016874
315.199951171875, 0.017495
315.300048828125, -0.002636
315.39990234375, 0.020333
315.5, 0.02388
315.60009765625, -0.006405
315.699951171875, 0.022062
315.800048828125, 0.020998
315.89990234375, 0.004459
316.0, 0.006853
316.10009765625, -0.001616
316.199951171875, -0.006627
316.300048828125, 0.019579
316.39990234375, 0.027871
316.5, 0.003173
316.60009765625, -0.010662
316.699951171875, 0.007563
316.800048828125, 0.003439
316.89990234375, -0.011061
317.0, 0.012085
317.10009765625, -0.019707
317.199951171875, -0.014652
317.300048828125, -0.029773
317.39990234375, 0.015544
317.5, 0.021397
317.60009765625, -0.024363
317.699951171875, -0.015184
317.800048828125, 0.005346
317.89990234375, 6.9e-05
318.0, 0.005124
318.10009765625, 0.007385
318.199951171875, -0.017712
318.300048828125, -0.017135
318.39990234375, -0.002946
318.5, 0.015854
318.60009765625, 0.006277
318.699951171875, -0.003079
318.800048828125, 0.001399
318.89990234375, 0.005523
319.0, -0.005917
319.10009765625, -0.01545
319.199951171875, 0.011376
319.300048828125, 0.001444
319.39990234375, 0.0394
319.5, -0.001128
319.60009765625, 0.02725
319.699951171875, 0.001931
319.800048828125, -0.015761
319.89990234375, -0.000419
320.0, 0.003262
320.10009765625, 0.022727
320.199951171875, 0.015544
320.300048828125, 0.005833
320.39990234375, -0.016337
320.5, -0.013411
320.60009765625, -0.010972
320.699951171875, 0.00468
320.800048828125, 0.00907
320.89990234375, -0.004409
321.0, 0.00978
321.10009765625, 0.003705
321.199951171875, -0.00339
321.300048828125, 0.012484
321.39990234375, -0.00809
321.5, 0.027472
321.60009765625, -0.007912
321.699951171875, -0.009509
321.800048828125, -0.008178
321.89990234375, 0.0108
322.0, 0.018027
322.10009765625, -0.013544
322.199951171875, -0.000153
322.300048828125, 0.023392
322.39990234375, 0.024723
322.5, 0.010356
322.60009765625, -0.020461
322.699951171875, -0.011947
322.800048828125, -2e-05
322.89990234375, -0.002946
323.0, 0.004592
323.10009765625, -0.001306
323.199951171875, -0.006671
323.300048828125, 0.006144
323.39990234375, 0.035852
323.5, 0.010001
323.60009765625, -0.010174
323.699951171875, -0.01146
323.800048828125, 0.000158
323.89990234375, 0.002286
324.0, 0.000335
324.10009765625, 0.000379
324.199951171875, -0.00268
324.300048828125, 0.006011
324.39990234375, -0.001261
324.5, 0.029201
324.60009765625, 0.026275
324.699951171875, -0.00064
324.800048828125, -0.010484
324.89990234375, -0.006715
325.0, -0.010972
325.10009765625, -0.006671
325.199951171875, 0.004459
325.300048828125, 0.004193
325.39990234375, -0.021481
325.5, 0.040774
325.60009765625, 0.012662
325.699951171875, -0.009996
325.800048828125, -0.014918
325.89990234375, -0.012213
326.0, -0.001793
326.10009765625, -0.001394
326.199951171875, -0.006582
326.300048828125, -0.005429
326.39990234375, -0.016825
326.5, -0.014031
326.60009765625, 0.005789
326.699951171875, -0.023698
326.800048828125, -0.012657
326.89990234375, -0.016869
327.0, 0.03634
327.10009765625, -0.027866
327.199951171875, -0.002902
327.300048828125, 0.013194
327.39990234375, 0.012884
327.5, -0.012746
327.60009765625, 6.9e-05
327.699951171875, -0.00942
327.800048828125, 0.010977
327.89990234375, -0.011415
328.0, 0.004193
328.10009765625, 0.001089
328.199951171875, -0.024097
328.300048828125, 0.008139
328.39990234375, 0.006676
328.5, 0.005745
328.60009765625, -0.002813
328.699951171875, 0.025077
328.800048828125, 0.000867
328.89990234375, -0.010218
329.0, -0.019042
329.10009765625, -0.012302
329.199951171875, -0.011105
329.300048828125, 0.013194
329.39990234375, -0.019751
329.5, 0.006764
329.60009765625, -0.018998
329.699951171875, -0.008578
329.800048828125, 0.014347
329.89990234375, 0.013327
330.0, 0.00069
330.10009765625, -0.014519
330.199951171875, 0.013017
330.300048828125, -0.001749
330.39990234375, -0.00401
330.5, 0.011287
330.60009765625, 0.008893
330.699951171875, -0.011371
330.800048828125, -0.013499
330.89990234375, -0.001793
331.0, -0.004188
331.10009765625, 0.00406
331.199951171875, 0.001399
331.300048828125, -0.012391
331.39990234375, -0.002813
331.5, 0.026363
331.60009765625, -0.004365
331.699951171875, -0.003744
331.800048828125, 0.010001
331.89990234375, 0.006454
332.0, -0.013012
332.10009765625, 0.000512
332.199951171875, -0.009287
332.300048828125, 0.025388
332.39990234375, 0.011066
332.5, 0.002774
332.60009765625, 0.01949
332.699951171875, 0.009248
332.800048828125, -0.019929
332.89990234375, -0.009597
333.0, 0.008006
333.10009765625, 0.013903
333.199951171875, 0.020156
333.300048828125, 0.019091
333.39990234375, 0.016032
333.5, -0.000773
333.60009765625, 0.03297
333.699951171875, 0.009026
333.800048828125, -0.009775
333.89990234375, 0.013327
334.0, 0.006764
334.10009765625, -0.013411
334.199951171875, -0.005651
334.300048828125, -0.001128
334.39990234375, -0.002281
334.5, -0.00339
334.60009765625, -0.012568
334.699951171875, 0.001089
334.800048828125, 0.007208
334.89990234375, -0.008134
335.0, 0.020289
335.10009765625, 0.000246
335.199951171875, -0.003079
335.300048828125, -0.015849
335.39990234375, -0.002858
335.5, -0.029418
335.60009765625, -0.010174
335.699951171875, -0.025427
335.800048828125, -0.013189
335.89990234375, -0.005208
336.0, -0.01483
336.10009765625, 0.00743
336.199951171875, -0.016692
336.300048828125, -0.017534
336.39990234375, 0.011819
336.5, -0.007292
336.60009765625, 0.012396
336.699951171875, 0.001798
336.800048828125, 0.01949
336.89990234375, -0.01075
337.0, -0.022102
337.10009765625, 0.000202
337.199951171875, -0.005651
337.300048828125, 0.016697
337.39990234375, -0.005119
337.5, 0.003129
337.60009765625, -0.002104
337.699951171875, 0.003705
337.800048828125, 0.015056
337.89990234375, -0.006006
338.0, 0.015899
338.10009765625, -0.001217
338.199951171875, 0.015455
338.300048828125, -0.001261
338.39990234375, 0.018958
338.5, 0.009425
338.60009765625, -0.000374
338.699951171875, 0.011952
338.800048828125, 0.015278
338.89990234375, -0.005518
339.0, 0.013903
339.10009765625, 0.005434
339.199951171875, 0.017983
339.300048828125, 0.002375
339.39990234375, -0.026181
339.5, -0.000862
339.60009765625, -0.027822
339.699951171875, 0.001976
339.800048828125, -0.002148
339.89990234375, 0.005878
340.0, 0.017096
340.10009765625, 0.028979
340.199951171875, -0.014741
340.300048828125, 0.007962
340.39990234375, -0.023033
340.5, 0.002774
340.60009765625, 0.002286
340.699951171875, -0.006627
340.800048828125, 0.003483
340.89990234375, -0.012125
341.0, 0.011066
341.10009765625, -0.00574
341.199951171875, 0.016209
341.300048828125, -0.009065
341.39990234375, -0.01984
341.5, 0.000911
341.60009765625, 0.000734
341.699951171875, -0.018687
341.800048828125, -0.011903
341.89990234375, 0.007119
342.0, -0.004764
342.10009765625, 0.006055
342.199951171875, -0.008533
342.300048828125, 0.014746
342.39990234375, -0.01075
342.5, -0.019441
342.60009765625, 0.014923
342.699951171875, 0.009159
342.800048828125, 0.032083
342.89990234375, -0.015716
343.0, -0.00033
343.10009765625, -0.017357
343.199951171875, -0.00401
343.300048828125, 6.9e-05
343.39990234375, -0.020904
343.5, -0.018377
343.60009765625, -0.002858
343.699951171875, -0.019352
343.800048828125, 0.016032
343.89990234375, -0.022501
344.0, -0.024186
344.10009765625, -0.007026
344.199951171875, 0.002242
344.300048828125, 6.9e-05
344.39990234375, 0.003794
344.5, 0.003395
344.60009765625, 0.027782
344.699951171875, -0.010174
344.800048828125, -0.015672
344.89990234375, 0.000778
345.0, 0.022062
345.10009765625, 0.006631
345.199951171875, -0.009908
345.300048828125, 0.016076
345.39990234375, 0.022461
345.5, -0.009065
345.60009765625, -0.002946
345.699951171875, -0.009021
345.800048828125, 0.02051
345.89990234375, -0.026314
346.0, 0.004503
346.10009765625, -0.019796
346.199951171875, -0.010617
346.300048828125, -0.02321
346.39990234375, -0.00503
346.5, -0.016293
346.60009765625, 0.005168
346.699951171875, -0.007646
346.800048828125, -0.002946
346.89990234375, -0.013499
347.0, -0.017978
347.10009765625, -0.007735
347.199951171875, -0.01412
347.300048828125, -0.010883
347.39990234375, -0.018554
347.5, 0.001843
347.60009765625, -0.020372
347.699951171875, -0.001793
347.800048828125, -0.009065
347.89990234375, -0.008444
348.0, 0.009115
348.10009765625, 0.004858
348.199951171875, 0.001311
348.300048828125, -0.013721
348.39990234375, -0.005385
348.5, 0.020422
348.60009765625, 0.002596
348.699951171875, 0.011819
348.800048828125, 0.008361
348.89990234375, 0.013371
349.0, -0.007868
349.10009765625, -0.00676
349.199951171875, 0.026053
349.300048828125, -0.009287
349.39990234375, 0.005523
349.5, -0.012613
349.60009765625, 0.011598
349.699951171875, 0.002508
349.800048828125, 0.028669
349.89990234375, 0.01581
350.0, 0.04206
350.10009765625, -0.002991
350.199951171875, -0.00503
350.300048828125, -0.014697
350.39990234375, 0.00233
350.5, -0.013278
350.60009765625, 0.008494
350.699951171875, 0.004858
350.800048828125, 0.002951
350.89990234375, -0.021126
351.0, 0.017717
351.10009765625, 0.001355
351.199951171875, -0.015539
351.300048828125, -0.001084
351.39990234375, -0.018022
351.5, 0.018692
351.60009765625, 0.022949
351.699951171875, 0.01377
351.800048828125, 0.020776
351.89990234375, 0.017007
352.0, 0.022506
352.10009765625, 0.032438
352.199951171875, -0.006893
352.300048828125, 0.000246
352.39990234375, -0.014253
352.5, 0.002153
352.60009765625, -0.002325
352.699951171875, 0.000778
352.800048828125, -0.009553
352.89990234375, 0.001266
353.0, -0.012391
353.10009765625, -0.00268
353.199951171875, 0.002774
353.300048828125, -0.006937
353.39990234375, 0.01816
353.5, -0.013322
353.60009765625, 0.007563
353.699951171875, -0.002104
353.800048828125, 0.019579
353.89990234375, 0.004503
354.0, 0.001044
354.10009765625, 0.015411
354.199951171875, 0.013682
354.300048828125, 0.013105
354.39990234375, 0.003439
354.5, -0.003212
354.60009765625, 0.003838
354.699951171875, -0.008622
354.800048828125, 0.007297
354.89990234375, -0.007247
355.0, -0.015938
355.10009765625, -0.024939
355.199951171875, -0.024319
355.300048828125, -0.030438
355.39990234375, 0.005257
355.5, 0.014835
355.60009765625, 0.012174
355.699951171875, -0.026314
355.800048828125, 0.019845
355.89990234375, 0.010179
356.0, 0.02929
356.10009765625, -0.002813
356.199951171875, 0.022905
356.300048828125, 0.009203
356.39990234375, 0.011642
356.5, -0.0182
356.60009765625, -0.002902
356.699951171875, -0.003168
356.800048828125, 0.024102
356.89990234375, 0.02592
357.0, -0.00339
357.10009765625, 0.004947
357.199951171875, 0.01142
357.300048828125, 0.008804
357.39990234375, -0.010262
357.5, 0.011243
357.60009765625, 0.011864
357.699951171875, 0.023658
357.800048828125, 0.002552
357.89990234375, 0.016076
358.0, -0.015761
358.10009765625, -0.001173
358.199951171875, -0.013411
358.300048828125, -0.004542
358.39990234375, 0.012041
358.5, 0.015677
358.60009765625, 0.001488
358.699951171875, 0.009203
358.800048828125, 0.002242
358.89990234375, 0.015322
359.0, -0.014741
359.10009765625, 0.018204
359.199951171875, 0.049775
359.300048828125, -0.005828
359.39990234375, 0.012529
359.5, 0.006631
359.60009765625, 0.014524
359.699951171875, 0.003483
359.800048828125, -0.004542
359.89990234375, 0.001665
360.0, 0.012884
360.10009765625, 0.002463
360.199951171875, -0.004099
360.300048828125, 0.006543
360.39990234375, 0.011642
360.5, -6.4e-05
360.60009765625, 0.020067
360.699951171875, 0.017451
360.800048828125, 0.005035
360.89990234375, 0.014657
361.0, 0.003262
361.10009765625, -0.013233
361.199951171875, 0.004902
361.300048828125, 0.019756
361.39990234375, 0.006587
361.5, 0.009425
361.60009765625, 0.017273
361.699951171875, -0.001173
361.800048828125, 0.010046
361.89990234375, 0.009602
362.0, 0.010223
362.10009765625, 0.011642
362.199951171875, 0.015766
362.300048828125, 0.019446
362.39990234375, 0.016076
362.5, -0.000419
362.60009765625, 0.004636
362.699951171875, -0.017623
362.800048828125, -0.004809
362.89990234375, 0.004769
363.0, 0.00641
363.10009765625, -0.012302
363.199951171875, -0.007558
363.300048828125, -0.003744
363.39990234375, 0.020466
363.5, -0.002858
363.60009765625, 0.040286
363.699951171875, 0.008405
363.800048828125, 0.012706
363.89990234375, -0.024496
364.0, 0.000645
364.10009765625, 0.016475
364.199951171875, 0.002064
364.300048828125, -0.002104
364.39990234375, -0.012746
364.5, 0.002774
364.60009765625, 0.021264
364.699951171875, 0.006144
364.800048828125, -0.021082
364.89990234375, -0.002769
365.0, -0.008799
365.10009765625, 0.002286
365.199951171875, -0.011415
365.300048828125, -0.002991
365.39990234375, 0.002419
365.5, 0.009602
365.60009765625, 0.028536
365.699951171875, 0.010489
365.800048828125, -0.00707
365.89990234375, 0.011332
366.0, 0.014569
366.10009765625, 0.015854
366.199951171875, 0.024191
366.300048828125, -0.018333
366.39990234375, 0.008449
366.5, 0.004769
366.60009765625, 0.010046
366.699951171875, 0.008982
366.800048828125, 0.014923
366.89990234375, 0.00672
367.0, -0.053229
367.10009765625, -0.012302
367.199951171875, -0.005961
367.300048828125, 0.011066
367.39990234375, 0.02255
367.5, 0.010578
367.60009765625, -0.00237
367.699951171875, 0.009647
367.800048828125, -0.011061
367.89990234375, 0.001532
368.0, -0.016027
368.10009765625, 0.013992
368.199951171875, -0.006493
368.300048828125, 0.01479
368.39990234375, 0.026408
368.5, -0.003567
368.60009765625, -0.025693
368.699951171875, -0.013366
368.800048828125, 0.000468
368.89990234375, 0.00171
369.0, -0.006316
369.10009765625, -0.007912
369.199951171875, -0.002458
369.300048828125, 0.01346
369.39990234375, -0.016515
369.5, 0.009913
369.60009765625, 0.02623
369.699951171875, 0.001
369.800048828125, 0.01142
369.89990234375, 0.006188
370.0, 0.013948
370.10009765625, -0.001793
370.199951171875, 0.011465
370.300048828125, 0.015278
370.39990234375, 0.008982
370.5, -0.00738
370.60009765625, 0.01479
370.699951171875, -0.023077
370.800048828125, -0.008489
370.89990234375, 0.000512
371.0, 0.021175
371.10009765625, -0.006715
371.199951171875, 0.001577
371.300048828125, 0.02122
371.39990234375, 0.018692
371.5, 0.013017
371.60009765625, 0.013017
371.699951171875, -0.012879
371.800048828125, -0.01044
371.89990234375, 0.003395
372.0, -0.007203
372.10009765625, -2e-05
372.199951171875, 0.011199
372.300048828125, -0.021658
372.39990234375, -0.021259
372.5, -0.014031
372.60009765625, 6.9e-05
372.699951171875, 0.010755
372.800048828125, 0.007784
372.89990234375, 0.011819
373.0, 0.011465
373.10009765625, -0.017579
373.199951171875, 0.003129
373.300048828125, -0.00166
373.39990234375, -0.015051
373.5, -0.008311
373.60009765625, 0.018382
373.699951171875, -0.028442
373.800048828125, 0.008316
373.89990234375, -0.002192
374.0, 0.009381
374.10009765625, -0.009331
374.199951171875, 0.009824
374.300048828125, 0.006587
374.39990234375, -0.013411
374.5, 0.013283
374.60009765625, 0.0057
374.699951171875, -0.01146
374.800048828125, 0.011598
374.89990234375, 0.017717
375.0, -0.002414
375.10009765625, -0.007336
375.199951171875, -0.004232
375.300048828125, 0.034699
375.39990234375, 0.008361
375.5, -0.00104
375.60009765625, 0.015677
375.699951171875, -0.035227
375.800048828125, 0.013948
375.89990234375, 0.013105
376.0, -0.003833
376.10009765625, -0.006627
376.199951171875, 0.010134
376.300048828125, 0.01009
376.39990234375, -0.009287
376.5, -0.007203
376.60009765625, -0.00738
376.699951171875, 0.004414
376.800048828125, 0.008006
376.89990234375, 0.003661
377.0, -0.005607
377.10009765625, -0.003124
377.199951171875, -0.001483
377.300048828125, -0.011504
377.39990234375, 0.026009
377.5, 0.024146
377.60009765625, -0.011238
377.699951171875, -0.011548
377.800048828125, 0.015278
377.89990234375, -0.00104
378.0, 0.00978
378.10009765625, -0.013943
378.199951171875, -0.006449
378.300048828125, -0.005163
378.39990234375, 0.008316
378.5, 0.012839
378.60009765625, -0.024806
378.699951171875, -0.011903
378.800048828125, -0.012347
378.89990234375, 0.002375
379.0, 0.039222
379.10009765625, -0.027866
379.199951171875, -0.002325
379.300048828125, 0.011952
379.39990234375, 0.018958
379.5, 0.010533
379.60009765625, 0.01315
379.699951171875, 0.016741
379.800048828125, -0.008711
379.89990234375, 0.011686
380.0, -0.002104
380.10009765625, -0.00738
380.199951171875, 0.005656
380.300048828125, -0.010484
380.39990234375, 0.006011
380.5, 0.005567
380.60009765625, -0.005828
380.699951171875, -0.016825
380.800048828125, 0.015455
380.89990234375, -0.005341
381.0, -0.023254
381.10009765625, -0.002636
381.199951171875, -0.005474
381.300048828125, 0.005434
381.39990234375, -0.004143
381.5, 0.004015
381.60009765625, 0.009159
381.699951171875, 0.000291
381.800048828125, -0.001527
381.89990234375, -0.020195
382.0, -0.021126
382.10009765625, -0.009331
382.199951171875, 0.005833
382.300048828125, 0.009913
382.39990234375, 0.029423
382.5, -0.005163
382.60009765625, -0.010351
382.699951171875, 6.9e-05
382.800048828125, 0.016608
382.89990234375, 0.030576
383.0, 0.025388
383.10009765625, -0.021525
383.199951171875, -0.024141
383.300048828125, -0.016382
383.39990234375, 0.003705
383.5, -0.019219
383.60009765625, -0.026447
383.699951171875, 0.014746
383.800048828125, -0.001527
383.89990234375, -0.026358
384.0, -0.01749
384.10009765625, -0.011415
384.199951171875, 0.008582
384.300048828125, 0.001976
384.39990234375, 0.027782
384.5, 0.025654
384.60009765625, 0.008449
384.699951171875, -0.011681
384.800048828125, -0.013898
384.89990234375, -0.002059
385.0, -0.004276
385.10009765625, -0.006227
385.199951171875, -0.002547
385.300048828125, -0.019441
385.39990234375, -0.023476
385.5, 0.002463
385.60009765625, -0.007602
385.699951171875, -0.030837
385.800048828125, 0.021486
385.89990234375, -0.004631
386.0, -0.009597
386.10009765625, -0.007957
386.199951171875, 0.009957
386.300048828125, 0.002951
386.39990234375, 0.018116
386.5, 0.013682
386.60009765625, -0.028487
386.699951171875, -0.00738
386.800048828125, -0.00472
386.89990234375, 0.002641
387.0, -0.010972
387.10009765625, -0.022412
387.199951171875, 0.001399
387.300048828125, 0.0296
387.39990234375, -0.008134
387.5, -0.028354
387.60009765625, 0.021973
387.699951171875, 0.019535
387.800048828125, 0.000246
387.89990234375, -0.015406
388.0, 0.004104
388.10009765625, -0.002902
388.199951171875, -0.027023
388.300048828125, -0.021126
388.39990234375, -0.011947
388.5, -0.01381
388.60009765625, -0.021836
388.699951171875, 0.00641
388.800048828125, 0.001577
388.89990234375, -0.020594
389.0, 0.000158
389.10009765625, -0.018288
389.199951171875, 0.00335
389.300048828125, -0.012213
389.39990234375, -0.011681
389.5, 0.014879
389.60009765625, -0.022057
389.699951171875, -0.00472
389.800048828125, -0.009553
389.89990234375, -0.001306
390.0, 0.003616
390.10009765625, 0.023038
390.199951171875, 0.005567
390.300048828125, 0.014879
390.39990234375, -0.013943
390.5, 0.0296
390.60009765625, 0.011642
390.699951171875, 0.013903
390.800048828125, -0.029994
390.89990234375, 0.005479
391.0, 0.010134
391.10009765625, -0.012258
391.199951171875, 0.027073
391.300048828125, 0.001444
391.39990234375, -0.011947
391.5, 0.033768
391.60009765625, 0.040863
391.699951171875, -0.022146
391.800048828125, -0.02791
391.89990234375, -0.005208
392.0, -0.00707
392.10009765625, 0.006232
392.199951171875, 0.012972
392.300048828125, 0.002729
392.39990234375, 0.023348
392.5, 0.016342
392.60009765625, 0.015012
392.699951171875, 0.00805
392.800048828125, 0.006498
392.89990234375, 0.016298
393.0, 0.00406
393.10009765625, 2.5e-05
393.199951171875, 0.012884
393.300048828125, 0.015411
393.39990234375, 0.006986
393.5, 0.016165
393.60009765625, 0.005257
393.699951171875, 0.005346
393.800048828125, 0.011598
393.89990234375, -0.005341
394.0, 0.005479
394.10009765625, -0.025649
394.199951171875, 0.011686
394.300048828125, 0.009203
394.39990234375, 0.01612
394.5, 0.021752
394.60009765625, 0.015544
394.699951171875, 0.011864
394.800048828125, -0.004055
394.89990234375, 0.00202
395.0, 0.024856
395.10009765625, -0.016337
395.199951171875, 0.020643
395.300048828125, -0.00237
395.39990234375, 0.017717
395.5, -0.025294
395.60009765625, -0.011859
395.699951171875, 0.012174
395.800048828125, 0.011864
395.89990234375, 0.020954
396.0, -0.003744
396.10009765625, 0.014302
396.199951171875, 0.027827
396.300048828125, 0.020643
396.39990234375, 0.016608
396.5, -0.013145
396.60009765625, -0.001527
396.699951171875, -0.003079
396.800048828125, 0.016342
396.89990234375, 0.01918
397.0, -0.019707
397.10009765625, 0.003971
397.199951171875, 0.010667
397.300048828125, 6.9e-05
397.39990234375, 0.015943
397.5, 0.014613
397.60009765625, 0.016253
397.699951171875, 0.018338
397.800048828125, -0.01208
397.89990234375, -0.001705
398.0, -0.003523
398.10009765625, 0.004769
398.199951171875, -0.002813
398.300048828125, -0.015628
398.39990234375, 0.012263
398.5, -0.034074
398.60009765625, -0.02117
398.699951171875, -0.005784
398.800048828125, -0.025649
398.89990234375, 0.00539
399.0, -0.018333
399.10009765625, -0.000374
399.199951171875, 0.01009
399.300048828125, 0.009248
399.39990234375, 0.035098
399.5, 0.006454
399.60009765625, -0.010262
399.699951171875, -0.001483
399.800048828125, 0.000246
399.89990234375, -0.006582
400.0, 0.020909
400.10009765625, -0.00636
400.199951171875, 0.021087
400.300048828125, 0.016387
400.39990234375, 0.009159
400.5, 0.009514
400.60009765625, 0.006498
400.699951171875, 0.020333
400.800048828125, 0.004237
400.89990234375, 0.000246
401.0, 0.008804
401.10009765625, -0.009287
401.199951171875, -0.011194
401.300048828125, 0.016653
401.39990234375, 0.002375
401.5, -0.002858
401.60009765625, 0.008671
401.699951171875, -0.011992
401.800048828125, -0.002591
401.89990234375, -0.002902
402.0, 0.010711
402.10009765625, -0.003744
402.199951171875, -0.009597
402.300048828125, 0.002951
402.39990234375, 0.011066
402.5, -0.005296
402.60009765625, 0.004547
402.699951171875, -0.01248
402.800048828125, -0.011282
402.89990234375, 0.012928
403.0, 0.014923
403.10009765625, -0.009154
403.199951171875, 0.002729
403.300048828125, 0.012085
403.39990234375, -0.005163
403.5, 0.017628
403.60009765625, 0.017318
403.699951171875, 0.017362
403.800048828125, -0.003478
403.89990234375, -0.009464
404.0, -0.021126
404.10009765625, 0.015854
404.199951171875, 0.003882
404.300048828125, -0.004897
404.39990234375, 0.015145
404.5, -0.011371
404.60009765625, 0.011908
404.699951171875, 0.019003
404.800048828125, -0.006627
404.89990234375, -0.011681
405.0, -0.015273
405.10009765625, 0.002774
405.199951171875, -0.000818
405.300048828125, 0.020776
405.39990234375, 0.015411
405.5, 0.015056
405.60009765625, 0.015455
405.699951171875, 0.005523
405.800048828125, -0.002769
405.89990234375, 0.001577
406.0, -0.006094
406.10009765625, 0.003528
406.199951171875, -0.005163
406.300048828125, 0.019402
406.39990234375, -0.002591
406.5, 0.026319
406.60009765625, 0.005789
406.699951171875, 0.006942
406.800048828125, 0.017052
406.89990234375, 0.005301
407.0, -0.021215
407.10009765625, 0.006099
407.199951171875, 0.005656
407.300048828125, -0.009597
407.39990234375, -0.012834
407.5, 0.0202
407.60009765625, -0.007735
407.699951171875, -0.042232
407.800048828125, 0.004991
407.89990234375, -0.022678
408.0, -0.008578
408.10009765625, 0.027073
408.199951171875, 0.002419
408.300048828125, 0.006188
408.39990234375, 0.010046
408.5, 0.012884
408.60009765625, 0.002242
408.699951171875, -0.00135
408.800048828125, 0.021929
408.89990234375, -0.00503
409.0, 0.003661
409.10009765625, 0.002862
409.199951171875, 0.005789
409.300048828125, 0.015411
409.39990234375, -0.010396
409.5, -0.004365
409.60009765625, 0.014746
409.699951171875, -0.027866
409.800048828125, 0.004503
409.89990234375, 0.005213
410.0, 0.02929
410.10009765625, 0.009159
410.199951171875, 0.009115
410.300048828125, -0.011371
410.39990234375, -0.003345
410.5, -0.004409
410.60009765625, -0.008711
410.699951171875, -0.003079
410.800048828125, 0.005612
410.89990234375, -0.00135
411.0, 0.005656
411.10009765625, -0.003478
411.199951171875, 0.00171
411.300048828125, -0.015628
411.39990234375, 0.010888
411.5, 0.011021
411.60009765625, -0.016293
411.699951171875, 0.029689
411.800048828125, -0.013455
411.89990234375, -0.0229
412.0, 0.009115
412.10009765625, 0.022594
412.199951171875, 0.006676
412.300048828125, 0.027649
412.39990234375, 0.005035
412.5, 0.001976
412.60009765625, 0.007917
412.699951171875, 0.037182
412.800048828125, 0.009602
412.89990234375, -0.027955
413.0, -0.011327
413.10009765625, 0.016298
413.199951171875, 0.007651
413.300048828125, 0.025388
413.39990234375, 0.008228
413.5, 0.018426
413.60009765625, 0.00406
413.699951171875, -0.002237
413.800048828125, -0.002059
413.89990234375, -0.004986
414.0, 0.005745
414.10009765625, -0.014652
414.199951171875, 0.004858
414.300048828125, 0.00508
414.39990234375, -0.003257
414.5, -0.006183
414.60009765625, 0.0155
414.699951171875, 0.000645
414.800048828125, -0.013189
414.89990234375, 0.015588
415.0, -0.002104
415.10009765625, 0.00171
415.199951171875, 0.008405
415.300048828125, -0.001793
415.39990234375, -0.005075
415.5, -0.021924
415.60009765625, 0.004813
415.699951171875, -0.012213
415.800048828125, 0.00774
415.89990234375, -0.002414
416.0, 0.011775
416.10009765625, 0.015234
416.199951171875, -0.004764
416.300048828125, 0.008804
416.39990234375, -0.01545
416.5, -0.020195
416.60009765625, 0.008804
416.699951171875, 0.001532
416.800048828125, 0.007873
416.89990234375, -0.001394
417.0, -0.000286
417.10009765625, 0.00202
417.199951171875, -0.00268
417.300048828125, 0.018293
417.39990234375, 0.005878
417.5, -0.015184
417.60009765625, 0.017273
417.699951171875, 0.025299
417.800048828125, -0.018067
417.89990234375, -0.00472
418.0, 0.032837
418.10009765625, 0.007119
418.199951171875, -0.010484
418.300048828125, 0.009026
418.39990234375, -0.01412
418.5, 0.009026
418.60009765625, 0.019224
418.699951171875, 0.005523
418.800048828125, -0.002946
418.89990234375, 0.000867
419.0, -0.005917
419.10009765625, -0.007912
419.199951171875, 0.00069
419.300048828125, 0.015987
419.39990234375, -0.001084
419.5, 0.001798
419.60009765625, 0.008405
419.699951171875, 0.001887
419.800048828125, -0.000197
419.89990234375, -0.000463
420.0, -0.026491
420.10009765625, -0.013233
420.199951171875, -0.02862
420.300048828125, -0.007646
420.39990234375, 0.006144
420.5, 0.002286
420.60009765625, -0.001971
420.699951171875, 0.008361
420.800048828125, 0.001133
420.89990234375, 0.006764
421.0, 0.026053
421.10009765625, -0.01146
421.199951171875, 0.004414
421.300048828125, -2e-05
421.39990234375, -0.002325
421.5, 0.007031
421.60009765625, 0.016653
421.699951171875, 0.016431
421.800048828125, 0.016342
421.89990234375, 0.001843
422.0, -0.014209
422.10009765625, 0.034212
422.199951171875, -0.010839
422.300048828125, 0.017805
422.39990234375, -0.017401
422.5, -0.002547
422.60009765625, 0.025609
422.699951171875, 0.015056
422.800048828125, 0.003661
422.89990234375, -0.007824
423.0, 0.007696
423.10009765625, 0.027738
423.199951171875, 0.024102
423.300048828125, -0.00033
423.39990234375, 0.015145
423.5, 0.005035
423.60009765625, -0.0131
423.699951171875, -0.011415
423.800048828125, -0.010174
423.89990234375, -0.012701
424.0, 0.012928
424.10009765625, 0.010046
424.199951171875, -0.008001
424.300048828125, -0.016692
424.39990234375, 0.019224
424.5, 0.003439
424.60009765625, -0.011593
424.699951171875, 0.00437
424.800048828125, 0.013859
424.89990234375, 0.017007
425.0, 0.015278
425.10009765625, 0.005656
425.199951171875, -0.002858
425.300048828125, -0.007203
425.39990234375, 0.013815
425.5, -0.00472
425.60009765625, 0.032083
425.699951171875, 0.018471
425.800048828125, 0.028669
425.89990234375, 0.012972
426.0, 0.029511
426.10009765625, 0.008006
426.199951171875, 0.020954
426.300048828125, 0.034478
426.39990234375, 0.023348
426.5, -0.018998
426.60009765625, -0.015982
426.699951171875, 0.002242
426.800048828125, -0.012879
426.89990234375, -0.000862
427.0, -0.007735
427.10009765625, 0.007563
427.199951171875, 0.011686
427.300048828125, 0.021175
427.39990234375, -0.009553
427.5, 0.013416
427.60009765625, 0.001089
427.699951171875, -0.014874
427.800048828125, -0.028797
427.89990234375, -0.002769
428.0, -0.000951
428.10009765625, 0.009957
428.199951171875, 0.014036
428.300048828125, 0.019845
428.39990234375, -0.011371
428.5, 0.003483
428.60009765625, 0.014702
428.699951171875, -0.002015
428.800048828125, -0.025294
428.89990234375, -0.009686
429.0, 0.009602
429.10009765625, 0.006232
429.199951171875, 0.010578
429.300048828125, -0.012967
429.39990234375, 0.022772
429.5, -0.005784
429.60009765625, -0.001439
429.699951171875, -0.004055
429.800048828125, -0.01412
429.89990234375, -0.013189
430.0, 0.002064
430.10009765625, -0.00911
430.199951171875, 0.002508
430.300048828125, 0.006898
430.39990234375, 0.012884
430.5, 0.017938
430.60009765625, -0.014475
430.699951171875, -0.012036
430.800048828125, -0.013943
430.89990234375, -0.004587
431.0, 0.016431
431.10009765625, -0.006538
431.199951171875, 0.019712
431.300048828125, 0.006277
431.39990234375, 0.01377
431.5, -0.01718
431.60009765625, -0.010262
431.699951171875, 0.012839
431.800048828125, -0.013278
431.89990234375, 0.001133
432.0, -0.008134
432.10009765625, -0.041612
432.199951171875, -0.004897
432.300048828125, -0.014785
432.39990234375, -0.003168
432.5, -0.00166
432.60009765625, -0.012923
432.699951171875, 0.012041
432.800048828125, 0.010533
432.89990234375, -0.022855
433.0, 0.003217
433.10009765625, 0.002862
433.199951171875, -0.009908
433.300048828125, -0.008045
433.39990234375, -0.003523
433.5, -0.022057
433.60009765625, 0.023038
433.699951171875, -0.003434
433.800048828125, -0.005075
433.89990234375, -0.007735
434.0, 0.006498
434.10009765625, 0.0057
434.199951171875, -0.011814
434.300048828125, 0.013504
434.39990234375, -0.022811
434.5, -0.002148
434.60009765625, 0.011731
434.699951171875, -0.001572
434.800048828125, 0.002153
434.89990234375, 0.012174
435.0, 0.00335
435.10009765625, 0.001798
435.199951171875, 0.009602
435.300048828125, -0.017135
435.39990234375, -0.008489
435.5, -0.000197
435.60009765625, -0.007735
435.699951171875, 0.00508
435.800048828125, 0.034522
435.89990234375, -0.01279
436.0, -0.006449
436.10009765625, -0.003257
436.199951171875, -0.003567
436.300048828125, -0.003744
436.39990234375, -0.003922
436.5, -0.017667
436.60009765625, -0.009908
436.699951171875, 0.00406
436.800048828125, -0.014608
436.89990234375, -0.0182
437.0, -0.030438
437.10009765625, 0.0108
437.199951171875, -0.020638
437.300048828125, -0.008356
437.39990234375, -0.004232
437.5, -0.012746
437.60009765625, 0.014169
437.699951171875, 0.010844
437.800048828125, 0.007164
437.89990234375, 0.002685
438.0, 0.008494
438.10009765625, 0.003306
438.199951171875, -0.005518
438.300048828125, 0.020244
438.39990234375, 0.005168
438.5, -0.010795
438.60009765625, -0.006316
438.699951171875, 0.001178
438.800048828125, 0.00335
438.89990234375, 0.059264
439.0, 0.011465
439.10009765625, -0.021126
439.199951171875, 0.016697
439.300048828125, 0.013371
439.39990234375, -0.007912
439.5, -0.008711
439.60009765625, 0.020555
439.699951171875, -0.02117
439.800048828125, -0.014431
439.89990234375, -0.011238
440.0, 0.002463
440.10009765625, 0.015101
440.199951171875, 0.000823
440.300048828125, 0.006321
440.39990234375, -0.016337
440.5, -0.003212
440.60009765625, 0.004636
440.699951171875, 0.023082
440.800048828125, 0.003084
440.89990234375, 0.002463
441.0, -0.003611
441.10009765625, -0.017047
441.199951171875, 0.007341
441.300048828125, 0.018071
441.39990234375, 0.010844
441.5, 0.003483
441.60009765625, -0.001838
441.699951171875, -0.018865
441.800048828125, -0.018022
441.89990234375, -0.013366
442.0, 0.018648
442.10009765625, 0.01581
442.199951171875, -0.023787
442.300048828125, 0.012884
442.39990234375, 0.009469
442.5, 0.019845
442.60009765625, 0.031019
442.699951171875, -0.031724
442.800048828125, -0.008045
442.89990234375, 0.029999
443.0, 0.007297
443.10009765625, 0.002774
443.199951171875, 0.029778
443.300048828125, 0.025742
443.39990234375, -0.002015
443.5, 0.010267
443.60009765625, 0.00805
443.699951171875, -0.000995
443.800048828125, -0.019352
443.89990234375, 0.000468
444.0, 0.007341
444.10009765625, 0.01816
444.199951171875, -0.015761
444.300048828125, 0.014347
444.39990234375, 0.00805
444.5, -0.009376
444.60009765625, 0.001931
444.699951171875, 0.006809
444.800048828125, -0.01248
444.89990234375, -0.02219
445.0, -0.017446
445.10009765625, -0.017756
445.199951171875, 0.021663
445.300048828125, 0.007031
445.39990234375, 0.018382
445.5, -0.01483
445.60009765625, -0.003833
445.699951171875, 0.015278
445.800048828125, -0.005474
445.89990234375, -0.007159
446.0, 0.012972
446.10009765625, 0.008449
446.199951171875, -0.009686
446.300048828125, -0.017534
446.39990234375, 0.0104
446.5, -0.01146
446.60009765625, -0.009287
446.699951171875, -0.010484
446.800048828125, 0.006277
446.89990234375, 0.004281
447.0, -0.023299
447.10009765625, -0.014963
447.199951171875, 0.006188
447.300048828125, -0.006715
447.39990234375, -0.0178
447.5, 0.004015
447.60009765625, 0.007962
447.699951171875, 0.006986
447.800048828125, -0.000907
447.89990234375, -0.022279
448.0, -0.017712
448.10009765625, 0.004459
448.199951171875, 0.012085
448.300048828125, -0.00064
448.39990234375, -0.011149
448.5, -0.019884
448.60009765625, -0.017756
448.699951171875, -0.010839
448.800048828125, -0.000818
448.89990234375, -0.014253
449.0, -0.019929
449.10009765625, -0.010396
449.199951171875, -0.005695
449.300048828125, -0.012435
449.39990234375, 0.004104
449.5, -0.045336
449.60009765625, -0.022368
449.699951171875, 0.008494
449.800048828125, 0.009026
449.89990234375, -0.00268
450.0, -0.025205
450.10009765625, 0.007075
450.199951171875, 0.011287
450.300048828125, -0.009376
450.39990234375, 0.001621
450.5, 0.019357
450.60009765625, 0.014391
450.699951171875, -0.019175
450.800048828125, -0.000818
450.89990234375, 0.010179
451.0, 0.007784
451.10009765625, 0.00335
451.199951171875, -0.035049
451.300048828125, -0.022722
451.39990234375, -0.017268
451.5, 0.011376
451.60009765625, 0.011642
451.699951171875, -0.00809
451.800048828125, 0.001266
451.89990234375, -0.021836
452.0, -0.006094
452.10009765625, 0.016253
452.199951171875, -0.006848
452.300048828125, -0.013322
452.39990234375, 0.010755
452.5, 0.008361
452.60009765625, 0.017761
452.699951171875, -0.0178
452.800048828125, -0.001793
452.89990234375, -0.029329
453.0, 0.003749
453.10009765625, -0.007203
453.199951171875, -0.027422
453.300048828125, -0.007735
453.39990234375, -0.00605
453.5, 0.034345
453.60009765625, 0.003838
453.699951171875, 0.009602
453.800048828125, 0.005479
453.89990234375, -0.020505
454.0, -0.00636
454.10009765625, -0.022855
454.199951171875, 0.001311
454.300048828125, -0.014475
454.39990234375, -0.018599
454.5, 0.011553
454.60009765625, 0.002508
454.699951171875, 0.036473
454.800048828125, -0.000951
454.89990234375, 0.016963
455.0, -0.000773
455.10009765625, 0.011287
455.199951171875, -0.006627
455.300048828125, -0.017667
455.39990234375, -0.005075
455.5, -0.002325
455.60009765625, 0.007208
455.699951171875, 0.008272
455.800048828125, -0.012169
455.89990234375, -0.038729
456.0, -0.007912
456.10009765625, -0.03496
456.199951171875, -0.023121
456.300048828125, -0.0178
456.39990234375, -0.032389
456.5, 0.010755
456.60009765625, -0.014209
456.699951171875, -0.021569
456.800048828125, -0.009198
456.89990234375, 0.013593
457.0, -0.017933
457.10009765625, -0.014697
457.199951171875, 0.011598
457.300048828125, 0.015544
457.39990234375, 0.038646
457.5, 0.012085
457.60009765625, -0.0037
457.699951171875, -0.002946
457.800048828125, -0.007336
457.89990234375, 0.016786
458.0, -0.012568
458.10009765625, 0.001754
458.199951171875, -0.015716
458.300048828125, 0.018781
458.39990234375, 0.001399
458.5, 0.002685
458.60009765625, 0.041484
458.699951171875, 0.004902
458.800048828125, -0.011282
458.89990234375, -0.009331
459.0, -0.004676
459.10009765625, -0.008799
459.199951171875, -0.010351
459.300048828125, 0.0057
459.39990234375, -0.019042
459.5, -0.017756
459.60009765625, -0.009021
459.699951171875, -0.005518
459.800048828125, -0.005474
459.89990234375, 0.005346
460.0, -0.003434
460.10009765625, -0.012923
460.199951171875, -0.013588
460.300048828125, -0.006272
460.39990234375, 0.012529
460.5, -0.003301
460.60009765625, 0.012839
460.699951171875, 0.003971
460.800048828125, -0.004276
460.89990234375, -0.023698
461.0, 0.009159
461.10009765625, 0.003882
461.199951171875, 0.005213
461.300048828125, 0.008006
461.39990234375, -0.020771
461.5, -0.007026
461.60009765625, -0.006227
461.699951171875, 0.010667
461.800048828125, -0.005917
461.89990234375, -0.009686
462.0, 0.029157
462.10009765625, -0.005163
462.199951171875, 0.017406
462.300048828125, 0.014169
462.39990234375, -0.000773
462.5, 0.002419
462.60009765625, -0.003656
462.699951171875, 0.015721
462.800048828125, 0.010933
462.89990234375, 0.024856
463.0, 0.012174
463.10009765625, 0.003572
463.199951171875, -0.006538
463.300048828125, 0.024146
463.39990234375, -0.009553
463.5, -0.00738
463.60009765625, -0.021037
463.699951171875, 0.006543
463.800048828125, 0.013637
463.89990234375, -0.001926
464.0, 0.018116
464.10009765625, -0.000463
464.199951171875, 0.018559
464.300048828125, -0.002946
464.39990234375, 0.007164
464.5, -0.002015
464.60009765625, -0.011681
464.699951171875, -0.004853
464.800048828125, -0.020594
464.89990234375, -0.021259
465.0, 0.012839
465.10009765625, 0.000823
465.199951171875, 0.004326
465.300048828125, -0.017268
465.39990234375, 0.010888
465.5, -0.009553
465.60009765625, 0.026363
465.699951171875, 0.011952
465.800048828125, -0.010396
465.89990234375, 0.016741
466.0, 0.006898
466.10009765625, 0.002463
466.199951171875, 0.002109
466.300048828125, 0.014968
466.39990234375, 0.000113
466.5, 0.002064
466.60009765625, 0.000113
466.699951171875, 0.032837
466.800048828125, 0.001887
466.89990234375, -0.000907
467.0, 0.00202
467.10009765625, 0.007651
467.199951171875, 0.009913
467.300048828125, 0.008183
467.39990234375, -0.004099
467.5, -0.011637
467.60009765625, -0.035271
467.699951171875, 0.010533
467.800048828125, 0.024058
467.89990234375, -0.003877
468.0, -0.000108
468.10009765625, -0.017313
468.199951171875, -0.00268
468.300048828125, -0.008622
468.39990234375, 0.011731
468.5, 0.037182
468.60009765625, -0.013987
468.699951171875, -0.032389
468.800048828125, -0.004986
468.89990234375, 0.001798
469.0, -0.002104
469.10009765625, 0.035542
469.199951171875, -0.002547
469.300048828125, -0.002148
469.39990234375, 0.002109
469.5, 0.012795
469.60009765625, 0.008982
469.699951171875, 0.009026
469.800048828125, -0.000463
469.89990234375, 0.00437
470.0, -0.035271
470.10009765625, 0.005922
470.199951171875, -0.014253
470.300048828125, -0.000818
470.39990234375, -0.044849
470.5, -0.022501
470.60009765625, 0.010267
470.699951171875, -0.006937
470.800048828125, -0.034517
470.89990234375, 0.000158
471.0, -0.000596
471.10009765625, 0.033635
471.199951171875, 0.002286
471.300048828125, -0.015628
471.39990234375, -0.030083
471.5, -0.016071
471.60009765625, -0.009198
471.699951171875, -0.012347
471.800048828125, -0.003789
471.89990234375, -0.004276
472.0, 0.000202
472.10009765625, -0.005651
472.199951171875, -0.011548
472.300048828125, 0.012263
472.39990234375, -0.015761
472.5, -0.002724
472.60009765625, -0.031502
472.699951171875, -0.005607
472.800048828125, -0.010129
472.89990234375, 0.000379
473.0, -0.027245
473.10009765625, -0.008711
473.199951171875, 0.011598
473.300048828125, -0.010129
473.39990234375, 0.015677
473.5, -0.014164
473.60009765625, 0.005789
473.699951171875, -0.003611
473.800048828125, -0.009065
473.89990234375, 0.003705
474.0, -0.006981
474.10009765625, 0.000601
474.199951171875, 0.033413
474.300048828125, -0.000995
474.39990234375, 0.007474
474.5, 0.005124
474.60009765625, 0.007607
474.699951171875, 0.010489
474.800048828125, -0.019264
474.89990234375, 0.001887
475.0, -0.031502
475.10009765625, -0.008578
475.199951171875, 0.011819
475.300048828125, 0.018426
475.39990234375, -0.021348
475.5, 0.000113
475.60009765625, 0.012573
475.699951171875, 0.021752
475.800048828125, -0.013943
475.89990234375, -0.005607
476.0, -0.017135
476.10009765625, -0.009775
476.199951171875, -0.007336
476.300048828125, 0.031995
476.39990234375, 0.020244
476.5, 0.00069
476.60009765625, -0.007159
476.699951171875, 0.029866
476.800048828125, 0.020865
476.89990234375, -0.003079
477.0, -0.016958
477.10009765625, 0.019801
477.199951171875, 0.001931
477.300048828125, -0.016736
477.39990234375, 0.002685
477.5, -0.003656
477.60009765625, -0.035493
477.699951171875, 0.007917
477.800048828125, -0.012923
477.89990234375, 0.009913
478.0, 0.00641
478.10009765625, 0.012662
478.199951171875, -0.018776
478.300048828125, -0.026802
478.39990234375, -0.005075
478.5, 0.013371
478.60009765625, 0.010489
478.699951171875, -0.004409
478.800048828125, 0.017229
478.89990234375, 0.012351
479.0, 0.035719
479.10009765625, -0.001793
479.199951171875, 0.006631
479.300048828125, 0.020776
479.39990234375, 0.011021
479.5, 0.031063
479.60009765625, -0.008489
479.699951171875, -0.008311
479.800048828125, 0.001488
479.89990234375, -0.001926
480.0, -0.003922
480.10009765625, 0.022993
480.199951171875, 0.017761
480.300048828125, -0.013677
480.39990234375, 0.024811
480.5, -0.032876
480.60009765625, -0.022589
480.699951171875, 0.011465
480.800048828125, 0.031995
480.89990234375, -0.016071
481.0, -0.00636
481.10009765625, 0.016165
481.199951171875, 0.028048
481.300048828125, 0.008582
481.39990234375, -0.013898
481.5, 0.00805
481.60009765625, 0.005612
481.699951171875, -0.023343
481.800048828125, -0.0178
481.89990234375, 0.006942
482.0, 0.00876
482.10009765625, 0.005124
482.199951171875, 0.008582
482.300048828125, -0.000951
482.39990234375, 0.030088
482.5, 0.009735
482.60009765625, 0.006144
482.699951171875, 0.000645
482.800048828125, -0.000729
482.89990234375, -0.002104
483.0, 0.026186
483.10009765625, -0.012834
483.199951171875, -0.0178
483.300048828125, 0.00233
483.39990234375, -0.047642
483.5, -0.004764
483.60009765625, -0.008666
483.699951171875, 0.003306
483.800048828125, -0.003035
483.89990234375, -0.021836
484.0, -0.01381
484.10009765625, 0.01949
484.199951171875, -0.003611
484.300048828125, 0.029999
484.39990234375, -0.033054
484.5, 0.010046
484.60009765625, -0.006183
484.699951171875, -0.013987
484.800048828125, -0.015051
484.89990234375, -0.019397
485.0, 0.007873
485.10009765625, 0.011465
485.199951171875, 0.022683
485.300048828125, -0.007114
485.39990234375, -0.024186
485.5, 0.000512
485.60009765625, 0.026496
485.699951171875, 0.036961
485.800048828125, 0.030842
485.89990234375, 0.006898
486.0, -0.017091
486.10009765625, -0.022944
486.199951171875, -0.003434
486.300048828125, -0.010529
486.39990234375, -0.004853
486.5, 0.007031
486.60009765625, 2.5e-05
486.699951171875, 0.011952
486.800048828125, -0.004454
486.89990234375, -0.000419
487.0, 0.014835
487.10009765625, 0.000601
487.199951171875, 0.000291
487.300048828125, 0.013726
487.39990234375, 0.002818
487.5, -0.003212
487.60009765625, -0.013943
487.699951171875, -0.011726
487.800048828125, 0.005833
487.89990234375, 0.019357
488.0, 0.001843
488.10009765625, 0.012396
488.199951171875, 0.021087
488.300048828125, 0.001355
488.39990234375, -0.001128
488.5, -0.013278
488.60009765625, -0.004276
488.699951171875, 0.005523
488.800048828125, 0.009381
488.89990234375, 0.010356
489.0, 0.04002
489.10009765625, -0.019485
489.199951171875, 0.012218
489.300048828125, -0.000773
489.39990234375, 0.011731
489.5, 0.016387
489.60009765625, -0.015805
489.699951171875, 0.000424
489.800048828125, -0.011194
489.89990234375, -0.02055
490.0, -0.013898
490.10009765625, 0.023171
490.199951171875, -0.001838
490.300048828125, 0.02286
490.39990234375, 0.03838
490.5, -0.019707
490.60009765625, 0.01887
490.699951171875, -0.013632
490.800048828125, -0.003833
490.89990234375, 0.003262
491.0, 0.012706
491.10009765625, 0.011731
491.199951171875, -0.006227
491.300048828125, 0.003173
491.39990234375, 0.008804
491.5, -0.020417
491.60009765625, 0.015766
491.699951171875, -0.019352
491.800048828125, -0.00574
491.89990234375, 0.017983
492.0, 0.004148
492.10009765625, -0.000951
492.199951171875, 0.01111
492.300048828125, 0.004947
492.39990234375, 0.003395
492.5, 0.032793
492.60009765625, -0.010883
492.699951171875, -0.007026
492.800048828125, -0.005562
492.89990234375, -0.002591
493.0, 0.002729
493.10009765625, -0.017446
493.199951171875, 0.039488
493.300048828125, -0.010307
493.39990234375, -0.018111
493.5, 0.009381
493.60009765625, -0.015894
493.699951171875, -0.00605
493.800048828125, 0.003882
493.89990234375, 0.008449
494.0, -0.003301
494.10009765625, 0.021796
494.199951171875, 0.003838
494.300048828125, -0.004542
494.39990234375, 0.01785
494.5, 0.015367
494.60009765625, -0.009996
494.699951171875, -0.023698
494.800048828125, -0.021436
494.89990234375, -0.002237
495.0, -0.004676
495.10009765625, 0.035143
495.199951171875, 0.003882
495.300048828125, 0.016342
495.39990234375, 0.002286
495.5, 0.020466
495.60009765625, -0.017933
495.699951171875, 0.017495
495.800048828125, 0.011598
495.89990234375, 0.023038
496.0, 0.00233
496.10009765625, -0.019929
496.199951171875, 0.004547
496.300048828125, -0.039306
496.39990234375, 2.5e-05
496.5, 0.020289
496.60009765625, 0.017362
496.699951171875, -0.005252
496.800048828125, 0.012795
496.89990234375, 0.044676
497.0, 0.019047
497.10009765625, -0.012347
497.199951171875, 0.01244
497.300048828125, 0.041262
497.39990234375, -0.009509
497.5, 0.045253
497.60009765625, 0.02827
497.699951171875, 0.001
497.800048828125, 0.007962
497.89990234375, -0.014031
498.0, 0.008183
498.10009765625, 0.022727
498.199951171875, 0.004193
498.300048828125, 0.008804
498.39990234375, 0.003616
498.5, 0.027161
498.60009765625, -0.015406
498.699951171875, -0.026403
498.800048828125, -0.018111
498.89990234375, 0.027738
499.0, 0.002951
499.10009765625, -0.016958
499.199951171875, -0.011814
499.300048828125, 0.003616
499.39990234375, 0.00539
499.5, -0.000596
499.60009765625, -0.009863
499.699951171875, -0.019796
499.800048828125, 0.000113
499.89990234375, -0.018953
500.0, -0.027023
500.10009765625, 0.021707
500.199951171875, -0.016382
500.300048828125, -0.01483
500.39990234375, -0.003168
500.5, -0.006804
500.60009765625, -0.02658
500.699951171875, 0.035231
500.800048828125, 0.016874
500.89990234375, 0.006853
501.0, 0.015012
501.10009765625, 0.016298
501.199951171875, 0.00437
501.300048828125, -0.013987
501.39990234375, -0.013322
501.5, -0.007646
501.60009765625, -0.005341
501.699951171875, 0.004015
501.800048828125, 0.008671
501.89990234375, 0.013017
502.0, -0.003789
502.10009765625, 0.020688
502.199951171875, -0.003523
502.300048828125, -0.000419
502.39990234375, -0.022501
502.5, 0.008937
502.60009765625, 0.011465
502.699951171875, 0.016253
502.800048828125, -0.001217
502.89990234375, 0.05718
503.0, 0.019801
503.10009765625, 0.008316
503.199951171875, 0.005301
503.300048828125, -0.003035
503.39990234375, -0.001483
503.5, 0.010533
503.60009765625, -0.002281
503.699951171875, 0.006454
503.800048828125, -0.006449
503.89990234375, 0.002064
504.0, -0.015938
504.10009765625, -0.005163
504.199951171875, -0.010129
504.300048828125, 0.018293
504.39990234375, 0.015278
504.5, 0.00406
504.60009765625, -0.012701
504.699951171875, -6.4e-05
504.800048828125, -0.004099
504.89990234375, -0.021303
505.0, -0.003212
505.10009765625, -0.028753
505.199951171875, 0.009868
505.300048828125, -0.008888
505.39990234375, 0.018515
505.5, -0.011016
505.60009765625, 0.003217
505.699951171875, -0.007203
505.800048828125, -0.015273
505.89990234375, -0.011504
506.0, 0.004947
506.10009765625, 0.024013
506.199951171875, 0.013283
506.300048828125, -0.004055
506.39990234375, 0.028891
506.5, 0.023614
506.60009765625, 0.023392
506.699951171875, -0.014431
506.800048828125, -0.009863
506.89990234375, -0.001572
507.0, -0.005651
507.10009765625, 0.011553
507.199951171875, 0.029644
507.300048828125, 0.019535
507.39990234375, 0.028891
507.5, -0.011903
507.60009765625, 0.00539
507.699951171875, 0.001976
507.800048828125, 0.008095
507.89990234375, 0.031329
508.0, -0.017268
508.10009765625, -0.025427
508.199951171875, 0.014036
508.300048828125, 0.011243
508.39990234375, 0.006587
508.5, 0.009292
508.60009765625, 0.02051
508.699951171875, 0.010356
508.800048828125, 0.006631
508.89990234375, 0.011997
509.0, 0.009115
509.10009765625, 0.013416
509.199951171875, -0.00135
509.300048828125, 0.003483
509.39990234375, 0.015633
509.5, -0.02117
509.60009765625, 0.023747
509.699951171875, 0.00437
509.800048828125, 0.005878
509.89990234375, 0.011332
510.0, -0.01248
510.10009765625, 0.004459
510.199951171875, 0.002951
510.300048828125, 0.001444
510.39990234375, 0.013593
510.5, -0.011061
510.60009765625, -0.023299
510.699951171875, -0.030438
510.800048828125, 0.005479
510.89990234375, 0.000778
511.0, -0.022678
511.10009765625, -0.00503
511.199951171875, -0.008444
511.300048828125, 0.045696
511.39990234375, 0.010445
511.5, -0.008977
511.60009765625, 0.012618
511.699951171875, -0.01953
511.800048828125, -0.016515
511.89990234375, 0.017761
512.0, 0.011686
512.10009765625, -0.020239
512.199951171875, 0.002197
512.300048828125, 0.01009
512.39990234375, 0.000335
512.5, -0.013943
512.60009765625, 0.000335
512.699951171875, -0.005651
512.800048828125, -0.005075
512.89990234375, -0.015672
513.0, 0.017805
513.10009765625, -0.008223
513.199951171875, -0.032433
513.300048828125, -0.00973
513.39990234375, -0.007735
513.5, 0.004414
513.60009765625, 0.005346
513.699951171875, 0.000645
513.800048828125, 0.025255
513.89990234375, 0.037715
514.0, -0.024762
514.10009765625, 0.012529
514.199951171875, 0.001665
514.300048828125, -0.019618
514.39990234375, -0.012169
514.5, -0.006183
514.60009765625, -0.009686
514.699951171875, 0.012795
514.800048828125, -0.002769
514.89990234375, 0.012307
515.0, 0.006853
515.10009765625, 0.001355
515.199951171875, -0.003789
515.300048828125, 0.008361
515.39990234375, -0.008711
515.5, 0.020954
515.60009765625, -0.000419
515.699951171875, 0.008893
515.800048828125, -0.004099
515.89990234375, 0.001843
516.0, -0.042277
516.10009765625, -0.003611
516.199951171875, -0.015539
516.300048828125, 0.028802
516.39990234375, 0.001621
516.5, -0.00135
516.60009765625, 0.001089
516.699951171875, 0.025609
516.800048828125, -0.000907
516.89990234375, -0.016337
517.0, -0.01146
517.10009765625, -0.020151
517.199951171875, 0.023038
517.300048828125, 0.01142
517.39990234375, 0.0202
517.5, 0.001665
517.60009765625, -0.025028
517.699951171875, -0.03567
517.800048828125, -0.029551
517.89990234375, 0.003572
518.0, 0.00437
518.10009765625, 0.016697
518.199951171875, 0.009203
518.300048828125, 0.009026
518.39990234375, -0.006449
518.5, 0.005567
518.60009765625, -0.008844
518.699951171875, 0.004148
518.800048828125, 0.022284
518.89990234375, -0.032655
519.0, 0.020821
519.10009765625, 0.022195
519.199951171875, 0.016475
519.300048828125, 0.007474
519.39990234375, -0.001173
519.5, 0.011864
519.60009765625, -0.005252
519.699951171875, 0.009514
519.800048828125, 0.002375
519.89990234375, 0.002463
520.0, -0.026669
520.10009765625, -0.00339
520.199951171875, 0.002064
520.300048828125, 0.003084
520.39990234375, 0.012174
520.5, 0.008316
520.60009765625, -0.006272
520.699951171875, 0.013682
520.800048828125, -0.002724
520.89990234375, -0.011105
521.0, 0.015766
521.10009765625, 0.014391
521.199951171875, -0.01146
521.300048828125, -0.014918
521.39990234375, 0.015899
521.5, -0.024629
521.60009765625, 0.017007
521.699951171875, 0.025742
521.800048828125, 0.018781
521.89990234375, -0.0131
522.0, -0.022545
522.10009765625, 0.009469
522.199951171875, -0.022988
522.300048828125, 0.006809
522.39990234375, 0.001
522.5, -0.002414
522.60009765625, -0.005695
522.699951171875, -0.013499
522.800048828125, -0.008755
522.89990234375, 0.013105
523.0, -0.024319
523.10009765625, -0.02086
523.199951171875, 0.000291
523.300048828125, 0.012618
523.39990234375, 0.016475
523.5, 0.021087
523.60009765625, 0.013593
523.699951171875, 0.003705
523.800048828125, -0.003212
523.89990234375, -0.011282
524.0, 0.001488
524.10009765625, 0.004104
524.199951171875, -0.002015
524.300048828125, 0.010223
524.39990234375, -0.012746
524.5, 0.008139
524.60009765625, 0.014702
524.699951171875, 0.01111
524.800048828125, 0.014391
524.89990234375, 0.034832
525.0, 0.003661
525.10009765625, 0.012795
525.199951171875, 0.015899
525.300048828125, 0.031108
525.39990234375, 0.02388
525.5, 0.003173
525.60009765625, 0.020156
525.699951171875, 0.01213
525.800048828125, 0.027117
525.89990234375, 0.008716
526.0, -0.010218
526.10009765625, -0.001439
526.199951171875, 0.011066
526.300048828125, -0.005828
526.39990234375, 0.006099
526.5, -0.019751
526.60009765625, 0.016032
526.699951171875, 0.01448
526.800048828125, 0.000424
526.89990234375, 0.014347
527.0, -0.004232
527.10009765625, -0.038996
527.199951171875, -0.009908
527.300048828125, -0.010883
527.39990234375, 0.022062
527.5, 0.01009
527.60009765625, -0.01177
527.699951171875, 0.006099
527.800048828125, 0.003395
527.89990234375, -0.006316
528.0, 0.022683
528.10009765625, 0.024678
528.199951171875, 0.026585
528.300048828125, -0.009021
528.39990234375, 0.025876
528.5, 0.012751
528.60009765625, 0.039976
528.699951171875, -0.030792
528.800048828125, 0.01213
528.89990234375, -0.003212
529.0, 0.01652
529.10009765625, 0.022949
529.199951171875, 0.005656
529.300048828125, -0.022634
529.39990234375, 0.011287
529.5, 0.022062
529.60009765625, 0.006055
529.699951171875, 0.012972
529.800048828125, -0.003257
529.89990234375, 0.011154
530.0, 0.015588
530.10009765625, -0.00636
530.199951171875, -0.022013
530.300048828125, -0.019441
530.39990234375, -0.018466
530.5, 0.014879
530.60009765625, -0.001926
530.699951171875, -0.000419
530.800048828125, 0.024058
530.89990234375, 0.023836
531.0, -0.001306
531.10009765625, 0.004414
531.199951171875, -0.018067
531.300048828125, 0.004015
531.39990234375, 0.007119
531.5, 0.003838
531.60009765625, 0.024545
531.699951171875, 0.015455
531.800048828125, -0.014475
531.89990234375, -0.001394
532.0, 0.021264
532.10009765625, 0.002375
532.199951171875, 0.015588
532.300048828125, 0.010356
532.39990234375, 0.02184
532.5, 0.025964
532.60009765625, 0.003838
532.699951171875, -0.005562
532.800048828125, 0.006277
532.89990234375, 0.020998
533.0, 0.005434
533.10009765625, 0.010001
533.199951171875, 0.012662
533.300048828125, 0.004725
533.39990234375, -0.002059
533.5, 0.005434
533.60009765625, -0.009553
533.699951171875, 0.003306
533.800048828125, 0.024102
533.89990234375, -0.004853
534.0, -0.003789
534.10009765625, -0.000507
534.199951171875, 0.001488
534.300048828125, 0.012351
534.39990234375, 0.02153
534.5, -0.013943
534.60009765625, 0.014524
534.699951171875, -0.007292
534.800048828125, -0.013632
534.89990234375, -0.009597
535.0, 0.022772
535.10009765625, 0.034921
535.199951171875, 0.003173
535.300048828125, 0.034611
535.39990234375, -0.001926
535.5, -0.007425
535.60009765625, -0.033409
535.699951171875, 0.021264
535.800048828125, -0.013499
535.89990234375, 0.018825
536.0, 0.002197
536.10009765625, 0.028314
536.199951171875, 0.008139
536.300048828125, 0.04104
536.39990234375, 0.022506
536.5, 0.025033
536.60009765625, 0.000202
536.699951171875, -0.015628
536.800048828125, -0.021569
536.89990234375, 0.020289
537.0, -0.00268
537.10009765625, 0.012618
537.199951171875, -0.00503
537.300048828125, 0.014302
537.39990234375, -0.00166
537.5, 0.031862
537.60009765625, -0.004454
537.699951171875, -0.004853
537.800048828125, 0.01816
537.89990234375, 0.012795
538.0, 0.036517
538.10009765625, 0.02592
538.199951171875, 0.007341
538.300048828125, 0.000601
538.39990234375, 0.011952
538.5, 0.004281
538.60009765625, 0.019668
538.699951171875, 0.023038
538.800048828125, 0.016963
538.89990234375, -0.021259
539.0, -0.006848
539.10009765625, -0.000773
539.199951171875, -0.018155
539.300048828125, 0.000557
539.39990234375, -0.005784
539.5, -0.003478
539.60009765625, -0.010174
539.699951171875, 0.01785
539.800048828125, 0.013283
539.89990234375, 0.005612
540.0, -0.016027
540.10009765625, 0.009735
540.199951171875, 0.015411
540.300048828125, 0.014524
540.39990234375, 0.002197
540.5, -0.003035
540.60009765625, -0.015406
540.699951171875, -0.014298
540.800048828125, 0.029467
540.89990234375, -0.001084
541.0, -0.013721
541.10009765625, -0.015716
541.199951171875, 0.01612
541.300048828125, 0.011066
541.39990234375, 0.019756
541.5, -0.011282
541.60009765625, 0.02756
541.699951171875, -0.007292
541.800048828125, 0.001089
541.89990234375, 0.027649
542.0, 0.002286
542.10009765625, 0.011376
542.199951171875, 0.010844
542.300048828125, 0.009115
542.39990234375, 0.013371
542.5, 0.014569
542.60009765625, 0.010578
542.699951171875, 0.038601
542.800048828125, -0.02556
542.89990234375, -0.008578
543.0, 0.023924
543.10009765625, -0.007203
543.199951171875, 0.006587
543.300048828125, 0.024634
543.39990234375, -0.014652
543.5, -0.026624
543.60009765625, 0.013105
543.699951171875, -0.003257
543.800048828125, -0.016426
543.89990234375, 0.009514
544.0, -0.026536
544.10009765625, -0.006627
544.199951171875, 0.011864
544.300048828125, -0.015672
544.39990234375, 0.015367
544.5, 0.026408
544.60009765625, 0.022506
544.699951171875, -0.012258
544.800048828125, -0.010617
544.89990234375, -0.011903
545.0, -0.00605
545.10009765625, -0.007336
545.199951171875, 0.011332
545.300048828125, 0.035231
545.39990234375, 0.022328
545.5, 0.008228
545.60009765625, -0.033098
545.699951171875, 0.002729
545.800048828125, -0.003345
545.89990234375, -0.015583
546.0, -0.009952
546.10009765625, -0.00472
546.199951171875, 0.004015
546.300048828125, -0.017002
546.39990234375, -0.042676
546.5, 0.004326
546.60009765625, -0.01279
546.699951171875, -0.002192
546.800048828125, 0.021308
546.89990234375, -0.02556
547.0, 0.008006
547.10009765625, 0.041528
547.199951171875, -0.010218
547.300048828125, 0.02224
547.39990234375, 0.016076
547.5, -0.001306
547.60009765625, 0.01346
547.699951171875, 0.002508
547.800048828125, 0.004148
547.89990234375, 0.011686
548.0, -0.002547
548.10009765625, 0.000291
548.199951171875, 0.004902
548.300048828125, 0.005168
548.39990234375, -0.014564
548.5, -0.001128
548.60009765625, -0.009863
548.699951171875, 0.002153
548.800048828125, 0.000113
548.89990234375, -0.003744
549.0, -0.025959
549.10009765625, 0.023082
549.199951171875, 0.037227
549.300048828125, 0.013194
549.39990234375, 0.007208
549.5, -0.003212
549.60009765625, -0.024452
549.699951171875, -0.008533
549.800048828125, -0.006006
549.89990234375, -0.027289
550.0, 0.000911
550.10009765625, -0.000818
550.199951171875, 0.019003
550.300048828125, 0.025033
550.39990234375, 0.017628
550.5, -0.000241
550.60009765625, -0.000241
550.699951171875, -0.01647
550.800048828125, 0.02357
550.89990234375, 0.006144
551.0, -0.011726
551.10009765625, -0.011726
551.199951171875, -0.009819
551.300048828125, -0.003345
551.39990234375, -0.018865
551.5, -0.002547
551.60009765625, -0.006937
551.699951171875, -0.001749
551.800048828125, -0.00135
551.89990234375, 0.014879
552.0, 0.034832
552.10009765625, -0.026225
552.199951171875, 0.008449
552.300048828125, -0.007735
552.39990234375, -0.004454
552.5, 0.003794
552.60009765625, -0.012391
552.699951171875, 0.019224
552.800048828125, -0.016603
552.89990234375, 0.00233
553.0, 0.012263
553.10009765625, 0.021752
553.199951171875, 0.006454
553.300048828125, 0.018338
553.39990234375, 0.019934
553.5, -0.00033
553.60009765625, -0.006139
553.699951171875, 0.006321
553.800048828125, 0.00539
553.89990234375, 0.011509
554.0, 0.003749
554.10009765625, 0.004148
554.199951171875, -0.015849
554.300048828125, 0.00805
554.39990234375, -0.019308
554.5, 0.01949
554.60009765625, 0.019756
554.699951171875, -0.002636
554.800048828125, 0.011775
554.89990234375, 0.031773
555.0, -0.003656
555.10009765625, 0.009868
555.199951171875, 0.01652
555.300048828125, 0.002818
555.39990234375, -0.008045
555.5, -0.019175
555.60009765625, 0.031019
555.699951171875, 0.005301
555.800048828125, 0.005434
555.89990234375, -0.025871
556.0, 0.000512
556.10009765625, -0.016648
556.199951171875, -0.009863
556.300048828125, -0.017845
556.39990234375, 0.006498
556.5, 0.010179
556.60009765625, 0.004237
556.699951171875, 0.020909
556.800048828125, -0.016648
556.89990234375, 0.028669
557.0, 0.009115
557.10009765625, -0.009908
557.199951171875, -0.01279
557.300048828125, 0.003838
557.39990234375, -0.001572
557.5, -0.020904
557.60009765625, 0.002109
557.699951171875, -0.010041
557.800048828125, -0.010307
557.89990234375, -0.012746
558.0, -0.003833
558.10009765625, -0.00636
558.199951171875, -0.031191
558.300048828125, -0.012391
558.39990234375, 0.012618
558.5, -0.003523
558.60009765625, 0.006232
558.699951171875, 0.00978
558.800048828125, 0.008228
558.89990234375, 0.011819
559.0, 0.022772
559.10009765625, 0.020909
559.199951171875, -0.002104
559.300048828125, -0.009597
559.39990234375, 0.015101
559.5, 0.00437
559.60009765625, 0.007962
559.699951171875, 0.007474
559.800048828125, -0.002015
559.89990234375, -0.022368
560.0, 0.000778
560.10009765625, 0.021308
560.199951171875, -0.002237
560.300048828125, 0.0155
560.39990234375, 0.001621
560.5, 0.000512
560.60009765625, -0.010085
560.699951171875, -0.00339
560.800048828125, 0.003661
560.89990234375, 0.008449
561.0, 0.000512
561.10009765625, 0.002153
561.199951171875, -0.002104
561.300048828125, 0.001754
561.39990234375, -0.00503
561.5, -0.015096
561.60009765625, -0.009287
561.699951171875, 0.026142
561.800048828125, -0.001128
561.89990234375, -0.00503
562.0, 0.025521
562.10009765625, -0.006493
562.199951171875, 0.011731
562.300048828125, -0.004986
562.39990234375, 0.038202
562.5, 0.012573
562.60009765625, 0.017717
562.699951171875, -0.002192
562.800048828125, -0.019884
562.89990234375, 0.003927
563.0, -0.008711
563.10009765625, 0.000424
563.199951171875, -0.007203
563.300048828125, -0.013677
563.39990234375, 0.000823
563.5, 0.039621
563.60009765625, 0.013948
563.699951171875, 0.015766
563.800048828125, 0.008183
563.89990234375, 0.017761
564.0, -0.010972
564.10009765625, -0.015761
564.199951171875, 0.009514
564.300048828125, 0.031329
564.39990234375, -0.003656
564.5, -0.002414
564.60009765625, -0.013233
564.699951171875, -0.000463
564.800048828125, -0.002104
564.89990234375, 0.016564
565.0, -0.022146
565.10009765625, 0.006144
565.199951171875, 0.01816
565.300048828125, 0.015899
565.39990234375, 0.013327
565.5, 0.004725
565.60009765625, 0.006898
565.699951171875, 0.000113
565.800048828125, 0.010578
565.89990234375, 0.002596
566.0, -0.007912
566.10009765625, -0.013943
566.199951171875, -0.009863
566.300048828125, -0.005828
566.39990234375, 0.010134
566.5, -0.01953
566.60009765625, -0.014741
566.699951171875, -0.010928
566.800048828125, 0.020732
566.89990234375, -0.010262
567.0, 0.030398
567.10009765625, -0.024585
567.199951171875, -0.018998
567.300048828125, -0.00676
567.39990234375, -0.019131
567.5, 2.5e-05
567.60009765625, 0.012618
567.699951171875, 0.016298
567.800048828125, -0.011726
567.89990234375, 0.019712
568.0, 0.000911
568.10009765625, 0.021885
568.199951171875, 0.008982
568.300048828125, -0.002281
568.39990234375, 0.023481
568.5, 0.000512
568.60009765625, 0.008893
568.699951171875, -0.010839
568.800048828125, 0.016697
568.89990234375, -0.003434
569.0, -0.013632
569.10009765625, -0.000685
569.199951171875, 0.01213
569.300048828125, 0.006099
569.39990234375, 0.019091
569.5, 0.011199
569.60009765625, -0.010351
569.699951171875, 0.011553
569.800048828125, -0.006139
569.89990234375, -0.009686
570.0, -0.004764
570.10009765625, 0.016963
570.199951171875, 0.001488
570.300048828125, -0.030216
570.39990234375, 0.007607
570.5, 0.010533
570.60009765625, -0.017268
570.699951171875, 0.006676
570.800048828125, 0.005612
570.89990234375, -0.005562
571.0, 0.009957
571.10009765625, 0.00468
571.199951171875, 0.002242
571.300048828125, 0.020599
571.39990234375, 0.020776
571.5, 0.025698
571.60009765625, 0.00876
571.699951171875, -0.024939
571.800048828125, -0.008178
571.89990234375, 0.012218
572.0, -0.007868
572.10009765625, 0.010578
572.199951171875, -0.014298
572.300048828125, 0.011819
572.39990234375, -0.004897
572.5, 0.001
572.60009765625, 0.004237
572.699951171875, 0.024102
572.800048828125, 0.005745
572.89990234375, 0.015588
573.0, -0.006183
573.10009765625, -0.012258
573.199951171875, 0.014879
573.300048828125, -0.025604
573.39990234375, 0.013593
573.5, 0.011686
573.60009765625, -0.002858
573.699951171875, 0.005523
573.800048828125, -0.018067
573.89990234375, 0.014702
574.0, 0.002951
574.10009765625, 0.018382
574.199951171875, 0.011066
574.300048828125, 0.013948
574.39990234375, 0.022506
574.5, -0.020239
574.60009765625, 0.001665
574.699951171875, -0.010307
574.800048828125, 0.020954
574.89990234375, 0.021885
575.0, -0.011415
575.10009765625, 0.012618
575.199951171875, 0.001577
575.300048828125, 0.016165
575.39990234375, 0.0202
575.5, -0.005208
575.60009765625, -0.005208
575.699951171875, 0.022461
575.800048828125, 0.00805
575.89990234375, 0.017983
576.0, -0.030881
576.10009765625, 0.016431
576.199951171875, 0.001
576.300048828125, 0.001178
576.39990234375, -0.003833
576.5, 0.002375
576.60009765625, 0.009957
576.699951171875, -0.008844
576.800048828125, 0.002463
576.89990234375, 0.025122
577.0, 0.015367
577.10009765625, 0.002552
577.199951171875, -0.014564
577.300048828125, 0.006365
577.39990234375, 0.012618
577.5, 0.003217
577.60009765625, 0.005124
577.699951171875, 0.023747
577.800048828125, -0.008622
577.89990234375, 0.005035
578.0, 0.000468
578.10009765625, -0.02995
578.199951171875, -0.015539
578.300048828125, 0.009957
578.39990234375, -0.016914
578.5, -0.002724
578.60009765625, 0.019136
578.699951171875, -0.031324
578.800048828125, -0.000729
578.89990234375, -0.006893
579.0, -0.003877
579.10009765625, -0.001128
579.199951171875, 0.017805
579.300048828125, -0.003434
579.39990234375, 0.020865
579.5, 0.019402
579.60009765625, 0.01346
579.699951171875, -0.001217
579.800048828125, -0.004454
579.89990234375, -0.037665
580.0, 0.003084
580.10009765625, 6.9e-05
580.199951171875, -0.01146
580.300048828125, 0.004902
580.39990234375, 0.035897
580.5, 0.010622
580.60009765625, -0.007779
580.699951171875, 0.000202
580.800048828125, -0.008932
580.89990234375, -0.022722
581.0, -0.002991
581.10009765625, -0.00911
581.199951171875, 0.000778
581.300048828125, -0.001616
581.39990234375, 0.00539
581.5, -0.007824
581.60009765625, 0.010711
581.699951171875, 0.011952
581.800048828125, -0.019618
581.89990234375, 0.014613
582.0, 0.002242
582.10009765625, 0.002729
582.199951171875, -0.003345
582.300048828125, 0.00907
582.39990234375, 0.011021
582.5, 0.0202
582.60009765625, -0.036557
582.699951171875, -0.028043
582.800048828125, -0.010573
582.89990234375, -0.004676
583.0, 0.007474
583.10009765625, -0.000995
583.199951171875, 0.004015
583.300048828125, 0.00304
583.39990234375, 0.007075
583.5, 0.0296
583.60009765625, -0.026447
583.699951171875, -0.011149
583.800048828125, 0.003439
583.89990234375, 0.004592
584.0, 0.006587
584.10009765625, -0.001926
584.199951171875, -0.010883
584.300048828125, -0.025205
584.39990234375, 0.000867
584.5, 0.016387
584.60009765625, 0.013416
584.699951171875, 0.003262
584.800048828125, -0.028797
584.89990234375, -0.015849
585.0, -0.010928
585.10009765625, 0.002419
585.199951171875, 0.003661
585.300048828125, -0.002458
585.39990234375, 0.021619
585.5, 0.016697
585.60009765625, 0.013549
585.699951171875, -0.029196
585.800048828125, 0.005612
585.89990234375, 0.033857
586.0, 0.010445
586.10009765625, -0.015007
586.199951171875, -0.006227
586.300048828125, 0.022373
586.39990234375, 0.01816
586.5, -0.002591
586.60009765625, -0.016692
586.699951171875, 0.006853
586.800048828125, -0.003656
586.89990234375, 0.02796
587.0, -0.017889
587.10009765625, -0.008267
587.199951171875, -0.008134
587.300048828125, -0.017224
587.39990234375, -0.003789
587.5, -0.008223
587.60009765625, 0.010667
587.699951171875, -0.011814
587.800048828125, 0.005789
587.89990234375, -0.003035
588.0, 0.008671
588.10009765625, 0.034788
588.199951171875, -0.01953
588.300048828125, 0.003749
588.39990234375, -0.006139
588.5, -0.012701
588.60009765625, -0.012347
588.699951171875, 0.013371
588.800048828125, -0.010662
588.89990234375, 0.001665
589.0, 0.017273
589.10009765625, 0.022772
589.199951171875, 0.012884
589.300048828125, -0.002547
589.39990234375, 0.003306
589.5, -0.005917
589.60009765625, -0.023343
589.699951171875, 0.006764
589.800048828125, -0.004764
589.89990234375, 0.012396
590.0, 0.028447
590.10009765625, -0.02556
590.199951171875, 0.005346
590.300048828125, -0.027822
590.39990234375, 0.007341
590.5, 0.020333
590.60009765625, 0.023215
590.699951171875, -0.012746
590.800048828125, 0.003882
590.89990234375, 0.007784
591.0, -0.009198
591.10009765625, 0.006321
591.199951171875, -0.004409
591.300048828125, 0.009868
591.39990234375, -0.012213
591.5, 0.007385
591.60009765625, -0.005252
591.699951171875, 0.027782
591.800048828125, 0.039932
591.89990234375, 0.017318
592.0, -0.031324
592.10009765625, 0.002197
592.199951171875, 0.023836
592.300048828125, -0.006316
592.39990234375, 0.026851
592.5, -0.008267
592.60009765625, -0.014209
592.699951171875, 0.006942
592.800048828125, 0.031374
592.89990234375, -0.00339
593.0, 0.019003
593.10009765625, -0.00135
593.199951171875, -0.037532
593.300048828125, -0.001261
593.39990234375, 0.000158
593.5, 0.010445
593.60009765625, -0.005119
593.699951171875, 0.01448
593.800048828125, 0.024457
593.89990234375, 0.00171
594.0, -0.007824
594.10009765625, 0.024235
594.199951171875, 0.007696
594.300048828125, -0.021082
594.39990234375, 0.01009
594.5, 0.023348
594.60009765625, 0.034522
594.699951171875, 0.018604
594.800048828125, -0.008533
594.89990234375, -0.002104
595.0, 0.001577
595.10009765625, -0.003124
595.199951171875, 0.00304
595.300048828125, 0.017938
595.39990234375, 0.012928
595.5, 0.015101
595.60009765625, -0.001971
595.699951171875, -0.009819
595.800048828125, -0.00135
595.89990234375, 0.018382
596.0, -0.012524
596.10009765625, -0.009376
596.199951171875, -0.029728
596.300048828125, 0.005612
596.39990234375, 0.01652
596.5, -0.007912
596.60009765625, 0.018382
596.699951171875, 0.017451
596.800048828125, 0.00202
596.89990234375, 0.017672
597.0, -0.005385
597.10009765625, -0.000507
597.199951171875, -0.012701
597.300048828125, 0.030177
597.39990234375, -0.008932
597.5, 0.017584
597.60009765625, 0.004104
597.699951171875, -0.002503
597.800048828125, -0.008666
597.89990234375, 0.011509
598.0, -0.019707
598.10009765625, -0.003656
598.199951171875, -0.027112
598.300048828125, 0.002508
598.39990234375, -0.006405
598.5, -0.023698
598.60009765625, 0.001798
598.699951171875, 0.01652
598.800048828125, 0.014347
598.89990234375, -0.016515
599.0, -0.015583
599.10009765625, 0.00233
599.199951171875, -0.008001
599.300048828125, -0.005562
599.39990234375, 0.011775
599.5, -0.012613
599.60009765625, -0.011593
599.699951171875, 0.022373
599.800048828125, 0.029511
599.89990234375, -0.007735
600.0, 0.00468
600.10009765625, -0.006671
600.199951171875, -0.014963
600.300048828125, -0.003611
600.39990234375, -0.004276
600.5, -0.000507
600.60009765625, 0.00437
600.699951171875, 0.011066
600.800048828125, 0.042548
600.89990234375, 0.018604
601.0, 0.009868
601.10009765625, 0.000202
601.199951171875, 0.006853
601.300048828125, 0.01315
601.39990234375, 0.020156
601.5, -0.010129
601.60009765625, -0.000907
601.699951171875, 0.011021
601.800048828125, 0.010356
601.89990234375, 0.012972
602.0, 0.028137
602.10009765625, 0.01244
602.199951171875, -0.005075
602.300048828125, 0.010755
602.39990234375, 0.005966
602.5, 0.019402
602.60009765625, 0.006809
602.699951171875, 0.015367
602.800048828125, 0.01111
602.89990234375, -0.009952
603.0, -0.016071
603.10009765625, 0.014879
603.199951171875, 0.00335
603.300048828125, 0.007962
603.39990234375, -0.000685
603.5, 0.017584
603.60009765625, -0.012169
603.699951171875, -0.017845
603.800048828125, -0.003523
603.89990234375, 0.013371
604.0, 0.017717
604.10009765625, -0.023077
604.199951171875, -0.032344
604.300048828125, -0.005429
604.39990234375, -0.013189
604.5, 0.002685
604.60009765625, 0.019668
604.699951171875, 0.012085
604.800048828125, 0.028625
604.89990234375, -0.001128
605.0, 0.037316
605.10009765625, -0.018732
605.199951171875, -0.024496
605.300048828125, -0.008711
605.39990234375, 0.004813
605.5, -0.025383
605.60009765625, 0.032793
605.699951171875, 0.021308
605.800048828125, 0.029068
605.89990234375, -0.019264
606.0, -0.007912
606.10009765625, -0.009509
606.199951171875, -0.020505
606.300048828125, -0.019618
606.39990234375, 0.010622
606.5, 0.000246
606.60009765625, -0.006981
606.699951171875, 0.008449
606.800048828125, -0.000419
606.89990234375, 0.007696
607.0, 0.00069
607.10009765625, 0.034566
607.199951171875, 0.03266
607.300048828125, -0.004942
607.39990234375, -0.023343
607.5, 0.000645
607.60009765625, 0.003439
607.699951171875, 0.005745
607.800048828125, -0.002104
607.89990234375, -0.028354
608.0, -0.012302
608.10009765625, 0.000601
608.199951171875, 0.000956
608.300048828125, 0.029733
608.39990234375, 0.000291
608.5, 0.022107
608.60009765625, -0.007159
608.699951171875, -0.006804
608.800048828125, -0.012524
608.89990234375, -0.002458
609.0, 0.007917
609.10009765625, 0.004813
609.199951171875, 0.01949
609.300048828125, 0.016475
609.39990234375, 0.036517
609.5, 0.01479
609.60009765625, 0.021397
609.699951171875, 0.010711
609.800048828125, -0.003789
609.89990234375, 0.009425
610.0, 0.007474
610.10009765625, 0.016475
610.199951171875, -0.012435
610.300048828125, 0.017584
610.39990234375, -0.001572
610.5, -0.00738
610.60009765625, 0.009868
610.699951171875, 0.00335
610.800048828125, 0.007651
610.89990234375, 0.005257
611.0, -0.003744
611.10009765625, 0.002596
611.199951171875, 0.009691
611.300048828125, -0.006627
611.39990234375, 0.01377
611.5, 0.010888
611.60009765625, -0.004188
611.699951171875, 0.011819
611.800048828125, 0.000291
611.89990234375, 0.009381
612.0, 0.004193
612.10009765625, -0.005474
612.199951171875, 0.016253
612.300048828125, -0.018155
612.39990234375, 0.007252
612.5, -0.00135
612.60009765625, 0.008671
612.699951171875, 0.01683
612.800048828125, -0.016027
612.89990234375, -0.014785
613.0, -0.011415
613.10009765625, 0.021042
613.199951171875, 0.001222
613.300048828125, 0.018737
613.39990234375, -0.0178
613.5, 0.010844
613.60009765625, 0.009824
613.699951171875, 0.02184
613.800048828125, 0.032261
613.89990234375, 0.007208
614.0, 0.008405
614.10009765625, -0.026491
614.199951171875, -0.009863
614.300048828125, -0.023653
614.39990234375, 0.010711
614.5, -0.008932
614.60009765625, -0.014564
614.699951171875, 0.003084
614.800048828125, 0.006055
614.89990234375, -0.030615
615.0, 0.017229
615.10009765625, 0.011642
615.199951171875, -0.002458
615.300048828125, 0.041617
615.39990234375, -0.011327
615.5, 0.012884
615.60009765625, -0.032655
615.699951171875, -0.013189
615.800048828125, 0.015234
615.89990234375, 0.006942
616.0, -0.015495
616.10009765625, -0.013366
616.199951171875, 0.007164
616.300048828125, -0.010041
616.39990234375, 0.013283
616.5, 0.012351
616.60009765625, 0.005257
616.699951171875, -0.008444
616.800048828125, -0.012524
616.89990234375, 0.012218
617.0, -0.033409
617.10009765625, -0.008267
617.199951171875, -0.037976
617.300048828125, -0.008267
617.39990234375, -0.011859
617.5, 0.003882
617.60009765625, -0.001439
617.699951171875, -0.027511
617.800048828125, -0.023653
617.89990234375, 0.010578
618.0, 0.022727
618.10009765625, 0.007651
618.199951171875, -0.00166
618.300048828125, 0.01479
618.39990234375, 0.013903
618.5, -0.003168
618.60009765625, -0.014564
618.699951171875, -0.006582
618.800048828125, 0.014436
618.89990234375, 0.021663
619.0, -0.0131
619.10009765625, -0.003966
619.199951171875, -0.027068
619.300048828125, 0.006898
619.39990234375, -0.009642
619.5, 0.033635
619.60009765625, -0.017845
619.699951171875, 0.011243
619.800048828125, 0.000202
619.89990234375, 0.011332
620.0, -0.008711
620.10009765625, 0.009691
620.199951171875, -0.001217
620.300048828125, 0.002685
620.39990234375, -0.007292
620.5, -0.010396
620.60009765625, 0.020998
620.699951171875, 0.007252
620.800048828125, -0.005075
620.89990234375, 0.00774
621.0, 0.012396
621.10009765625, 0.030398
621.199951171875, 0.027782
621.300048828125, 0.001488
621.39990234375, 0.022772
621.5, 0.018515
621.60009765625, 0.000512
621.699951171875, 0.010445
621.800048828125, 0.015411
621.89990234375, -0.000197
622.0, 0.011243
622.10009765625, 0.000601
622.199951171875, -0.015628
622.300048828125, 0.002508
622.39990234375, -2e-05
622.5, -0.015672
622.60009765625, -0.027511
622.699951171875, 0.011864
622.800048828125, -0.016781
622.89990234375, 0.016253
623.0, 0.011509
623.10009765625, -0.012613
623.199951171875, 0.014968
623.300048828125, 0.003616
623.39990234375, 0.000335
623.5, 0.001665
623.60009765625, 0.000734
623.699951171875, 0.025476
623.800048828125, -0.014076
623.89990234375, -0.036867
624.0, 0.005966
624.10009765625, 0.038424
624.199951171875, 0.010445
624.300048828125, -0.004542
624.39990234375, 0.013283
624.5, 0.004858
624.60009765625, 0.017761
624.699951171875, 0.014036
624.800048828125, 0.03093
624.89990234375, -0.027955
625.0, -0.007513
625.10009765625, 0.000734
625.199951171875, -0.00033
625.300048828125, 0.009203
625.39990234375, 0.001311
625.5, -0.020727
625.60009765625, -0.014741
625.699951171875, -0.000374
625.800048828125, 0.017761
625.89990234375, 0.012972
626.0, -0.01545
626.10009765625, -0.026802
626.199951171875, 0.024634
626.300048828125, 0.011199
626.39990234375, 0.01448
626.5, 0.02224
626.60009765625, 0.010179
626.699951171875, 0.03665
626.800048828125, 0.021574
626.89990234375, -0.016027
627.0, 0.012174
627.10009765625, -0.010085
627.199951171875, -0.000818
627.300048828125, 0.002286
627.39990234375, 0.003262
627.5, -0.004542
627.60009765625, 0.008139
627.699951171875, -0.000153
627.800048828125, 0.012307
627.89990234375, 0.040331
628.0, 0.006942
628.10009765625, 0.020909
628.199951171875, 0.014835
628.300048828125, 0.013371
628.39990234375, 0.004281
628.5, 0.021663
628.60009765625, 0.017229
628.699951171875, -0.033808
628.800048828125, -0.002458
628.89990234375, -0.016781
629.0, -0.000773
629.10009765625, -0.004321
629.199951171875, -0.002591
629.300048828125, -0.021702
629.39990234375, 0.021929
629.5, -0.00707
629.60009765625, -0.005119
629.699951171875, -0.021392
629.800048828125, -0.01146
629.89990234375, -0.007292
630.0, -0.005385
630.10009765625, -0.007646
630.199951171875, 0.00335
630.300048828125, 0.022461
630.39990234375, 0.05013
630.5, -0.003922
630.60009765625, 0.003528
630.699951171875, -0.014031
630.800048828125, 0.027649
630.89990234375, 0.002153
631.0, 0.028802
631.10009765625, -0.005075
631.199951171875, 0.002242
631.300048828125, -0.002813
631.39990234375, 0.007829
631.5, 0.009691
631.60009765625, 0.022816
631.699951171875, 0.023481
631.800048828125, 0.004813
631.89990234375, 0.030531
632.0, -0.020239
632.10009765625, -0.012036
632.199951171875, -0.015894
632.300048828125, -0.021924
632.39990234375, 0.018692
632.5, 0.005346
632.60009765625, 0.014036
632.699951171875, 0.034123
632.800048828125, -0.02055
632.89990234375, 0.012573
633.0, 0.039932
633.10009765625, 0.024013
633.199951171875, 0.019357
633.300048828125, 0.004813
633.39990234375, 0.006454
633.5, 0.02357
633.60009765625, 0.00437
633.699951171875, -0.012701
633.800048828125, 0.00907
633.89990234375, 0.026674
634.0, 0.006365
634.10009765625, 0.017628
634.199951171875, -0.01984
634.300048828125, -0.033497
634.39990234375, 0.008228
634.5, -0.004587
634.60009765625, 0.005213
634.699951171875, -0.025471
634.800048828125, -0.017712
634.89990234375, 0.019357
635.0, 0.019313
635.10009765625, -0.020461
635.199951171875, 0.023348
635.300048828125, 0.009602
635.39990234375, 0.007607
635.5, 0.01346
635.60009765625, 0.007119
635.699951171875, -0.017534
635.800048828125, 0.009514
635.89990234375, 0.007031
636.0, 0.007563
636.10009765625, 0.005833
636.199951171875, 0.012263
636.300048828125, 0.03195
636.39990234375, 0.01377
636.5, -0.012213
636.60009765625, -0.00574
636.699951171875, -0.005163
636.800048828125, -0.0182
636.89990234375, -0.011371
637.0, -0.002015
637.10009765625, 0.001532
637.199951171875, -0.018643
637.300048828125, 0.018604
637.39990234375, -0.006671
637.5, -0.009198
637.60009765625, 0.007164
637.699951171875, 0.001843
637.800048828125, 0.022151
637.89990234375, 0.005035
638.0, -0.009642
638.10009765625, -0.021702
638.199951171875, 0.013017
638.300048828125, 0.020688
638.39990234375, -0.005296
638.5, 0.019668
638.60009765625, 0.019091
638.699951171875, -0.009597
638.800048828125, 0.003616
638.89990234375, 0.002375
639.0, 0.001444
639.10009765625, 0.010711
639.199951171875, 0.019668
639.300048828125, 0.015854
639.39990234375, 0.00978
639.5, 0.018071
639.60009765625, 0.016298
639.699951171875, 0.015322
639.800048828125, 0.00202
639.89990234375, -0.010218
640.0, -0.005296
640.10009765625, -0.026314
640.199951171875, 0.025077
640.300048828125, 0.007873
640.39990234375, 0.011864
640.5, 0.003439
640.60009765625, -0.000729
640.699951171875, 0.015101
640.800048828125, 0.012706
640.89990234375, -0.002458
641.0, 0.025876
641.10009765625, -0.00503
641.199951171875, 0.023969
641.300048828125, 0.004947
641.39990234375, 0.009381
641.5, 0.000379
641.60009765625, 0.015544
641.699951171875, 0.028492
641.800048828125, 0.009469
641.89990234375, 0.013593
642.0, 0.000645
642.10009765625, 0.018382
642.199951171875, 0.00978
642.300048828125, -0.020417
642.39990234375, -0.017667
642.5, 0.020377
642.60009765625, -0.012701
642.699951171875, -0.014874
642.800048828125, 0.001
642.89990234375, 0.037759
643.0, 0.003439
643.10009765625, 0.018382
643.199951171875, 0.009115
643.300048828125, 0.001355
643.39990234375, -0.01208
643.5, 0.003262
643.60009765625, 0.003705
643.699951171875, -0.009021
643.800048828125, -0.017401
643.89990234375, 0.009514
644.0, 0.00202
644.10009765625, -0.006627
644.199951171875, 0.014125
644.300048828125, 0.018825
644.39990234375, 0.024146
644.5, 0.011287
644.60009765625, 0.007829
644.699951171875, -0.012213
644.800048828125, 0.020022
644.89990234375, 0.000113
645.0, -0.007425
645.10009765625, 0.008671
645.199951171875, 0.03062
645.300048828125, -0.010972
645.39990234375, 0.015411
645.5, -0.006627
645.60009765625, -0.002192
645.699951171875, 0.007873
645.800048828125, 0.017451
645.89990234375, 0.003306
646.0, -0.02055
646.10009765625, 0.019047
646.199951171875, 0.004769
646.300048828125, 0.016076
646.39990234375, -0.017889
646.5, 0.04104
646.60009765625, 0.006365
646.699951171875, -0.009819
646.800048828125, -0.004143
646.89990234375, 0.012396
647.0, -0.006627
647.10009765625, 0.022772
647.199951171875, 0.019047
647.300048828125, 0.040774
647.39990234375, 0.01683
647.5, -0.013721
647.60009765625, -0.003212
647.699951171875, -0.0037
647.800048828125, 0.016298
647.89990234375, 0.007518
648.0, 0.025255
648.10009765625, -0.023254
648.199951171875, -0.01616
648.300048828125, -0.010129
648.39990234375, 0.009159
648.5, 0.001
648.60009765625, -0.004542
648.699951171875, 0.000158
648.800048828125, -0.012347
648.89990234375, 0.007164
649.0, 0.003705
649.10009765625, 0.030044
649.199951171875, -0.037976
649.300048828125, 0.015899
649.39990234375, -0.019352
649.5, -0.011593
649.60009765625, 0.009115
649.699951171875, 0.008006
649.800048828125, 0.023481
649.89990234375, -0.010351
650.0, 0.004858
650.10009765625, 0.011287
650.199951171875, 0.010223
650.300048828125, -0.015982
650.39990234375, -0.001217
650.5, 0.021397
650.60009765625, 0.001355
650.699951171875, -0.008622
650.800048828125, -0.016736
650.89990234375, -0.00064
651.0, -0.019929
651.10009765625, 0.001754
651.199951171875, -0.014475
651.300048828125, 0.007607
651.39990234375, 0.004858
651.5, -0.002591
651.60009765625, 0.031684
651.699951171875, -0.001217
651.800048828125, 0.022151
651.89990234375, 0.00774
652.0, -0.010529
652.10009765625, -0.018865
652.199951171875, -0.022988
652.300048828125, -0.019219
652.39990234375, 0.014657
652.5, -0.008134
652.60009765625, -0.004942
652.699951171875, 0.015766
652.800048828125, -0.002902
652.89990234375, 0.029024
653.0, 0.006587
653.10009765625, -0.007203
653.199951171875, 0.024191
653.300048828125, 0.025166
653.39990234375, -0.012568
653.5, 0.009514
653.60009765625, -0.004055
653.699951171875, -0.0037
653.800048828125, 0.014258
653.89990234375, -0.003523
654.0, 0.024235
654.10009765625, 0.005567
654.199951171875, 0.009647
654.300048828125, -0.00503
654.39990234375, 0.030531
654.5, 0.001488
654.60009765625, 0.004947
654.699951171875, -0.011903
654.800048828125, -0.014519
654.89990234375, 0.012751
655.0, 0.002596
655.10009765625, 0.022373
655.199951171875, 0.018692
655.300048828125, -0.007425
655.39990234375, 0.017406
655.5, 0.000956
655.60009765625, 0.036916
655.699951171875, 0.016653
655.800048828125, 0.004459
655.89990234375, -0.011149
656.0, 0.004015
656.10009765625, 0.010977
656.199951171875, 0.015101
656.300048828125, 0.007119
656.39990234375, -0.019884
656.5, 0.001577
656.60009765625, 0.002907
656.699951171875, 0.007784
656.800048828125, 0.022107
656.89990234375, -0.032788
657.0, -0.014697
657.10009765625, 0.020643
657.199951171875, 0.01816
657.300048828125, 0.016387
657.39990234375, 0.020821
657.5, 0.008228
657.60009765625, 0.012972
657.699951171875, 0.018648
657.800048828125, -0.001926
657.89990234375, -0.001882
658.0, -0.039882
658.10009765625, 0.01213
658.199951171875, 0.021087
658.300048828125, 0.009514
658.39990234375, -0.016426
658.5, -0.003168
658.60009765625, 0.009469
658.699951171875, -0.011415
658.800048828125, -0.002458
658.89990234375, -0.036246
659.0, 0.006986
659.10009765625, 0.002685
659.199951171875, -0.027866
659.300048828125, -0.010085
659.39990234375, 0.008272
659.5, -0.008622
659.60009765625, 0.006853
659.699951171875, -0.015495
659.800048828125, 0.011908
659.89990234375, -0.002059
660.0, -0.00809
660.10009765625, 0.005168
660.199951171875, 0.003705
660.300048828125, 0.001399
660.39990234375, 0.012662
660.5, -0.016648
660.60009765625, -0.000463
660.699951171875, 0.015367
660.800048828125, 0.026718
660.89990234375, 0.020067
661.0, 0.001754
661.10009765625, -0.014741
661.199951171875, -0.011061
661.300048828125, -0.018421
661.39990234375, 0.005612
661.5, 0.006631
661.60009765625, -0.003168
661.699951171875, -0.028043
661.800048828125, -0.009952
661.89990234375, -0.004542
662.0, 0.004592
662.10009765625, -0.005784
662.199951171875, -0.01953
662.300048828125, -0.012435
662.39990234375, 0.012884
662.5, -0.013943
662.60009765625, -0.023254
662.699951171875, 0.00468
662.800048828125, 0.026585
662.89990234375, 0.014036
663.0, 0.028758
663.10009765625, -0.014209
663.199951171875, 0.024146
663.300048828125, 0.006232
663.39990234375, -0.000951
663.5, -0.004764
663.60009765625, -0.003744
663.699951171875, 0.02796
663.800048828125, 0.009514
663.89990234375, 0.023392
664.0, -0.019618
664.10009765625, -0.023033
664.199951171875, -0.004321
664.300048828125, 0.012972
664.39990234375, 0.021663
664.5, -0.007646
664.60009765625, -0.001882
664.699951171875, -0.001439
664.800048828125, 0.008006
664.89990234375, 0.004547
665.0, 0.01683
665.10009765625, -0.013411
665.199951171875, 0.038291
665.300048828125, 0.015189
665.39990234375, 0.015987
665.5, 0.00805
665.60009765625, -0.00268
665.699951171875, 0.022683
665.800048828125, 0.008804
665.89990234375, 0.014347
666.0, 0.01346
666.10009765625, 0.011642
666.199951171875, -0.018776
666.300048828125, -0.011992
666.39990234375, 0.015101
666.5, 0.016165
666.60009765625, 0.024013
666.699951171875, -0.015051
666.800048828125, -0.016293
666.89990234375, 0.013682
667.0, 0.006188
667.10009765625, -0.036424
667.199951171875, 0.017362
667.300048828125, -0.006715
667.39990234375, -0.016293
667.5, 0.008893
667.60009765625, 0.015056
667.699951171875, 0.011021
667.800048828125, -0.009376
667.89990234375, 0.016209
668.0, 0.005257
668.10009765625, 0.013017
668.199951171875, 0.015721
668.300048828125, 0.015854
668.39990234375, 0.0057
668.5, 0.009248
668.60009765625, 0.004414
668.699951171875, -0.001838
668.800048828125, 0.003661
668.89990234375, 0.009203
669.0, -0.03496
669.10009765625, 0.005656
669.199951171875, 0.03634
669.300048828125, -0.008356
669.39990234375, -0.00064
669.5, 0.014524
669.60009765625, 0.02255
669.699951171875, -0.003079
669.800048828125, -0.011726
669.89990234375, 0.0108
670.0, -0.014918
670.10009765625, 0.01315
670.199951171875, 0.001222
670.300048828125, -0.010573
670.39990234375, -0.018998
670.5, 0.005301
670.60009765625, -0.007558
670.699951171875, 0.012751
670.800048828125, -0.003478
670.89990234375, -0.005163
671.0, -0.006272
671.10009765625, 0.023481
671.199951171875, 0.004459
671.300048828125, 0.011509
671.39990234375, 0.002197
671.5, -0.010529
671.60009765625, -0.005873
671.699951171875, 0.000557
671.800048828125, 0.00978
671.89990234375, 0.012618
672.0, 0.000956
672.10009765625, 0.002774
672.199951171875, 0.01714
672.300048828125, 0.004326
672.39990234375, -0.014298
672.5, 0.000778
672.60009765625, 0.027117
672.699951171875, -0.021525
672.800048828125, -0.004498
672.89990234375, -2e-05
673.0, -0.004099
673.10009765625, -0.026314
673.199951171875, -0.018953
673.300048828125, -0.009021
673.39990234375, 0.009203
673.5, 0.023171
673.60009765625, -0.013588
673.699951171875, 0.012972
673.800048828125, 0.015544
673.89990234375, 0.001133
674.0, -0.01075
674.10009765625, 0.00743
674.199951171875, 0.026762
674.300048828125, 0.034167
674.39990234375, 0.019623
674.5, 0.002774
674.60009765625, -0.015184
674.699951171875, 0.005434
674.800048828125, 0.01887
674.89990234375, -0.007292
675.0, -0.000374
675.10009765625, 0.013283
675.199951171875, 0.00978
675.300048828125, 0.001266
675.39990234375, 0.009558
675.5, -0.003168
675.60009765625, 0.001621
675.699951171875, 0.004769
675.800048828125, 0.012351
675.89990234375, 0.010622
676.0, -0.01177
676.10009765625, -0.012036
676.199951171875, -0.002636
676.300048828125, 0.027516
676.39990234375, -0.014209
676.5, -0.012834
676.60009765625, -0.011814
676.699951171875, -0.011637
676.800048828125, 0.010622
676.89990234375, 0.017717
677.0, 0.008316
677.10009765625, 0.004947
677.199951171875, 0.024545
677.300048828125, 0.02153
677.39990234375, 0.021353
677.5, 0.001311
677.60009765625, 0.017539
677.699951171875, 0.017717
677.800048828125, 0.027206
677.89990234375, -0.004631
678.0, 0.00468
678.10009765625, 0.003705
678.199951171875, 0.01652
678.300048828125, 0.017007
678.39990234375, 0.00774
678.5, 0.000778
678.60009765625, -0.024585
678.699951171875, -0.004055
678.800048828125, 0.024146
678.89990234375, -0.013987
679.0, -0.015273
679.10009765625, 0.002552
679.199951171875, -0.013632
679.300048828125, -0.00033
679.39990234375, -0.010129
679.5, -0.017002
679.60009765625, -0.002059
679.699951171875, 0.005523
679.800048828125, -0.013854
679.89990234375, 0.001355
680.0, -0.004099
680.10009765625, -0.01953
680.199951171875, 0.001222
680.300048828125, -0.010662
680.39990234375, 0.004326
680.5, 0.030443
680.60009765625, 0.012618
680.699951171875, 0.010001
680.800048828125, 0.019535
680.89990234375, 0.007119
681.0, -0.011593
681.10009765625, 0.007164
681.199951171875, 0.009381
681.300048828125, 0.00468
681.39990234375, -0.01984
681.5, 0.000645
681.60009765625, 0.00069
681.699951171875, -0.025117
681.800048828125, 0.005168
681.89990234375, -0.005873
682.0, 0.031063
682.10009765625, -0.006272
682.199951171875, -0.007159
682.300048828125, -0.014918
682.39990234375, 0.025698
682.5, 0.013637
682.60009765625, 0.003749
682.699951171875, -0.003567
682.800048828125, -0.02627
682.89990234375, -0.006538
683.0, 0.039621
683.10009765625, 0.02796
683.199951171875, 0.011864
683.300048828125, 0.014436
683.39990234375, -0.00104
683.5, 0.010888
683.60009765625, 0.015633
683.699951171875, 0.003306
683.800048828125, 0.009868
683.89990234375, -0.006893
684.0, -0.022811
684.10009765625, 0.028758
684.199951171875, 0.034079
684.300048828125, -0.010396
684.39990234375, 0.027427
684.5, 0.032704
684.60009765625, 0.001222
684.699951171875, 0.028314
684.800048828125, 0.023525
684.89990234375, -0.006715
685.0, -0.012524
685.10009765625, 0.00304
685.199951171875, -0.011282
685.300048828125, -0.005429
685.39990234375, -0.011992
685.5, -0.01248
685.60009765625, -0.018554
685.699951171875, 0.003794
685.800048828125, -0.028176
685.89990234375, -0.001439
686.0, -0.010041
686.10009765625, 0.002818
686.199951171875, 0.013903
686.300048828125, 0.005301
686.39990234375, 0.017406
686.5, 0.011154
686.60009765625, -0.01718
686.699951171875, 0.006764
686.800048828125, -0.019796
686.89990234375, 0.030265
687.0, -0.008134
687.10009765625, 0.027339
687.199951171875, 0.014835
687.300048828125, -0.016116
687.39990234375, -0.001749
687.5, 0.016032
687.60009765625, -0.002458
687.699951171875, -0.006715
687.800048828125, 0.008095
687.89990234375, 0.01142
688.0, -0.017712
688.10009765625, -0.002281
688.199951171875, -0.007159
688.300048828125, -0.006094
688.39990234375, -0.014209
688.5, -0.017623
688.60009765625, 0.004104
688.699951171875, -0.005961
688.800048828125, -0.001306
688.89990234375, 0.010711
689.0, -0.011282
689.10009765625, -0.016603
689.199951171875, 0.015544
689.300048828125, 0.018825
689.39990234375, 0.01714
689.5, 0.004991
689.60009765625, 0.000557
689.699951171875, -0.012568
689.800048828125, 0.007252
689.89990234375, -0.00401
690.0, -0.011415
690.10009765625, 0.017185
690.199951171875, -0.00942
690.300048828125, 0.012263
690.39990234375, 0.019091
690.5, 0.003661
690.60009765625, 0.010888
690.699951171875, 0.018071
690.800048828125, -0.002591
690.89990234375, -0.018155
691.0, -0.002724
691.10009765625, -0.00942
691.199951171875, -0.013012
691.300048828125, 0.005346
691.39990234375, 0.004547
691.5, -0.006893
691.60009765625, -0.026846
691.699951171875, 0.001044
691.800048828125, -2e-05
691.89990234375, 0.01009
692.0, 0.006011
692.10009765625, -0.001527
692.199951171875, -0.000596
692.300048828125, -0.019264
692.39990234375, -0.008622
692.5, -0.00166
692.60009765625, 0.001577
692.699951171875, 0.011731
692.800048828125, -0.007735
692.89990234375, 0.022373
693.0, -0.015273
693.10009765625, 0.021796
693.199951171875, 0.020244
693.300048828125, -0.027201
693.39990234375, -0.017623
693.5, -0.023742
693.60009765625, 0.020289
693.699951171875, 0.031862
693.800048828125, 0.005922
693.89990234375, -0.009996
694.0, -0.007735
694.10009765625, 0.012396
694.199951171875, -0.009464
694.300048828125, -0.028708
694.39990234375, 0.002996
694.5, -0.011327
694.60009765625, 0.001798
694.699951171875, -0.012746
694.800048828125, -0.003345
694.89990234375, 0.002064
695.0, -0.006893
695.10009765625, -0.020461
695.199951171875, -0.016293
695.300048828125, 0.017096
695.39990234375, 0.00641
695.5, -0.034295
695.60009765625, 0.004237
695.699951171875, -0.001616
695.800048828125, 0.018426
695.89990234375, -0.011415
696.0, 0.0104
696.10009765625, 0.003572
696.199951171875, 0.003971
696.300048828125, 0.032527
696.39990234375, -0.006227
696.5, 0.018604
696.60009765625, 0.006631
696.699951171875, 0.015899
696.800048828125, 0.037981
696.89990234375, -0.004498
697.0, 0.007297
697.10009765625, -0.018554
697.199951171875, 0.004592
697.300048828125, 0.016342
697.39990234375, 0.008937
697.5, -0.01545
697.60009765625, 0.004636
697.699951171875, -0.023166
697.800048828125, 0.004858
697.89990234375, 0.011908
698.0, 0.000557
698.10009765625, 0.003084
698.199951171875, -0.005917
698.300048828125, 0.012396
698.39990234375, 0.03634
698.5, 0.005789
698.60009765625, 0.010445
698.699951171875, -0.002192
698.800048828125, 0.005124
698.89990234375, 0.007208
699.0, 0.001399
699.10009765625, -0.024585
699.199951171875, 0.005656
699.300048828125, 0.02592
699.39990234375, -0.001394
699.5, -0.021259
699.60009765625, 0.013194
699.699951171875, 0.002774
699.800048828125, 0.003661
699.89990234375, 0.024678
700.0, 0.009381
700.10009765625, -0.006715
700.199951171875, 0.001488
700.300048828125, 0.007297
700.39990234375, -0.001217
700.5, -0.005961
700.60009765625, -0.033542
700.699951171875, -0.000773
700.800048828125, 0.011997
700.89990234375, 0.024235
701.0, -0.011371
701.10009765625, 0.020732
701.199951171875, 0.015145
701.300048828125, -0.004232
701.39990234375, -0.011681
701.5, 0.008272
701.60009765625, -0.009819
701.699951171875, 0.023791
701.800048828125, -0.013411
701.89990234375, -0.003744
702.0, -0.010129
702.10009765625, -0.016781
702.199951171875, 0.002153
702.300048828125, 0.00907
702.39990234375, 0.001577
702.5, 0.005523
702.60009765625, 0.00171
702.699951171875, 0.010267
702.800048828125, 0.002463
702.89990234375, -0.004631
703.0, -0.005163
703.10009765625, -0.009331
703.199951171875, 0.001887
703.300048828125, 0.00069
703.39990234375, -0.006094
703.5, -0.008134
703.60009765625, 0.01142
703.699951171875, -0.00033
703.800048828125, 0.017495
703.89990234375, 0.002064
704.0, -0.007513
704.10009765625, -0.002813
704.199951171875, 0.00508
704.300048828125, 0.008582
704.39990234375, 0.009514
704.5, -0.004853
704.60009765625, -0.007203
704.699951171875, 0.017318
704.800048828125, -0.01718
704.89990234375, 0.018781
705.0, -0.022057
705.10009765625, 0.02623
705.199951171875, -0.008578
705.300048828125, -0.006006
705.39990234375, 0.001222
705.5, -0.018155
705.60009765625, 0.052968
705.699951171875, 0.000512
705.800048828125, -0.034606
705.89990234375, -0.01749
706.0, 0.024235
706.10009765625, 0.011775
706.199951171875, 0.025476
706.300048828125, 0.015411
706.39990234375, 0.005479
706.5, -0.038907
706.60009765625, -0.008932
706.699951171875, 0.013859
706.800048828125, 0.02388
706.89990234375, -0.017756
707.0, 0.010533
707.10009765625, 0.0155
707.199951171875, 0.01785
707.300048828125, -0.018865
707.39990234375, -0.004587
707.5, 0.016032
707.60009765625, 0.019402
707.699951171875, -0.004232
707.800048828125, -0.013189
707.89990234375, 0.000158
708.0, -0.013056
708.10009765625, -0.001084
708.199951171875, -0.012967
708.300048828125, -0.021259
708.39990234375, -0.005828
708.5, 0.016874
708.60009765625, 0.015455
708.699951171875, -0.002325
708.800048828125, 0.025255
708.89990234375, 0.007031
709.0, 0.002153
709.10009765625, -0.010484
709.199951171875, 0.010888
709.300048828125, 0.017495
709.39990234375, 0.017584
709.5, 0.007607
709.60009765625, -0.000552
709.699951171875, -0.002104
709.800048828125, 0.007829
709.89990234375, 0.018027
710.0, 0.025565
710.10009765625, -0.00676
710.199951171875, -0.022988
710.300048828125, 0.011066
710.39990234375, 0.00233
710.5, -0.024097
710.60009765625, 0.008494
710.699951171875, -0.014164
710.800048828125, -0.009021
710.89990234375, -0.005252
711.0, -0.004853
711.10009765625, 0.012085
711.199951171875, 0.001266
711.300048828125, -0.003212
711.39990234375, 0.011509
711.5, 0.027117
711.60009765625, -0.002414
711.699951171875, 0.003129
711.800048828125, 0.005567
711.89990234375, -0.002015
712.0, 0.010001
712.10009765625, 0.033946
712.199951171875, -0.003345
712.300048828125, -0.009908
712.39990234375, -0.009331
712.5, -0.011415
712.60009765625, -0.028487
712.699951171875, 0.015278
712.800048828125, 0.010312
712.89990234375, -0.010662
713.0, -0.007868
713.10009765625, -0.010396
713.199951171875, -0.012701
713.300048828125, 0.005612
713.39990234375, -0.019086
713.5, 0.009248
713.60009765625, -0.017579
713.699951171875, -0.006405
713.800048828125, 0.021087
713.89990234375, -0.004542
714.0, 0.027693
714.10009765625, 0.011952
714.199951171875, -0.020018
714.300048828125, -0.004498
714.39990234375, -0.009642
714.5, 0.018338
714.60009765625, 0.009957
714.699951171875, 0.022639
714.800048828125, 0.00304
714.89990234375, 0.015411
715.0, -0.002769
715.10009765625, 0.018027
715.199951171875, -0.001793
715.300048828125, -0.005784
715.39990234375, 0.008183
715.5, 0.043124
715.60009765625, -0.011016
715.699951171875, -0.016559
715.800048828125, 0.011021
715.89990234375, 0.004991
716.0, -0.01044
716.10009765625, 0.013637
716.199951171875, 0.00202
716.300048828125, -0.013765
716.39990234375, 0.0104
716.5, -0.018776
716.60009765625, 0.007873
716.699951171875, 0.004813
716.800048828125, -0.002458
716.89990234375, -0.015628
717.0, -0.008267
717.10009765625, -0.024141
717.199951171875, -0.033719
717.300048828125, -0.008489
717.39990234375, 0.001976
717.5, 0.009469
717.60009765625, -0.010262
717.699951171875, 0.018737
717.800048828125, -0.016692
717.89990234375, 0.003306
718.0, -0.01984
718.10009765625, -0.017313
718.199951171875, 0.006587
718.300048828125, 0.000557
718.39990234375, 0.023392
718.5, 0.009469
718.60009765625, 0.031329
718.699951171875, 0.009868
718.800048828125, 0.009425
718.89990234375, -0.001616
719.0, 0.002818
719.10009765625, 0.019446
719.199951171875, 0.003439
719.300048828125, 0.026097
719.39990234375, 0.034522
719.5, 0.003882
719.60009765625, 0.008361
719.699951171875, -0.009952
719.800048828125, 0.005833
719.89990234375, 0.014657
720.0, 0.003129
720.10009765625, -0.002547
720.199951171875, -0.007203
720.300048828125, 0.002109
720.39990234375, -0.003345
720.5, -0.027644
720.60009765625, -0.01044
720.699951171875, -0.014697
720.800048828125, 0.001089
720.89990234375, 0.012618
721.0, 0.01714
721.10009765625, -0.010839
721.199951171875, -0.021836
721.300048828125, -0.013943
721.39990234375, -0.006582
721.5, -0.002591
721.60009765625, -0.019131
721.699951171875, 0.004725
721.800048828125, 0.0104
721.89990234375, -0.008533
722.0, -0.013056
722.10009765625, -0.009331
722.199951171875, -0.00707
722.300048828125, 0.01142
722.39990234375, -0.028043
722.5, 0.012884
722.60009765625, 0.008006
722.699951171875, 0.017717
722.800048828125, -0.002858
722.89990234375, -0.005828
723.0, 0.004104
723.10009765625, -0.008755
723.199951171875, -0.019884
723.300048828125, 0.015012
723.39990234375, 0.009425
723.5, -0.001838
723.60009765625, 0.014036
723.699951171875, -0.023787
723.800048828125, 0.009469
723.89990234375, -0.001084
724.0, 0.001887
724.10009765625, -0.007203
724.199951171875, 0.006144
724.300048828125, -0.020372
724.39990234375, -0.013189
724.5, 0.012041
724.60009765625, 0.008538
724.699951171875, -0.029817
724.800048828125, -0.005873
724.89990234375, -0.0131
725.0, 0.012751
725.10009765625, -0.029285
725.199951171875, -0.003567
725.300048828125, -0.021392
725.39990234375, -0.016337
725.5, 0.007784
725.60009765625, 0.013416
725.699951171875, -0.008844
725.800048828125, -0.011504
725.89990234375, 0.013105
726.0, -0.003744
726.10009765625, -0.040636
726.199951171875, 0.000335
726.300048828125, 0.017761
726.39990234375, -0.004321
726.5, 0.00437
726.60009765625, -0.004498
726.699951171875, 0.015899
726.800048828125, -0.002503
726.89990234375, 0.002641
727.0, -0.01177
727.10009765625, -0.00574
727.199951171875, -0.010972
727.300048828125, 0.005878
727.39990234375, -0.026935
727.5, -0.002724
727.60009765625, 0.010844
727.699951171875, 0.008183
727.800048828125, -0.017534
727.89990234375, 0.015677
728.0, 0.011021
728.10009765625, -0.009819
728.199951171875, 0.01949
728.300048828125, -0.005518
728.39990234375, 0.000734
728.5, 0.006631
728.60009765625, 0.017273
728.699951171875, 0.011243
728.800048828125, -0.028265
728.89990234375, -0.001128
729.0, -0.012435
729.10009765625, 0.001798
729.199951171875, 0.006454
729.300048828125, 0.011199
729.39990234375, -0.009287
729.5, -0.010129
729.60009765625, -0.003789
729.699951171875, -0.001261
729.800048828125, -0.030704
729.89990234375, -0.00809
730.0, -0.004631
730.10009765625, 0.035985
730.199951171875, 0.007474
730.300048828125, 0.020732
730.39990234375, -0.022545
730.5, 0.007297
730.60009765625, -0.002458
730.699951171875, -0.031413
730.800048828125, -0.024718
730.89990234375, -0.02392
731.0, 0.000335
731.10009765625, 0.004947
731.199951171875, 0.01785
731.300048828125, 0.013194
731.39990234375, -0.019663
731.5, 0.001
731.60009765625, 0.011997
731.699951171875, 0.008671
731.800048828125, -0.001394
731.89990234375, 0.019712
732.0, -0.018998
732.10009765625, -0.002991
732.199951171875, 0.012484
732.300048828125, 0.012884
732.39990234375, 0.019269
732.5, -0.001793
732.60009765625, -0.003301
732.699951171875, -0.009597
732.800048828125, -0.001572
732.89990234375, 0.025787
733.0, 0.02388
733.10009765625, -0.024186
733.199951171875, -0.01248
733.300048828125, -0.00339
733.39990234375, 0.021175
733.5, 0.014746
733.60009765625, -0.028664
733.699951171875, 0.009735
733.800048828125, -0.011061
733.89990234375, -0.000419
734.0, 0.016431
734.10009765625, 0.008272
734.199951171875, -0.005873
734.300048828125, 0.006011
734.39990234375, -0.011859
734.5, -0.039749
734.60009765625, -0.004676
734.699951171875, 0.006942
734.800048828125, -0.005562
734.89990234375, -0.002192
735.0, -0.003744
735.10009765625, 0.022284
735.199951171875, 0.014125
735.300048828125, 0.016874
735.39990234375, 0.00805
735.5, -0.002281
735.60009765625, 0.000601
735.699951171875, -0.003257
735.800048828125, -0.003257
735.89990234375, 0.010134
736.0, 0.013593
736.10009765625, 0.007518
736.199951171875, -0.005474
736.300048828125, 0.018737
736.39990234375, -0.010129
736.5, 0.021574
736.60009765625, 0.007563
736.699951171875, 0.003838
736.800048828125, -0.008489
736.89990234375, 0.027516
737.0, 0.016209
737.10009765625, -0.019397
737.199951171875, 0.002907
737.300048828125, -0.017579
737.39990234375, -0.002724
737.5, -0.0084
737.60009765625, 0.013194
737.699951171875, 0.000246
737.800048828125, -0.00401
737.89990234375, 0.013549
738.0, 0.014036
738.10009765625, 0.001089
738.199951171875, 0.00672
738.300048828125, 0.000335
738.39990234375, -0.012746
738.5, 0.021973
738.60009765625, -0.004099
738.699951171875, -0.015229
738.800048828125, -0.013943
738.89990234375, -0.004188
739.0, 0.026097
739.10009765625, -0.003035
739.199951171875, -0.016515
739.300048828125, -0.000241
739.39990234375, 0.004237
739.5, -0.000552
739.60009765625, -0.007114
739.699951171875, 0.003129
739.800048828125, -0.015539
739.89990234375, 0.022018
740.0, -0.007159
740.10009765625, -0.013987
740.199951171875, -0.01177
740.300048828125, -0.018687
740.39990234375, -0.004676
740.5, -0.003789
740.60009765625, 0.017983
740.699951171875, 0.014391
740.800048828125, 0.016032
740.89990234375, -0.016027
741.0, -0.015849
741.10009765625, -0.00738
741.199951171875, -0.004853
741.300048828125, -0.006538
741.39990234375, 0.021308
741.5, -0.023033
741.60009765625, 0.003439
741.699951171875, -0.004232
741.800048828125, -0.036778
741.89990234375, 0.01479
742.0, 0.006277
742.10009765625, -0.012879
742.199951171875, 0.009159
742.300048828125, 0.001798
742.39990234375, 0.016475
742.5, -0.01545
742.60009765625, 0.022107
742.699951171875, -0.006006
742.800048828125, 0.006144
742.89990234375, 0.002951
743.0, 0.015588
743.10009765625, 0.02694
743.199951171875, 0.000246
743.300048828125, 0.015766
743.39990234375, 0.009735
743.5, 0.006321
743.60009765625, 0.001665
743.699951171875, -0.010706
743.800048828125, 0.015766
743.89990234375, 0.021441
744.0, 0.01683
744.10009765625, -0.026713
744.199951171875, -0.007469
744.300048828125, 0.005257
744.39990234375, 0.001665
744.5, 0.010134
744.60009765625, -0.008134
744.699951171875, 0.01009
744.800048828125, 0.003971
744.89990234375, 0.015943
745.0, 0.002818
745.10009765625, 0.003794
745.199951171875, 0.008538
745.300048828125, 0.005301
745.39990234375, -0.009775
745.5, 0.010755
745.60009765625, 0.018604
745.699951171875, -0.010351
745.800048828125, -0.018554
745.89990234375, -0.045868
746.0, -0.008711
746.10009765625, -0.013987
746.199951171875, -0.006449
746.300048828125, 0.024811
746.39990234375, 0.015544
746.5, -0.0037
746.60009765625, 0.005878
746.699951171875, -0.001572
746.800048828125, -0.01177
746.89990234375, -0.014963
747.0, 0.018648
747.10009765625, -0.009686
747.199951171875, -0.000552
747.300048828125, -0.008755
747.39990234375, 0.023038
747.5, -0.017845
747.60009765625, 0.010711
747.699951171875, 0.005213
747.800048828125, -0.006715
747.89990234375, -0.007602
748.0, -0.016736
748.10009765625, 0.012396
748.199951171875, -0.030881
748.300048828125, 0.010622
748.39990234375, -0.014697
748.5, -0.011637
748.60009765625, 0.003395
748.699951171875, 0.01244
748.800048828125, -0.001882
748.89990234375, 0.006942
749.0, -0.007203
749.10009765625, 0.004015
749.199951171875, -0.000419
749.300048828125, 0.00907
749.39990234375, -0.007602
749.5, -0.017047
749.60009765625, -0.00707
749.699951171875, -0.026137
749.800048828125, -0.019929
749.89990234375, -0.021791
750.0, -0.009686
750.10009765625, 0.017229
750.199951171875, -0.000951
750.300048828125, 0.029112
750.39990234375, -0.023653
750.5, -0.003523
750.60009765625, 0.019889
750.699951171875, -0.017712
750.800048828125, -0.00574
750.89990234375, 0.012751
751.0, -0.011903
751.10009765625, -0.006627
751.199951171875, -0.026491
751.300048828125, -0.002281
751.39990234375, -0.002104
751.5, -0.005873
751.60009765625, 0.023215
751.699951171875, -0.000552
751.800048828125, -0.029063
751.89990234375, 0.005523
752.0, -0.006627
752.10009765625, -0.00574
752.199951171875, 0.011066
752.300048828125, 0.01315
752.39990234375, 0.016697
752.5, 0.010977
752.60009765625, 0.004414
752.699951171875, 0.01244
752.800048828125, 0.009957
752.89990234375, 0.012529
753.0, 0.009336
753.10009765625, 0.00335
753.199951171875, -0.001084
753.300048828125, 0.021663
753.39990234375, 0.004902
753.5, 0.022461
753.60009765625, 0.026053
753.699951171875, 0.005168
753.800048828125, 0.011154
753.89990234375, -0.018643
754.0, -0.013632
754.10009765625, 0.013061
754.199951171875, -0.006449
754.300048828125, -0.001217
754.39990234375, -0.020771
754.5, 0.000778
754.60009765625, 0.037138
754.699951171875, 0.007518
754.800048828125, -0.002503
754.89990234375, 0.012174
755.0, 0.009425
755.10009765625, 0.017451
755.199951171875, 0.040242
755.300048828125, 0.01377
755.39990234375, -0.004099
755.5, -0.007469
755.60009765625, -0.012746
755.699951171875, 0.001532
755.800048828125, 0.030709
755.89990234375, 0.016253
756.0, -0.00237
756.10009765625, -0.049105
756.199951171875, 0.021973
756.300048828125, 0.018914
756.39990234375, -0.013677
756.5, 0.002109
756.60009765625, -0.005163
756.699951171875, 0.000246
756.800048828125, 0.009868
756.89990234375, 0.021397
757.0, -0.011238
757.10009765625, -0.006538
757.199951171875, -0.010706
757.300048828125, -0.030127
757.39990234375, 0.013371
757.5, -0.007735
757.60009765625, -0.017978
757.699951171875, 0.000291
757.800048828125, -0.00166
757.89990234375, 0.024146
758.0, 0.005878
758.10009765625, -0.006449
758.199951171875, -0.010972
758.300048828125, 0.006144
758.39990234375, 0.026984
758.5, -0.005961
758.60009765625, -0.000773
758.699951171875, -0.012746
758.800048828125, 0.010755
758.89990234375, -0.001306
759.0, -0.006272
759.10009765625, 0.005301
759.199951171875, 0.00304
759.300048828125, -0.012302
759.39990234375, 0.014258
759.5, 0.005301
759.60009765625, -0.00104
759.699951171875, -0.00166
759.800048828125, 0.049687
759.89990234375, -0.018599
760.0, 0.013726
760.10009765625, 0.001355
760.199951171875, 0.025122
760.300048828125, 0.023481
760.39990234375, 0.001266
760.5, 0.027073
760.60009765625, 0.003173
760.699951171875, -0.004099
760.800048828125, 0.018027
760.89990234375, -0.013278
761.0, 0.010046
761.10009765625, 0.003927
761.199951171875, 0.006321
761.300048828125, -0.011992
761.39990234375, 0.008361
761.5, 0.006498
761.60009765625, 0.009868
761.699951171875, -0.003744
761.800048828125, -0.014608
761.89990234375, -0.010795
762.0, 0.008405
762.10009765625, 0.007829
762.199951171875, 0.004326
762.300048828125, 0.023481
762.39990234375, -0.001705
762.5, 0.02286
762.60009765625, 0.001178
762.699951171875, 0.007873
762.800048828125, 0.014968
762.89990234375, 0.001931
763.0, 0.013327
763.10009765625, 0.013283
763.199951171875, -0.024274
763.300048828125, 0.014657
763.39990234375, -0.022279
763.5, 0.004326
763.60009765625, 0.00468
763.699951171875, 0.010755
763.800048828125, 0.005434
763.89990234375, -0.014564
764.0, 0.013416
764.10009765625, -0.017357
764.199951171875, 0.001178
764.300048828125, 0.002729
764.39990234375, 0.008316
764.5, 0.020377
764.60009765625, 0.004459
764.699951171875, 0.043169
764.800048828125, -0.009908
764.89990234375, -0.019618
765.0, 0.013815
765.10009765625, 0.011686
765.199951171875, 0.017451
765.300048828125, 0.011332
765.39990234375, 0.008228
765.5, -0.019264
765.60009765625, -0.020417
765.699951171875, 0.004858
765.800048828125, -0.006538
765.89990234375, -0.010662
766.0, 0.025077
766.10009765625, 0.018249
766.199951171875, -0.019707
766.300048828125, -0.007602
766.39990234375, 0.014125
766.5, 0.015145
766.60009765625, -0.025338
766.699951171875, 0.005168
766.800048828125, 0.00304
766.89990234375, 0.01244
767.0, 0.020643
767.10009765625, -0.012036
767.199951171875, 0.029334
767.300048828125, 0.007474
767.39990234375, 0.016564
767.5, 0.001798
767.60009765625, -0.011548
767.699951171875, 0.002996
767.800048828125, 0.017362
767.89990234375, 0.004858
768.0, 0.014524
768.10009765625, -0.016382
768.199951171875, 0.007917
768.300048828125, 0.022195
768.39990234375, -0.015805
768.5, 0.017938
768.60009765625, -0.011992
768.699951171875, -0.014253
768.800048828125, -0.008444
768.89990234375, 0.001665
769.0, 0.004459
769.10009765625, -0.018421
769.199951171875, 0.023703
769.300048828125, 0.025255
769.39990234375, 0.006365
769.5, 0.046317
769.60009765625, 0.0249
769.699951171875, 0.015987
769.800048828125, -0.002325
769.89990234375, 0.013859
770.0, 0.010888
770.10009765625, 0.002685
770.199951171875, 0.017717
770.300048828125, -0.012169
770.39990234375, -0.012967
770.5, -0.028176
770.60009765625, -0.004232
770.699951171875, 0.018027
770.800048828125, 0.006454
770.89990234375, -0.00135
771.0, 0.002064
771.10009765625, -0.014608
771.199951171875, 0.021087
771.300048828125, -0.015317
771.39990234375, -0.005208
771.5, -0.001572
771.60009765625, -0.012568
771.699951171875, 0.012795
771.800048828125, -0.00401
771.89990234375, -0.008578
772.0, -0.004942
772.10009765625, -0.005075
772.199951171875, -0.007558
772.300048828125, -0.004276
772.39990234375, -0.010972
772.5, -0.004099
772.60009765625, 0.01009
772.699951171875, -0.003523
772.800048828125, -0.032389
772.89990234375, -0.006006
773.0, 0.01111
773.10009765625, -0.011016
773.199951171875, 0.012972
773.300048828125, 0.003705
773.39990234375, -0.023742
773.5, 0.01448
773.60009765625, 0.024944
773.699951171875, 0.003395
773.800048828125, 0.008006
773.89990234375, 0.004459
774.0, 0.006898
774.10009765625, 0.017406
774.199951171875, 0.010001
774.300048828125, 0.018914
774.39990234375, 0.013593
774.5, 0.017451
774.60009765625, 0.013238
774.699951171875, -0.027068
774.800048828125, -0.01483
774.89990234375, 0.025742
775.0, 0.01448
775.10009765625, 0.010046
775.199951171875, 0.008183
775.300048828125, -0.03363
775.39990234375, -0.009952
775.5, 0.017052
775.60009765625, 0.000202
775.699951171875, 0.019446
775.800048828125, -0.004099
775.89990234375, -0.027822
776.0, 0.002508
776.10009765625, -0.02556
776.199951171875, -0.002414
776.300048828125, -0.00268
776.39990234375, 0.002508
776.5, 0.011199
776.60009765625, 0.009381
776.699951171875, -0.009509
776.800048828125, -0.016825
776.89990234375, -0.004809
777.0, 0.010533
777.10009765625, 0.029245
777.199951171875, 0.019889
777.300048828125, -0.011105
777.39990234375, 0.014968
777.5, 0.000734
777.60009765625, -0.033719
777.699951171875, 0.023836
777.800048828125, -0.005695
777.89990234375, 0.010888
778.0, 0.032216
778.10009765625, 0.017672
778.199951171875, -0.00738
778.300048828125, -0.001971
778.39990234375, -0.005296
778.5, 0.022506
778.60009765625, 0.035364
778.699951171875, 0.010933
778.800048828125, 0.00805
778.89990234375, 0.004902
779.0, -0.001217
779.10009765625, -0.000286
779.199951171875, 0.007252
779.300048828125, -0.011903
779.39990234375, 0.025876
779.5, -0.006671
779.60009765625, 0.021308
779.699951171875, 0.032261
779.800048828125, 0.012396
779.89990234375, -0.002237
780.0, -0.013233
780.10009765625, -0.023077
780.199951171875, -0.003833
780.300048828125, -0.003301
780.39990234375, -0.012879
780.5, 0.000734
780.60009765625, -0.00942
780.699951171875, 0.009203
780.800048828125, 0.012573
780.89990234375, 0.050928
781.0, -0.000463
781.10009765625, -0.007513
781.199951171875, 0.003882
781.300048828125, -0.014874
781.39990234375, -0.005784
781.5, 0.006631
781.60009765625, 0.013238
781.699951171875, 0.010267
781.800048828125, 0.022727
781.89990234375, -0.017268
782.0, -0.009642
782.10009765625, 0.021707
782.199951171875, 0.001089
782.300048828125, 0.009558
782.39990234375, -0.013322
782.5, -0.021836
782.60009765625, -0.005518
782.699951171875, 0.00171
782.800048828125, -0.014918
782.89990234375, 2.5e-05
783.0, 0.007829
783.10009765625, 0.019668
783.199951171875, 0.007208
783.300048828125, -0.02352
783.39990234375, 0.038424
783.5, 0.022639
783.60009765625, 0.006942
783.699951171875, -0.001261
783.800048828125, 0.032172
783.89990234375, 0.004104
784.0, -0.025693
784.10009765625, -0.039129
784.199951171875, 0.018825
784.300048828125, 0.015145
784.39990234375, -0.003345
784.5, 0.004104
784.60009765625, -0.011859
784.699951171875, -0.009908
784.800048828125, -0.01248
784.89990234375, 0.001178
785.0, 0.006587
785.10009765625, -0.014298
785.199951171875, 0.018825
785.300048828125, 0.024279
785.39990234375, 0.012174
785.5, 0.007164
785.60009765625, 0.019224
785.699951171875, 0.025654
785.800048828125, 0.00069
785.89990234375, 0.017584
786.0, 0.00437
786.10009765625, 0.01581
786.199951171875, -0.017224
786.300048828125, -0.026447
786.39990234375, -0.017357
786.5, -0.025471
786.60009765625, 0.000246
786.699951171875, 0.006055
786.800048828125, -0.014386
786.89990234375, 0.005479
787.0, 0.018116
787.10009765625, 0.03532
787.199951171875, -0.037399
787.300048828125, -0.010041
787.39990234375, 0.018204
787.5, 0.002996
787.60009765625, -0.016293
787.699951171875, 0.009469
787.800048828125, 0.010001
787.89990234375, -0.005961
788.0, 0.003661
788.10009765625, -0.012524
788.199951171875, 0.011642
788.300048828125, 0.020289
788.39990234375, -0.000773
788.5, -0.007513
788.60009765625, 0.015943
788.699951171875, 0.008316
788.800048828125, 0.019889
788.89990234375, 0.047691
789.0, 0.020688
789.10009765625, 0.012085
789.199951171875, 0.018604
789.300048828125, 0.014302
789.39990234375, -0.004897
789.5, 0.023082
789.60009765625, 0.005922
789.699951171875, -0.00676
789.800048828125, -0.019131
789.89990234375, 0.013859
790.0, -0.012879
790.10009765625, 0.003661
790.199951171875, 0.010223
790.300048828125, 0.004858
790.39990234375, 0.00876
790.5, 0.013948
790.60009765625, -0.012834
790.699951171875, 0.017894
790.800048828125, 0.006898
790.89990234375, 0.050263
791.0, 0.01816
791.10009765625, 0.008627
791.199951171875, 0.013593
791.300048828125, -0.004055
791.39990234375, -0.000773
791.5, 0.025787
791.60009765625, -0.016204
791.699951171875, 0.035098
791.800048828125, 0.020022
791.89990234375, -0.000685
792.0, 0.035143
792.10009765625, 0.02286
792.199951171875, 0.012529
792.300048828125, 0.006676
792.39990234375, -0.017933
792.5, -0.006937
792.60009765625, -0.030305
792.699951171875, -0.008932
792.800048828125, 0.007873
792.89990234375, 0.004725
793.0, 0.009558
793.10009765625, -0.00135
793.199951171875, 0.006232
793.300048828125, -0.032743
793.39990234375, -0.016736
793.5, -0.005607
793.60009765625, -0.000197
793.699951171875, -0.009331
793.800048828125, 0.009868
793.89990234375, 0.015943
794.0, 0.002552
794.10009765625, 0.024324
794.199951171875, 0.007297
794.300048828125, 0.005257
794.39990234375, 0.001178
794.5, -0.013056
794.60009765625, 0.00508
794.699951171875, 0.009159
794.800048828125, 0.004459
794.89990234375, -0.003212
795.0, 0.013017
795.10009765625, 0.005124
795.199951171875, -0.015184
795.300048828125, 0.011154
795.39990234375, 0.018914
795.5, -0.013233
795.60009765625, -0.00472
795.699951171875, -0.019086
795.800048828125, 0.008228
795.89990234375, 0.002818
796.0, -0.009154
796.10009765625, 0.005922
796.199951171875, 0.010356
796.300048828125, 0.02357
796.39990234375, -0.007513
796.5, 0.013992
796.60009765625, 0.008716
796.699951171875, -0.013499
796.800048828125, 0.003705
796.89990234375, 0.001488
797.0, 0.005745
797.10009765625, -0.016204
797.199951171875, 0.023703
797.300048828125, 0.024368
797.39990234375, -0.003611
797.5, 0.019623
797.60009765625, 0.030886
797.699951171875, -0.004498
797.800048828125, -0.025028
797.89990234375, 0.018249
798.0, -0.019397
798.10009765625, 0.007385
798.199951171875, -0.011548
798.300048828125, -0.01412
798.39990234375, -0.016603
798.5, 0.018604
798.60009765625, 0.021441
798.699951171875, 0.011332
798.800048828125, 0.035631
798.89990234375, 0.005745
799.0, -0.026536
799.10009765625, -0.005518
799.199951171875, 0.017894
799.300048828125, -0.010839
799.39990234375, -0.015938
799.5, 0.002685
799.60009765625, 0.01816
799.699951171875, -0.004587
799.800048828125, 0.013726
799.89990234375, 0.006011
800.0, 0.029778
800.10009765625, -0.013499
800.199951171875, -0.000108
800.300048828125, -0.009198
800.39990234375, -0.027999
800.5, 0.006898
800.60009765625, -0.00268
800.699951171875, 0.000113
800.800048828125, -0.00942
800.89990234375, 0.010179
801.0, 0.00468
801.10009765625, 0.022195
801.199951171875, -0.010174
801.300048828125, 0.027605
801.39990234375, 0.006365
801.5, 0.006321
801.60009765625, 0.014879
801.699951171875, 0.011287
801.800048828125, 0.030177
801.89990234375, -0.00942
802.0, 0.010356
802.10009765625, 0.024989
802.199951171875, 0.025388
802.300048828125, -0.0229
802.39990234375, 0.013238
802.5, -0.015051
802.60009765625, 0.013637
802.699951171875, -0.018643
802.800048828125, 0.005213
802.89990234375, -0.002458
803.0, -0.001705
803.10009765625, 0.027649
803.199951171875, 0.024013
803.300048828125, -0.009952
803.39990234375, -0.005208
803.5, 0.009336
803.60009765625, 0.014169
803.699951171875, 0.023038
803.800048828125, -0.009464
803.89990234375, 0.01346
804.0, 0.007518
804.10009765625, 0.006853
804.199951171875, -0.008223
804.300048828125, -0.005163
804.39990234375, -0.003257
804.5, -0.025516
804.60009765625, 0.022062
804.699951171875, 0.01612
804.800048828125, -0.00911
804.89990234375, 0.00743
805.0, -0.007646
805.10009765625, 0.025166
805.199951171875, 0.015721
805.300048828125, -0.015716
805.39990234375, -0.002547
805.5, 0.014125
805.60009765625, -0.02658
805.699951171875, -0.00268
805.800048828125, -0.001439
805.89990234375, -0.011947
806.0, -0.009287
806.10009765625, 0.003616
806.199951171875, 0.004281
806.300048828125, 0.012972
806.39990234375, 0.017185
806.5, -0.004055
806.60009765625, 0.000335
806.699951171875, 0.007031
806.800048828125, -0.000907
806.89990234375, -0.000818
807.0, -0.008267
807.10009765625, -0.015096
807.199951171875, 0.002242
807.300048828125, 0.005745
807.39990234375, -0.01483
807.5, -0.011415
807.60009765625, -0.013544
807.699951171875, 0.005346
807.800048828125, -0.005163
807.89990234375, -0.021037
808.0, -0.032344
808.10009765625, -0.020993
808.199951171875, -0.005873
808.300048828125, 0.003084
808.39990234375, 0.017096
808.5, 0.007252
808.60009765625, -0.006937
808.699951171875, -0.021969
808.800048828125, 0.026275
808.89990234375, 0.014125
809.0, -0.01412
809.10009765625, -0.022057
809.199951171875, -0.009243
809.300048828125, -0.01483
809.39990234375, 0.036562
809.5, 0.00508
809.60009765625, 0.005124
809.699951171875, -0.017313
809.800048828125, -0.007336
809.89990234375, -0.000995
810.0, 0.004813
810.10009765625, -0.009775
810.199951171875, 0.012662
810.300048828125, 0.018825
810.39990234375, 0.008893
810.5, -0.003611
810.60009765625, -0.004631
810.699951171875, 0.01111
810.800048828125, -0.018599
810.89990234375, -0.018599
811.0, 0.040153
811.10009765625, -0.007602
811.199951171875, -0.013854
811.300048828125, 0.00233
811.39990234375, 0.009292
811.5, 0.00335
811.60009765625, 0.001266
811.699951171875, -0.010484
811.800048828125, -0.002281
811.89990234375, 0.005745
812.0, -0.010484
812.10009765625, 0.018781
812.199951171875, -0.024097
812.300048828125, 0.007164
812.39990234375, -0.019042
812.5, 0.016387
812.60009765625, 0.015588
812.699951171875, 0.020865
812.800048828125, 0.006898
812.89990234375, 0.003572
813.0, -0.015051
813.10009765625, -0.014431
813.199951171875, 0.010223
813.300048828125, -0.010839
813.39990234375, -0.00472
813.5, 0.022284
813.60009765625, 0.031773
813.699951171875, -0.017224
813.800048828125, 0.005434
813.89990234375, 0.007607
814.0, -0.01412
814.10009765625, -0.021747
814.199951171875, -0.011814
814.300048828125, 0.011642
814.39990234375, -0.035138
814.5, -0.006715
814.60009765625, -0.008178
814.699951171875, -0.012568
814.800048828125, -0.009154
814.89990234375, 0.034123
815.0, 0.005213
815.10009765625, -0.010573
815.199951171875, 0.0057
815.300048828125, 0.005523
815.39990234375, -0.004853
815.5, 0.003084
815.60009765625, -0.006804
815.699951171875, -0.026004
815.800048828125, -0.007425
815.89990234375, 0.008804
816.0, -0.026624
816.10009765625, -0.00503
816.199951171875, 0.027339
816.300048828125, -0.019131
816.39990234375, -0.007558
816.5, 0.013593
816.60009765625, 0.010888
816.699951171875, -0.02995
816.800048828125, -0.016426
816.89990234375, 0.017185
817.0, 0.017229
817.10009765625, -0.011637
817.199951171875, -0.022634
817.300048828125, -0.005341
817.39990234375, -0.007203
817.5, 0.006055
817.60009765625, 0.017273
817.699951171875, -0.001882
817.800048828125, 0.014524
817.89990234375, 0.046405
818.0, 0.011819
818.10009765625, 0.003306
818.199951171875, 0.00335
818.300048828125, -0.022412
818.39990234375, -0.008977
818.5, -0.02117
818.60009765625, 0.014657
818.699951171875, 0.025343
818.800048828125, 0.029378
818.89990234375, 0.020909
819.0, 0.025654
819.10009765625, 0.000202
819.199951171875, 0.016653
819.300048828125, 0.000379
819.39990234375, -0.022722
819.5, 0.010046
819.60009765625, -0.004055
819.699951171875, -0.01146
819.800048828125, 0.001488
819.89990234375, 0.026541
820.0, 0.030753
820.10009765625, -0.005341
820.199951171875, 0.00805
820.300048828125, 0.001044
820.39990234375, -0.00707
820.5, -0.022279
820.60009765625, -0.018687
820.699951171875, 0.009735
820.800048828125, 0.011598
820.89990234375, 0.007917
821.0, 0.015854
821.10009765625, 0.00641
821.199951171875, 0.016963
821.300048828125, 0.014746
821.39990234375, 0.016741
821.5, -0.012036
821.60009765625, 0.011509
821.699951171875, -0.004498
821.800048828125, 0.012174
821.89990234375, -0.00911
822.0, 0.006498
822.10009765625, 0.002552
822.199951171875, -0.003567
822.300048828125, -0.017446
822.39990234375, -0.021836
822.5, -0.030172
822.60009765625, -0.000507
822.699951171875, 0.00304
822.800048828125, -0.001483
822.89990234375, 0.019357
823.0, 0.015189
823.10009765625, -0.004631
823.199951171875, -0.013987
823.300048828125, 0.007607
823.39990234375, 0.002729
823.5, -0.005873
823.60009765625, -0.016825
823.699951171875, 0.008361
823.800048828125, -0.0084
823.89990234375, 0.021397
824.0, 0.004326
824.10009765625, 0.007075
824.199951171875, -0.004498
824.300048828125, 0.034079
824.39990234375, -0.006316
824.5, 0.021308
824.60009765625, 0.024279
824.699951171875, -0.000197
824.800048828125, 0.009514
824.89990234375, -0.006139
825.0, -0.000596
825.10009765625, 0.003927
825.199951171875, 0.022195
825.300048828125, -0.012746
825.39990234375, 0.010844
825.5, -0.001261
825.60009765625, -0.003833
825.699951171875, -0.021924
825.800048828125, -0.000995
825.89990234375, -0.008001
826.0, -0.013721
826.10009765625, 0.001754
826.199951171875, 0.005745
826.300048828125, 0.012751
826.39990234375, 0.00437
826.5, -0.014519
826.60009765625, -0.014652
826.699951171875, 0.002463
826.800048828125, 0.010445
826.89990234375, 0.015101
827.0, 0.00304
827.10009765625, 0.021752
827.199951171875, -0.014697
827.300048828125, -0.017712
827.39990234375, 0.003749
827.5, -0.013765
827.60009765625, 0.000557
827.699951171875, 0.001754
827.800048828125, -0.002192
827.89990234375, 0.022993
828.0, -0.004809
828.10009765625, -0.010262
828.199951171875, -0.01882
828.300048828125, -0.014963
828.39990234375, 0.011199
828.5, -0.00064
828.60009765625, 0.001
828.699951171875, 0.020909
828.800048828125, 0.025432
828.89990234375, 0.008494
829.0, 0.02756
829.10009765625, 0.02858
829.199951171875, 0.013726
829.300048828125, 0.007119
829.39990234375, 0.000468
829.5, -0.001128
829.60009765625, -0.015273
829.699951171875, -0.006139
829.800048828125, 0.017451
829.89990234375, -0.005341
830.0, 0.004813
830.10009765625, -0.012657
830.199951171875, -0.011282
830.300048828125, -0.007292
830.39990234375, 0.006321
830.5, -0.009331
830.60009765625, -0.029817
830.699951171875, 0.008449
830.800048828125, 0.001444
830.89990234375, -0.015051
831.0, 0.010001
831.10009765625, -0.015805
831.199951171875, -0.000241
831.300048828125, 0.00805
831.39990234375, 0.006543
831.5, 0.013815
831.60009765625, -0.004454
831.699951171875, -0.009464
831.800048828125, 0.014524
831.89990234375, 0.017185
832.0, 0.007917
832.10009765625, 0.000911
832.199951171875, -0.006316
832.300048828125, -0.009553
832.39990234375, 0.042725
832.5, -0.002902
832.60009765625, 0.026009
832.699951171875, -0.004409
832.800048828125, -0.011016
832.89990234375, 0.015367
833.0, -0.001793
833.10009765625, 0.001754
833.199951171875, -0.033497
833.300048828125, -0.018244
833.39990234375, 0.012972
833.5, 0.001222
833.60009765625, -0.010262
833.699951171875, -0.013987
833.800048828125, 0.011243
833.89990234375, 0.016653
834.0, -0.005518
834.10009765625, 0.00406
834.199951171875, 0.02224
834.300048828125, 0.013726
834.39990234375, -0.023077
834.5, -0.005917
834.60009765625, -0.024097
834.699951171875, -0.004853
834.800048828125, -0.001439
834.89990234375, -0.007735
835.0, -0.003124
835.10009765625, 0.004193
835.199951171875, -0.02055
835.300048828125, 0.011775
835.39990234375, -0.000108
835.5, 0.012573
835.60009765625, 0.001621
835.699951171875, -0.012657
835.800048828125, -0.007114
835.89990234375, -0.015805
836.0, 0.005966
836.10009765625, -0.015273
836.199951171875, 0.006055
836.300048828125, -0.043164
836.39990234375, -0.007026
836.5, 0.010445
836.60009765625, -0.001971
836.699951171875, -0.017224
836.800048828125, -0.000862
836.89990234375, -0.014652
837.0, -0.014431
837.10009765625, -0.001217
837.199951171875, 0.001532
837.300048828125, -0.005518
837.39990234375, -0.006316
837.5, 0.019845
837.60009765625, -0.011548
837.699951171875, -0.011282
837.800048828125, 0.027383
837.89990234375, -0.005341
838.0, -0.00064
838.10009765625, 0.005124
838.199951171875, -0.001749
838.300048828125, -0.024673
838.39990234375, 0.002596
838.5, 0.019623
838.60009765625, 0.011199
838.699951171875, -0.011548
838.800048828125, 0.013948
838.89990234375, 0.008716
839.0, 0.00304
839.10009765625, -0.003966
839.199951171875, -0.030127
839.300048828125, 0.00805
839.39990234375, -0.013632
839.5, 0.023304
839.60009765625, 0.007031
839.699951171875, -0.015628
839.800048828125, -0.015317
839.89990234375, 0.019402
840.0, 0.005035
840.10009765625, -0.007691
840.199951171875, -0.010706
840.300048828125, 0.038956
840.39990234375, -0.013499
840.5, 0.00335
840.60009765625, 0.008494
840.699951171875, -0.006848
840.800048828125, -0.022944
840.89990234375, -0.012302
841.0, -0.003922
841.10009765625, 0.002729
841.199951171875, 0.005124
841.300048828125, -0.029063
841.39990234375, -0.020461
841.5, 0.020244
841.60009765625, 0.005168
841.699951171875, -0.027777
841.800048828125, -0.007513
841.89990234375, -0.03465
842.0, -0.005075
842.10009765625, 0.004193
842.199951171875, -0.018288
842.300048828125, 0.0108
842.39990234375, 0.004947
842.5, 0.009824
842.60009765625, -0.006272
842.699951171875, 0.024368
842.800048828125, -0.004454
842.89990234375, 0.026851
843.0, 0.019446
843.10009765625, 0.005523
843.199951171875, -0.006627
843.300048828125, -0.001306
843.39990234375, 0.010356
843.5, -0.008223
843.60009765625, 0.004104
843.699951171875, -0.015628
843.800048828125, -0.025959
843.89990234375, 0.010755
844.0, -0.016293
844.10009765625, 0.013017
844.199951171875, 0.009602
844.300048828125, -0.006804
844.39990234375, 0.032793
844.5, 0.000424
844.60009765625, 0.017318
844.699951171875, -0.006538
844.800048828125, -0.001439
844.89990234375, 0.020909
845.0, 0.002596
845.10009765625, -0.014342
845.199951171875, 0.013593
845.300048828125, -0.014031
845.39990234375, -0.002946
845.5, -0.015938
845.60009765625, 0.015544
845.699951171875, 0.009558
845.800048828125, 0.013061
845.89990234375, 0.004769
846.0, 0.001843
846.10009765625, 0.002064
846.199951171875, 0.029866
846.300048828125, 0.003306
846.39990234375, 0.001
846.5, -0.002547
846.60009765625, 0.000734
846.699951171875, -0.004986
846.800048828125, 0.016608
846.89990234375, -0.009863
847.0, 0.022195
847.10009765625, 0.011509
847.199951171875, -0.022102
847.300048828125, -0.000596
847.39990234375, 0.024191
847.5, 0.000468
847.60009765625, 0.026363
847.699951171875, -0.003345
847.800048828125, 0.004858
847.89990234375, -0.006715
848.0, -0.008799
848.10009765625, 0.011952
848.199951171875, 0.0155
848.300048828125, 0.013283
848.39990234375, -0.007602
848.5, -0.005119
848.60009765625, 0.012041
848.699951171875, -0.015805
848.800048828125, 0.028181
848.89990234375, -0.014076
849.0, -0.002237
849.10009765625, -0.009996
849.199951171875, 0.001444
849.300048828125, 0.000379
849.39990234375, -0.009509
849.5, -0.029462
849.60009765625, -0.003611
849.699951171875, 0.000645
849.800048828125, 0.006809
849.89990234375, -0.009553
850.0, -0.007114
850.10009765625, 0.001488
850.199951171875, 0.018914
850.300048828125, -0.006804
850.39990234375, 0.01244
850.5, 0.009248
850.60009765625, -0.008711
850.699951171875, 0.009868
850.800048828125, 0.008449
850.89990234375, 0.019313
851.0, 0.011332
851.10009765625, 0.018737
851.199951171875, -0.001572
851.300048828125, -0.007957
851.39990234375, -0.008045
851.5, 0.010179
851.60009765625, 0.013992
851.699951171875, -0.011593
851.800048828125, 0.006099
851.89990234375, 0.011465
852.0, 0.024944
852.10009765625, 0.002064
852.199951171875, 0.012662
852.300048828125, 0.01581
852.39990234375, -0.016027
852.5, 0.003971
852.60009765625, 0.004636
852.699951171875, 0.001222
852.800048828125, 0.000911
852.89990234375, 0.0202
853.0, 0.009957
853.10009765625, 0.001488
853.199951171875, 0.017362
853.300048828125, -0.005828
853.39990234375, 0.013859
853.5, -0.019751
853.60009765625, 0.005523
853.699951171875, 0.009381
853.800048828125, -0.00237
853.89990234375, -0.000951
854.0, 0.005523
854.10009765625, 0.018382
854.199951171875, -0.004498
854.300048828125, 0.003483
854.39990234375, 0.020022
854.5, 0.010977
854.60009765625, -0.001261
854.699951171875, 0.002197
854.800048828125, -0.002769
854.89990234375, -0.02219
855.0, 0.003084
855.10009765625, -0.019219
855.199951171875, -0.008844
855.300048828125, -0.011105
855.39990234375, -0.020505
855.5, -0.010484
855.60009765625, 0.012662
855.699951171875, 0.024058
855.800048828125, 0.001577
855.89990234375, 0.002375
856.0, 0.000246
856.10009765625, -0.013189
856.199951171875, 0.002729
856.300048828125, 0.0155
856.39990234375, -0.005607
856.5, 0.010356
856.60009765625, -0.000552
856.699951171875, 0.010888
856.800048828125, 0.033946
856.89990234375, -0.00166
857.0, 0.011775
857.10009765625, -0.00574
857.199951171875, 0.028137
857.300048828125, 0.012751
857.39990234375, -0.001439
857.5, 0.00335
857.60009765625, -0.001926
857.699951171875, -0.016559
857.800048828125, -0.032123
857.89990234375, -0.003567
858.0, -0.003656
858.10009765625, -0.00104
858.199951171875, -0.003345
858.300048828125, 0.005523
858.39990234375, -0.001128
858.5, 0.024324
858.60009765625, -0.010085
858.699951171875, 0.01652
858.800048828125, -0.003567
858.89990234375, 0.006543
859.0, -0.021658
859.10009765625, -0.014076
859.199951171875, 0.024856
859.300048828125, -0.014652
859.39990234375, -0.004099
859.5, -0.005651
859.60009765625, 0.014835
859.699951171875, 0.007252
859.800048828125, 0.004902
859.89990234375, 0.007297
860.0, -0.000685
860.10009765625, -0.020461
860.199951171875, -0.008178
860.300048828125, 0.027161
860.39990234375, 0.003572
860.5, -0.001572
860.60009765625, 0.013416
860.699951171875, 0.006587
860.800048828125, -0.000241
860.89990234375, -0.007602
861.0, 0.01479
861.10009765625, 0.019978
861.199951171875, -0.006671
861.300048828125, -0.012169
861.39990234375, -0.013189
861.5, 0.001843
861.60009765625, 0.006498
861.699951171875, -0.008666
861.800048828125, 0.012174
861.89990234375, -0.000507
862.0, -0.014874
862.10009765625, -0.026092
862.199951171875, -0.006094
862.300048828125, 0.015899
862.39990234375, 0.018958
862.5, 0.000113
862.60009765625, -0.01208
862.699951171875, 0.011066
862.800048828125, 0.009735
862.89990234375, 0.012662
863.0, 0.004281
863.10009765625, 0.00406
863.199951171875, -0.008444
863.300048828125, -0.0131
863.39990234375, 0.01612
863.5, 0.00743
863.60009765625, -0.00237
863.699951171875, 0.008006
863.800048828125, 0.006321
863.89990234375, 0.015367
864.0, -0.010351
864.10009765625, -0.009597
864.199951171875, 0.027827
864.300048828125, -0.009908
864.39990234375, -0.018865
864.5, -0.007779
864.60009765625, -0.00135
864.699951171875, -0.016204
864.800048828125, -0.013233
864.89990234375, 0.000291
865.0, -0.009331
865.10009765625, -0.02117
865.199951171875, -0.008711
865.300048828125, -0.002237
865.39990234375, 0.00468
865.5, -0.013632
865.60009765625, 0.017938
865.699951171875, 0.014746
865.800048828125, 0.001133
865.89990234375, 0.003882
866.0, 0.009735
866.10009765625, -0.006937
866.199951171875, 0.000246
866.300048828125, -0.007336
866.39990234375, 0.006498
866.5, 0.032128
866.60009765625, 0.027161
866.699951171875, 0.005833
866.800048828125, -0.008666
866.89990234375, -0.006006
867.0, -0.021924
867.10009765625, 0.002685
867.199951171875, -0.017135
867.300048828125, 0.018692
867.39990234375, 0.008716
867.5, 0.000645
867.60009765625, -0.018067
867.699951171875, -0.004232
867.800048828125, -0.01851
867.89990234375, -0.011859
868.0, -0.010839
868.10009765625, 0.006277
868.199951171875, 0.000335
868.300048828125, -0.022412
868.39990234375, 0.002375
868.5, 0.023304
868.60009765625, -0.006449
868.699951171875, 0.034433
868.800048828125, 0.016342
868.89990234375, -0.028974
869.0, -0.025427
869.10009765625, -0.00636
869.199951171875, -0.021082
869.300048828125, 0.007873
869.39990234375, 0.014569
869.5, 0.001488
869.60009765625, -0.011061
869.699951171875, 0.035276
869.800048828125, 0.011553
869.89990234375, -0.029551
870.0, 0.004148
870.10009765625, 0.010356
870.199951171875, 0.015943
870.300048828125, 0.019136
870.39990234375, 0.004503
870.5, -0.000596
870.60009765625, 0.008361
870.699951171875, 0.011154
870.800048828125, 0.005301
870.89990234375, 0.00539
871.0, -0.025782
871.10009765625, -0.009198
871.199951171875, 0.011287
871.300048828125, 0.011775
871.39990234375, 0.01479
871.5, 0.000468
871.60009765625, -0.000463
871.699951171875, -0.001217
871.800048828125, -0.005252
871.89990234375, -2e-05
872.0, 0.001843
872.10009765625, -0.010573
872.199951171875, -0.00166
872.300048828125, -0.007114
872.39990234375, -0.004676
872.5, 0.007031
872.60009765625, 0.017761
872.699951171875, -0.01647
872.800048828125, -0.008711
872.89990234375, 0.016653
873.0, 0.007784
873.10009765625, -0.00911
873.199951171875, -0.00166
873.300048828125, -0.018067
873.39990234375, 0.015943
873.5, 0.003306
873.60009765625, 0.011332
873.699951171875, 0.020377
873.800048828125, 0.002197
873.89990234375, -0.004321
874.0, -0.008666
874.10009765625, 0.001577
874.199951171875, -0.002636
874.300048828125, -0.012435
874.39990234375, 0.012573
874.5, 0.004414
874.60009765625, 0.014081
874.699951171875, 0.002197
874.800048828125, 0.002996
874.89990234375, 0.021353
875.0, -0.001793
875.10009765625, 0.012307
875.199951171875, 0.003749
875.300048828125, -0.008178
875.39990234375, 0.008804
875.5, -0.033009
875.60009765625, -0.018333
875.699951171875, -0.00401
875.800048828125, -0.015938
875.89990234375, 0.012972
876.0, 0.028625
876.10009765625, -0.00503
876.199951171875, 0.009469
876.300048828125, -0.0084
876.39990234375, 0.009203
876.5, -0.004764
876.60009765625, 0.005966
876.699951171875, 0.022949
876.800048828125, 0.009115
876.89990234375, 0.006454
877.0, 0.007031
877.10009765625, 0.009602
877.199951171875, 0.024412
877.300048828125, -0.007735
877.39990234375, 0.020244
877.5, 0.011465
877.60009765625, 0.002242
877.699951171875, -0.003789
877.800048828125, 0.039267
877.89990234375, 0.029911
878.0, 0.032571
878.10009765625, 0.007962
878.199951171875, 0.01111
878.300048828125, -0.010262
878.39990234375, 0.039488
878.5, 0.002641
878.60009765625, 0.025565
878.699951171875, -0.007691
878.800048828125, 0.011642
878.89990234375, -0.002991
879.0, -0.018554
879.10009765625, 0.022727
879.199951171875, 0.028093
879.300048828125, 0.008272
879.39990234375, 0.021308
879.5, 0.019756
879.60009765625, 0.018692
879.699951171875, 0.046538
879.800048828125, 0.03031
879.89990234375, 0.025033
880.0, 0.001754
880.10009765625, -0.012036
880.199951171875, -0.013455
880.300048828125, 0.000246
880.39990234375, -0.028132
880.5, 0.034034
880.60009765625, 0.025742
880.699951171875, -0.006848
880.800048828125, 0.013061
880.89990234375, -0.022944
881.0, 0.005523
881.10009765625, 0.016608
881.199951171875, -0.008134
881.300048828125, 0.006321
881.39990234375, 0.00672
881.5, 0.011598
881.60009765625, 0.009824
881.699951171875, 0.005922
881.800048828125, -0.008666
881.89990234375, -0.013987
882.0, 0.021574
882.10009765625, 0.009292
882.199951171875, -0.029107
882.300048828125, -0.01851
882.39990234375, -0.024008
882.5, 0.015854
882.60009765625, -0.006094
882.699951171875, 0.013238
882.800048828125, 0.00508
882.89990234375, 0.013371
883.0, -0.004498
883.10009765625, -0.016914
883.199951171875, 0.004547
883.300048828125, -0.010307
883.39990234375, 0.005878
883.5, 0.017052
883.60009765625, 0.02357
883.699951171875, -0.012746
883.800048828125, -0.008356
883.89990234375, 6.9e-05
884.0, -0.013854
884.10009765625, -0.021747
884.199951171875, -0.023432
884.300048828125, 0.001444
884.39990234375, -0.002902
884.5, 0.005789
884.60009765625, 0.006809
884.699951171875, -0.003257
884.800048828125, 0.014569
884.89990234375, 0.015854
885.0, -0.013898
885.10009765625, 0.004947
885.199951171875, 0.01714
885.300048828125, -0.003789
885.39990234375, 0.009159
885.5, 0.001577
885.60009765625, -0.000995
885.699951171875, -0.001128
885.800048828125, -0.017091
885.89990234375, -0.00237
886.0, -0.002458
886.10009765625, -0.023609
886.199951171875, -0.013588
886.300048828125, 0.00978
886.39990234375, 0.027339
886.5, 0.01213
886.60009765625, 0.004148
886.699951171875, -0.009331
886.800048828125, -0.001173
886.89990234375, 0.002552
887.0, -0.004764
887.10009765625, 0.016431
887.199951171875, 0.005878
887.300048828125, -0.022013
887.39990234375, 0.015367
887.5, -0.008444
887.60009765625, -0.004365
887.699951171875, 0.01887
887.800048828125, -0.020151
887.89990234375, 0.01244
888.0, -0.013056
888.10009765625, 0.014391
888.199951171875, 0.000601
888.300048828125, -0.000729
888.39990234375, 0.002641
888.5, 0.006011
888.60009765625, -0.009331
888.699951171875, -0.024186
888.800048828125, -0.006493
888.89990234375, 0.002951
889.0, 0.010312
889.10009765625, 0.022727
889.199951171875, -0.012125
889.300048828125, -0.009331
889.39990234375, -0.028974
889.5, -0.00636
889.60009765625, 0.010356
889.699951171875, -0.000818
889.800048828125, -0.01953
889.89990234375, 0.020422
890.0, -0.016337
890.10009765625, -0.003257
890.199951171875, -0.0037
890.300048828125, 0.006942
890.39990234375, -0.009863
890.5, -0.003877
890.60009765625, 0.002419
890.699951171875, 0.01887
890.800048828125, 0.007341
890.89990234375, 0.008095
891.0, -0.006139
891.10009765625, -0.001306
891.199951171875, -0.009154
891.300048828125, 0.016032
891.39990234375, -0.019441
891.5, 0.018692
891.60009765625, 0.007784
891.699951171875, 0.007962
891.800048828125, 0.006764
891.89990234375, 0.008893
892.0, -0.003035
892.10009765625, 0.013815
892.199951171875, 0.016431
892.300048828125, 0.011864
892.39990234375, 0.006232
892.5, 0.003173
892.60009765625, -0.002946
892.699951171875, 0.016653
892.800048828125, 0.003395
892.89990234375, -0.015362
893.0, -0.001971
893.10009765625, 0.018692
893.199951171875, -0.002591
893.300048828125, -0.036645
893.39990234375, 0.008582
893.5, 0.008316
893.60009765625, -0.004188
893.699951171875, 0.021308
893.800048828125, -0.019796
893.89990234375, 0.00743
894.0, 0.018426
894.10009765625, 0.012218
894.199951171875, 0.018338
894.300048828125, 0.000158
894.39990234375, 0.003616
894.5, 0.013416
894.60009765625, 0.005833
894.699951171875, 0.001222
894.800048828125, -0.012613
894.89990234375, -0.006449
895.0, -0.011149
895.10009765625, 0.022506
895.199951171875, 0.024856
895.300048828125, 0.011553
895.39990234375, -0.001173
895.5, -0.019796
895.60009765625, -0.00135
895.699951171875, 0.023126
895.800048828125, 0.009026
895.89990234375, -0.006006
896.0, 0.006809
896.10009765625, 0.007119
896.199951171875, -0.003301
896.300048828125, -0.005474
896.39990234375, 0.004503
896.5, 0.003705
896.60009765625, 0.006365
896.699951171875, 0.001133
896.800048828125, -0.01412
896.89990234375, 0.002419
897.0, 0.001577
897.10009765625, 0.001754
897.199951171875, -0.001261
897.300048828125, 0.023392
897.39990234375, -0.000552
897.5, 0.004148
897.60009765625, 0.0057
897.699951171875, 0.002197
897.800048828125, -0.010573
897.89990234375, -0.000552
898.0, -0.006316
898.10009765625, -0.018421
898.199951171875, 0.001089
898.300048828125, -0.016293
898.39990234375, 0.000158
898.5, 0.023038
898.60009765625, -0.017135
898.699951171875, -0.004676
898.800048828125, -0.006183
898.89990234375, 0.018692
899.0, 0.008361
899.10009765625, -0.003301
899.199951171875, 0.028891
899.300048828125, -0.027822
899.39990234375, -0.02689
899.5, 0.017451
899.60009765625, 0.016209
899.699951171875, 0.011509
899.800048828125, -0.017224
899.89990234375, -0.011149
900.0, 0.00335
900.10009765625, 0.039178
900.199951171875, 0.0155
900.300048828125, 0.004813
900.39990234375, 0.003129
900.5, 0.025255
900.60009765625, 0.018338
900.699951171875, -0.019264
900.800048828125, -0.014874
900.89990234375, 0.01111
901.0, 0.031241
901.10009765625, 0.003306
901.199951171875, -0.023033
901.300048828125, -0.009908
901.39990234375, -0.013588
901.5, -0.016116
901.60009765625, 0.011553
901.699951171875, 0.01714
901.800048828125, -0.031546
901.89990234375, -0.019264
902.0, 0.005168
902.10009765625, -0.006981
902.199951171875, 0.014835
902.300048828125, 0.011332
902.39990234375, 0.012085
902.5, 0.007651
902.60009765625, -0.004498
902.699951171875, 0.006188
902.800048828125, -0.001926
902.89990234375, 0.013327
903.0, 0.023259
903.10009765625, -0.006627
903.199951171875, -0.001439
903.300048828125, 0.001798
903.39990234375, 0.010046
903.5, 0.008716
903.60009765625, 0.00171
903.699951171875, 0.012573
903.800048828125, 0.028935
903.89990234375, 0.02592
904.0, 0.028137
904.10009765625, -0.018333
904.199951171875, -0.009464
904.300048828125, -0.012435
904.39990234375, -0.022368
904.5, 0.011775
904.60009765625, 0.005035
904.699951171875, 0.021486
904.800048828125, -0.024008
904.89990234375, -0.036823
905.0, 0.001976
905.10009765625, 0.035631
905.199951171875, 0.008139
905.300048828125, 0.020998
905.39990234375, -0.002813
905.5, -0.006848
905.60009765625, -0.005429
905.699951171875, -0.010218
905.800048828125, -0.004986
905.89990234375, 0.0057
906.0, 0.001399
906.10009765625, 0.021397
906.199951171875, 0.021707
906.300048828125, 0.004547
906.39990234375, -0.01146
906.5, -0.002503
906.60009765625, -0.010529
906.699951171875, 0.013859
906.800048828125, 0.01346
906.89990234375, 0.014258
907.0, 0.014923
907.10009765625, 0.009203
907.199951171875, 0.010223
907.300048828125, 0.014746
907.39990234375, 0.002907
907.5, -0.000773
907.60009765625, 0.013105
907.699951171875, 0.00508
907.800048828125, 0.009602
907.89990234375, 0.005301
908.0, 0.001577
908.10009765625, 0.014436
908.199951171875, 0.023658
908.300048828125, 0.012307
908.39990234375, 0.016209
908.5, 0.020244
908.60009765625, -0.018732
908.699951171875, -0.005961
908.800048828125, -0.007247
908.89990234375, -0.018998
909.0, -0.002414
909.10009765625, -0.025294
909.199951171875, -0.008932
909.300048828125, -0.027289
909.39990234375, -0.031191
909.5, 0.000601
909.60009765625, 0.02459
909.699951171875, 0.022506
909.800048828125, -0.000818
909.89990234375, -0.011194
910.0, 0.005656
910.10009765625, -0.005695
910.199951171875, 0.003971
910.300048828125, 0.015721
910.39990234375, -0.001217
910.5, -0.008844
910.60009765625, 0.010312
910.699951171875, 0.031862
910.800048828125, 0.007385
910.89990234375, -0.020505
911.0, -0.004454
911.10009765625, -0.017002
911.199951171875, -0.02321
911.300048828125, -0.008444
911.39990234375, 0.003705
911.5, -0.010396
911.60009765625, -0.000419
911.699951171875, -0.007247
911.800048828125, 0.002729
911.89990234375, -0.019618
912.0, 0.003616
912.10009765625, 0.000601
912.199951171875, -0.005518
912.300048828125, 0.009336
912.39990234375, -0.037089
912.5, 0.01244
912.60009765625, 0.0057
912.699951171875, 0.005612
912.800048828125, -0.00809
912.89990234375, -0.005119
913.0, -0.008799
913.10009765625, 0.024102
913.199951171875, -0.014697
913.300048828125, -0.009996
913.39990234375, -0.002769
913.5, 0.04175
913.60009765625, 0.021796
913.699951171875, 0.015322
913.800048828125, 0.013682
913.89990234375, 0.008582
914.0, 0.000113
914.10009765625, 0.019446
914.199951171875, 0.002641
914.300048828125, -0.002192
914.39990234375, 0.002596
914.5, 0.008893
914.60009765625, -0.032389
914.699951171875, -0.004942
914.800048828125, -0.008932
914.89990234375, -0.034207
915.0, 0.007075
915.10009765625, 0.004991
915.199951171875, 0.00539
915.300048828125, 0.031507
915.39990234375, -0.001882
915.5, 0.005656
915.60009765625, 0.00539
915.699951171875, -0.011327
915.800048828125, 0.014879
915.89990234375, 0.011509
916.0, 0.001355
916.10009765625, 0.004813
916.199951171875, -0.007203
916.300048828125, 0.007341
916.39990234375, -0.02188
916.5, 0.006631
916.60009765625, 0.022772
916.699951171875, -0.02352
916.800048828125, -0.011149
916.89990234375, 0.004769
917.0, 0.002818
917.10009765625, -0.017047
917.199951171875, 0.025831
917.300048828125, -0.005296
917.39990234375, 0.01448
917.5, 0.012041
917.60009765625, -0.031901
917.699951171875, 0.0155
917.800048828125, 0.01213
917.89990234375, -0.00503
918.0, 0.020067
918.10009765625, 0.007784
918.199951171875, 0.006809
918.300048828125, -0.044849
918.39990234375, -0.016293
918.5, 0.020555
918.60009765625, 0.008006
918.699951171875, 0.011199
918.800048828125, -0.014608
918.89990234375, -0.002591
919.0, -0.004055
919.10009765625, -0.017002
919.199951171875, 0.012041
919.300048828125, 0.008494
919.39990234375, -0.018022
919.5, -0.004409
919.60009765625, 0.003794
919.699951171875, 0.012706
919.800048828125, -0.010174
919.89990234375, 0.001
920.0, -0.011327
920.10009765625, -0.038064
920.199951171875, -0.010662
920.300048828125, 0.010046
920.39990234375, 0.004902
920.5, 0.00508
920.60009765625, 0.016741
920.699951171875, 0.014746
920.800048828125, 0.033413
920.89990234375, 0.002641
921.0, 0.017318
921.10009765625, -0.01381
921.199951171875, 0.004148
921.300048828125, 0.017273
921.39990234375, 0.001665
921.5, -0.026225
921.60009765625, 0.000202
921.699951171875, 0.030576
921.800048828125, -0.012391
921.89990234375, 0.011997
922.0, 0.007873
922.10009765625, -0.003922
922.199951171875, 0.004592
922.300048828125, 0.002641
922.39990234375, 0.006277
922.5, -0.006272
922.60009765625, 0.002685
922.699951171875, -0.000951
922.800048828125, 0.008849
922.89990234375, 0.006942
923.0, -0.006493
923.10009765625, 0.014081
923.199951171875, 0.015677
923.300048828125, -0.005917
923.39990234375, -0.023033
923.5, -0.012524
923.60009765625, -0.016071
923.699951171875, -0.010883
923.800048828125, -0.006493
923.89990234375, -0.00605
924.0, 0.004547
924.10009765625, 0.007518
924.199951171875, -0.011415
924.300048828125, -0.02924
924.39990234375, 0.001532
924.5, -0.008223
924.60009765625, 0.007829
924.699951171875, 0.003084
924.800048828125, 0.026186
924.89990234375, 0.002508
925.0, 0.010578
925.10009765625, -0.00503
925.199951171875, -0.009952
925.300048828125, 0.001621
925.39990234375, -0.020505
925.5, -0.028841
925.60009765625, -0.019397
925.699951171875, 0.010844
925.800048828125, 0.018471
925.89990234375, 0.020909
926.0, -0.003922
926.10009765625, -0.026137
926.199951171875, -0.001261
926.300048828125, 0.024634
926.39990234375, 0.001222
926.5, 0.007164
926.60009765625, 0.004414
926.699951171875, -0.026048
926.800048828125, 0.010356
926.89990234375, 0.003927
927.0, 0.00978
927.10009765625, -0.025693
927.199951171875, 0.026319
927.300048828125, 0.028447
927.39990234375, 0.00743
927.5, 0.018426
927.60009765625, 0.015899
927.699951171875, -0.002414
927.800048828125, 0.011819
927.89990234375, 0.001754
928.0, 0.027782
928.10009765625, -0.007425
928.199951171875, -0.011327
928.300048828125, 0.004725
928.39990234375, 0.01714
928.5, -0.000197
928.60009765625, -0.009996
928.699951171875, -0.01146
928.800048828125, 0.001266
928.89990234375, -0.002414
929.0, -0.014608
929.10009765625, -0.012125
929.199951171875, 0.010445
929.300048828125, 0.011021
929.39990234375, 0.016253
929.5, 0.009469
929.60009765625, -0.008489
929.699951171875, 0.015854
929.800048828125, -0.003877
929.89990234375, -0.002059
930.0, -0.007691
930.10009765625, 0.006055
930.199951171875, 0.000113
930.300048828125, -0.014076
930.39990234375, -0.015273
930.5, 0.025654
930.60009765625, 0.000158
930.699951171875, 0.015544
930.800048828125, 0.01009
930.89990234375, 0.023791
931.0, 0.004459
931.10009765625, 0.009868
931.199951171875, 0.011952
931.300048828125, 0.012928
931.39990234375, 0.021175
931.5, -0.014785
931.60009765625, 0.026629
931.699951171875, -0.000286
931.800048828125, 0.011287
931.89990234375, -0.00605
932.0, -0.005474
932.10009765625, 0.030753
932.199951171875, 0.025033
932.300048828125, -0.018022
932.39990234375, -0.014874
932.5, -0.024008
932.60009765625, 0.016209
932.699951171875, -0.009597
932.800048828125, 0.016387
932.89990234375, -0.007558
933.0, -0.00605
933.10009765625, 0.000379
933.199951171875, -0.010218
933.300048828125, -0.019397
933.39990234375, 0.017628
933.5, 0.007385
933.60009765625, -0.003212
933.699951171875, 0.0394
933.800048828125, 0.017318
933.89990234375, 0.001222
934.0, -0.000108
934.10009765625, 0.023658
934.199951171875, 0.010711
934.300048828125, 0.026009
934.39990234375, 0.001665
934.5, 0.022993
934.60009765625, 0.002996
934.699951171875, 0.016387
934.800048828125, -0.023831
934.89990234375, 0.013371
935.0, -0.01177
935.10009765625, 0.005523
935.199951171875, -0.020372
935.300048828125, 0.018781
935.39990234375, -0.002547
935.5, -0.005607
935.60009765625, 0.003129
935.699951171875, -0.004631
935.800048828125, -0.016116
935.89990234375, 0.001577
936.0, -0.018554
936.10009765625, -0.020284
936.199951171875, 0.005301
936.300048828125, 0.008183
936.39990234375, -0.003656
936.5, 0.000246
936.60009765625, -0.010928
936.699951171875, 0.004858
936.800048828125, -0.007957
936.89990234375, 0.014923
937.0, -0.009952
937.10009765625, -0.002858
937.199951171875, -0.006183
937.300048828125, 0.000645
937.39990234375, -0.001306
937.5, -0.011105
937.60009765625, -0.01412
937.699951171875, -0.005119
937.800048828125, 0.00335
937.89990234375, 0.016076
938.0, 0.027871
938.10009765625, -0.029462
938.199951171875, 0.007164
938.300048828125, -0.000197
938.39990234375, 0.015189
938.5, 0.014968
938.60009765625, 0.017406
938.699951171875, -0.018953
938.800048828125, -0.014741
938.89990234375, -0.003035
939.0, -0.020195
939.10009765625, 0.014835
939.199951171875, 0.015234
939.300048828125, -0.031103
939.39990234375, -0.010085
939.5, 0.00805
939.60009765625, -0.003212
939.699951171875, 0.014702
939.800048828125, -0.015761
939.89990234375, 0.007164
940.0, 0.006188
940.10009765625, -0.014209
940.199951171875, 0.019446
940.300048828125, -0.023343
940.39990234375, 0.025432
940.5, 0.000468
940.60009765625, -0.00574
940.699951171875, 0.015278
940.800048828125, -0.020195
940.89990234375, 0.021353
941.0, 0.008316
941.10009765625, 0.026629
941.199951171875, 0.008006
941.300048828125, 0.005878
941.39990234375, 0.009381
941.5, -0.014164
941.60009765625, -0.022944
941.699951171875, 0.003439
941.800048828125, -0.006627
941.89990234375, 0.001089
942.0, 0.013992
942.10009765625, 0.006232
942.199951171875, -0.014697
942.300048828125, 0.015145
942.39990234375, 0.015012
942.5, 0.009115
942.60009765625, -0.037045
942.699951171875, 0.007563
942.800048828125, -0.005075
942.89990234375, -0.003301
943.0, -0.015539
943.10009765625, -0.004809
943.199951171875, 0.017229
943.300048828125, 0.00437
943.39990234375, 0.01785
943.5, 0.016076
943.60009765625, 0.010445
943.699951171875, -0.008844
943.800048828125, -0.037798
943.89990234375, 0.014746
944.0, -0.001217
944.10009765625, 0.015234
944.199951171875, -0.014918
944.300048828125, -0.024851
944.39990234375, 0.003616
944.5, -2e-05
944.60009765625, 0.009115
944.699951171875, 0.011509
944.800048828125, 0.030975
944.89990234375, 0.004636
945.0, -0.020018
945.10009765625, 0.003971
945.199951171875, -0.012923
945.300048828125, -0.031724
945.39990234375, -0.002636
945.5, 0.007518
945.60009765625, 0.02623
945.699951171875, 0.020244
945.800048828125, -0.005695
945.89990234375, 0.001222
946.0, 0.01315
946.10009765625, 0.020289
946.199951171875, 0.01009
946.300048828125, 0.029334
946.39990234375, 0.020599
946.5, -0.008267
946.60009765625, 0.032748
946.699951171875, 0.01887
946.800048828125, 0.014214
946.89990234375, 0.01377
947.0, 0.022506
947.10009765625, -0.013544
947.199951171875, -0.022722
947.300048828125, -0.001128
947.39990234375, -0.010883
947.5, 0.024191
947.60009765625, -0.010218
947.699951171875, -0.010218
947.800048828125, 0.021397
947.89990234375, -0.000197
948.0, 0.013238
948.10009765625, -0.003922
948.199951171875, 0.010533
948.300048828125, -0.010839
948.39990234375, 0.006321
948.5, -0.004321
948.60009765625, 0.0057
948.699951171875, -0.001439
948.800048828125, 0.024191
948.89990234375, 0.003262
949.0, 0.009647
949.10009765625, 0.001355
949.199951171875, 0.006764
949.300048828125, 0.019047
949.39990234375, 0.014613
949.5, -0.00401
949.60009765625, -0.000197
949.699951171875, 0.011199
949.800048828125, 0.012573
949.89990234375, 0.026275
950.0, -0.005163
950.10009765625, -0.007336
950.199951171875, -0.011726
950.300048828125, 0.016032
950.39990234375, 0.002818
950.5, 0.021796
950.60009765625, -0.014918
950.699951171875, -0.012524
950.800048828125, -0.019264
950.89990234375, 0.005301
951.0, -0.008666
951.10009765625, -0.004188
951.199951171875, 0.029378
951.300048828125, 0.000823
951.39990234375, 0.016431
951.5, -0.001306
951.60009765625, -0.003257
951.699951171875, -0.016382
951.800048828125, 0.019623
951.89990234375, 0.002774
952.0, 0.011598
952.10009765625, -0.000951
952.199951171875, 0.016874
952.300048828125, -0.00472
952.39990234375, -0.004055
952.5, 0.000202
952.60009765625, -0.000463
952.699951171875, -0.021436
952.800048828125, 0.002153
952.89990234375, 0.00233
953.0, 0.000645
953.10009765625, -0.006227
953.199951171875, 0.003838
953.300048828125, -0.018333
953.39990234375, 0.003661
953.5, 0.021175
953.60009765625, -0.017978
953.699951171875, 0.001976
953.800048828125, -0.022811
953.89990234375, -0.028531
954.0, -0.026802
954.10009765625, 0.013992
954.199951171875, -0.006183
954.300048828125, 0.001976
954.39990234375, 0.02756
954.5, -0.017756
954.60009765625, 0.009248
954.699951171875, -0.001882
954.800048828125, -0.009243
954.89990234375, -0.019131
955.0, -0.000241
955.10009765625, 0.012085
955.199951171875, -0.001572
955.300048828125, -0.012613
955.39990234375, -0.002547
955.5, -0.004587
955.60009765625, -0.005429
955.699951171875, 0.011066
955.800048828125, -0.01075
955.89990234375, -0.01381
956.0, -0.001882
956.10009765625, -0.017889
956.199951171875, -0.024274
956.300048828125, 0.019579
956.39990234375, -0.003656
956.5, -0.011992
956.60009765625, -0.022456
956.699951171875, -0.028132
956.800048828125, 0.004104
956.89990234375, 0.004813
957.0, -0.018554
957.10009765625, -0.003434
957.199951171875, 0.007917
957.300048828125, 0.002153
957.39990234375, -0.02454
957.5, 0.011199
957.60009765625, -0.018333
957.699951171875, -0.003744
957.800048828125, 0.01918
957.89990234375, -0.013721
958.0, -0.015495
958.10009765625, 0.015322
958.199951171875, 0.040065
958.300048828125, 0.00335
958.39990234375, -0.019485
958.5, -0.00636
958.60009765625, 0.012307
958.699951171875, 0.013371
958.800048828125, 0.002729
958.89990234375, -0.006449
959.0, -0.004409
959.10009765625, -0.019485
959.199951171875, 0.011864
959.300048828125, 0.001621
959.39990234375, -0.005385
959.5, 0.012085
959.60009765625, 0.023658
959.699951171875, -0.005208
959.800048828125, 0.002685
959.89990234375, -0.000685
960.0, -0.024673
960.10009765625, 0.021707
960.199951171875, 0.009735
960.300048828125, 0.006321
960.39990234375, 0.005035
960.5, 0.010533
960.60009765625, -0.004276
960.699951171875, -0.01882
960.800048828125, 0.002907
960.89990234375, 0.01683
961.0, 0.011465
961.10009765625, 0.030398
961.199951171875, 0.009647
961.300048828125, 0.023658
961.39990234375, -0.013987
961.5, -0.000862
961.60009765625, -0.011504
961.699951171875, -0.018687
961.800048828125, 0.003084
961.89990234375, 0.030531
962.0, -0.004055
962.10009765625, 0.027472
962.199951171875, 0.017229
962.300048828125, 0.02592
962.39990234375, 0.014081
962.5, -0.002192
962.60009765625, -0.000862
962.699951171875, 0.028758
962.800048828125, 0.00805
962.89990234375, 0.014081
963.0, 0.01612
963.10009765625, 0.002774
963.199951171875, 0.002552
963.300048828125, -0.013721
963.39990234375, 0.000335
963.5, -0.00401
963.60009765625, 0.006853
963.699951171875, -0.001173
963.800048828125, -0.01616
963.89990234375, 0.026053
964.0, 0.001089
964.10009765625, 0.002064
964.199951171875, 0.002064
964.300048828125, 0.029511
964.39990234375, -0.013278
964.5, 0.023126
964.60009765625, -0.014652
964.699951171875, -0.021303
964.800048828125, 0.090303
964.89990234375, -0.019131
965.0, 0.002951
965.10009765625, -0.021436
965.199951171875, -0.019574
965.300048828125, -0.011194
965.39990234375, -0.031857
965.5, -0.003744
965.60009765625, 0.022816
965.699951171875, 0.064763
965.800048828125, 0.003661
965.89990234375, 0.094915
966.0, 0.602177
966.10009765625, 1.046607
966.199951171875, 1.219316
966.300048828125, 1.570054
966.39990234375, 2.005661
966.5, 2.378037
966.60009765625, 2.679335
966.699951171875, 2.948796
966.800048828125, 3.217015
966.89990234375, 3.442401
967.0, 3.64739
967.10009765625, 3.807683
967.199951171875, 3.97139
967.300048828125, 4.079893
967.39990234375, 4.209723
967.5, 4.298938
967.60009765625, 4.357202
967.699951171875, 4.413027
967.800048828125, 4.444421
967.89990234375, 4.503394
968.0, 4.480603
968.10009765625, 4.512263
968.199951171875, 4.522727
968.300048828125, 4.494083
968.39990234375, 4.497807
968.5, 4.465749
968.60009765625, 4.471957
968.699951171875, 4.432005
968.800048828125, 4.360705
968.89990234375, 4.30856
969.0, 4.217616
969.10009765625, 4.155539
969.199951171875, 4.088317
969.300048828125, 4.18569
969.39990234375, 4.294282
969.5, 4.405844
969.60009765625, 4.499005
969.699951171875, 4.599127
969.800048828125, 4.693751
969.89990234375, 4.729445
970.0, 4.794316
970.10009765625, 4.871425
970.199951171875, 4.905612
970.300048828125, 4.968444
970.39990234375, 5.000857
970.5, 5.039212
970.60009765625, 5.09282
970.699951171875, 5.068167
970.800048828125, 5.095215
970.89990234375, 5.149799
971.0, 5.159243
971.10009765625, 5.186513
971.199951171875, 5.17565
971.300048828125, 5.207087
971.39990234375, 5.192056
971.5, 5.206733
971.60009765625, 5.197554
971.699951171875, 5.197465
971.800048828125, 5.217286
971.89990234375, 5.188863
972.0, 5.21498
972.10009765625, 5.207664
972.199951171875, 5.174231
972.300048828125, 5.185493
972.39990234375, 5.206068
972.5, 5.157691
972.60009765625, 5.136275
972.699951171875, 5.151794
972.800048828125, 5.159155
972.89990234375, 5.173876
973.0, 5.133969
973.10009765625, 5.166427
973.199951171875, 5.128293
973.300048828125, 5.100137
973.39990234375, 5.105635
973.5, 5.097875
973.60009765625, 5.109493
973.699951171875, 5.116676
973.800048828125, 5.085992
973.89990234375, 5.096678
974.0, 5.066127
974.10009765625, 5.085815
974.199951171875, 5.049721
974.300048828125, 5.042582
974.39990234375, 5.073887
974.5, 5.047947
974.60009765625, 5.053756
974.699951171875, 5.046839
974.800048828125, 4.993629
974.89990234375, 5.015401
975.0, 5.012607
975.10009765625, 5.045553
975.199951171875, 5.056283
975.300048828125, 5.072202
975.39990234375, 5.07034
975.5, 5.11907
975.60009765625, 5.091889
975.699951171875, 5.055131
975.800048828125, 5.092643
975.89990234375, 5.028038
976.0, 5.030521
976.10009765625, 4.984451
976.199951171875, 4.990481
976.300048828125, 4.930089
976.39990234375, 4.588219
976.5, 4.563033
976.60009765625, 4.409702
976.699951171875, 4.218991
976.800048828125, 4.087253
976.89990234375, 3.864129
977.0, 3.515386
977.10009765625, 3.195909
977.199951171875, 2.877495
977.300048828125, 2.644306
977.39990234375, 2.487249
977.5, 2.303056
977.60009765625, 2.058028
977.699951171875, 1.761253
977.800048828125, 1.326799
977.89990234375, 0.625589
978.0, 0.015101
978.10009765625, 0.017052
978.199951171875, -0.019264
978.300048828125, 0.003749
978.39990234375, -0.006937
978.5, -0.021215
978.60009765625, -0.002281
978.699951171875, -0.031724
978.800048828125, -0.006804
978.89990234375, 0.006011
979.0, 0.011376
979.10009765625, -0.002547
979.199951171875, 0.025876
979.300048828125, -0.025516
979.39990234375, -0.018067
979.5, -0.027023
979.60009765625, -0.010839
979.699951171875, 0.003439
979.800048828125, -0.017002
979.89990234375, -0.021481
980.0, 0.002685
980.10009765625, 0.001665
980.199951171875, 0.014036
980.300048828125, -0.04139
980.39990234375, -0.015051
980.5, -0.027556
980.60009765625, -0.025294
980.699951171875, 0.026363
980.800048828125, -0.001749
980.89990234375, 0.007696
981.0, 0.003705
981.10009765625, 0.007385
981.199951171875, 0.004947
981.300048828125, -0.008666
981.39990234375, 0.021397
981.5, 0.012396
981.60009765625, -0.009597
981.699951171875, 0.015234
981.800048828125, -0.007558
981.89990234375, 0.005479
982.0, -0.019574
982.10009765625, 0.008139
982.199951171875, 0.020333
982.300048828125, -0.019441
982.39990234375, -0.014918
982.5, -0.029107
982.60009765625, -0.010174
982.699951171875, -0.000153
982.800048828125, 0.004547
982.89990234375, 0.001222
983.0, -0.004676
983.10009765625, -0.017135
983.199951171875, 0.010046
983.300048828125, 0.003838
983.39990234375, -0.022767
983.5, -0.014874
983.60009765625, 0.008139
983.699951171875, -0.023787
983.800048828125, 0.009735
983.89990234375, 0.006809
984.0, 0.008716
984.10009765625, -0.007026
984.199951171875, 0.008183
984.300048828125, -0.012125
984.39990234375, -0.008045
984.5, 0.004148
984.60009765625, 0.009026
984.699951171875, 0.008937
984.800048828125, -0.009775
984.89990234375, -0.005119
985.0, -0.011282
985.10009765625, -0.006449
985.199951171875, -0.001527
985.300048828125, -0.016603
985.39990234375, -0.008489
985.5, -0.020594
985.60009765625, -0.017268
985.699951171875, -0.008001
985.800048828125, 0.01652
985.89990234375, -0.007957
986.0, 0.016786
986.10009765625, -0.008045
986.199951171875, -0.006981
986.300048828125, -0.010262
986.39990234375, -0.01412
986.5, 0.008272
986.60009765625, -0.012302
986.699951171875, 0.003794
986.800048828125, -0.018687
986.89990234375, -0.013366
987.0, -0.020638
987.10009765625, 0.018116
987.199951171875, -0.008267
987.300048828125, -0.004897
987.39990234375, -0.015805
987.5, -0.021614
987.60009765625, -0.0131
987.699951171875, -0.014963
987.800048828125, -0.0084
987.89990234375, 0.007518
988.0, -0.014741
988.10009765625, -0.014475
988.199951171875, 0.001222
988.300048828125, -0.011061
988.39990234375, 0.005257
988.5, 0.022639
988.60009765625, -0.00605
988.699951171875, 0.014169
988.800048828125, -0.008755
988.89990234375, -0.008489
989.0, -0.033187
989.10009765625, -0.033542
989.199951171875, -0.009198
989.300048828125, -0.012524
989.39990234375, 0.006144
989.5, 0.014923
989.60009765625, -0.001572
989.699951171875, -0.007247
989.800048828125, 0.009691
989.89990234375, -0.016204
990.0, 0.0155
990.10009765625, -0.006937
990.199951171875, -0.00574
990.300048828125, 0.002197
990.39990234375, 0.001044
990.5, -0.026979
990.60009765625, 0.007474
990.699951171875, 0.006454
990.800048828125, 0.005523
990.89990234375, -0.003966
991.0, -0.025161
991.10009765625, -0.007824
991.199951171875, -0.011415
991.300048828125, -0.039616
991.39990234375, -0.0178
991.5, 0.003173
991.60009765625, 0.0104
991.699951171875, -0.001261
991.800048828125, -0.015805
991.89990234375, -0.014253
992.0, -0.016426
992.10009765625, -0.011903
992.199951171875, 0.026541
992.300048828125, -0.017579
992.39990234375, 0.006144
992.5, -0.010795
992.60009765625, 0.007784
992.699951171875, 0.01816
992.800048828125, 0.015544
992.89990234375, 0.007164
993.0, 0.000424
993.10009765625, -0.005341
993.199951171875, -0.005562
993.300048828125, -0.004143
993.39990234375, -0.001616
993.5, 0.019224
993.60009765625, 0.017007
993.699951171875, 0.00508
993.800048828125, -0.010928
993.89990234375, 0.004414
994.0, -0.007469
994.10009765625, 0.000113
994.199951171875, -0.039129
994.300048828125, 0.004547
994.39990234375, -0.008178
994.5, -0.012923
994.60009765625, -0.006493
994.699951171875, -0.016559
994.800048828125, -0.005429
994.89990234375, -0.029063
995.0, -0.008489
995.10009765625, -0.019086
995.199951171875, 0.006099
995.300048828125, -0.008533
995.39990234375, 0.000867
995.5, -0.018466
995.60009765625, 0.017185
995.699951171875, -0.006094
995.800048828125, 0.00907
995.89990234375, -0.00911
996.0, 0.00468
996.10009765625, 0.006365
996.199951171875, -0.010085
996.300048828125, -0.012213
996.39990234375, -0.02352
996.5, 0.003483
996.60009765625, -0.008666
996.699951171875, 0.006232
996.800048828125, 0.022993
996.89990234375, -0.007247
997.0, -0.016382
997.10009765625, 0.013903
997.199951171875, 0.023038
997.300048828125, -0.011061
997.39990234375, 0.023481
997.5, -0.012391
997.60009765625, -0.011726
997.699951171875, 0.006232
997.800048828125, 0.0057
997.89990234375, 0.009203
998.0, -0.009154
998.10009765625, -0.012879
998.199951171875, -0.004897
998.300048828125, -0.003656
998.39990234375, 0.000645
998.5, -0.016116
998.60009765625, -0.001306
998.699951171875, 0.002286
998.800048828125, -0.006848
998.89990234375, 0.008849
999.0, 0.016874
999.10009765625, 0.024368
999.199951171875, -0.007735
999.300048828125, 0.009381
999.39990234375, -0.008888
999.5, 0.016387
999.60009765625, -0.006405
999.699951171875, 0.001266
999.800048828125, -0.013411
999.89990234375, -0.009198
1000.0, -0.012923
1000.10009765625, -0.001394
1000.199951171875, -0.026358
1000.300048828125, 0.004104
1000.39990234375, -0.024363
1000.5, -0.015051
1000.60009765625, -0.010218
1000.699951171875, 0.00202
1000.800048828125, -0.00472
1000.89990234375, 0.001355
1001.0, 0.007607
1001.10009765625, -0.016914
1001.199951171875, 0.010667
1001.300048828125, 0.019978
1001.39990234375, -0.026935
1001.5, -0.010706
1001.60009765625, 0.003084
1001.699951171875, -0.008888
1001.800048828125, -0.028088
1001.89990234375, -0.047199
1002.0, -0.010972
1002.10009765625, -0.000596
1002.199951171875, 0.012351
1002.300048828125, -0.022057
1002.39990234375, -0.024673
1002.5, -0.031768
1002.60009765625, -0.023565
1002.699951171875, -0.049017
1002.800048828125, -0.053229
1002.89990234375, -0.00135
1003.0, -0.011194
1003.10009765625, -0.011504
1003.199951171875, -0.014918
1003.300048828125, -0.000818
1003.39990234375, -0.013987
1003.5, -0.010573
1003.60009765625, -0.003922
1003.699951171875, -0.02219
1003.800048828125, -0.008489
1003.89990234375, 0.015987
1004.0, -0.008267
1004.10009765625, -0.010041
1004.199951171875, 0.006764
1004.300048828125, -0.005252
1004.39990234375, -0.006272
1004.5, -0.010706
1004.60009765625, 0.015987
1004.699951171875, -0.003168
1004.800048828125, 0.009957
1004.89990234375, 0.017052
1005.0, 0.018471
1005.10009765625, -0.004498
1005.199951171875, -0.007292
1005.300048828125, -0.017667
1005.39990234375, -0.007425
1005.5, 0.00743
1005.60009765625, -0.013544
1005.699951171875, -0.015229
1005.800048828125, 0.020865
1005.89990234375, 0.003262
1006.0, 0.001
1006.10009765625, -0.037754
1006.199951171875, -0.035493
1006.300048828125, 0.011864
1006.39990234375, 0.022151
1006.5, -0.012923
1006.60009765625, -0.004232
1006.699951171875, -0.018421
1006.800048828125, -0.000286
1006.89990234375, -0.000729
1007.0, 0.006365
1007.10009765625, -0.008888
1007.199951171875, -0.024186
1007.300048828125, 0.002109
1007.39990234375, -0.013632
1007.5, -0.012923
1007.60009765625, 0.007784
1007.699951171875, -0.006316
1007.800048828125, -0.018554
1007.89990234375, -0.002192
1008.0, -0.013056
1008.10009765625, -0.010262
1008.199951171875, 0.016475
1008.300048828125, 0.028846
1008.39990234375, 0.009425
1008.5, -0.017446
1008.60009765625, 0.004193
1008.699951171875, 0.015633
1008.800048828125, -0.004853
1008.89990234375, 0.006764
1009.0, 0.00304
1009.10009765625, -0.008356
1009.199951171875, 0.017717
1009.300048828125, 0.004459
1009.39990234375, 0.012751
1009.5, 0.017717
1009.60009765625, 0.001444
1009.699951171875, -0.010218
1009.800048828125, -0.009154
1009.89990234375, 0.002862
1010.0, -0.005075
1010.10009765625, -0.001882
1010.199951171875, -0.00973
1010.300048828125, -0.004542
1010.39990234375, -0.017047
1010.5, -0.029152
1010.60009765625, -0.015495
1010.699951171875, -0.008356
1010.800048828125, -0.019441
1010.89990234375, -0.000374
1011.0, -0.002591
1011.10009765625, -0.001749
1011.199951171875, -0.00574
1011.300048828125, -0.024141
1011.39990234375, -0.012923
1011.5, -0.002059
1011.60009765625, -0.018333
1011.699951171875, 0.011376
1011.800048828125, -0.025028
1011.89990234375, -0.011105
1012.0, 0.007252
1012.10009765625, 0.024634
1012.199951171875, 0.025388
1012.300048828125, 0.018116
1012.39990234375, 0.004813
1012.5, -0.013366
1012.60009765625, -0.016559
1012.699951171875, -0.008844
1012.800048828125, 0.000113
1012.89990234375, -0.023077
1013.0, 0.017717
1013.10009765625, -0.008977
1013.199951171875, 0.016653
1013.300048828125, -0.003567
1013.39990234375, -0.021525
1013.5, 0.007119
1013.60009765625, 0.004991
1013.699951171875, -0.010839
1013.800048828125, -0.012834
1013.89990234375, 0.001798
1014.0, 0.031108
1014.10009765625, -0.009509
1014.199951171875, -0.0037
1014.300048828125, -0.005873
1014.39990234375, 0.006454
1014.5, -0.028309
1014.60009765625, -0.015982
1014.699951171875, -0.040813
1014.800048828125, -0.002458
1014.89990234375, -0.008799
1015.0, -0.016648
1015.10009765625, -0.006316
1015.199951171875, 0.008849
1015.300048828125, -0.004365
1015.39990234375, 0.001355
1015.5, -0.007026
1015.60009765625, -0.002991
1015.699951171875, -0.014564
1015.800048828125, 0.035985
1015.89990234375, 0.019845
1016.0, 0.014036
1016.10009765625, -0.017401
1016.199951171875, -0.010484
1016.300048828125, 0.032615
1016.39990234375, 0.012839
1016.5, 0.018426
1016.60009765625, 0.025343
1016.699951171875, 0.011686
1016.800048828125, -0.023121
1016.89990234375, -0.027334
1017.0, 0.010888
1017.10009765625, -0.013943
1017.199951171875, 0.003483
1017.300048828125, 0.015544
1017.39990234375, -0.030526
1017.5, -0.018998
1017.60009765625, 2.5e-05
1017.699951171875, -0.012347
1017.800048828125, -0.013189
1017.89990234375, 0.017894
1018.0, -0.025871
1018.10009765625, 0.000202
1018.199951171875, 0.020998
1018.300048828125, 0.001843
1018.39990234375, -0.022057
1018.5, -0.01718
1018.60009765625, 0.010755
1018.699951171875, -0.006715
1018.800048828125, -0.002591
1018.89990234375, 0.008405
1019.0, -0.010396
1019.10009765625, 0.007164
1019.199951171875, 0.009735
1019.300048828125, -0.005341
1019.39990234375, -0.017534
1019.5, 0.00876
1019.60009765625, 0.014657
1019.699951171875, 0.008361
1019.800048828125, -0.000596
1019.89990234375, 0.005612
1020.0, -0.012701
1020.10009765625, 0.015278
1020.199951171875, 0.012396
1020.300048828125, 0.023525
1020.39990234375, 0.0155
1020.5, -0.027733
1020.60009765625, -0.020106
1020.699951171875, 0.006144
1020.800048828125, 0.026319
1020.89990234375, -0.01483
1021.0, 0.009735
1021.10009765625, 0.025255
1021.199951171875, 0.001754
1021.300048828125, 0.014613
1021.39990234375, -0.014874
1021.5, 0.003572
1021.60009765625, 0.006764
1021.699951171875, -0.019441
1021.800048828125, 0.004725
1021.89990234375, -0.004809
1022.0, -0.000685
1022.10009765625, 0.013726
1022.199951171875, -0.012169
1022.300048828125, 0.010445
1022.39990234375, 0.007962
1022.5, -0.001483
1022.60009765625, -0.014697
1022.699951171875, -0.017357
1022.800048828125, 0.00907
1022.89990234375, -0.001971
1023.0, 0.011864
1023.10009765625, -0.020195
1023.199951171875, 0.024457
1023.300048828125, -0.005075
1023.39990234375, 0.018426
1023.5, -0.032965
1023.60009765625, -0.013544
1023.699951171875, -0.013189
1023.800048828125, -0.02454
1023.89990234375, -0.022944
1024.0, -0.00135
1024.10009765625, 0.006853
1024.199951171875, 0.004858
1024.300048828125, -0.022146
1024.39990234375, -0.022057
1024.5, 0.011243
1024.60009765625, 0.006365
1024.699951171875, 0.000113
1024.800048828125, -0.018377
1024.89990234375, -0.031502
1025.0, -0.021969
1025.10009765625, -0.009331
1025.199951171875, -0.014874
1025.300048828125, -0.001394
1025.39990234375, -0.023653
1025.5, -0.004365
1025.60009765625, -0.011194
1025.699951171875, -0.020239
1025.800048828125, 0.009957
1025.89990234375, 0.015101
1026.0, -0.013455
1026.10009765625, -0.007114
1026.199951171875, 0.010844
1026.300048828125, 0.015677
1026.39990234375, -0.039661
1026.5, -0.022501
1026.60009765625, 0.018027
1026.699951171875, -0.031191
1026.800048828125, -0.019264
1026.89990234375, 0.003439
1027.0, -0.014164
1027.10009765625, -0.005252
1027.199951171875, -0.008844
1027.300048828125, 0.00202
1027.39990234375, -0.026137
1027.5, 0.000823
1027.60009765625, 0.006055
1027.699951171875, -0.009819
1027.800048828125, -0.015672
1027.89990234375, -0.003035
1028.0, -0.024851
1028.10009765625, -0.0229
1028.199951171875, -0.006227
1028.300048828125, -0.033985
1028.39990234375, -0.040148
1028.5, 0.000911
1028.60009765625, -0.027511
1028.699951171875, 0.002242
1028.800048828125, -0.002636
1028.89990234375, 0.003217
1029.0, -0.030571
1029.10009765625, -0.024319
1029.199951171875, -0.009952
1029.300048828125, -0.030482
1029.39990234375, 0.001044
1029.5, 0.004547
1029.60009765625, -0.015317
1029.699951171875, -0.008622
1029.800048828125, -0.000286
1029.89990234375, 0.003838
1030.0, 0.005922
1030.10009765625, 0.004592
1030.199951171875, 0.008804
1030.300048828125, -0.007691
1030.39990234375, -0.011061
1030.5, -0.023964
1030.60009765625, -0.016116
1030.699951171875, -0.043164
1030.800048828125, -0.027156
1030.89990234375, 0.01918
1031.0, -0.052253
1031.10009765625, -0.005784
1031.199951171875, 0.006055
1031.300048828125, -0.014298
1031.39990234375, -0.018554
1031.5, -0.025117
1031.60009765625, -0.023653
1031.699951171875, -0.009287
1031.800048828125, -0.014031
1031.89990234375, -0.022013
1032.0, 0.02255
1032.10009765625, -0.031014
1032.199951171875, -0.004188
1032.300048828125, -0.019707
1032.39990234375, -0.008932
1032.5, 0.025787
1032.60009765625, 0.000956
1032.699951171875, 0.01714
1032.800048828125, 0.0343
1032.89990234375, -0.01044
1033.0, 0.009735
1033.10009765625, -0.007203
1033.199951171875, -0.015184
1033.300048828125, 0.007341
1033.39990234375, -0.008311
1033.5, 0.001931
1033.60009765625, -0.003478
1033.699951171875, -0.005296
1033.800048828125, -0.008578
1033.89990234375, 0.005833
1034.0, 0.002818
1034.10009765625, 0.023259
1034.199951171875, -0.010795
1034.300048828125, -0.022678
1034.39990234375, -0.016825
1034.5, -0.006272
1034.60009765625, 0.000778
1034.699951171875, -0.015938
1034.800048828125, -0.00166
1034.89990234375, 0.016564
1035.0, -0.011637
1035.10009765625, -0.019485
1035.199951171875, -0.005163
1035.300048828125, -0.00676
1035.39990234375, -0.017534
1035.5, 0.004281
1035.60009765625, 0.01142
1035.699951171875, -0.007691
1035.800048828125, -0.003301
1035.89990234375, 0.011199
1036.0, -0.011903
1036.10009765625, -0.004897
1036.199951171875, 0.002862
1036.300048828125, 0.002685
1036.39990234375, 0.025255
1036.5, -0.013366
1036.60009765625, 0.001355
1036.699951171875, -0.002237
1036.800048828125, -0.015761
1036.89990234375, -0.019618
1037.0, -0.000862
1037.10009765625, 0.003838
1037.199951171875, -0.009996
1037.300048828125, 0.015455
1037.39990234375, 0.011908
1037.5, -0.001084
1037.60009765625, 0.001266
1037.699951171875, 0.017539
1037.800048828125, -0.016648
1037.89990234375, -0.032921
1038.0, -0.001394
1038.10009765625, -0.006582
1038.199951171875, 0.021574
1038.300048828125, -0.030216
1038.39990234375, -0.011947
1038.5, -0.016781
1038.60009765625, -0.022013
1038.699951171875, -0.022589
1038.800048828125, -0.022013
1038.89990234375, -0.005341
1039.0, 0.001311
1039.10009765625, 0.036828
1039.199951171875, 0.002996
1039.300048828125, -0.005163
1039.39990234375, 0.02184
1039.5, -0.005562
1039.60009765625, -0.012879
1039.699951171875, -0.011238
1039.800048828125, -0.029152
1039.89990234375, 0.023791
1040.0, 0.021929
1040.10009765625, 0.000512
1040.199951171875, -0.034561
1040.300048828125, 0.008582
1040.39990234375, 0.004104
1040.5, -0.009331
1040.60009765625, -0.005828
1040.699951171875, 0.009115
1040.800048828125, -0.017002
1040.89990234375, 0.006454
1041.0, 0.017273
1041.10009765625, -0.009464
1041.199951171875, 0.00202
1041.300048828125, 0.017539
1041.39990234375, 0.008716
1041.5, 0.007829
1041.60009765625, 0.006764
1041.699951171875, 0.00907
1041.800048828125, -0.001306
1041.89990234375, -0.004587
1042.0, -0.01545
1042.10009765625, 0.027161
1042.199951171875, -0.020683
1042.300048828125, -0.000552
1042.39990234375, -0.043607
1042.5, 0.017894
1042.60009765625, -0.0131
1042.699951171875, -0.001705
1042.800048828125, 0.021175
1042.89990234375, -0.002015
1043.0, -0.02995
1043.10009765625, 0.011154
1043.199951171875, -0.021259
1043.300048828125, 0.017096
1043.39990234375, 0.004858
1043.5, 0.017406
1043.60009765625, -0.013499
1043.699951171875, 0.002596
1043.800048828125, -0.018953
1043.89990234375, -0.010351
1044.0, 0.002685
1044.10009765625, 0.005346
1044.199951171875, 0.007518
1044.300048828125, -0.00636
1044.39990234375, -0.014918
1044.5, -0.012302
1044.60009765625, -0.015805
1044.699951171875, -0.001394
1044.800048828125, -0.022855
1044.89990234375, -0.003656
1045.0, -0.003301
1045.10009765625, 0.008405
1045.199951171875, 0.013903
1045.300048828125, -0.012169
1045.39990234375, 0.014657
1045.5, -0.002281
1045.60009765625, 0.001266
1045.699951171875, -0.000729
1045.800048828125, -0.003611
1045.89990234375, -0.025072
1046.0, -0.020594
1046.10009765625, -0.008356
1046.199951171875, -0.0131
1046.300048828125, 0.004414
1046.39990234375, -0.001705
1046.5, 0.008716
1046.60009765625, 0.003129
1046.699951171875, -0.01545
1046.800048828125, -0.012657
1046.89990234375, -0.012213
1047.0, -0.027422
1047.10009765625, -0.009819
1047.199951171875, -0.003257
1047.300048828125, 0.010001
1047.39990234375, -0.003124
1047.5, -0.007868
1047.60009765625, -0.011903
1047.699951171875, 0.016874
1047.800048828125, -0.006981
1047.89990234375, 0.002197
1048.0, -0.011947
1048.10009765625, -0.01483
1048.199951171875, -0.000773
1048.300048828125, -0.008001
1048.39990234375, 0.016165
1048.5, -0.007602
1048.60009765625, -0.017534
1048.699951171875, -0.032876
1048.800048828125, 0.003616
1048.89990234375, -0.036911
1049.0, -0.017756
1049.10009765625, 0.005789
1049.199951171875, -0.008001
1049.300048828125, 0.001532
1049.39990234375, 0.013815
1049.5, 0.010711
1049.60009765625, 0.009647
1049.699951171875, -0.00401
1049.800048828125, -0.03332
1049.89990234375, 0.009469
1050.0, 0.003572
1050.10009765625, -0.031458
1050.199951171875, -0.032167
1050.300048828125, -0.040281
1050.39990234375, -0.001572
1050.5, -0.021924
1050.60009765625, -0.044494
1050.699951171875, -0.037444
1050.800048828125, -0.024585
1050.89990234375, -0.021259
1051.0, -0.030881
1051.10009765625, -0.021702
1051.199951171875, -0.062629
1051.300048828125, -0.100231
1051.39990234375, -0.018421
1051.5, -0.024629
1051.60009765625, 0.000778
1051.699951171875, -0.028886
1051.800048828125, -0.091495
1051.89990234375, -0.12147
1052.0, -0.108522
1052.10009765625, -0.05886
1052.199951171875, -0.045824
1052.300048828125, -0.024274
1052.39990234375, 0.006898
1052.5, -0.054471
1052.60009765625, -0.040636
1052.699951171875, -0.016337
1052.800048828125, 0.000911
1052.89990234375, 0.004503
1053.0, -0.005429
1053.10009765625, 0.025077
1053.199951171875, -0.015051
1053.300048828125, -0.013854
1053.39990234375, 0.01918
1053.5, 0.000601
1053.60009765625, 0.01111
1053.699951171875, 0.015322
1053.800048828125, -0.015317
1053.89990234375, 0.028935
1054.0, 0.005745
1054.10009765625, -0.04037
1054.199951171875, -0.00237
1054.300048828125, -0.017002
1054.39990234375, 0.029201
1054.5, -0.017667
1054.60009765625, -0.011371
1054.699951171875, 0.006365
1054.800048828125, 0.006454
1054.89990234375, -0.023698
1055.0, -0.012524
1055.10009765625, 0.005878
1055.199951171875, 0.032438
1055.300048828125, 0.001887
1055.39990234375, 0.010844
1055.5, -0.007292
1055.60009765625, -0.008267
1055.699951171875, -0.008533
1055.800048828125, -0.002148
1055.89990234375, 0.017938
1056.0, 0.016253
1056.10009765625, 0.017628
1056.199951171875, 0.012573
1056.300048828125, -0.008977
1056.39990234375, -0.012347
1056.5, 0.007518
1056.60009765625, -0.006183
1056.699951171875, -0.008666
1056.800048828125, -0.02055
1056.89990234375, -0.013765
1057.0, -0.019707
1057.10009765625, -0.001173
1057.199951171875, 0.001044
1057.300048828125, 0.016032
1057.39990234375, -0.025161
1057.5, 0.011997
1057.60009765625, 0.013903
1057.699951171875, 0.002862
1057.800048828125, -0.002724
1057.89990234375, 0.010001
1058.0, 0.004459
1058.10009765625, -0.012435
1058.199951171875, 0.012041
1058.300048828125, 0.000379
1058.39990234375, 0.007474
1058.5, 0.017052
1058.60009765625, -0.015184
1058.699951171875, 0.032926
1058.800048828125, 0.018914
1058.89990234375, 0.002463
1059.0, -0.016071
1059.10009765625, -0.011371
1059.199951171875, -0.005252
1059.300048828125, -0.011903
1059.39990234375, -0.024895
1059.5, 0.014214
1059.60009765625, -0.000995
1059.699951171875, -0.001705
1059.800048828125, 0.01111
1059.89990234375, 0.010223
1060.0, -0.014564
1060.10009765625, -0.017002
1060.199951171875, 0.006676
1060.300048828125, -0.033187
1060.39990234375, -0.006449
1060.5, -0.004365
1060.60009765625, -0.012169
1060.699951171875, -0.005961
1060.800048828125, -0.002503
1060.89990234375, -0.028398
1061.0, -0.007203
1061.10009765625, -0.022678
1061.199951171875, 0.003084
1061.300048828125, -0.012879
1061.39990234375, 0.003882
1061.5, 0.015101
1061.60009765625, 0.003749
1061.699951171875, -0.028708
1061.800048828125, -0.006272
1061.89990234375, -0.005341
1062.0, -0.01483
1062.10009765625, -0.013544
1062.199951171875, -0.002281
1062.300048828125, -0.012169
1062.39990234375, -0.01412
1062.5, -0.016426
1062.60009765625, -0.004099
1062.699951171875, 0.002375
1062.800048828125, -0.014209
1062.89990234375, -0.008178
1063.0, -0.007336
1063.10009765625, 0.001
1063.199951171875, 0.005257
1063.300048828125, -0.01514
1063.39990234375, 0.005035
1063.5, -0.015761
1063.60009765625, 0.005833
1063.699951171875, -0.005429
1063.800048828125, 0.029556
1063.89990234375, -0.005873
1064.0, 0.001532
1064.10009765625, 0.01652
1064.199951171875, -0.000685
1064.300048828125, 0.00743
1064.39990234375, 0.011199
1064.5, -0.000907
1064.60009765625, -0.022722
1064.699951171875, 0.007252
1064.800048828125, 0.021973
1064.89990234375, -0.013987
1065.0, 0.016919
1065.10009765625, 0.011642
1065.199951171875, -0.017091
1065.300048828125, -0.009775
1065.39990234375, 0.009647
1065.5, -0.002902
1065.60009765625, 0.006676
1065.699951171875, -0.02321
1065.800048828125, -0.013544
1065.89990234375, 0.015766
1066.0, -0.00339
1066.10009765625, -0.000463
1066.199951171875, 0.007474
1066.300048828125, 0.005745
1066.39990234375, -0.02321
1066.5, 0.007829
1066.60009765625, 0.011021
1066.699951171875, 0.007208
1066.800048828125, 0.003262
1066.89990234375, -0.007469
1067.0, -0.034561
1067.10009765625, -0.002991
1067.199951171875, 0.003483
1067.300048828125, 0.014746
1067.39990234375, -0.002547
1067.5, 0.00539
1067.60009765625, 0.018116
1067.699951171875, 0.010622
1067.800048828125, 0.019535
1067.89990234375, 0.024944
1068.0, -0.001838
1068.10009765625, -0.012524
1068.199951171875, 0.003483
1068.300048828125, 0.02756
1068.39990234375, -0.010883
1068.5, -0.010218
1068.60009765625, -0.022988
1068.699951171875, -0.007824
1068.800048828125, 0.008671
1068.89990234375, 0.016475
1069.0, 0.026186
1069.10009765625, 0.022506
1069.199951171875, -0.003523
1069.300048828125, -0.004143
1069.39990234375, 0.003262
1069.5, 0.016076
1069.60009765625, -0.001483
1069.699951171875, -0.024319
1069.800048828125, 0.00907
1069.89990234375, 0.0057
1070.0, 0.007651
1070.10009765625, -0.014342
1070.199951171875, -0.001527
1070.300048828125, -0.030659
1070.39990234375, -0.027201
1070.5, 0.018382
1070.60009765625, 0.012662
1070.699951171875, -0.001971
1070.800048828125, -0.00707
1070.89990234375, -0.001173
1071.0, -0.004498
1071.10009765625, -0.030083
1071.199951171875, -0.013455
1071.300048828125, -0.007912
1071.39990234375, 0.000246
1071.5, 0.017717
1071.60009765625, 0.008183
1071.699951171875, -0.016648
1071.800048828125, -0.015051
1071.89990234375, -0.002503
1072.0, 0.018382
1072.10009765625, 0.008361
1072.199951171875, -0.005208
1072.300048828125, 0.001577
1072.39990234375, 0.009292
1072.5, 0.027294
1072.60009765625, 0.027516
1072.699951171875, 0.003927
1072.800048828125, -0.001705
1072.89990234375, 0.007651
1073.0, -0.007691
1073.10009765625, 0.025033
1073.199951171875, -0.017667
1073.300048828125, 0.007297
1073.39990234375, -0.010041
1073.5, 0.009248
1073.60009765625, 0.02255
1073.699951171875, 0.004769
1073.800048828125, 0.001754
1073.89990234375, -0.013677
1074.0, -0.022634
1074.10009765625, -0.002015
1074.199951171875, -0.02055
1074.300048828125, 0.030975
1074.39990234375, 0.031152
1074.5, 0.011376
1074.60009765625, -0.001483
1074.699951171875, -0.01483
1074.800048828125, -0.012391
1074.89990234375, -0.003212
1075.0, 0.002818
1075.10009765625, 0.030443
1075.199951171875, -0.003345
1075.300048828125, 0.025388
1075.39990234375, 0.015544
1075.5, 0.031019
1075.60009765625, -0.024895
1075.699951171875, -0.022057
1075.800048828125, -0.009065
1075.89990234375, 0.011864
1076.0, 0.016963
1076.10009765625, 0.016786
1076.199951171875, 0.019047
1076.300048828125, 0.023437
1076.39990234375, 0.013371
1076.5, -0.012258
1076.60009765625, -0.018377
1076.699951171875, -0.015096
1076.800048828125, 0.011908
1076.89990234375, -0.028974
1077.0, -0.000907
1077.10009765625, -0.001793
1077.199951171875, -0.014519
1077.300048828125, -0.011726
1077.39990234375, -0.008311
1077.5, 0.010578
1077.60009765625, -0.028354
1077.699951171875, -0.018421
1077.800048828125, 0.018116
1077.89990234375, -0.01647
1078.0, -0.00574
1078.10009765625, 0.004459
1078.199951171875, 0.031684
1078.300048828125, 0.008405
1078.39990234375, 0.026053
1078.5, -0.00911
1078.60009765625, 0.015677
1078.699951171875, -0.000995
1078.800048828125, 0.00171
1078.89990234375, 0.006898
1079.0, -0.002148
1079.10009765625, 0.008183
1079.199951171875, 0.024678
1079.300048828125, 0.018382
1079.39990234375, 0.002774
1079.5, 2.5e-05
1079.60009765625, 0.018559
1079.699951171875, 0.012085
1079.800048828125, -0.0229
1079.89990234375, -0.005518
1080.0, -0.004365
1080.10009765625, -0.009021
1080.199951171875, -0.008134
1080.300048828125, 0.01479
1080.39990234375, 0.022107
1080.5, -0.016736
1080.60009765625, 0.001266
1080.699951171875, 0.005257
1080.800048828125, -0.008223
1080.89990234375, -0.002591
1081.0, 0.006631
1081.10009765625, 0.03634
1081.199951171875, -0.000685
1081.300048828125, 0.018027
1081.39990234375, 0.020156
1081.5, 0.003306
1081.60009765625, 0.017983
1081.699951171875, 0.011199
1081.800048828125, 0.005922
1081.89990234375, 0.023437
1082.0, 0.000158
1082.10009765625, 0.002596
1082.199951171875, -0.011238
1082.300048828125, 0.027472
1082.39990234375, 0.02255
1082.5, 0.000158
1082.60009765625, -0.013677
1082.699951171875, 0.013238
1082.800048828125, -0.001971
1082.89990234375, -0.011637
1083.0, 0.001798
1083.10009765625, -0.001705
1083.199951171875, 0.007962
1083.300048828125, 0.004104
1083.39990234375, -0.0084
1083.5, 0.003749
1083.60009765625, -0.016337
1083.699951171875, 0.004503
1083.800048828125, 0.012484
1083.89990234375, -0.002813
1084.0, 0.026319
1084.10009765625, -0.020816
1084.199951171875, -0.019751
1084.300048828125, 0.005168
1084.39990234375, 0.013637
1084.5, -0.003966
1084.60009765625, -0.004232
1084.699951171875, 0.006011
1084.800048828125, -0.023299
1084.89990234375, -0.011327
1085.0, 0.013682
1085.10009765625, -0.022634
1085.199951171875, 0.022772
1085.300048828125, 0.004414
1085.39990234375, -0.005252
1085.5, 0.017362
1085.60009765625, 0.023747
1085.699951171875, -0.002237
1085.800048828125, 0.011021
1085.89990234375, 0.014436
1086.0, 0.009026
1086.10009765625, -0.003301
1086.199951171875, 0.024678
1086.300048828125, 0.018338
1086.39990234375, 0.007917
1086.5, -0.004188
1086.60009765625, -0.011238
1086.699951171875, -0.006715
1086.800048828125, 0.003705
1086.89990234375, 0.011731
1087.0, -0.022057
1087.10009765625, -0.007336
1087.199951171875, 0.002419
1087.300048828125, 0.001
1087.39990234375, -0.007824
1087.5, -0.016603
1087.60009765625, 0.019091
1087.699951171875, 0.012041
1087.800048828125, -0.015051
1087.89990234375, 0.000557
1088.0, 0.030044
1088.10009765625, -0.021215
1088.199951171875, -0.000241
1088.300048828125, -0.011859
1088.39990234375, 0.021929
1088.5, 0.009292
1088.60009765625, 0.002685
1088.699951171875, -0.017889
1088.800048828125, -0.007957
1088.89990234375, 0.00437
1089.0, -0.004631
1089.10009765625, 0.017406
1089.199951171875, -0.001749
1089.300048828125, -0.008533
1089.39990234375, -0.005252
1089.5, -0.011637
1089.60009765625, 0.010622
1089.699951171875, 0.020289
1089.800048828125, 0.006321
1089.89990234375, 0.02388
1090.0, -0.018466
1090.10009765625, -0.017534
1090.199951171875, -0.004587
1090.300048828125, -0.013366
1090.39990234375, 0.02255
1090.5, 0.038069
1090.60009765625, 0.001089
1090.699951171875, 0.006898
1090.800048828125, 0.025343
1090.89990234375, 0.012307
1091.0, 0.011775
1091.10009765625, 0.008405
1091.199951171875, -0.004853
1091.300048828125, 0.001798
1091.39990234375, -0.020062
1091.5, 0.009248
1091.60009765625, -0.007247
1091.699951171875, -0.002015
1091.800048828125, 0.007563
1091.89990234375, -0.017268
1092.0, -0.013145
1092.10009765625, 0.002463
1092.199951171875, -0.010972
1092.300048828125, -0.000463
1092.39990234375, -0.00942
1092.5, 0.019047
1092.60009765625, 0.014657
1092.699951171875, -0.014253
1092.800048828125, -0.020195
1092.89990234375, -0.002946
1093.0, -0.003744
1093.10009765625, 0.010312
1093.199951171875, -0.004676
1093.300048828125, 0.005434
1093.39990234375, 0.011509
1093.5, -0.000951
1093.60009765625, -0.004809
1093.699951171875, -0.00636
1093.800048828125, 0.014436
1093.89990234375, -0.000907
1094.0, 0.009868
1094.10009765625, -0.009642
1094.199951171875, 0.002641
1094.300048828125, -0.008444
1094.39990234375, -0.008267
1094.5, 0.018958
1094.60009765625, 0.017096
1094.699951171875, 0.009159
1094.800048828125, 0.00876
1094.89990234375, 0.003838
1095.0, -0.013588
1095.10009765625, -0.006627
1095.199951171875, -0.013632
1095.300048828125, 0.033192
1095.39990234375, -0.022412
1095.5, 0.001444
1095.60009765625, -0.02791
1095.699951171875, 0.030531
1095.800048828125, 0.000867
1095.89990234375, -0.016515
1096.0, -0.013278
1096.10009765625, 0.017761
1096.199951171875, -0.000153
1096.300048828125, 0.004592
1096.39990234375, -0.005961
1096.5, 0.011287
1096.60009765625, 0.005168
1096.699951171875, 0.003084
1096.800048828125, -0.004188
1096.89990234375, 0.013238
1097.0, -0.000552
1097.10009765625, -0.015096
1097.199951171875, 0.006498
1097.300048828125, -0.013411
1097.39990234375, 0.033946
1097.5, 0.011819
1097.60009765625, -0.005252
1097.699951171875, 0.015411
1097.800048828125, -0.010706
1097.89990234375, -0.011504
1098.0, -0.003079
1098.10009765625, -0.00268
1098.199951171875, 0.010933
1098.300048828125, 0.022417
1098.39990234375, -0.007292
1098.5, 0.000778
1098.60009765625, -0.02086
1098.699951171875, -0.041922
1098.800048828125, -0.014031
1098.89990234375, -0.015229
1099.0, 0.014302
1099.10009765625, 0.010667
1099.199951171875, 0.014569
1099.300048828125, 0.000778
1099.39990234375, -0.000596
1099.5, -0.004099
1099.60009765625, 0.003927
1099.699951171875, -0.014785
1099.800048828125, -0.003478
1099.89990234375, 0.012174
1100.0, 0.001133
1100.10009765625, -0.007691
1100.199951171875, -0.005784
1100.300048828125, 0.024944
1100.39990234375, 0.015322
1100.5, 0.028979
1100.60009765625, -0.001527
1100.699951171875, 0.023658
1100.800048828125, -0.015495
1100.89990234375, 0.005301
1101.0, 0.03062
1101.10009765625, 0.008893
1101.199951171875, -0.009908
1101.300048828125, 0.004281
1101.39990234375, -0.009863
1101.5, -0.022323
1101.60009765625, 0.000512
1101.699951171875, -0.002991
1101.800048828125, 0.006144
1101.89990234375, 0.038823
1102.0, -0.026403
1102.10009765625, 0.000823
1102.199951171875, 0.02694
1102.300048828125, -0.004809
1102.39990234375, -0.011681
1102.5, 0.003705
1102.60009765625, 0.018249
1102.699951171875, 0.005656
1102.800048828125, 0.012573
1102.89990234375, 0.029866
1103.0, 0.002419
1103.10009765625, 0.001444
1103.199951171875, -0.005474
1103.300048828125, -0.013455
1103.39990234375, -0.012435
1103.5, 0.003838
1103.60009765625, -0.005961
1103.699951171875, -0.014564
1103.800048828125, 0.011952
1103.89990234375, -0.007247
1104.0, 0.017805
1104.10009765625, -0.003877
1104.199951171875, -0.010706
1104.300048828125, -0.01075
1104.39990234375, -0.013544
1104.5, -0.008578
1104.60009765625, -0.000552
1104.699951171875, 0.007341
1104.800048828125, 0.002996
1104.89990234375, 0.017938
1105.0, 0.023038
1105.10009765625, -0.007114
1105.199951171875, -0.030704
1105.300048828125, 0.01887
1105.39990234375, 0.017185
1105.5, -0.007513
1105.60009765625, -0.013987
1105.699951171875, 0.021264
1105.800048828125, 0.019934
1105.89990234375, 0.001311
1106.0, -0.003434
1106.10009765625, 0.004592
1106.199951171875, -0.01412
1106.300048828125, 0.002197
1106.39990234375, -0.025516
1106.5, -0.02117
1106.60009765625, 0.023171
1106.699951171875, 0.025521
1106.800048828125, 0.005922
1106.89990234375, -0.004986
1107.0, 0.018958
1107.10009765625, 0.008582
1107.199951171875, -0.017446
1107.300048828125, -0.009287
1107.39990234375, 0.001444
1107.5, -0.015849
1107.60009765625, -0.011149
1107.699951171875, -0.003789
1107.800048828125, -0.0182
1107.89990234375, 0.014125
1108.0, 0.02459
1108.10009765625, 0.002242
1108.199951171875, 0.005346
1108.300048828125, 0.000202
1108.39990234375, 0.011332
1108.5, 0.008139
1108.60009765625, -0.00104
1108.699951171875, 0.017096
1108.800048828125, 0.004947
1108.89990234375, -0.004321
1109.0, 0.007119
1109.10009765625, -0.011238
1109.199951171875, -0.013943
1109.300048828125, 0.001843
1109.39990234375, 0.01377
1109.5, -0.017224
1109.60009765625, -0.016603
1109.699951171875, 0.009735
1109.800048828125, -0.001926
1109.89990234375, -0.00605
1110.0, 0.004326
1110.10009765625, -0.002192
1110.199951171875, -0.003079
1110.300048828125, 0.011553
1110.39990234375, 0.010046
1110.5, 0.013238
1110.60009765625, -0.013455
1110.699951171875, -0.025915
1110.800048828125, -0.003523
1110.89990234375, -0.002503
1111.0, 0.015943
1111.10009765625, 0.01213
1111.199951171875, 0.024501
1111.300048828125, 0.0104
1111.39990234375, 0.037138
1111.5, 0.036606
1111.60009765625, -0.016337
1111.699951171875, -0.006671
1111.800048828125, 0.020555
1111.89990234375, 0.031329
1112.0, 0.008361
1112.10009765625, 0.015766
1112.199951171875, 0.010312
1112.300048828125, 0.015455
1112.39990234375, -0.018776
1112.5, -0.002237
1112.60009765625, 0.016165
1112.699951171875, 0.005213
1112.800048828125, -0.000685
1112.89990234375, 0.000291
1113.0, 0.010001
1113.10009765625, 0.008405
1113.199951171875, -0.012701
1113.300048828125, -0.013588
1113.39990234375, -0.000108
1113.5, -0.022855
1113.60009765625, 0.011332
1113.699951171875, 0.000911
1113.800048828125, 0.012618
1113.89990234375, 0.008982
1114.0, -0.015628
1114.10009765625, 0.023038
1114.199951171875, 0.010445
1114.300048828125, 0.013504
1114.39990234375, -0.000552
1114.5, -0.012347
1114.60009765625, 0.004104
1114.699951171875, -0.021082
1114.800048828125, -0.021037
1114.89990234375, -0.013322
1115.0, -0.028398
1115.10009765625, -0.013943
1115.199951171875, 0.019579
1115.300048828125, -0.0037
1115.39990234375, 0.010977
1115.5, 0.01315
1115.60009765625, -0.004365
1115.699951171875, 0.005523
1115.800048828125, 0.006853
1115.89990234375, 0.028758
1116.0, 0.002286
1116.10009765625, 0.017007
1116.199951171875, 0.001444
1116.300048828125, -0.017756
1116.39990234375, 0.002375
1116.5, -0.012879
1116.60009765625, -0.029817
1116.699951171875, 0.001976
1116.800048828125, 0.003971
1116.89990234375, 0.00672
1117.0, 0.002242
1117.10009765625, -0.004897
1117.199951171875, -0.006671
1117.300048828125, 0.0202
1117.39990234375, 0.018604
1117.5, 0.01142
1117.60009765625, -0.033808
1117.699951171875, -0.00503
1117.800048828125, -0.008711
1117.89990234375, 0.031551
1118.0, 0.000867
1118.10009765625, 0.009868
1118.199951171875, -0.014697
1118.300048828125, -0.002414
1118.39990234375, 0.00171
1118.5, -0.007114
1118.60009765625, 2.5e-05
1118.699951171875, -0.016869
1118.800048828125, 0.013283
1118.89990234375, 0.011864
1119.0, 0.000291
1119.10009765625, 0.007962
1119.199951171875, 0.03031
1119.300048828125, 0.014125
1119.39990234375, 0.005124
1119.5, 0.028935
1119.60009765625, 0.022151
1119.699951171875, 0.030088
1119.800048828125, -0.003301
1119.89990234375, 0.005035
1120.0, 0.00233
1120.10009765625, 0.007075
1120.199951171875, -0.007868
1120.300048828125, 0.007607
1120.39990234375, -0.026846
1120.5, 0.015234
1120.60009765625, 0.031995
1120.699951171875, 0.014391
1120.800048828125, 0.008716
1120.89990234375, 0.041617
1121.0, 0.014569
1121.10009765625, -0.012879
1121.199951171875, 0.001577
1121.300048828125, -0.009331
1121.39990234375, 0.008538
1121.5, -0.015805
1121.60009765625, -0.011947
1121.699951171875, -0.030349
1121.800048828125, 0.002242
1121.89990234375, 0.000557
1122.0, -0.002769
1122.10009765625, -0.002503
1122.199951171875, 0.01816
1122.300048828125, 0.006809
1122.39990234375, -0.014475
1122.5, 0.017318
1122.60009765625, 0.035852
1122.699951171875, 0.000379
1122.800048828125, -0.004409
1122.89990234375, 0.003439
1123.0, -0.003434
1123.10009765625, -0.021569
1123.199951171875, -0.018155
1123.300048828125, 0.010622
1123.39990234375, 0.015367
1123.5, 0.021264
1123.60009765625, 0.025964
1123.699951171875, 0.015101
1123.800048828125, -0.030083
1123.89990234375, 0.026408
1124.0, -0.006804
1124.10009765625, -0.014386
1124.199951171875, 0.0104
1124.300048828125, -0.001483
1124.39990234375, 0.009558
1124.5, 0.037848
1124.60009765625, -0.000241
1124.699951171875, 0.009425
1124.800048828125, -0.004188
1124.89990234375, 0.008893
1125.0, -0.009908
1125.10009765625, -0.014697
1125.199951171875, 0.007518
1125.300048828125, -0.019929
1125.39990234375, 0.000823
1125.5, -0.005562
1125.60009765625, 0.007829
1125.699951171875, -0.004764
1125.800048828125, -0.00237
1125.89990234375, 0.012351
1126.0, -0.018732
1126.10009765625, 0.000335
1126.199951171875, -0.011194
1126.300048828125, 0.018692
1126.39990234375, 0.003262
1126.5, 0.008627
1126.60009765625, -0.007691
1126.699951171875, 0.003616
1126.800048828125, 0.011021
1126.89990234375, -0.008711
1127.0, -0.002458
1127.10009765625, 0.005301
1127.199951171875, 0.001621
1127.300048828125, -0.017712
1127.39990234375, -0.0182
1127.5, 0.003882
1127.60009765625, -0.021481
1127.699951171875, -0.027245
1127.800048828125, 0.001133
1127.89990234375, 0.024767
1128.0, 0.005966
1128.10009765625, 0.025565
1128.199951171875, -0.006671
1128.300048828125, 0.018382
1128.39990234375, 0.011908
1128.5, 0.017938
1128.60009765625, -0.002281
1128.699951171875, 0.040996
1128.800048828125, 0.027738
1128.89990234375, 0.008982
1129.0, -0.002991
1129.10009765625, -0.024186
1129.199951171875, -0.017002
1129.300048828125, 0.030709
1129.39990234375, 0.018515
1129.5, -0.035227
1129.60009765625, -0.003257
1129.699951171875, 0.003439
1129.800048828125, -0.002503
1129.89990234375, 0.011819
1130.0, 0.001444
1130.10009765625, 0.001311
1130.199951171875, 0.020333
1130.300048828125, -0.005651
1130.39990234375, 0.001843
1130.5, -0.012834
1130.60009765625, 0.021175
1130.699951171875, 0.026142
1130.800048828125, -0.027068
1130.89990234375, 0.016653
1131.0, -0.006405
1131.10009765625, 0.008272
1131.199951171875, 0.021973
1131.300048828125, 0.012085
1131.39990234375, 0.012085
1131.5, 0.015145
1131.60009765625, 0.015278
1131.699951171875, 0.010622
1131.800048828125, 0.019889
1131.89990234375, 0.011642
1132.0, 0.005789
1132.10009765625, 0.012573
1132.199951171875, 0.031507
1132.300048828125, 0.041084
1132.39990234375, 0.008582
1132.5, 0.023215
1132.60009765625, 0.023836
1132.699951171875, 0.012618
1132.800048828125, 0.00743
1132.89990234375, -0.022323
1133.0, 0.008095
1133.10009765625, 0.00743
1133.199951171875, 0.005346
1133.300048828125, 0.001621
1133.39990234375, -0.000374
1133.5, 0.000202
1133.60009765625, 0.006898
1133.699951171875, 0.004858
1133.800048828125, 0.029068
1133.89990234375, -0.012568
1134.0, 0.006631
1134.10009765625, 0.022816
1134.199951171875, -0.010041
1134.300048828125, 0.019091
1134.39990234375, 0.022417
1134.5, -0.011194
1134.60009765625, -0.010883
1134.699951171875, 0.007518
1134.800048828125, 0.028314
1134.89990234375, 0.008804
1135.0, -0.002991
1135.10009765625, 0.011642
1135.199951171875, 0.008538
1135.300048828125, -0.013411
1135.39990234375, -0.007469
1135.5, 0.010001
1135.60009765625, -0.000995
1135.699951171875, 0.001178
1135.800048828125, 0.025831
1135.89990234375, 0.005523
1136.0, 0.00672
1136.10009765625, 0.004193
1136.199951171875, 0.023614
1136.300048828125, 0.020289
1136.39990234375, -0.009597
1136.5, -0.002192
1136.60009765625, 0.011686
1136.699951171875, -0.017446
1136.800048828125, 0.005966
1136.89990234375, 0.016431
1137.0, -0.002813
1137.10009765625, -0.023964
1137.199951171875, 0.00335
1137.300048828125, 0.01142
1137.39990234375, 0.00805
1137.5, 0.025077
1137.60009765625, -0.005252
1137.699951171875, -0.008622
1137.800048828125, -0.01882
1137.89990234375, -0.008578
1138.0, 0.006809
1138.10009765625, 0.029068
1138.199951171875, 0.020732
1138.300048828125, -0.017623
1138.39990234375, -0.008223
1138.5, -0.005961
1138.60009765625, -0.004942
1138.699951171875, 0.010134
1138.800048828125, 0.015588
1138.89990234375, -0.006316
1139.0, -0.01044
1139.10009765625, -0.001838
1139.199951171875, -0.004454
1139.300048828125, 0.025876
1139.39990234375, -0.00973
1139.5, -0.000374
1139.60009765625, 0.022151
1139.699951171875, -0.004587
1139.800048828125, 0.000202
1139.89990234375, -0.02556
1140.0, 0.007873
1140.10009765625, 0.012041
1140.199951171875, -0.000773
1140.300048828125, 0.012529
1140.39990234375, 0.016874
1140.5, -0.008666
1140.60009765625, 0.002552
1140.699951171875, 0.012307
1140.800048828125, 0.02224
1140.89990234375, 0.035586
1141.0, -0.014342
1141.10009765625, 0.018249
1141.199951171875, 0.010533
1141.300048828125, -0.025205
1141.39990234375, -0.008711
1141.5, -0.005562
1141.60009765625, -0.002902
1141.699951171875, -0.017845
1141.800048828125, 0.011731
1141.89990234375, 0.000734
1142.0, -0.01208
1142.10009765625, 0.009957
1142.199951171875, -0.003922
1142.300048828125, 0.036961
1142.39990234375, -6.4e-05
1142.5, 0.012884
1142.60009765625, -0.008533
1142.699951171875, -0.01279
1142.800048828125, 0.010267
1142.89990234375, 0.018914
1143.0, 0.024324
1143.10009765625, -0.015229
1143.199951171875, 0.005745
1143.300048828125, -0.007114
1143.39990234375, -0.013721
1143.5, -0.011903
1143.60009765625, 0.009115
1143.699951171875, -0.005163
1143.800048828125, 0.009203
1143.89990234375, 0.008804
1144.0, 0.009026
1144.10009765625, -0.000951
1144.199951171875, -0.027777
1144.300048828125, -0.017712
1144.39990234375, 0.015455
1144.5, 0.026807
1144.60009765625, -0.002325
1144.699951171875, -0.005961
1144.800048828125, 0.004636
1144.89990234375, 0.024368
1145.0, -0.00166
1145.10009765625, 0.025388
1145.199951171875, -0.006316
1145.300048828125, 0.025698
1145.39990234375, -2e-05
1145.5, -0.025693
1145.60009765625, 0.013238
1145.699951171875, 0.000512
1145.800048828125, 0.00202
1145.89990234375, -0.01146
1146.0, -0.006848
1146.10009765625, 0.001222
1146.199951171875, 0.017318
1146.300048828125, -0.004986
1146.39990234375, 0.011819
1146.5, -0.00503
1146.60009765625, 0.013726
1146.699951171875, -0.004897
1146.800048828125, -0.008844
1146.89990234375, -0.024363
1147.0, -0.021436
1147.10009765625, -0.007114
1147.199951171875, 0.006188
1147.300048828125, 0.000291
1147.39990234375, 0.014436
1147.5, -0.022855
1147.60009765625, -0.000862
1147.699951171875, 0.011775
1147.800048828125, 0.019357
1147.89990234375, -0.014519
1148.0, -0.002591
1148.10009765625, -0.004232
1148.199951171875, -0.00033
1148.300048828125, 0.011819
1148.39990234375, 0.012618
1148.5, -0.002946
1148.60009765625, -0.002813
1148.699951171875, 0.00805
1148.800048828125, 0.008538
1148.89990234375, -0.01248
1149.0, 0.00468
1149.10009765625, -0.011681
1149.199951171875, 0.005257
1149.300048828125, 0.005745
1149.39990234375, -0.019308
1149.5, -0.001616
1149.60009765625, 0.044942
1149.699951171875, -0.005917
1149.800048828125, 0.002153
1149.89990234375, 0.004148
1150.0, -0.007558
1150.10009765625, 0.009647
1150.199951171875, 0.005213
1150.300048828125, 0.018293
1150.39990234375, 0.015278
1150.5, -0.00809
1150.60009765625, -0.004897
1150.699951171875, 0.021574
1150.800048828125, 0.007075
1150.89990234375, -0.018643
1151.0, 0.008849
1151.10009765625, -0.017047
1151.199951171875, 0.005656
1151.300048828125, 0.000202
1151.39990234375, 0.016564
1151.5, 0.00171
1151.60009765625, -0.000374
1151.699951171875, 0.007651
1151.800048828125, -0.002458
1151.89990234375, 0.011287
1152.0, -0.002813
1152.10009765625, 0.020643
1152.199951171875, 0.014702
1152.300048828125, 0.007252
1152.39990234375, 0.003528
1152.5, -0.017224
1152.60009765625, 0.014081
1152.699951171875, -0.003611
1152.800048828125, -0.001128
1152.89990234375, 0.003306
1153.0, -0.008711
1153.10009765625, 0.024235
1153.199951171875, 0.022993
1153.300048828125, 0.01887
1153.39990234375, 0.004902
1153.5, 0.001178
1153.60009765625, 0.011287
1153.699951171875, 0.007873
1153.800048828125, -0.007868
1153.89990234375, -0.012746
1154.0, 0.002729
1154.10009765625, -0.019175
1154.199951171875, -0.01647
1154.300048828125, 0.011642
1154.39990234375, -0.030305
1154.5, 0.005833
1154.60009765625, -0.023343
1154.699951171875, 0.0057
1154.800048828125, 0.006454
1154.89990234375, 0.009514
1155.0, 0.011376
1155.10009765625, -0.006671
1155.199951171875, 0.015322
1155.300048828125, 0.018071
1155.39990234375, 0.008449
1155.5, -0.024274
1155.60009765625, 0.010755
1155.699951171875, 0.023304
1155.800048828125, 0.003838
1155.89990234375, 0.015766
1156.0, -0.020816
1156.10009765625, -0.01412
1156.199951171875, 0.002197
1156.300048828125, -0.000552
1156.39990234375, 0.011598
1156.5, 0.011243
1156.60009765625, -0.006981
1156.699951171875, -0.030659
1156.800048828125, 0.010046
1156.89990234375, 0.007784
1157.0, 0.004414
1157.10009765625, 0.0108
1157.199951171875, -0.001527
1157.300048828125, -0.003922
1157.39990234375, 0.002286
1157.5, 0.000291
1157.60009765625, 0.014968
1157.699951171875, -0.027866
1157.800048828125, 0.002862
1157.89990234375, 0.029201
1158.0, 0.027738
1158.10009765625, 0.003306
1158.199951171875, -0.009154
1158.300048828125, -0.00135
1158.39990234375, 0.001044
1158.5, 0.002286
1158.60009765625, 0.018692
1158.699951171875, 0.009514
1158.800048828125, 0.006144
1158.89990234375, 0.025166
1159.0, -0.012568
1159.10009765625, -0.001439
1159.199951171875, 0.014125
1159.300048828125, -0.010795
1159.39990234375, -0.004542
1159.5, 0.013105
1159.60009765625, -0.017933
1159.699951171875, 0.014125
1159.800048828125, -0.012923
1159.89990234375, 0.008627
1160.0, 0.014524
1160.10009765625, 0.018293
1160.199951171875, -0.015761
1160.300048828125, -0.002192
1160.39990234375, 0.021397
1160.5, 0.030753
1160.60009765625, -0.013056
1160.699951171875, 0.012706
1160.800048828125, -0.011593
1160.89990234375, 0.01714
1161.0, -0.009021
1161.10009765625, 0.022151
1161.199951171875, 0.018559
1161.300048828125, 0.009203
1161.39990234375, 0.024146
1161.5, -0.000685
1161.60009765625, -0.002946
1161.699951171875, 0.005523
1161.800048828125, -0.005518
1161.89990234375, -0.02525
1162.0, -0.006272
1162.10009765625, -0.010262
1162.199951171875, -0.018643
1162.300048828125, 0.013726
1162.39990234375, -0.016249
1162.5, -0.043873
1162.60009765625, -0.026757
1162.699951171875, 0.000911
1162.800048828125, 0.004636
1162.89990234375, -0.014031
1163.0, -0.010262
1163.10009765625, 0.012618
1163.199951171875, -0.001705
1163.300048828125, 0.001754
1163.39990234375, -0.000374
1163.5, 0.005257
1163.60009765625, 0.021308
1163.699951171875, -0.009376
1163.800048828125, -0.036246
1163.89990234375, 0.004813
1164.0, -0.01851
1164.10009765625, -0.005961
1164.199951171875, 0.018515
1164.300048828125, -0.031191
1164.39990234375, 0.002862
1164.5, -0.005341
1164.60009765625, -0.00401
1164.699951171875, 0.021042
1164.800048828125, -0.014564
1164.89990234375, 0.017185
1165.0, 0.004858
1165.10009765625, 0.000734
1165.199951171875, 0.024368
1165.300048828125, -0.003567
1165.39990234375, -0.013411
1165.5, -0.023698
1165.60009765625, -0.014431
1165.699951171875, -0.003035
1165.800048828125, -0.000995
1165.89990234375, -0.032389
1166.0, 0.020067
1166.10009765625, 0.010134
1166.199951171875, 0.014702
1166.300048828125, 0.005833
1166.39990234375, -0.010529
1166.5, -0.029861
1166.60009765625, -0.020328
1166.699951171875, -0.004587
1166.800048828125, -0.003212
1166.89990234375, 0.009691
1167.0, 0.020643
1167.10009765625, -0.008001
1167.199951171875, -0.009775
1167.300048828125, -0.006804
1167.39990234375, 0.011997
1167.5, 0.011864
1167.60009765625, 0.007873
1167.699951171875, 0.009248
1167.800048828125, 0.003217
1167.89990234375, -0.030438
1168.0, 0.001178
1168.10009765625, 0.014125
1168.199951171875, -0.00676
1168.300048828125, -0.018466
1168.39990234375, 0.002685
1168.5, -0.01953
1168.60009765625, -0.019219
1168.699951171875, 0.013371
1168.800048828125, 0.007917
1168.89990234375, 0.018825
1169.0, 0.017451
1169.10009765625, 0.00743
1169.199951171875, 0.002729
1169.300048828125, -0.006582
1169.39990234375, 0.019934
1169.5, 0.01244
1169.60009765625, -0.019042
1169.699951171875, -0.022589
1169.800048828125, 0.018515
1169.89990234375, -0.007602
1170.0, -0.015273
1170.10009765625, -0.004099
1170.199951171875, -0.006183
1170.300048828125, 0.009691
1170.39990234375, 0.009026
1170.5, -0.007336
1170.60009765625, -0.005828
1170.699951171875, 0.015367
1170.800048828125, 0.037493
1170.89990234375, 0.016786
1171.0, 0.017495
1171.10009765625, 0.02725
1171.199951171875, 0.013504
1171.300048828125, -0.015406
1171.39990234375, 0.010888
1171.5, 0.000202
1171.60009765625, 0.010667
1171.699951171875, -0.041833
1171.800048828125, 0.003882
1171.89990234375, 0.016431
1172.0, 0.000601
1172.10009765625, -0.009509
1172.199951171875, -0.006493
1172.300048828125, 0.00907
1172.39990234375, 0.025787
1172.5, -0.005119
1172.60009765625, -0.005474
1172.699951171875, 0.006809
1172.800048828125, 0.014169
1172.89990234375, 0.013061
1173.0, 0.005168
1173.10009765625, -0.005961
1173.199951171875, 0.020776
1173.300048828125, -0.001572
1173.39990234375, 0.001577
1173.5, -0.001306
1173.60009765625, -0.004942
1173.699951171875, 0.033103
1173.800048828125, 0.020022
1173.89990234375, 0.01315
1174.0, -0.000419
1174.10009765625, 0.027339
1174.199951171875, 0.000867
1174.300048828125, -0.001394
1174.39990234375, -0.001926
1174.5, 0.001488
1174.60009765625, 0.015721
1174.699951171875, 0.011332
1174.800048828125, -0.02525
1174.89990234375, 0.003217
1175.0, 0.026496
1175.10009765625, 0.01377
1175.199951171875, -0.004498
1175.300048828125, 0.010445
1175.39990234375, -0.011282
1175.5, 0.023304
1175.60009765625, 0.019136
1175.699951171875, 0.032128
1175.800048828125, 0.002641
1175.89990234375, 0.03093
1176.0, 0.019845
1176.10009765625, 0.028979
1176.199951171875, 0.018825
1176.300048828125, 0.018825
1176.39990234375, 0.009868
1176.5, 0.015367
1176.60009765625, -0.015096
1176.699951171875, 0.002951
1176.800048828125, 0.018781
1176.89990234375, 0.02224
1177.0, 0.020821
1177.10009765625, -0.001128
1177.199951171875, 0.017362
1177.300048828125, -0.003168
1177.39990234375, 0.01816
1177.5, 0.024634
1177.60009765625, 0.014835
1177.699951171875, 0.012795
1177.800048828125, 0.00539
1177.89990234375, 0.005878
1178.0, -0.009376
1178.10009765625, 0.006498
1178.199951171875, -0.026092
1178.300048828125, 0.022195
1178.39990234375, -0.005917
1178.5, 0.001044
1178.60009765625, 0.014657
1178.699951171875, -0.004143
1178.800048828125, -0.006094
1178.89990234375, -0.003035
1179.0, 0.01346
1179.10009765625, 0.005213
1179.199951171875, 0.008183
1179.300048828125, 0.007164
1179.39990234375, -0.002458
1179.5, -0.015273
1179.60009765625, -0.007646
1179.699951171875, 0.001976
1179.800048828125, -0.015982
1179.89990234375, 0.005035
1180.0, -0.002724
1180.10009765625, -0.017978
1180.199951171875, 0.013017
1180.300048828125, 0.001887
1180.39990234375, -0.002015
1180.5, 0.007031
1180.60009765625, -0.023476
1180.699951171875, -0.014253
1180.800048828125, 0.000335
1180.89990234375, 0.006676
1181.0, 0.015189
1181.10009765625, -0.004631
1181.199951171875, -0.031945
1181.300048828125, -0.000862
1181.39990234375, -0.019219
1181.5, 0.017938
1181.60009765625, -0.00033
1181.699951171875, -0.003656
1181.800048828125, 0.006099
1181.89990234375, -0.005518
1182.0, -0.036468
1182.10009765625, 0.001488
1182.199951171875, 0.024989
1182.300048828125, -0.001793
1182.39990234375, -0.010928
1182.5, -0.01279
1182.60009765625, 0.002862
1182.699951171875, -0.008178
1182.800048828125, -0.009642
1182.89990234375, 0.025388
1183.0, 0.007474
1183.10009765625, 0.020156
1183.199951171875, 0.02521
1183.300048828125, 6.9e-05
1183.39990234375, 0.004281
1183.5, -0.006227
1183.60009765625, 0.007607
1183.699951171875, 0.015012
1183.800048828125, 0.024058
1183.89990234375, 0.010755
1184.0, -0.008444
1184.10009765625, 0.011997
1184.199951171875, 0.003838
1184.300048828125, 0.015234
1184.39990234375, 0.016963
1184.5, 0.016431
1184.60009765625, -0.004365
1184.699951171875, -0.007558
1184.800048828125, -0.009509
1184.89990234375, -0.013632
1185.0, -0.01177
1185.10009765625, -0.031901
1185.199951171875, -0.014963
1185.300048828125, 0.00171
1185.39990234375, -0.011371
1185.5, -0.012657
1185.60009765625, 0.02286
1185.699951171875, 0.003749
1185.800048828125, 0.017273
1185.89990234375, -0.003656
1186.0, 0.007518
1186.10009765625, 0.004902
1186.199951171875, 0.005966
1186.300048828125, -0.003124
1186.39990234375, 0.025698
1186.5, -0.003744
1186.60009765625, -0.002414
1186.699951171875, -0.014785
1186.800048828125, -0.011282
1186.89990234375, 0.00069
1187.0, -0.024186
1187.10009765625, -0.000552
1187.199951171875, 0.010533
1187.300048828125, 0.01714
1187.39990234375, 0.019446
1187.5, -0.008223
1187.60009765625, -0.00166
1187.699951171875, -0.027289
1187.800048828125, 0.005745
1187.89990234375, -0.005518
1188.0, 0.010223
1188.10009765625, 0.00805
1188.199951171875, 0.013504
1188.300048828125, 0.033813
1188.39990234375, -0.010662
1188.5, -0.003124
1188.60009765625, 0.014835
1188.699951171875, 0.002463
1188.800048828125, -0.006405
1188.89990234375, 0.006055
1189.0, 0.018293
1189.10009765625, 0.006809
1189.199951171875, -0.003922
1189.300048828125, -0.025516
1189.39990234375, -0.003523
1189.5, 0.017007
1189.60009765625, 0.000335
1189.699951171875, 0.025343
1189.800048828125, 0.004991
1189.89990234375, -0.012879
1190.0, -0.016249
1190.10009765625, 0.005434
1190.199951171875, 0.007474
1190.300048828125, -0.010928
1190.39990234375, -0.010529
1190.5, 0.006099
1190.60009765625, -0.006848
1190.699951171875, -0.004587
1190.800048828125, 0.000601
1190.89990234375, 0.022417
1191.0, 0.025166
1191.10009765625, -0.005474
1191.199951171875, -0.010351
1191.300048828125, 0.005213
1191.39990234375, 0.023348
1191.5, 0.009735
1191.60009765625, 0.028093
1191.699951171875, 0.001754
1191.800048828125, 0.003882
1191.89990234375, 0.019047
1192.0, -0.012258
1192.10009765625, -0.01647
1192.199951171875, -0.011415
1192.300048828125, -0.010795
1192.39990234375, -0.00605
1192.5, 0.017717
1192.60009765625, -0.010617
1192.699951171875, -0.010529
1192.800048828125, -0.00104
1192.89990234375, 0.011642
1193.0, 0.037449
1193.10009765625, 0.019535
1193.199951171875, -0.033453
1193.300048828125, -0.003079
1193.39990234375, -0.008178
1193.5, 0.008582
1193.60009765625, 0.027605
1193.699951171875, 0.014391
1193.800048828125, 0.003306
1193.89990234375, 0.01683
1194.0, 0.013017
1194.10009765625, 0.024279
1194.199951171875, 0.003084
1194.300048828125, 0.000956
1194.39990234375, 0.022328
1194.5, -0.002104
1194.60009765625, -0.00973
1194.699951171875, -0.010129
1194.800048828125, 0.004104
1194.89990234375, -0.024008
1195.0, -0.022722
1195.10009765625, -0.02893
1195.199951171875, 0.011819
1195.300048828125, -0.006227
1195.39990234375, 0.027161
1195.5, 0.006144
1195.60009765625, -0.027334
1195.699951171875, -0.005075
1195.800048828125, 0.015854
1195.89990234375, 0.00978
1196.0, 0.016165
1196.10009765625, 0.002729
1196.199951171875, 0.002508
1196.300048828125, 0.010001
1196.39990234375, 0.002153
1196.5, -0.014164
1196.60009765625, -0.003345
1196.699951171875, 0.015766
1196.800048828125, -0.00605
1196.89990234375, -0.016204
1197.0, -0.032167
1197.10009765625, -0.004631
1197.199951171875, 0.003572
1197.300048828125, 0.005966
1197.39990234375, -0.001616
1197.5, 0.014258
1197.60009765625, -0.001173
1197.699951171875, -0.006272
1197.800048828125, -0.00166
1197.89990234375, -0.022634
1198.0, 0.003395
1198.10009765625, 0.01479
1198.199951171875, -0.001838
1198.300048828125, 0.001931
1198.39990234375, 0.009469
1198.5, -0.01483
1198.60009765625, -0.01851
1198.699951171875, -0.006449
1198.800048828125, -0.02321
1198.89990234375, 0.01714
1199.0, 0.008139
1199.10009765625, -0.007912
1199.199951171875, 0.010223
1199.300048828125, 0.023348
1199.39990234375, -0.030837
1199.5, -0.013278
1199.60009765625, -0.010617
1199.699951171875, -0.029595
1199.800048828125, -0.038596
1199.89990234375, -0.002414
1200.0, 0.011908
1200.10009765625, 0.020377
1200.199951171875, 0.014702
1200.300048828125, 0.017938
1200.39990234375, 0.00437
1200.5, -0.01514
1200.60009765625, 0.004281
1200.699951171875, -0.00064
1200.800048828125, 0.013815
1200.89990234375, -0.000286
1201.0, 0.029644
1201.10009765625, -0.003345
1201.199951171875, -0.006715
1201.300048828125, -0.021836
1201.39990234375, 0.023392
1201.5, -0.015273
1201.60009765625, -0.009597
1201.699951171875, 0.00171
1201.800048828125, -0.020372
1201.89990234375, -0.001128
1202.0, -0.031679
1202.10009765625, -0.012834
1202.199951171875, -0.001926
1202.300048828125, 0.00304
1202.39990234375, 0.009203
1202.5, 0.001577
1202.60009765625, -0.008711
1202.699951171875, 0.013017
1202.800048828125, 0.016032
1202.89990234375, 0.013283
1203.0, -0.012302
1203.10009765625, -0.00942
1203.199951171875, 0.001266
1203.300048828125, -0.002458
1203.39990234375, -0.003656
1203.5, 0.019756
1203.60009765625, 0.017672
1203.699951171875, -0.005163
1203.800048828125, 0.00508
1203.89990234375, -0.017268
1204.0, 0.029334
1204.10009765625, 0.012706
1204.199951171875, 0.023924
1204.300048828125, 0.015544
1204.39990234375, -0.007779
1204.5, -0.021303
1204.60009765625, 0.00468
1204.699951171875, 0.013194
1204.800048828125, 0.006853
1204.89990234375, 0.009691
1205.0, -0.001749
1205.10009765625, 0.01009
1205.199951171875, -0.007735
1205.300048828125, -0.001527
1205.39990234375, -0.003833
1205.5, -0.007026
1205.60009765625, 0.010711
1205.699951171875, -0.00339
1205.800048828125, 0.013017
1205.89990234375, 0.011287
1206.0, 0.00335
1206.10009765625, -0.001128
1206.199951171875, -0.00135
1206.300048828125, -0.011593
1206.39990234375, 0.030842
1206.5, 0.011598
1206.60009765625, 0.00233
1206.699951171875, -0.006094
1206.800048828125, 0.001
1206.89990234375, 0.013283
1207.0, -0.008489
1207.10009765625, 0.007341
1207.199951171875, 0.023614
1207.300048828125, 0.022949
1207.39990234375, 0.008183
1207.5, 0.00508
1207.60009765625, 0.01785
1207.699951171875, 0.020954
1207.800048828125, 0.007563
1207.89990234375, -0.008533
1208.0, -0.017047
1208.10009765625, -0.001483
1208.199951171875, -0.004897
1208.300048828125, -0.019973
1208.39990234375, -0.002325
1208.5, 0.0104
1208.60009765625, 0.011775
1208.699951171875, 0.007917
1208.800048828125, -0.003478
1208.89990234375, 0.000379
1209.0, 0.02459
1209.10009765625, -0.000729
1209.199951171875, 0.01887
1209.300048828125, 0.018737
1209.39990234375, 0.022018
1209.5, 0.027516
1209.60009765625, 0.012662
1209.699951171875, 0.062501
1209.800048828125, 0.015145
1209.89990234375, -0.000241
1210.0, 0.037759
1210.10009765625, 0.022816
1210.199951171875, 0.035098
1210.300048828125, 0.024545
1210.39990234375, 0.013017
1210.5, 0.016475
1210.60009765625, 0.013593
1210.699951171875, 0.006188
1210.800048828125, -0.009287
1210.89990234375, 0.002242
1211.0, -0.001793
1211.10009765625, 0.011199
1211.199951171875, 0.010445
1211.300048828125, 0.005878
1211.39990234375, 0.015633
1211.5, 0.022373
1211.60009765625, 0.018781
1211.699951171875, 0.009336
1211.800048828125, -0.014164
1211.89990234375, 0.021929
1212.0, 0.001444
1212.10009765625, 0.010223
1212.199951171875, 0.009115
1212.300048828125, -0.018333
1212.39990234375, 0.011686
1212.5, 0.014436
1212.60009765625, 0.015544
1212.699951171875, -0.004764
1212.800048828125, -0.003877
1212.89990234375, -0.002858
1213.0, 0.03603
1213.10009765625, 0.014081
1213.199951171875, 0.024368
1213.300048828125, 0.019402
1213.39990234375, -0.001705
1213.5, 0.007297
1213.60009765625, -0.008844
1213.699951171875, -0.00135
1213.800048828125, 0.015943
1213.89990234375, -0.002724
1214.0, 0.023836
1214.10009765625, 0.002729
1214.199951171875, -0.007203
1214.300048828125, -0.018643
1214.39990234375, 0.006188
1214.5, 0.008361
1214.60009765625, 0.010755
1214.699951171875, 0.007474
1214.800048828125, 0.018071
1214.89990234375, 0.007119
1215.0, 0.046893
1215.10009765625, 0.000202
1215.199951171875, -0.010617
1215.300048828125, -0.017224
1215.39990234375, -0.022944
1215.5, 0.021885
1215.60009765625, 0.024058
1215.699951171875, 0.036163
1215.800048828125, -0.006582
1215.89990234375, 0.035985
1216.0, 0.01479
1216.10009765625, 0.000291
1216.199951171875, 0.009203
1216.300048828125, 0.022727
1216.39990234375, -0.015539
1216.5, 0.011066
1216.60009765625, -0.002192
1216.699951171875, 0.001222
1216.800048828125, -2e-05
1216.89990234375, 0.011864
1217.0, 0.001044
1217.10009765625, -0.004099
1217.199951171875, 0.008494
1217.300048828125, 0.014923
1217.39990234375, 0.015322
1217.5, -0.004276
1217.60009765625, -0.010573
1217.699951171875, -0.011593
1217.800048828125, 0.0202
1217.89990234375, 0.00202
1218.0, -0.004986
1218.10009765625, -0.012036
1218.199951171875, -0.003656
1218.300048828125, -0.009154
1218.39990234375, 0.006232
1218.5, 0.015677
1218.60009765625, 0.027472
1218.699951171875, 0.000645
1218.800048828125, -0.002591
1218.89990234375, 0.014879
1219.0, -0.0084
1219.10009765625, -0.002636
1219.199951171875, 0.007829
1219.300048828125, 0.019579
1219.39990234375, -0.002414
1219.5, 0.005035
1219.60009765625, 0.002596
1219.699951171875, -0.01984
1219.800048828125, -0.024496
1219.89990234375, -0.013455
1220.0, 0.003794
1220.10009765625, 0.029999
1220.199951171875, 0.01612
1220.300048828125, -0.015273
1220.39990234375, -0.001749
1220.5, 0.018781
1220.60009765625, -0.018022
1220.699951171875, 0.048933
1220.800048828125, -0.018776
1220.89990234375, -0.019308
1221.0, -0.006493
1221.10009765625, 0.002951
1221.199951171875, 0.012218
1221.300048828125, -0.015229
1221.39990234375, 0.011997
1221.5, -0.02791
1221.60009765625, 0.019224
1221.699951171875, 0.014746
1221.800048828125, 0.003749
1221.89990234375, 0.011509
1222.0, 0.021441
1222.10009765625, 0.025299
1222.199951171875, 0.016963
1222.300048828125, 0.020022
1222.39990234375, -0.00268
1222.5, 0.025565
1222.60009765625, 0.018338
1222.699951171875, 0.013283
1222.800048828125, 0.005745
1222.89990234375, -0.005917
1223.0, 0.017672
1223.10009765625, 0.045873
1223.199951171875, 0.031374
1223.300048828125, 0.026009
1223.39990234375, 0.023614
1223.5, 0.003395
1223.60009765625, -0.01984
1223.699951171875, -0.004631
1223.800048828125, 0.012884
1223.89990234375, -0.005163
1224.0, 0.028004
1224.10009765625, -0.008356
1224.199951171875, 0.019801
1224.300048828125, -0.000951
1224.39990234375, 0.018825
1224.5, 0.013682
1224.60009765625, 0.024811
1224.699951171875, -0.000907
1224.800048828125, 0.016253
1224.89990234375, 0.016431
1225.0, 0.033458
1225.10009765625, 0.008183
1225.199951171875, 0.026097
1225.300048828125, -0.013455
1225.39990234375, 0.00468
1225.5, 0.013859
1225.60009765625, 0.017362
1225.699951171875, -0.017002
1225.800048828125, 0.022905
1225.89990234375, 0.00774
1226.0, 0.006543
1226.10009765625, 0.017273
1226.199951171875, 0.020244
1226.300048828125, 0.022417
1226.39990234375, 0.0155
1226.5, 0.002419
1226.60009765625, 0.018249
1226.699951171875, -0.002104
1226.800048828125, 0.002064
1226.89990234375, 0.031817
1227.0, 0.005301
1227.10009765625, 0.046139
1227.199951171875, 0.020732
1227.300048828125, 0.0296
1227.39990234375, 0.004636
1227.5, -0.011415
1227.60009765625, 0.006986
1227.699951171875, 0.002552
1227.800048828125, 0.01949
1227.89990234375, 0.013194
1228.0, -0.021259
1228.10009765625, 0.002641
1228.199951171875, 0.015234
1228.300048828125, -0.001882
1228.39990234375, -0.025294
1228.5, -0.011105
1228.60009765625, -0.0182
1228.699951171875, -0.026447
1228.800048828125, 0.012795
1228.89990234375, 0.017495
1229.0, -0.000374
1229.10009765625, 0.014968
1229.199951171875, -0.002503
1229.300048828125, 0.020466
1229.39990234375, 0.009647
1229.5, 0.002508
1229.60009765625, -0.003567
1229.699951171875, 0.014391
1229.800048828125, 0.017983
1229.89990234375, 0.01816
1230.0, 0.005434
1230.10009765625, 0.006099
1230.199951171875, 0.0057
1230.300048828125, -0.009376
1230.39990234375, -0.003124
1230.5, -0.004276
1230.60009765625, -0.002724
1230.699951171875, 0.015987
1230.800048828125, 0.007962
1230.89990234375, 0.019269
1231.0, 0.002286
1231.10009765625, 0.019357
1231.199951171875, 0.038646
1231.300048828125, -0.006715
1231.39990234375, -0.005961
1231.5, 0.001044
1231.60009765625, 0.045474
1231.699951171875, 0.015721
1231.800048828125, -0.000552
1231.89990234375, -0.000419
1232.0, -0.005873
1232.10009765625, 0.011686
1232.199951171875, -0.001572
1232.300048828125, -0.012036
1232.39990234375, 0.017584
1232.5, 0.022062
1232.60009765625, 0.010267
1232.699951171875, 0.011908
1232.800048828125, 0.012662
1232.89990234375, 0.007031
1233.0, -0.006937
1233.10009765625, 0.024013
1233.199951171875, -0.014785
1233.300048828125, -0.000907
1233.39990234375, 0.031196
1233.5, 0.003616
1233.60009765625, -0.014608
1233.699951171875, 0.004769
1233.800048828125, 0.003572
1233.89990234375, 0.034699
1234.0, -0.013588
1234.10009765625, -0.010262
1234.199951171875, 0.020821
1234.300048828125, 0.017052
1234.39990234375, 0.029112
1234.5, 0.020377
1234.60009765625, -0.0037
1234.699951171875, 0.01377
1234.800048828125, 0.007385
1234.89990234375, 0.008627
1235.0, 0.019136
1235.10009765625, -0.001572
1235.199951171875, 0.004547
1235.300048828125, -0.003922
1235.39990234375, -0.004232
1235.5, -0.000596
1235.60009765625, 0.002153
1235.699951171875, 0.01887
1235.800048828125, 0.002996
1235.89990234375, 0.009558
1236.0, 0.00508
1236.10009765625, 0.004281
1236.199951171875, 0.005922
1236.300048828125, 0.00672
1236.39990234375, 0.021929
1236.5, 0.020377
1236.60009765625, 0.006587
1236.699951171875, 0.002774
1236.800048828125, 0.003616
1236.89990234375, 0.013859
1237.0, 0.001
1237.10009765625, -0.008799
1237.199951171875, -0.009642
1237.300048828125, -0.010839
1237.39990234375, -0.033142
1237.5, -0.00064
1237.60009765625, -0.015406
1237.699951171875, 0.001577
1237.800048828125, -0.00339
1237.89990234375, -0.000286
1238.0, 0.019091
1238.10009765625, 0.006986
1238.199951171875, 0.00202
1238.300048828125, 0.008006
1238.39990234375, 0.016387
1238.5, 0.002907
1238.60009765625, -0.000729
1238.699951171875, 0.008183
1238.800048828125, 0.014746
1238.89990234375, 0.004148
1239.0, 0.009735
1239.10009765625, 0.012307
1239.199951171875, -0.00605
1239.300048828125, -0.005341
1239.39990234375, -0.002902
1239.5, -0.000153
1239.60009765625, 0.003616
1239.699951171875, 0.020643
1239.800048828125, 0.019579
1239.89990234375, 0.005966
1240.0, 0.009691
1240.10009765625, 0.013504
1240.199951171875, 0.012529
1240.300048828125, 0.019668
1240.39990234375, 0.012662
1240.5, 0.001133
1240.60009765625, -0.011061
1240.699951171875, 0.026762
1240.800048828125, 0.014746
1240.89990234375, -0.006139
1241.0, 0.00508
1241.10009765625, 0.016342
1241.199951171875, 0.009026
1241.300048828125, 0.006055
1241.39990234375, -0.005784
1241.5, -0.010972
1241.60009765625, -0.012657
1241.699951171875, 0.005922
1241.800048828125, 0.003084
1241.89990234375, 0.014923
1242.0, 0.015455
1242.10009765625, 0.004636
1242.199951171875, 0.014436
1242.300048828125, 0.011775
1242.39990234375, 0.011376
1242.5, 0.004725
1242.60009765625, -0.006094
1242.699951171875, -0.034074
1242.800048828125, -0.010484
1242.89990234375, -0.009464
1243.0, 0.011066
1243.10009765625, 0.006365
1243.199951171875, 0.015766
1243.300048828125, -0.012701
1243.39990234375, 0.009647
1243.5, -0.012923
1243.60009765625, 0.017052
1243.699951171875, -0.012568
1243.800048828125, 0.015367
1243.89990234375, 0.021619
1244.0, 0.016253
1244.10009765625, 0.041084
1244.199951171875, 0.010445
1244.300048828125, 0.01448
1244.39990234375, 0.005612
1244.5, 0.009026
1244.60009765625, 0.00202
1244.699951171875, 0.01448
1244.800048828125, -0.004276
1244.89990234375, -0.008311
1245.0, -0.003079
1245.10009765625, -0.002991
1245.199951171875, -0.007735
1245.300048828125, -0.019264
1245.39990234375, -0.000507
1245.5, 0.017761
1245.60009765625, -0.005075
1245.699951171875, 0.003794
1245.800048828125, 0.009558
1245.89990234375, 0.020466
1246.0, 0.009115
1246.10009765625, 0.017229
1246.199951171875, 0.018426
1246.300048828125, 0.029556
1246.39990234375, 0.030132
1246.5, -0.009686
1246.60009765625, 0.044366
1246.699951171875, 0.007873
1246.800048828125, 0.016697
1246.89990234375, 0.008538
1247.0, -0.000951
1247.10009765625, 0.005567
1247.199951171875, 0.008849
1247.300048828125, 0.010578
1247.39990234375, -0.011814
1247.5, 0.006631
1247.60009765625, 0.016653
1247.699951171875, 0.007873
1247.800048828125, 0.003971
1247.89990234375, 0.003483
1248.0, 0.010844
1248.10009765625, 0.017007
1248.199951171875, 0.014524
1248.300048828125, -0.000419
1248.39990234375, 0.000823
1248.5, 0.022639
1248.60009765625, 0.013105
1248.699951171875, 0.002596
1248.800048828125, 0.002951
1248.89990234375, 0.000734
1249.0, -0.00472
1249.10009765625, -0.002237
1249.199951171875, 0.008671
1249.300048828125, -0.017135
1249.39990234375, 0.007917
1249.5, 0.007962
1249.60009765625, -0.003789
1249.699951171875, 0.001976
1249.800048828125, 0.026053
1249.89990234375, -0.019308
1250.0, -0.00503
1250.10009765625, 0.021973
1250.199951171875, 0.000424
1250.300048828125, 0.016032
1250.39990234375, 0.017451
1250.5, 0.014524
1250.60009765625, 0.012706
1250.699951171875, 0.029245
1250.800048828125, 0.002862
1250.89990234375, -0.015096
1251.0, 0.002862
1251.10009765625, -0.013765
1251.199951171875, 0.010755
1251.300048828125, -0.004809
1251.39990234375, 0.004459
1251.5, 0.018338
1251.60009765625, 0.046716
1251.699951171875, 0.008183
1251.800048828125, 0.010755
1251.89990234375, -0.009642
1252.0, -0.015805
1252.10009765625, 0.014613
1252.199951171875, -0.00033
1252.300048828125, 0.019712
1252.39990234375, 0.005656
1252.5, -0.007824
1252.60009765625, 0.00907
1252.699951171875, -0.002769
1252.800048828125, 0.001222
1252.89990234375, 0.028403
1253.0, 0.0108
1253.10009765625, 0.009248
1253.199951171875, 0.01213
1253.300048828125, 0.008095
1253.39990234375, 0.005656
1253.5, 0.006543
1253.60009765625, 0.016564
1253.699951171875, 0.002774
1253.800048828125, 0.004015
1253.89990234375, -0.002991
1254.0, -0.0178
1254.10009765625, -0.008711
1254.199951171875, 0.012351
1254.300048828125, 0.00468
1254.39990234375, 0.012307
1254.5, 0.014169
1254.60009765625, 0.013903
1254.699951171875, -0.006804
1254.800048828125, 0.016874
1254.89990234375, 0.018914
1255.0, 0.020422
1255.10009765625, 0.028891
1255.199951171875, -0.00942
1255.300048828125, -0.010174
1255.39990234375, -0.011947
1255.5, 0.019801
1255.60009765625, -0.014164
1255.699951171875, 0.009425
1255.800048828125, 0.012618
1255.89990234375, -0.008178
1256.0, -0.002237
1256.10009765625, 0.015943
1256.199951171875, 0.014391
1256.300048828125, -0.023343
1256.39990234375, 0.002375
1256.5, 0.012839
1256.60009765625, 0.013327
1256.699951171875, -0.005607
1256.800048828125, -0.004986
1256.89990234375, -0.006094
1257.0, -0.004055
1257.10009765625, 0.01949
1257.199951171875, -0.004188
1257.300048828125, 0.020466
1257.39990234375, 0.013903
1257.5, 0.019978
1257.60009765625, 0.001532
1257.699951171875, -0.007026
1257.800048828125, 0.008893
1257.89990234375, 0.019269
1258.0, 0.002463
1258.10009765625, 0.024767
1258.199951171875, 0.00437
1258.300048828125, 0.030221
1258.39990234375, 0.002109
1258.5, 0.000512
1258.60009765625, -0.008755
1258.699951171875, 0.004459
1258.800048828125, 0.023791
1258.89990234375, 0.014214
1259.0, 0.02459
1259.10009765625, 0.006764
1259.199951171875, 0.017938
1259.300048828125, 0.001133
1259.39990234375, 0.03031
1259.5, 0.009248
1259.60009765625, -0.00237
1259.699951171875, 0.00406
1259.800048828125, 0.010711
1259.89990234375, 0.015854
1260.0, 0.02827
1260.10009765625, -0.015362
1260.199951171875, -0.001261
1260.300048828125, 0.002596
1260.39990234375, -0.002591
1260.5, 0.015633
1260.60009765625, -0.011194
1260.699951171875, -0.02086
1260.800048828125, -0.005075
1260.89990234375, 0.00406
1261.0, 0.01652
1261.10009765625, -0.012879
1261.199951171875, 0.003971
1261.300048828125, -0.023121
1261.39990234375, -0.001439
1261.5, -0.007159
1261.60009765625, 0.006011
1261.699951171875, -0.01177
1261.800048828125, 0.024279
1261.89990234375, 0.012839
1262.0, -0.005651
1262.10009765625, -0.006094
1262.199951171875, -0.004232
1262.300048828125, 0.019845
1262.39990234375, 0.009824
1262.5, 0.016076
1262.60009765625, 0.008361
1262.699951171875, 0.02255
1262.800048828125, 0.006454
1262.89990234375, 0.012529
1263.0, 0.020555
1263.10009765625, 0.012928
1263.199951171875, -0.02055
1263.300048828125, -0.010129
1263.39990234375, 0.024412
1263.5, -0.001173
1263.60009765625, -0.039173
1263.699951171875, 0.014657
1263.800048828125, 0.002153
1263.89990234375, -0.01177
1264.0, -0.016914
1264.10009765625, -0.006493
1264.199951171875, 0.002064
1264.300048828125, 0.007119
1264.39990234375, 0.018914
1264.5, 0.026718
1264.60009765625, 0.011997
1264.699951171875, -0.020683
1264.800048828125, -0.030172
1264.89990234375, -0.009642
1265.0, 0.037094
1265.10009765625, 0.012529
1265.199951171875, 0.02122
1265.300048828125, 0.020821
1265.39990234375, -0.011814
1265.5, -0.009686
1265.60009765625, 0.00171
1265.699951171875, 0.013593
