Tag, Descricao, Modulo, Fase, Grandeza, IdSensor, Frequencia_Amostragem, Timestamp
M1IOCB2, I OPENING COIL B, 1, B, I, 2, 10000.0, 1749126149.5395

tempos, dados
50.0, 0.021122
50.10009765625, 0.038864
50.199951171875, 0.038059
50.300048828125, 0.043109
50.39990234375, 0.040026
50.5, -0.001
50.60009765625, 0.042663
50.699951171875, 0.014373
50.800048828125, 0.044495
50.89990234375, 0.034797
51.0, 0.025814
51.10009765625, -0.002922
51.199951171875, 0.053031
51.300048828125, 0.028764
51.39990234375, 7.2e-05
51.5, 0.021166
51.60009765625, 0.039802
51.699951171875, 0.022686
51.800048828125, 0.044093
51.89990234375, 0.042126
52.0, 0.010217
52.10009765625, 0.004452
52.199951171875, 0.03073
52.300048828125, 0.050662
52.39990234375, 0.026842
52.5, 0.022686
52.60009765625, 0.023669
52.699951171875, 0.018798
52.800048828125, 0.043109
52.89990234375, 0.029836
53.0, 0.00177
53.10009765625, 0.051199
53.199951171875, 0.062729
53.300048828125, 0.059422
53.39990234375, 0.007491
53.5, 0.059064
53.60009765625, 0.046998
53.699951171875, 0.038462
53.800048828125, 0.051154
53.89990234375, -0.002475
54.0, 0.007223
54.10009765625, 0.051735
54.199951171875, 0.052003
54.300048828125, 0.031222
54.39990234375, 0.033993
54.5, 0.024295
54.60009765625, -0.001179
54.699951171875, 0.021747
54.800048828125, 0.012898
54.89990234375, 0.012362
55.0, 0.01491
55.10009765625, 0.030775
55.199951171875, 0.023803
55.300048828125, 0.06112
55.39990234375, 0.032205
55.5, 0.023937
55.60009765625, 0.030194
55.699951171875, 0.018574
55.800048828125, 0.029836
55.89990234375, 0.041545
56.0, 0.021211
56.10009765625, 0.045836
56.199951171875, 0.031266
56.300048828125, 0.050841
56.39990234375, 0.010306
56.5, 0.006374
56.60009765625, 0.03435
56.699951171875, 0.031579
56.800048828125, 0.032652
56.89990234375, 0.008563
57.0, 0.023758
57.10009765625, 0.024786
57.199951171875, 0.013479
57.300048828125, 0.072963
57.39990234375, 0.04597
57.5, 0.042439
57.60009765625, 0.020451
57.699951171875, 0.019513
57.800048828125, 0.024116
57.89990234375, 0.033501
58.0, 0.043914
58.10009765625, -0.008732
58.199951171875, 0.015267
58.300048828125, -0.016866
58.39990234375, 0.031311
58.5, 0.008206
58.60009765625, 0.033501
58.699951171875, 0.012809
58.800048828125, 0.049947
58.89990234375, 0.050349
59.0, 0.075108
59.10009765625, 0.011156
59.199951171875, 0.010128
59.300048828125, 0.038998
59.39990234375, 0.030373
59.5, 0.048025
59.60009765625, 0.047176
59.699951171875, 0.037657
59.800048828125, 0.026887
59.89990234375, 0.047444
60.0, 0.024563
60.10009765625, 0.037568
60.199951171875, 0.01196
60.300048828125, 0.012049
60.39990234375, -0.008285
60.5, 0.023803
60.60009765625, 0.026753
60.699951171875, 0.012854
60.800048828125, 0.010351
60.89990234375, 0.021971
61.0, 0.052226
61.10009765625, 0.040517
61.199951171875, 0.037255
61.300048828125, 0.019736
61.39990234375, 0.010664
61.5, 0.035825
61.60009765625, 0.041143
61.699951171875, 0.034127
61.800048828125, 0.017055
61.89990234375, 0.021345
62.0, 0.029836
62.10009765625, 0.029434
62.199951171875, 0.006105
62.300048828125, 0.044271
62.39990234375, 0.039177
62.5, 0.049813
62.60009765625, 0.023177
62.699951171875, 0.017189
62.800048828125, -0.000956
62.89990234375, 0.040741
63.0, 0.035512
63.10009765625, 0.034886
63.199951171875, 0.026708
63.300048828125, 0.028272
63.39990234375, -0.003995
63.5, 0.017725
63.60009765625, 0.015625
63.699951171875, 0.044182
63.800048828125, 0.031222
63.89990234375, 0.010172
64.0, 0.022105
64.10009765625, 0.043378
64.199951171875, 0.00834
64.300048828125, 0.038149
64.39990234375, 0.048517
64.5, 0.048964
64.60009765625, 0.054818
64.699951171875, 0.034708
64.800048828125, 0.026753
64.89990234375, 0.020585
65.0, 0.031713
65.10009765625, 0.04816
65.199951171875, 0.028764
65.300048828125, 0.031266
65.39990234375, 0.021122
65.5, 0.049187
65.60009765625, 0.046417
65.699951171875, -0.003369
65.800048828125, 0.043512
65.89990234375, 0.015088
66.0, 0.038328
66.10009765625, 0.014418
66.199951171875, 0.049813
66.300048828125, 0.068136
66.39990234375, 0.051467
66.5, 0.02273
66.60009765625, 0.037747
66.699951171875, 0.029345
66.800048828125, 0.063757
66.89990234375, 0.04092
67.0, -0.000151
67.10009765625, 0.024295
67.199951171875, 0.010306
67.300048828125, 0.024518
67.39990234375, 0.029345
67.5, 0.072784
67.60009765625, 0.035691
67.699951171875, 0.0474
67.800048828125, 0.018976
67.89990234375, 0.045523
68.0, 0.018306
68.10009765625, 0.031758
68.199951171875, 0.041322
68.300048828125, 0.015893
68.39990234375, 0.000162
68.5, 0.009144
68.60009765625, 0.033858
68.699951171875, 0.054506
68.800048828125, 0.032965
68.89990234375, 0.043154
69.0, 0.016474
69.10009765625, 0.026931
69.199951171875, 0.022775
69.300048828125, 0.034171
69.39990234375, 0.056249
69.5, 0.022507
69.60009765625, 0.013926
69.699951171875, 0.021658
69.800048828125, 0.021792
69.89990234375, -0.01338
70.0, 0.031892
70.10009765625, 0.041724
70.199951171875, 0.026082
70.300048828125, 0.027244
70.39990234375, 0.031311
70.5, 0.023267
70.60009765625, 0.003692
70.699951171875, 0.032384
70.800048828125, 0.015937
70.89990234375, 0.01987
71.0, 0.027021
71.10009765625, 0.032697
71.199951171875, 0.027155
71.300048828125, 0.009725
71.39990234375, 0.035244
71.5, 0.046729
71.60009765625, 0.033054
71.699951171875, 0.01987
71.800048828125, 0.046506
71.89990234375, 0.027602
72.0, 0.042663
72.10009765625, 0.041456
72.199951171875, 0.032473
72.300048828125, 0.043288
72.39990234375, 0.025948
72.5, 0.019245
72.60009765625, 0.044182
72.699951171875, 0.049768
72.800048828125, 0.040071
72.89990234375, 0.028272
73.0, 0.039311
73.10009765625, 0.042573
73.199951171875, 0.00834
73.300048828125, 0.011558
73.39990234375, 0.030104
73.5, 0.052405
73.60009765625, 0.024563
73.699951171875, 0.021077
73.800048828125, 0.017099
73.89990234375, 0.028362
74.0, 0.025635
74.10009765625, 0.013524
74.199951171875, 0.040383
74.300048828125, 0.028183
74.39990234375, 0.043959
74.5, 0.026842
74.60009765625, 0.019111
74.699951171875, 0.046864
74.800048828125, 0.011111
74.89990234375, 0.022284
75.0, 0.050305
75.10009765625, 0.042663
75.199951171875, 0.029658
75.300048828125, 0.013614
75.39990234375, 0.064919
75.5, 0.021703
75.60009765625, -0.003414
75.699951171875, 0.018798
75.800048828125, 0.04083
75.89990234375, 0.05598
76.0, 0.024339
76.10009765625, 0.012049
76.199951171875, 0.022865
76.300048828125, 0.024161
76.39990234375, 0.026216
76.5, 0.018038
76.60009765625, 0.046417
76.699951171875, 0.051467
76.800048828125, 0.044137
76.89990234375, 0.01634
77.0, 0.021256
77.10009765625, 0.058841
77.199951171875, 0.041858
77.300048828125, 0.030239
77.39990234375, 0.036629
77.5, 0.033143
77.60009765625, 0.035646
77.699951171875, 0.034529
77.800048828125, 0.026127
77.89990234375, 0.071265
78.0, 0.031803
78.10009765625, 0.067645
78.199951171875, 0.035065
78.300048828125, 0.022418
78.39990234375, 0.048428
78.5, 0.042305
78.60009765625, 0.010351
78.699951171875, 0.033769
78.800048828125, 0.050573
78.89990234375, 0.017591
79.0, 0.02635
79.10009765625, 0.006374
79.199951171875, 0.01196
79.300048828125, 0.018217
79.39990234375, 0.022284
79.5, 0.012809
79.60009765625, 0.001368
79.699951171875, 0.030998
79.800048828125, 0.014373
79.89990234375, -0.003011
80.0, 0.014105
80.10009765625, 0.045791
80.199951171875, 0.021524
80.300048828125, 0.04302
80.39990234375, 0.020183
80.5, 0.028808
80.60009765625, 0.014731
80.699951171875, 0.031758
80.800048828125, 0.060986
80.89990234375, 0.042752
81.0, 0.001681
81.10009765625, 0.000474
81.199951171875, 0.028049
81.300048828125, 0.038909
81.39990234375, 0.046908
81.5, 0.020988
81.60009765625, 0.033143
81.699951171875, 0.049277
81.800048828125, 0.055042
81.89990234375, 0.025725
82.0, 0.034529
82.10009765625, 0.01053
82.199951171875, -0.01472
82.300048828125, 0.040249
82.39990234375, 0.017189
82.5, 0.02206
82.60009765625, 0.063444
82.699951171875, 0.032786
82.800048828125, 0.034663
82.89990234375, 0.024786
83.0, 0.025546
83.10009765625, 0.026395
83.199951171875, 0.038417
83.300048828125, 0.041277
83.39990234375, 0.024205
83.5, 0.015714
83.60009765625, 0.040607
83.699951171875, 0.017144
83.800048828125, 0.024295
83.89990234375, 0.047489
84.0, 0.044718
84.10009765625, 0.021613
84.199951171875, 0.037166
84.300048828125, 0.034082
84.39990234375, 0.044406
84.5, 0.02139
84.60009765625, 0.020764
84.699951171875, 0.034484
84.800048828125, 0.031311
84.89990234375, 0.035914
85.0, 0.044406
85.10009765625, 0.035423
85.199951171875, 0.026306
85.300048828125, 0.025725
85.39990234375, 0.041992
85.5, 0.047891
85.60009765625, 0.044897
85.699951171875, 0.038149
85.800048828125, 0.026976
85.89990234375, 0.051243
86.0, 0.013792
86.10009765625, 0.017725
86.199951171875, 0.040651
86.300048828125, 0.03006
86.39990234375, 0.058751
86.5, 0.02063
86.60009765625, -0.000107
86.699951171875, 0.019691
86.800048828125, 0.03949
86.89990234375, 0.036763
87.0, 0.041367
87.10009765625, 0.024116
87.199951171875, 0.021434
87.300048828125, 0.044718
87.39990234375, 0.041679
87.5, 0.02139
87.60009765625, 0.010619
87.699951171875, 0.034261
87.800048828125, 0.028406
87.89990234375, 0.035646
88.0, 0.016697
88.10009765625, 0.013748
88.199951171875, 0.023803
88.300048828125, 0.006016
88.39990234375, 0.023222
88.5, 0.029077
88.60009765625, 0.023356
88.699951171875, 0.038104
88.800048828125, 0.03511
88.89990234375, 0.02063
89.0, 0.020049
89.10009765625, 0.025635
89.199951171875, 0.046238
89.300048828125, 0.039266
89.39990234375, 0.033099
89.5, 0.012094
89.60009765625, 0.026261
89.699951171875, 0.019155
89.800048828125, 0.037613
89.89990234375, -0.016016
90.0, 0.020988
90.10009765625, 0.010128
90.199951171875, 0.02854
90.300048828125, 0.002843
90.39990234375, 0.017278
90.5, 0.038149
90.60009765625, 0.04883
90.699951171875, 0.02273
90.800048828125, 0.020228
90.89990234375, 0.013882
91.0, 0.020362
91.10009765625, 0.04597
91.199951171875, -0.004173
91.300048828125, 0.032294
91.39990234375, 0.027244
91.5, 0.017949
91.60009765625, 0.013658
91.699951171875, 0.031937
91.800048828125, 0.038015
91.89990234375, 0.024429
92.0, 0.028942
92.10009765625, 0.049545
92.199951171875, 0.027378
92.300048828125, 0.028183
92.39990234375, 0.034708
92.5, 0.03359
92.60009765625, 0.013658
92.699951171875, 0.036272
92.800048828125, 0.025457
92.89990234375, 0.046908
93.0, 0.02282
93.10009765625, 0.029747
93.199951171875, 0.045121
93.300048828125, 0.036585
93.39990234375, 0.011692
93.5, 0.048651
93.60009765625, 0.044495
93.699951171875, 0.041992
93.800048828125, 0.002575
93.89990234375, 0.025546
94.0, 0.031624
94.10009765625, 0.053165
94.199951171875, 0.034976
94.300048828125, 0.013167
94.39990234375, 0.031356
94.5, 0.02206
94.60009765625, 0.023714
94.699951171875, 0.047176
94.800048828125, 0.038462
94.89990234375, 0.039579
95.0, 0.029881
95.10009765625, 0.021703
95.199951171875, 0.019602
95.300048828125, 0.040517
95.39990234375, 0.004631
95.5, 0.038551
95.60009765625, 0.051779
95.699951171875, 0.021032
95.800048828125, 0.035557
95.89990234375, 0.037434
96.0, 0.037166
96.10009765625, 0.00396
96.199951171875, 0.024831
96.300048828125, 0.038685
96.39990234375, 0.0314
96.5, 0.043109
96.60009765625, 0.040651
96.699951171875, 0.027334
96.800048828125, 0.043154
96.89990234375, 0.006418
97.0, 0.001413
97.10009765625, 0.027602
97.199951171875, 0.048875
97.300048828125, 0.053835
97.39990234375, 0.027736
97.5, 0.020853
97.60009765625, 0.059824
97.699951171875, 0.013167
97.800048828125, 0.05674
97.89990234375, 0.044852
98.0, -0.001268
98.10009765625, 0.015714
98.199951171875, 0.0272
98.300048828125, 0.030462
98.39990234375, 0.040071
98.5, 0.059422
98.60009765625, 0.03578
98.699951171875, 0.027781
98.800048828125, 0.020943
98.89990234375, 0.049858
99.0, 0.005256
99.10009765625, 0.039445
99.199951171875, 0.032071
99.300048828125, 0.04235
99.39990234375, 0.015491
99.5, 0.030417
99.60009765625, 0.037032
99.699951171875, 0.049768
99.800048828125, -0.003324
99.89990234375, 0.026485
100.0, 0.025546
100.10009765625, 0.040964
100.199951171875, 0.034886
100.300048828125, 0.036316
100.39990234375, 0.038953
100.5, 0.042216
100.60009765625, 0.025635
100.699951171875, 0.003826
100.800048828125, -0.000464
100.89990234375, 0.009189
101.0, 0.040249
101.10009765625, 0.016742
101.199951171875, 0.016206
101.300048828125, 0.033948
101.39990234375, 0.017144
101.5, 0.023803
101.60009765625, 0.036316
101.699951171875, 0.00624
101.800048828125, -0.01338
101.89990234375, 0.026172
102.0, 0.02568
102.10009765625, 0.044361
102.199951171875, 0.036853
102.300048828125, 0.028362
102.39990234375, 0.015937
102.5, 0.037836
102.60009765625, 0.031669
102.699951171875, 0.048696
102.800048828125, 0.019915
102.89990234375, 0.036361
103.0, 0.013658
103.10009765625, 0.025904
103.199951171875, 0.024339
103.300048828125, 0.046104
103.39990234375, 0.028272
103.5, 0.004318
103.60009765625, 0.01634
103.699951171875, 0.045433
103.800048828125, 0.032339
103.89990234375, 0.046506
104.0, 0.045389
104.10009765625, 0.053701
104.199951171875, 0.031669
104.300048828125, 0.028317
104.39990234375, 0.044003
104.5, 0.0314
104.60009765625, 0.034752
104.699951171875, 0.031043
104.800048828125, 0.01482
104.89990234375, 0.043601
105.0, 0.013658
105.10009765625, 0.02501
105.199951171875, 0.039043
105.300048828125, 0.036451
105.39990234375, 0.040562
105.5, 0.034708
105.60009765625, 0.033501
105.699951171875, 0.042037
105.800048828125, 0.022865
105.89990234375, 0.035959
106.0, 0.004452
106.10009765625, 0.017725
106.199951171875, 0.038774
106.300048828125, 0.047266
106.39990234375, 0.035065
106.5, 0.013301
106.60009765625, 0.019111
106.699951171875, 0.025769
106.800048828125, 0.02358
106.89990234375, 0.028272
107.0, 0.01853
107.10009765625, 0.017099
107.199951171875, 0.047981
107.300048828125, 0.014686
107.39990234375, 0.013256
107.5, 0.005882
107.60009765625, 0.00615
107.699951171875, 0.033412
107.800048828125, 0.020853
107.89990234375, 0.01853
108.0, 0.016787
108.10009765625, 0.031624
108.199951171875, 0.037389
108.300048828125, 0.047042
108.39990234375, 0.072203
108.5, 0.016697
108.60009765625, 0.04016
108.699951171875, 0.014641
108.800048828125, 0.0314
108.89990234375, 0.036808
109.0, 0.054506
109.10009765625, 0.014954
109.199951171875, 0.001636
109.300048828125, 0.038462
109.39990234375, 0.027736
109.5, 0.028987
109.60009765625, 0.031535
109.699951171875, 0.045389
109.800048828125, 0.030998
109.89990234375, 0.03511
110.0, 0.017502
110.10009765625, 0.050394
110.199951171875, 0.014239
110.300048828125, 0.055444
110.39990234375, 0.024161
110.5, 0.019557
110.60009765625, -0.004576
110.699951171875, 0.020183
110.800048828125, 0.018842
110.89990234375, 0.00615
111.0, 0.007044
111.10009765625, -0.007972
111.199951171875, 0.005256
111.300048828125, 0.019691
111.39990234375, 0.06255
111.5, 0.040741
111.60009765625, 0.008027
111.699951171875, 0.00977
111.800048828125, 0.027021
111.89990234375, 0.014463
112.0, 0.046148
112.10009765625, 0.032339
112.199951171875, 0.048249
112.300048828125, 0.048025
112.39990234375, 0.033948
112.5, 0.02425
112.60009765625, 0.028674
112.699951171875, 0.020049
112.800048828125, 0.029166
112.89990234375, 0.057276
113.0, 0.031177
113.10009765625, 0.05607
113.199951171875, 0.050126
113.300048828125, 0.041992
113.39990234375, 0.019423
113.5, 0.02282
113.60009765625, 0.023222
113.699951171875, 0.032607
113.800048828125, 0.013033
113.89990234375, 0.014507
114.0, 0.027065
114.10009765625, 0.039981
114.199951171875, 0.032831
114.300048828125, 0.015088
114.39990234375, 0.019647
114.5, 0.052584
114.60009765625, 0.033233
114.699951171875, 0.041903
114.800048828125, 0.01406
114.89990234375, 0.051154
115.0, 0.027155
115.10009765625, 0.056204
115.199951171875, 0.02711
115.300048828125, 0.018127
115.39990234375, 0.022641
115.5, 0.0314
115.60009765625, 0.018261
115.699951171875, 0.027557
115.800048828125, 0.056695
115.89990234375, 0.022999
116.0, -0.006765
116.10009765625, 0.050573
116.199951171875, 0.034708
116.300048828125, 0.046238
116.39990234375, 0.049277
116.5, 0.024876
116.60009765625, 0.015803
116.699951171875, 0.023043
116.800048828125, 0.02425
116.89990234375, 0.024429
117.0, 0.022328
117.10009765625, 0.042841
117.199951171875, 0.039445
117.300048828125, 0.058394
117.39990234375, 0.03149
117.5, 0.01701
117.60009765625, 0.021166
117.699951171875, -0.000107
117.800048828125, 0.010798
117.89990234375, 0.026663
118.0, 0.055489
118.10009765625, 0.012005
118.199951171875, 0.038283
118.300048828125, 0.011334
118.39990234375, -0.010743
118.5, 0.005525
118.60009765625, 0.055355
118.699951171875, 0.045612
118.800048828125, 0.029568
118.89990234375, 0.012139
119.0, 0.016608
119.10009765625, 0.027781
119.199951171875, 0.037166
119.300048828125, 0.034484
119.39990234375, 0.025859
119.5, 0.019826
119.60009765625, 0.032875
119.699951171875, 0.021747
119.800048828125, 0.020183
119.89990234375, 0.023937
120.0, 0.06836
120.10009765625, 0.010619
120.199951171875, 0.024116
120.300048828125, 0.031088
120.39990234375, 0.03359
120.5, 0.053791
120.60009765625, 0.034484
120.699951171875, 0.010977
120.800048828125, 0.039355
120.89990234375, 0.05102
121.0, 0.017144
121.10009765625, 0.018038
121.199951171875, 0.024786
121.300048828125, 0.049187
121.39990234375, 0.042752
121.5, 0.023177
121.60009765625, 0.029211
121.699951171875, 0.038819
121.800048828125, 0.046685
121.89990234375, 0.032205
122.0, 0.019289
122.10009765625, 0.038819
122.199951171875, 0.024831
122.300048828125, 0.01339
122.39990234375, 0.02997
122.5, 0.008072
122.60009765625, 0.04521
122.699951171875, 0.035155
122.800048828125, 0.018217
122.89990234375, 0.056651
123.0, 0.015714
123.10009765625, 0.046104
123.199951171875, 0.050752
123.300048828125, 0.057187
123.39990234375, 0.051824
123.5, 0.043914
123.60009765625, 0.03654
123.699951171875, 0.009904
123.800048828125, -0.008285
123.89990234375, 0.026127
124.0, 0.023267
124.10009765625, 0.027512
124.199951171875, 0.025501
124.300048828125, 0.04816
124.39990234375, 0.045836
124.5, 0.018664
124.60009765625, 0.032562
124.699951171875, 0.012943
124.800048828125, 0.034305
124.89990234375, 0.030239
125.0, 0.031713
125.10009765625, 0.0314
125.199951171875, 0.003022
125.300048828125, 0.046238
125.39990234375, 0.038685
125.5, 0.058394
125.60009765625, 0.052495
125.699951171875, 0.016831
125.800048828125, 0.025144
125.89990234375, 0.03502
126.0, 0.039892
126.10009765625, 0.02863
126.199951171875, 0.019468
126.300048828125, 0.026172
126.39990234375, 0.033635
126.5, 0.06684
126.60009765625, 0.021345
126.699951171875, 0.02349
126.800048828125, 0.048204
126.89990234375, 0.053522
127.0, 0.025904
127.10009765625, 0.013971
127.199951171875, 0.026931
127.300048828125, 0.022552
127.39990234375, 0.000385
127.5, 0.013792
127.60009765625, 0.047623
127.699951171875, -0.001805
127.800048828125, 0.043556
127.89990234375, 0.055802
128.0, 0.026619
128.10009765625, 0.015088
128.199951171875, 0.043601
128.300048828125, 0.042439
128.39990234375, 0.019155
128.5, 0.058707
128.60009765625, 0.047489
128.699951171875, 0.012049
128.800048828125, 0.025323
128.89990234375, -0.000196
129.0, 0.013077
129.10009765625, 0.031088
129.199951171875, 0.020228
129.300048828125, 0.037389
129.39990234375, 0.0314
129.5, 0.034976
129.60009765625, 0.032786
129.699951171875, 0.016563
129.800048828125, 0.017904
129.89990234375, 0.012541
130.0, -0.005514
130.10009765625, 0.046864
130.199951171875, 0.03073
130.300048828125, 0.035155
130.39990234375, 0.027691
130.5, 0.016518
130.60009765625, 0.034127
130.699951171875, 0.051645
130.800048828125, 0.023088
130.89990234375, 0.0373
131.0, 0.034931
131.10009765625, 0.02273
131.199951171875, 0.034305
131.300048828125, 0.028674
131.39990234375, 0.035423
131.5, 0.05102
131.60009765625, 0.035423
131.699951171875, 0.010217
131.800048828125, 0.039713
131.89990234375, 0.019334
132.0, 0.047713
132.10009765625, 0.012049
132.199951171875, 0.03578
132.300048828125, 0.030596
132.39990234375, 0.018842
132.5, 0.050528
132.60009765625, 0.069432
132.699951171875, 0.044897
132.800048828125, 0.03216
132.89990234375, 0.019602
133.0, 0.019602
133.10009765625, 0.029255
133.199951171875, 0.021881
133.300048828125, 0.02863
133.39990234375, 0.02063
133.5, 0.049098
133.60009765625, 0.031356
133.699951171875, 0.046283
133.800048828125, 0.021658
133.89990234375, -0.01119
134.0, 0.010887
134.10009765625, 0.006821
134.199951171875, -0.00252
134.300048828125, 0.018753
134.39990234375, 0.048517
134.5, 0.022865
134.60009765625, 0.041322
134.699951171875, 0.03006
134.800048828125, 0.022552
134.89990234375, 0.013882
135.0, 0.013837
135.10009765625, 0.027781
135.199951171875, 0.018217
135.300048828125, 0.015803
135.39990234375, 0.013167
135.5, 0.038819
135.60009765625, 0.027423
135.699951171875, 0.05026
135.800048828125, 0.026127
135.89990234375, 0.059824
136.0, 0.01053
136.10009765625, 0.02568
136.199951171875, 0.032205
136.300048828125, 0.012854
136.39990234375, 0.008742
136.5, 0.016653
136.60009765625, 0.026172
136.699951171875, 0.0394
136.800048828125, 0.015893
136.89990234375, 0.038819
137.0, 0.033546
137.10009765625, 0.034931
137.199951171875, 0.02063
137.300048828125, 0.033724
137.39990234375, 0.032116
137.5, 0.029792
137.60009765625, 0.010664
137.699951171875, 0.011156
137.800048828125, 0.039668
137.89990234375, 0.037255
138.0, 0.030283
138.10009765625, 0.043065
138.199951171875, 0.023937
138.300048828125, 0.03216
138.39990234375, 0.019111
138.5, 0.049456
138.60009765625, 0.028853
138.699951171875, 0.010038
138.800048828125, 0.021122
138.89990234375, 0.053478
139.0, 0.031311
139.10009765625, 0.030194
139.199951171875, 0.031937
139.300048828125, 0.020585
139.39990234375, 0.036808
139.5, 0.047132
139.60009765625, 0.025859
139.699951171875, 0.019423
139.800048828125, 0.037881
139.89990234375, 0.046238
140.0, -0.010966
140.10009765625, 0.025769
140.199951171875, 0.032652
140.300048828125, 0.010172
140.39990234375, 0.017591
140.5, -0.006006
140.60009765625, 0.056964
140.699951171875, 0.049322
140.800048828125, 0.03292
140.89990234375, 0.01987
141.0, 0.000117
141.10009765625, 0.050126
141.199951171875, 0.007938
141.300048828125, 0.017814
141.39990234375, 0.039043
141.5, 0.009323
141.60009765625, 0.043333
141.699951171875, 0.051601
141.800048828125, 0.061701
141.89990234375, 0.034484
142.0, 0.024384
142.10009765625, 0.031043
142.199951171875, 0.023892
142.300048828125, 0.029077
142.39990234375, 0.046595
142.5, 0.048383
142.60009765625, 0.041992
142.699951171875, 0.028898
142.800048828125, 0.01196
142.89990234375, 0.046595
143.0, 0.038685
143.10009765625, 0.031177
143.199951171875, 0.005256
143.300048828125, 0.047579
143.39990234375, 0.04016
143.5, 0.029658
143.60009765625, 0.004273
143.699951171875, 0.044897
143.800048828125, 0.037657
143.89990234375, 0.009725
144.0, 0.004809
144.10009765625, 0.044629
144.199951171875, 0.028764
144.300048828125, 0.045344
144.39990234375, 0.025814
144.5, 0.050886
144.60009765625, 0.037925
144.699951171875, 0.04454
144.800048828125, 0.038417
144.89990234375, 0.013971
145.0, 0.041769
145.10009765625, 0.05531
145.199951171875, 0.034708
145.300048828125, 0.031713
145.39990234375, 0.064829
145.5, 0.04226
145.60009765625, 0.047981
145.699951171875, 0.032697
145.800048828125, 0.041903
145.89990234375, 0.02854
146.0, 0.024786
146.10009765625, 0.042573
146.199951171875, 0.019334
146.300048828125, 0.062192
146.39990234375, 0.036987
146.5, 0.026306
146.60009765625, 0.024161
146.699951171875, 0.052986
146.800048828125, 0.028764
146.89990234375, 0.039177
147.0, 0.025948
147.10009765625, 0.008161
147.199951171875, 0.036361
147.300048828125, 0.038238
147.39990234375, 0.042663
147.5, 0.034663
147.60009765625, 0.055936
147.699951171875, 0.017189
147.800048828125, 0.046729
147.89990234375, 0.04235
148.0, 0.026395
148.10009765625, 0.045567
148.199951171875, 0.041456
148.300048828125, 0.012541
148.39990234375, 0.030194
148.5, 0.020988
148.60009765625, 0.044361
148.699951171875, 0.013033
148.800048828125, 0.024831
148.89990234375, 0.051779
149.0, 0.018217
149.10009765625, 0.05388
149.199951171875, 0.041948
149.300048828125, 0.046461
149.39990234375, 0.042886
149.5, 0.0112
149.60009765625, 0.001994
149.699951171875, 0.017234
149.800048828125, 0.009055
149.89990234375, 0.053076
150.0, 0.028898
150.10009765625, 0.033903
150.199951171875, 0.080069
150.300048828125, 0.037523
150.39990234375, 0.018976
150.5, 0.008742
150.60009765625, 0.041992
150.699951171875, 0.023714
150.800048828125, 0.018887
150.89990234375, 0.020853
151.0, 0.002441
151.10009765625, 0.050618
151.199951171875, 0.013569
151.300048828125, 0.045791
151.39990234375, 0.050707
151.5, 0.052092
151.60009765625, 0.008027
151.699951171875, 0.037478
151.800048828125, 0.040473
151.89990234375, 0.016161
152.0, 0.041769
152.10009765625, 0.031043
152.199951171875, 0.050394
152.300048828125, 0.018217
152.39990234375, 0.016831
152.5, 0.031222
152.60009765625, 0.032875
152.699951171875, 0.048606
152.800048828125, 0.020094
152.89990234375, 0.026216
153.0, 0.034082
153.10009765625, 0.046238
153.199951171875, 0.031669
153.300048828125, 0.021122
153.39990234375, 0.012183
153.5, 0.020943
153.60009765625, 0.033814
153.699951171875, 0.038417
153.800048828125, 0.01768
153.89990234375, 0.021032
154.0, 0.027557
154.10009765625, 0.039132
154.199951171875, 0.03578
154.300048828125, 0.027557
154.39990234375, 0.022596
154.5, 0.030864
154.60009765625, 0.043199
154.699951171875, 0.011111
154.800048828125, 0.021211
154.89990234375, 0.039713
155.0, 0.02863
155.10009765625, 0.032384
155.199951171875, 0.037568
155.300048828125, 0.041098
155.39990234375, 0.017591
155.5, 0.020049
155.60009765625, 0.032384
155.699951171875, 0.029211
155.800048828125, -0.007302
155.89990234375, 0.024607
156.0, 0.011602
156.10009765625, 0.022954
156.199951171875, 0.059198
156.300048828125, 0.014865
156.39990234375, 0.047355
156.5, 0.011692
156.60009765625, 0.024384
156.699951171875, 0.029747
156.800048828125, 0.049545
156.89990234375, 0.039043
157.0, 0.013837
157.10009765625, 0.004809
157.199951171875, 0.032965
157.300048828125, 0.032518
157.39990234375, 0.03587
157.5, 0.010753
157.60009765625, 0.014418
157.699951171875, 0.033903
157.800048828125, 0.018932
157.89990234375, 0.031043
158.0, 0.028496
158.10009765625, 0.035825
158.199951171875, 0.008653
158.300048828125, 0.012407
158.39990234375, 0.020853
158.5, 0.042216
158.60009765625, 0.016831
158.699951171875, 0.024563
158.800048828125, 0.022641
158.89990234375, 0.017055
159.0, 0.031266
159.10009765625, 0.014731
159.199951171875, 0.003513
159.300048828125, 0.024652
159.39990234375, 0.040339
159.5, 0.024384
159.60009765625, 0.026976
159.699951171875, 0.024161
159.800048828125, -0.003726
159.89990234375, 0.02635
160.0, 0.04959
160.10009765625, 0.026485
160.199951171875, 0.028004
160.300048828125, 0.020496
160.39990234375, 0.028093
160.5, 0.018395
160.60009765625, 0.013033
160.699951171875, 0.020272
160.800048828125, 0.058081
160.89990234375, 0.032607
161.0, 0.036495
161.10009765625, 0.004631
161.199951171875, 0.027646
161.300048828125, 0.007446
161.39990234375, 0.046238
161.5, 0.07922
161.60009765625, 0.055221
161.699951171875, 0.027915
161.800048828125, 0.008653
161.89990234375, 0.008832
162.0, 0.029702
162.10009765625, 0.050037
162.199951171875, 0.013524
162.300048828125, 0.044718
162.39990234375, 0.045433
162.5, 0.019781
162.60009765625, 0.0575
162.699951171875, 0.062505
162.800048828125, 0.02349
162.89990234375, 0.052852
163.0, 0.039668
163.10009765625, -0.005425
163.199951171875, 0.037791
163.300048828125, 0.033724
163.39990234375, 0.010038
163.5, 0.027557
163.60009765625, -0.014854
163.699951171875, 0.019021
163.800048828125, 0.034618
163.89990234375, 0.027602
164.0, 0.018306
164.10009765625, 0.036272
164.199951171875, 0.014865
164.300048828125, 0.020943
164.39990234375, 0.025323
164.5, 0.042752
164.60009765625, 0.024876
164.699951171875, 0.021837
164.800048828125, -0.004799
164.89990234375, 0.016072
165.0, 0.010441
165.10009765625, 0.020853
165.199951171875, 0.028898
165.300048828125, 0.038774
165.39990234375, 0.045836
165.5, 0.028227
165.60009765625, 0.036987
165.699951171875, 0.01339
165.800048828125, 0.015267
165.89990234375, 0.032562
166.0, 0.036719
166.10009765625, 0.039758
166.199951171875, 0.040294
166.300048828125, 0.040339
166.39990234375, 0.019781
166.5, 0.034484
166.60009765625, 0.017234
166.699951171875, 0.006418
166.800048828125, 0.02358
166.89990234375, 0.006016
167.0, 0.045746
167.10009765625, 0.013882
167.199951171875, 0.031222
167.300048828125, 0.047042
167.39990234375, 0.022373
167.5, 0.011871
167.60009765625, 0.031937
167.699951171875, 0.010262
167.800048828125, 0.027691
167.89990234375, 0.020049
168.0, -0.003056
168.10009765625, 0.029255
168.199951171875, -0.005023
168.300048828125, 0.020138
168.39990234375, 0.001502
168.5, 0.055444
168.60009765625, 0.028317
168.699951171875, 0.035601
168.800048828125, 0.053522
168.89990234375, 0.044674
169.0, 0.042216
169.10009765625, 0.013435
169.199951171875, 0.02206
169.300048828125, 0.016072
169.39990234375, 0.022775
169.5, 0.041679
169.60009765625, 0.024384
169.699951171875, 0.053478
169.800048828125, 0.060181
169.89990234375, 0.020407
170.0, 0.022194
170.10009765625, 0.023311
170.199951171875, 0.033412
170.300048828125, 0.039043
170.39990234375, 0.029479
170.5, 0.01053
170.60009765625, 0.052539
170.699951171875, 0.034574
170.800048828125, 0.001011
170.89990234375, 0.007625
171.0, 0.016876
171.10009765625, 0.021747
171.199951171875, 0.040383
171.300048828125, 0.031043
171.39990234375, 0.063712
171.5, 0.04083
171.60009765625, 0.050886
171.699951171875, 0.034886
171.800048828125, 0.007983
171.89990234375, 0.047891
172.0, 0.041367
172.10009765625, 0.018842
172.199951171875, 0.011915
172.300048828125, 0.027423
172.39990234375, 0.055355
172.5, 0.052271
172.60009765625, 0.007402
172.699951171875, 0.02501
172.800048828125, 0.018395
172.89990234375, 0.027244
173.0, 0.024876
173.10009765625, 0.039087
173.199951171875, 0.007223
173.300048828125, 0.012362
173.39990234375, 0.047802
173.5, 0.028362
173.60009765625, 0.009949
173.699951171875, 0.014195
173.800048828125, 0.02425
173.89990234375, 0.010887
174.0, 0.038819
174.10009765625, 0.030954
174.199951171875, 0.051243
174.300048828125, 0.033188
174.39990234375, 0.033009
174.5, 0.025457
174.60009765625, 0.004318
174.699951171875, 0.02711
174.800048828125, 0.030909
174.89990234375, 0.034842
175.0, 0.030015
175.10009765625, 0.01987
175.199951171875, 0.011513
175.300048828125, 0.002262
175.39990234375, 0.008072
175.5, 0.019066
175.60009765625, 0.023758
175.699951171875, -0.009804
175.800048828125, 0.006686
175.89990234375, 0.018395
176.0, 0.000698
176.10009765625, 0.043869
176.199951171875, 0.050126
176.300048828125, 0.035557
176.39990234375, 0.040249
176.5, 0.008295
176.60009765625, 0.008563
176.699951171875, 0.035065
176.800048828125, 0.035244
176.89990234375, 0.017412
177.0, 0.021658
177.10009765625, 0.009502
177.199951171875, 0.015848
177.300048828125, 0.014284
177.39990234375, 0.054059
177.5, 0.038998
177.60009765625, 0.024965
177.699951171875, 0.036004
177.800048828125, 0.039221
177.89990234375, 0.054148
178.0, 0.025188
178.10009765625, 0.006776
178.199951171875, 0.030864
178.300048828125, 0.036227
178.39990234375, 0.047891
178.5, 0.032071
178.60009765625, 0.00539
178.699951171875, 0.034395
178.800048828125, 0.041411
178.89990234375, 0.035691
179.0, 0.023177
179.10009765625, 0.007133
179.199951171875, 0.03006
179.300048828125, 0.040026
179.39990234375, 0.014016
179.5, 0.041948
179.60009765625, 0.018932
179.699951171875, 0.014731
179.800048828125, 0.037791
179.89990234375, 0.034574
180.0, 0.045433
180.10009765625, 0.039132
180.199951171875, 0.038059
180.300048828125, 0.062639
180.39990234375, 0.017457
180.5, -0.004933
180.60009765625, 0.029479
180.699951171875, 0.032205
180.800048828125, 0.024473
180.89990234375, 0.029389
181.0, 0.039355
181.10009765625, 0.026619
181.199951171875, 0.031669
181.300048828125, 0.006999
181.39990234375, 0.031132
181.5, 0.024161
181.60009765625, 0.023043
181.699951171875, 0.046238
181.800048828125, 0.025859
181.89990234375, 0.043109
182.0, 0.020049
182.10009765625, 0.008206
182.199951171875, 0.014418
182.300048828125, 0.022552
182.39990234375, 0.060494
182.5, 0.001055
182.60009765625, 0.02787
182.699951171875, 0.04369
182.800048828125, 0.042707
182.89990234375, 0.035378
183.0, 0.028093
183.10009765625, -0.002475
183.199951171875, 0.007223
183.300048828125, 0.01339
183.39990234375, 0.023937
183.5, 0.019826
183.60009765625, 0.027959
183.699951171875, 0.036361
183.800048828125, 0.041724
183.89990234375, 0.028585
184.0, 0.026663
184.10009765625, 0.030283
184.199951171875, 0.024116
184.300048828125, 0.006686
184.39990234375, 0.039534
184.5, 0.006821
184.60009765625, 0.01987
184.699951171875, 0.039892
184.800048828125, 0.050305
184.89990234375, 0.024563
185.0, 0.06103
185.10009765625, 0.047802
185.199951171875, 0.032652
185.300048828125, 0.036227
185.39990234375, 0.029345
185.5, 0.037613
185.60009765625, 0.027557
185.699951171875, 0.02349
185.800048828125, 0.046014
185.89990234375, 0.031088
186.0, 0.035065
186.10009765625, 0.042886
186.199951171875, 0.028942
186.300048828125, 0.043154
186.39990234375, 0.019334
186.5, -0.001045
186.60009765625, 0.032205
186.699951171875, 0.029121
186.800048828125, 0.029121
186.89990234375, 0.026574
187.0, 0.04597
187.10009765625, 0.02282
187.199951171875, 0.055757
187.300048828125, 0.045746
187.39990234375, 0.033769
187.5, 0.031222
187.60009765625, 0.03721
187.699951171875, 0.039445
187.800048828125, 0.027602
187.89990234375, 0.025591
188.0, 0.02273
188.10009765625, 0.029747
188.199951171875, 0.007044
188.300048828125, 0.008429
188.39990234375, 0.011468
188.5, 0.006016
188.60009765625, 0.04016
188.699951171875, 0.062818
188.800048828125, 0.03359
188.89990234375, 0.037568
189.0, 0.019111
189.10009765625, 0.032205
189.199951171875, 0.026663
189.300048828125, 0.01701
189.39990234375, 0.026216
189.5, 0.042663
189.60009765625, 0.032875
189.699951171875, 0.058751
189.800048828125, 0.037478
189.89990234375, 0.049813
190.0, 0.040651
190.10009765625, 0.028093
190.199951171875, 0.009725
190.300048828125, 0.018395
190.39990234375, 0.003469
190.5, -0.000241
190.60009765625, 0.021211
190.699951171875, 0.030462
190.800048828125, 0.066751
190.89990234375, 0.04959
191.0, 0.001324
191.10009765625, 0.010441
191.199951171875, 0.046595
191.300048828125, 0.04302
191.39990234375, 0.025904
191.5, 0.03073
191.60009765625, 0.010977
191.699951171875, 0.024027
191.800048828125, 0.035467
191.89990234375, 0.048472
192.0, 0.028496
192.10009765625, 0.026395
192.199951171875, 0.010128
192.300048828125, 0.038596
192.39990234375, 0.004273
192.5, 0.041098
192.60009765625, 0.053478
192.699951171875, 0.027959
192.800048828125, 0.02063
192.89990234375, 0.045344
193.0, 0.044808
193.10009765625, 0.004139
193.199951171875, 0.021524
193.300048828125, 0.012452
193.39990234375, 0.049009
193.5, 0.028362
193.60009765625, 0.053344
193.699951171875, 0.015446
193.800048828125, 0.020988
193.89990234375, 0.02206
194.0, 0.030283
194.10009765625, 0.021077
194.199951171875, 0.044227
194.300048828125, 0.06045
194.39990234375, 0.055444
194.5, 0.033993
194.60009765625, 0.051735
194.699951171875, 0.021569
194.800048828125, 0.038953
194.89990234375, 0.029702
195.0, 0.020853
195.10009765625, 0.03949
195.199951171875, 0.022373
195.300048828125, 0.049634
195.39990234375, 0.015893
195.5, 0.040071
195.60009765625, 0.064516
195.699951171875, 0.04521
195.800048828125, 0.014731
195.89990234375, 0.009547
196.0, 0.041813
196.10009765625, 0.036629
196.199951171875, 0.026127
196.300048828125, 0.056651
196.39990234375, 0.046327
196.5, 0.028049
196.60009765625, 0.040205
196.699951171875, 0.004586
196.800048828125, 0.009368
196.89990234375, 0.032965
197.0, 0.040786
197.10009765625, 0.047087
197.199951171875, 0.031088
197.300048828125, 0.040607
197.39990234375, 0.044182
197.5, 0.042305
197.60009765625, 0.038551
197.699951171875, 0.027781
197.800048828125, 0.012183
197.89990234375, 0.010932
198.0, 0.046551
198.10009765625, 0.010843
198.199951171875, 0.04235
198.300048828125, 0.061075
198.39990234375, 0.019245
198.5, 0.005078
198.60009765625, 0.016384
198.699951171875, 0.042082
198.800048828125, 0.024205
198.89990234375, 0.013882
199.0, 0.029032
199.10009765625, 0.036629
199.199951171875, 0.028942
199.300048828125, 0.03082
199.39990234375, 0.013256
199.5, 0.056561
199.60009765625, 0.043735
199.699951171875, 0.048249
199.800048828125, 0.006508
199.89990234375, 0.023311
200.0, 0.021971
200.10009765625, 0.064606
200.199951171875, 0.030149
200.300048828125, 0.012764
200.39990234375, 0.01701
200.5, 0.016072
200.60009765625, 0.040562
200.699951171875, 0.055623
200.800048828125, 0.025412
200.89990234375, 0.05598
201.0, 0.034082
201.10009765625, 0.048562
201.199951171875, 0.053791
201.300048828125, 0.049947
201.39990234375, 0.028272
201.5, 0.044808
201.60009765625, 0.005793
201.699951171875, 0.035691
201.800048828125, 0.060315
201.89990234375, 0.027825
202.0, 0.03292
202.10009765625, 0.027691
202.199951171875, 0.033278
202.300048828125, 0.029658
202.39990234375, 0.040517
202.5, 0.001145
202.60009765625, 0.020451
202.699951171875, 0.035691
202.800048828125, 0.042886
202.89990234375, 0.029881
203.0, 0.027468
203.10009765625, 0.037925
203.199951171875, 0.042037
203.300048828125, 0.050886
203.39990234375, 0.024652
203.5, 0.032428
203.60009765625, 0.032652
203.699951171875, 0.027959
203.800048828125, 0.055265
203.89990234375, 0.000206
204.0, 0.040071
204.10009765625, 0.043556
204.199951171875, 0.045657
204.300048828125, 0.034574
204.39990234375, 0.026261
204.5, 0.006374
204.60009765625, 0.024116
204.699951171875, 0.027423
204.800048828125, 0.028049
204.89990234375, 0.031222
205.0, 0.016429
205.10009765625, 0.055578
205.199951171875, 0.022686
205.300048828125, 0.025814
205.39990234375, 0.044808
205.5, 0.029255
205.60009765625, 0.05531
205.699951171875, 0.041411
205.800048828125, 0.012586
205.89990234375, 0.028496
206.0, 0.058304
206.10009765625, 0.033278
206.199951171875, 0.020228
206.300048828125, 0.036227
206.39990234375, 0.025814
206.5, 0.030954
206.60009765625, 0.038238
206.699951171875, 0.021703
206.800048828125, 0.02644
206.89990234375, 0.038462
207.0, 0.030149
207.10009765625, 0.027691
207.199951171875, 0.054327
207.300048828125, 0.044361
207.39990234375, 0.04807
207.5, 0.028272
207.60009765625, 0.0293
207.699951171875, 0.038015
207.800048828125, 0.007536
207.89990234375, 0.010262
208.0, 0.05607
208.10009765625, 0.03073
208.199951171875, 0.02492
208.300048828125, 0.03797
208.39990234375, 0.048428
208.5, 0.022239
208.60009765625, 0.055534
208.699951171875, 0.02206
208.800048828125, -0.002118
208.89990234375, 0.043467
209.0, 0.038685
209.10009765625, 0.058349
209.199951171875, 0.009189
209.300048828125, 0.045657
209.39990234375, 0.015625
209.5, -0.004844
209.60009765625, 0.032071
209.699951171875, 0.008117
209.800048828125, 0.025367
209.89990234375, -6.2e-05
210.0, 0.057589
210.10009765625, 0.024742
210.199951171875, 0.045746
210.300048828125, 0.034618
210.39990234375, 0.027021
210.5, 0.038372
210.60009765625, 0.037434
210.699951171875, 0.036406
210.800048828125, 0.004318
210.89990234375, 0.025948
211.0, 0.018217
211.10009765625, 0.031266
211.199951171875, 0.040473
211.300048828125, 0.022641
211.39990234375, 0.02787
211.5, 0.039445
211.60009765625, 0.008742
211.699951171875, 0.030775
211.800048828125, 0.02282
211.89990234375, 0.037568
212.0, 0.022418
212.10009765625, 0.035959
212.199951171875, 0.026038
212.300048828125, 0.030239
212.39990234375, 0.020853
212.5, 0.007625
212.60009765625, 0.024116
212.699951171875, 0.039892
212.800048828125, 0.038328
212.89990234375, 0.020585
213.0, 0.044271
213.10009765625, 0.017859
213.199951171875, 0.074751
213.300048828125, 0.03292
213.39990234375, 0.045344
213.5, 0.025323
213.60009765625, 0.024652
213.699951171875, 0.005346
213.800048828125, 0.039713
213.89990234375, 0.039043
214.0, -0.007346
214.10009765625, 0.010306
214.199951171875, 0.011692
214.300048828125, 0.027334
214.39990234375, 0.027334
214.5, 0.028585
214.60009765625, 0.041411
214.699951171875, 0.032026
214.800048828125, 0.011781
214.89990234375, 0.032294
215.0, 0.004273
215.10009765625, 0.057142
215.199951171875, 0.033546
215.300048828125, 0.048651
215.39990234375, 0.015044
215.5, 0.038774
215.60009765625, 0.016965
215.699951171875, 0.037344
215.800048828125, 0.02425
215.89990234375, 0.075734
216.0, 0.032652
216.10009765625, 0.063846
216.199951171875, -0.002877
216.300048828125, 0.050662
216.39990234375, 0.012318
216.5, 0.030864
216.60009765625, 0.010172
216.699951171875, 0.012228
216.800048828125, 0.015133
216.89990234375, 0.009949
217.0, 0.025948
217.10009765625, 0.015446
217.199951171875, 0.030239
217.300048828125, -0.015972
217.39990234375, 0.023535
217.5, 0.020809
217.60009765625, 0.046014
217.699951171875, 0.0495
217.800048828125, 0.002977
217.89990234375, 0.036853
218.0, 0.022194
218.10009765625, 0.052718
218.199951171875, 0.050752
218.300048828125, 0.01701
218.39990234375, 0.025501
218.5, 0.0192
218.60009765625, 0.026663
218.699951171875, 0.011558
218.800048828125, 0.038864
218.89990234375, -0.002028
219.0, 0.034439
219.10009765625, 0.019289
219.199951171875, 0.021569
219.300048828125, 0.028362
219.39990234375, 0.047176
219.5, 0.045031
219.60009765625, 0.064382
219.699951171875, 0.051601
219.800048828125, 0.035199
219.89990234375, 0.02501
220.0, 0.042439
220.10009765625, 0.02358
220.199951171875, 0.03578
220.300048828125, 0.026127
220.39990234375, 0.047802
220.5, 0.031445
220.60009765625, 0.02644
220.699951171875, 0.005167
220.800048828125, 0.008295
220.89990234375, 0.016653
221.0, 0.014105
221.10009765625, 0.048025
221.199951171875, 0.015714
221.300048828125, 0.012586
221.39990234375, 0.018574
221.5, 0.0011
221.60009765625, 0.015893
221.699951171875, 0.026708
221.800048828125, 0.041501
221.89990234375, 0.017993
222.0, 0.044986
222.10009765625, 0.027602
222.199951171875, 0.040741
222.300048828125, 0.012541
222.39990234375, 0.015133
222.5, -0.00243
222.60009765625, 0.027021
222.699951171875, 0.046372
222.800048828125, 0.023848
222.89990234375, 0.020049
223.0, 0.033948
223.10009765625, 0.030507
223.199951171875, 0.008876
223.300048828125, 0.026261
223.39990234375, 0.043556
223.5, 0.008563
223.60009765625, 0.026261
223.699951171875, 0.046059
223.800048828125, 0.022149
223.89990234375, 0.057008
224.0, 0.031535
224.10009765625, 0.035512
224.199951171875, 0.025725
224.300048828125, 0.011424
224.39990234375, 0.035735
224.5, 0.013077
224.60009765625, 0.004318
224.699951171875, 0.027378
224.800048828125, 0.054282
224.89990234375, 0.011915
225.0, 0.034127
225.10009765625, 0.034886
225.199951171875, 0.04883
225.300048828125, 0.039043
225.39990234375, 0.004675
225.5, -0.015838
225.60009765625, 0.009994
225.699951171875, 0.00767
225.800048828125, 0.04445
225.89990234375, 0.03511
226.0, 0.041456
226.10009765625, 0.019066
226.199951171875, 0.040249
226.300048828125, 0.041277
226.39990234375, 0.018708
226.5, 0.038462
226.60009765625, 0.020496
226.699951171875, 0.022328
226.800048828125, 0.014731
226.89990234375, 0.039624
227.0, 0.026976
227.10009765625, 0.048472
227.199951171875, 0.00548
227.300048828125, 0.045344
227.39990234375, 0.030954
227.5, 0.05026
227.60009765625, 0.037389
227.699951171875, 0.028317
227.800048828125, 0.026082
227.89990234375, 0.052048
228.0, 0.023803
228.10009765625, 0.011737
228.199951171875, 0.029166
228.300048828125, 0.04597
228.39990234375, 0.017323
228.5, 0.046506
228.60009765625, 0.030373
228.699951171875, 0.033903
228.800048828125, 0.041277
228.89990234375, 0.007357
229.0, 0.022909
229.10009765625, 0.027915
229.199951171875, 0.018932
229.300048828125, 0.022418
229.39990234375, 0.041143
229.5, 0.018976
229.60009765625, 0.028451
229.699951171875, 0.035735
229.800048828125, 0.030328
229.89990234375, 0.036674
230.0, 0.047176
230.10009765625, 0.021524
230.199951171875, 0.027915
230.300048828125, 0.033724
230.39990234375, 0.017144
230.5, 0.027781
230.60009765625, 0.013882
230.699951171875, 0.024071
230.800048828125, 0.03949
230.89990234375, 0.036763
231.0, 0.021032
231.10009765625, 0.037881
231.199951171875, 0.023937
231.300048828125, 0.026485
231.39990234375, 0.015267
231.5, 0.053165
231.60009765625, 0.045523
231.699951171875, 0.012228
231.800048828125, 0.029702
231.89990234375, 0.0213
232.0, 0.023267
232.10009765625, 0.044227
232.199951171875, 0.058483
232.300048828125, 0.046461
232.39990234375, 0.009279
232.5, 0.018708
232.60009765625, 0.042931
232.699951171875, 0.043244
232.800048828125, 0.025278
232.89990234375, 0.029836
233.0, 0.033367
233.10009765625, 0.010217
233.199951171875, 0.030685
233.300048828125, 0.026261
233.39990234375, 0.005927
233.5, 0.038015
233.60009765625, 0.012139
233.699951171875, 0.040428
233.800048828125, 0.038193
233.89990234375, 0.035646
234.0, 0.062014
234.10009765625, 0.0373
234.199951171875, 0.035691
234.300048828125, 0.030954
234.39990234375, 0.012407
234.5, 0.043914
234.60009765625, 0.03292
234.699951171875, 0.041009
234.800048828125, 0.054103
234.89990234375, 0.032518
235.0, 0.054237
235.10009765625, 0.070952
235.199951171875, 0.050886
235.300048828125, 0.026708
235.39990234375, 0.022507
235.5, 0.035467
235.60009765625, 0.003201
235.699951171875, 0.013122
235.800048828125, -1.7e-05
235.89990234375, 0.017814
236.0, 0.046461
236.10009765625, 0.045255
236.199951171875, 0.025278
236.300048828125, 0.038551
236.39990234375, 0.028719
236.5, 0.043869
236.60009765625, 0.03587
236.699951171875, 0.011424
236.800048828125, 0.029613
236.89990234375, 0.00758
237.0, 0.023669
237.10009765625, 0.008698
237.199951171875, 0.02644
237.300048828125, 0.020183
237.39990234375, 0.055355
237.5, 0.029479
237.60009765625, 0.054863
237.699951171875, 0.02273
237.800048828125, 0.019513
237.89990234375, 0.028138
238.0, -0.003414
238.10009765625, 0.030507
238.199951171875, 0.039445
238.300048828125, 0.039624
238.39990234375, 0.026931
238.5, 0.00405
238.60009765625, 0.027736
238.699951171875, 0.022641
238.800048828125, 0.01987
238.89990234375, 0.04959
239.0, 0.007267
239.10009765625, 0.034931
239.199951171875, 0.035914
239.300048828125, 0.045299
239.39990234375, 0.033769
239.5, 0.019513
239.60009765625, 0.022015
239.699951171875, 0.046685
239.800048828125, 0.033903
239.89990234375, 0.044897
240.0, 0.041232
240.10009765625, 0.019021
240.199951171875, 0.020138
240.300048828125, 0.069298
240.39990234375, 0.048919
240.5, 0.050573
240.60009765625, 0.018976
240.699951171875, 0.029345
240.800048828125, 0.025814
240.89990234375, 0.03873
241.0, 0.001055
241.10009765625, 0.013882
241.199951171875, 0.04378
241.300048828125, 0.018842
241.39990234375, 0.017949
241.5, 0.030685
241.60009765625, 0.043109
241.699951171875, 0.020898
241.800048828125, 0.032339
241.89990234375, 0.012898
242.0, 0.024607
242.10009765625, 0.026931
242.199951171875, 0.024876
242.300048828125, 0.039132
242.39990234375, 0.031177
242.5, 0.031937
242.60009765625, 0.030373
242.699951171875, 0.027244
242.800048828125, 0.027021
242.89990234375, 0.053567
243.0, 0.033099
243.10009765625, 0.014776
243.199951171875, 0.034663
243.300048828125, 0.032607
243.39990234375, 0.024116
243.5, 0.027512
243.60009765625, 0.018932
243.699951171875, -0.008911
243.800048828125, 0.039087
243.89990234375, 0.046506
244.0, 0.028183
244.10009765625, 0.051109
244.199951171875, 0.02854
244.300048828125, 0.054908
244.39990234375, 0.045076
244.5, 0.048428
244.60009765625, 0.050707
244.699951171875, 0.006016
244.800048828125, 0.023043
244.89990234375, 0.019423
245.0, 0.008072
245.10009765625, 0.007938
245.199951171875, 0.018753
245.300048828125, 0.04159
245.39990234375, 0.041769
245.5, 0.047936
245.60009765625, 0.042484
245.699951171875, 0.00691
245.800048828125, 0.032741
245.89990234375, 0.017904
246.0, 0.038819
246.10009765625, 0.038104
246.199951171875, 0.030417
246.300048828125, 0.020094
246.39990234375, 0.01339
246.5, 0.014016
246.60009765625, -0.004844
246.699951171875, 0.01339
246.800048828125, 0.02644
246.89990234375, 0.013614
247.0, 0.041679
247.10009765625, 0.048472
247.199951171875, 0.006418
247.300048828125, 0.028004
247.39990234375, 0.032741
247.5, 0.01634
247.60009765625, 0.047579
247.699951171875, 0.015803
247.800048828125, 0.044897
247.89990234375, 0.041769
248.0, 0.050215
248.10009765625, 0.013345
248.199951171875, 0.019826
248.300048828125, 0.032786
248.39990234375, 0.029836
248.5, 0.047891
248.60009765625, 0.01777
248.699951171875, -0.008106
248.800048828125, 0.038596
248.89990234375, 0.045031
249.0, 0.03216
249.10009765625, 0.046551
249.199951171875, 0.03149
249.300048828125, 0.02273
249.39990234375, 0.038864
249.5, 0.020407
249.60009765625, 0.022194
249.699951171875, 0.058215
249.800048828125, 0.041098
249.89990234375, 0.033769
250.0, 0.019513
250.10009765625, 0.038149
250.199951171875, -0.010251
250.300048828125, 0.039936
250.39990234375, 0.048606
250.5, 0.03502
250.60009765625, 0.018574
250.699951171875, 0.041232
250.800048828125, 0.02997
250.89990234375, 0.013703
251.0, 0.018842
251.10009765625, 0.031356
251.199951171875, 0.034529
251.300048828125, 0.006642
251.39990234375, 0.029255
251.5, 0.011737
251.60009765625, 0.017725
251.699951171875, 0.018083
251.800048828125, 0.029077
251.89990234375, 0.030104
252.0, 0.032384
252.10009765625, 0.048294
252.199951171875, 0.051422
252.300048828125, 0.026127
252.39990234375, 0.026127
252.5, 0.023758
252.60009765625, 0.031266
252.699951171875, 0.035333
252.800048828125, 0.038596
252.89990234375, 0.044942
253.0, 0.038864
253.10009765625, 0.054818
253.199951171875, 0.046193
253.300048828125, 0.04521
253.39990234375, 0.02854
253.5, 0.025412
253.60009765625, 0.030685
253.699951171875, 0.038819
253.800048828125, 0.029658
253.89990234375, 0.031311
254.0, 0.041098
254.10009765625, 0.034708
254.199951171875, 0.014373
254.300048828125, 0.023535
254.39990234375, 0.042037
254.5, 0.054327
254.60009765625, 0.020988
254.699951171875, 0.031356
254.800048828125, 0.037568
254.89990234375, 0.066393
255.0, 0.056025
255.10009765625, 0.024339
255.199951171875, 0.046998
255.300048828125, 0.010262
255.39990234375, 0.01987
255.5, 0.051645
255.60009765625, 0.019379
255.699951171875, 0.020272
255.800048828125, -0.000777
255.89990234375, 0.002843
256.0, 0.031177
256.10009765625, 0.052003
256.199951171875, 0.017055
256.300048828125, 0.039624
256.39990234375, 0.059511
256.5, 0.047981
256.60009765625, 0.040562
256.699951171875, 0.046238
256.800048828125, 0.016742
256.89990234375, 0.036272
257.0, 0.051288
257.10009765625, 0.032205
257.199951171875, 0.049232
257.300048828125, 0.01491
257.39990234375, 0.039847
257.5, 0.025501
257.60009765625, 0.033233
257.699951171875, 0.046327
257.800048828125, 0.053076
257.89990234375, 0.042752
258.0, 0.047042
258.10009765625, 0.069835
258.199951171875, 0.035914
258.300048828125, 0.056472
258.39990234375, 0.034395
258.5, 0.025546
258.60009765625, 0.038283
258.699951171875, 0.003871
258.800048828125, 0.043914
258.89990234375, 0.022865
259.0, 0.054059
259.10009765625, 0.027378
259.199951171875, 0.030998
259.300048828125, 0.052271
259.39990234375, -0.006631
259.5, 0.040875
259.60009765625, 0.041367
259.699951171875, 0.026529
259.800048828125, 0.026261
259.89990234375, 0.04807
260.0, 0.054684
260.10009765625, 0.053567
260.199951171875, 0.017234
260.300048828125, 0.046104
260.39990234375, 0.03578
260.5, 0.020675
260.60009765625, 0.069611
260.699951171875, 0.038551
260.800048828125, 0.023624
260.89990234375, 0.040696
261.0, 0.00615
261.10009765625, 0.028272
261.199951171875, 0.013301
261.300048828125, 0.05236
261.39990234375, 0.052986
261.5, 0.024563
261.60009765625, 0.038462
261.699951171875, 0.033188
261.800048828125, 0.023088
261.89990234375, 0.045612
262.0, 0.029568
262.10009765625, 0.001726
262.199951171875, 0.021703
262.300048828125, 0.007357
262.39990234375, 0.03006
262.5, 0.042305
262.60009765625, 0.043109
262.699951171875, 0.028674
262.800048828125, 0.029792
262.89990234375, -0.003548
263.0, 0.032116
263.10009765625, 0.054818
263.199951171875, 0.026619
263.300048828125, 0.015446
263.39990234375, 0.026842
263.5, 0.030194
263.60009765625, 0.039713
263.699951171875, 0.034976
263.800048828125, 0.027468
263.89990234375, 0.002664
264.0, 0.024339
264.10009765625, 0.04378
264.199951171875, 0.03873
264.300048828125, 0.028227
264.39990234375, 0.023446
264.5, 0.021792
264.60009765625, 0.027646
264.699951171875, 0.051914
264.800048828125, 0.021926
264.89990234375, 0.05169
265.0, 0.025546
265.10009765625, 0.029523
265.199951171875, 0.020541
265.300048828125, 0.046685
265.39990234375, -0.000866
265.5, 0.021166
265.60009765625, 0.014954
265.699951171875, 0.031222
265.800048828125, 0.058707
265.89990234375, 0.024563
266.0, 0.044182
266.10009765625, 0.034305
266.199951171875, 0.040651
266.300048828125, 0.002932
266.39990234375, 0.015178
266.5, 0.024071
266.60009765625, 0.039177
266.699951171875, 0.022686
266.800048828125, 0.046908
266.89990234375, 0.005614
267.0, 0.043914
267.10009765625, 0.023714
267.199951171875, 0.014329
267.300048828125, 0.013479
267.39990234375, 0.029434
267.5, 0.043646
267.60009765625, 0.025725
267.699951171875, 0.016206
267.800048828125, 0.025233
267.89990234375, 0.021122
268.0, 0.007848
268.10009765625, 0.048785
268.199951171875, 0.038238
268.300048828125, 0.020094
268.39990234375, 0.015625
268.5, 0.0293
268.60009765625, 0.014686
268.699951171875, 0.030283
268.800048828125, 0.02635
268.89990234375, 0.014999
269.0, 0.029077
269.10009765625, 0.051288
269.199951171875, 0.04378
269.300048828125, 0.030909
269.39990234375, 0.045031
269.5, 0.043244
269.60009765625, 0.052718
269.699951171875, 0.033456
269.800048828125, 0.038193
269.89990234375, 0.050215
270.0, 0.043914
270.10009765625, 0.04302
270.199951171875, 0.027065
270.300048828125, 0.03721
270.39990234375, 0.026663
270.5, 0.023624
270.60009765625, 0.034127
270.699951171875, 0.016787
270.800048828125, 0.046417
270.89990234375, 0.036763
271.0, 0.02635
271.10009765625, 0.041188
271.199951171875, 0.039311
271.300048828125, 0.035557
271.39990234375, 0.011602
271.5, 0.057411
271.60009765625, 0.030149
271.699951171875, 0.011647
271.800048828125, 0.040696
271.89990234375, 0.018842
272.0, 0.01339
272.10009765625, 0.023535
272.199951171875, 0.02063
272.300048828125, 0.009547
272.39990234375, 0.040875
272.5, 0.037255
272.60009765625, 0.045746
272.699951171875, 0.063131
272.800048828125, 0.039311
272.89990234375, 0.041501
273.0, 0.045031
273.10009765625, 0.017278
273.199951171875, 0.013122
273.300048828125, 0.039445
273.39990234375, 0.023669
273.5, 0.026619
273.60009765625, 0.026485
273.699951171875, 0.040875
273.800048828125, 0.028183
273.89990234375, 0.035333
274.0, 0.041724
274.10009765625, 0.015491
274.199951171875, 0.026619
274.300048828125, 0.06693
274.39990234375, 0.029523
274.5, 0.032339
274.60009765625, 0.051914
274.699951171875, 0.055891
274.800048828125, 0.036674
274.89990234375, 0.045791
275.0, 0.013211
275.10009765625, 0.01777
275.199951171875, 0.044674
275.300048828125, 0.03873
275.39990234375, -0.008553
275.5, 0.057545
275.60009765625, 0.039624
275.699951171875, 0.02501
275.800048828125, 0.007938
275.89990234375, 0.032652
276.0, 0.010619
276.10009765625, -0.000643
276.199951171875, 0.050394
276.300048828125, 0.049545
276.39990234375, 0.051645
276.5, 0.026306
276.60009765625, 0.03511
276.699951171875, 0.017457
276.800048828125, 0.039445
276.89990234375, 0.018306
277.0, 0.033903
277.10009765625, 0.023267
277.199951171875, 0.023714
277.300048828125, 0.012898
277.39990234375, 0.048919
277.5, 0.040517
277.60009765625, 0.047444
277.699951171875, 0.052539
277.800048828125, 0.011468
277.89990234375, 0.030462
278.0, 0.034708
278.10009765625, 0.022999
278.199951171875, 0.030775
278.300048828125, 0.039936
278.39990234375, 0.028764
278.5, 0.030507
278.60009765625, 0.03578
278.699951171875, 0.024563
278.800048828125, 0.067689
278.89990234375, 0.02273
279.0, 0.025635
279.10009765625, 0.044852
279.199951171875, 0.029032
279.300048828125, 0.032205
279.39990234375, 0.028585
279.5, 0.022015
279.60009765625, 0.034037
279.699951171875, 0.034752
279.800048828125, 0.0373
279.89990234375, 0.059824
280.0, 0.071041
280.10009765625, 0.019736
280.199951171875, 0.01053
280.300048828125, 0.052048
280.39990234375, 0.03864
280.5, 0.055489
280.60009765625, 0.020094
280.699951171875, 0.017144
280.800048828125, 0.018172
280.89990234375, 0.028183
281.0, 0.037032
281.10009765625, 0.049992
281.199951171875, 0.033903
281.300048828125, 0.048204
281.39990234375, 0.022149
281.5, 0.026172
281.60009765625, 0.046148
281.699951171875, 0.05607
281.800048828125, 0.007804
281.89990234375, 0.025948
282.0, 0.048025
282.10009765625, 0.04302
282.199951171875, 0.025054
282.300048828125, 0.02635
282.39990234375, 0.014865
282.5, 0.032875
282.60009765625, 0.005882
282.699951171875, 0.046327
282.800048828125, 0.028898
282.89990234375, 0.005659
283.0, 0.016965
283.10009765625, 0.015535
283.199951171875, -0.020083
283.300048828125, 0.025769
283.39990234375, 0.017099
283.5, 0.03511
283.60009765625, 0.031803
283.699951171875, 0.046104
283.800048828125, 0.037389
283.89990234375, 0.034618
284.0, 0.04083
284.10009765625, 0.055534
284.199951171875, 0.024339
284.300048828125, 0.036406
284.39990234375, 0.031758
284.5, 0.04369
284.60009765625, 0.029434
284.699951171875, 0.054953
284.800048828125, 0.03292
284.89990234375, 0.029881
285.0, 0.024161
285.10009765625, 0.043199
285.199951171875, 0.048338
285.300048828125, 0.035244
285.39990234375, 0.046193
285.5, 0.011334
285.60009765625, 0.028362
285.699951171875, 0.026529
285.800048828125, 0.01339
285.89990234375, 0.048562
286.0, 0.020272
286.10009765625, 0.031981
286.199951171875, 0.04092
286.300048828125, 0.037657
286.39990234375, 0.020272
286.5, 0.02358
286.60009765625, 0.040607
286.699951171875, 0.030954
286.800048828125, 0.034752
286.89990234375, 0.019245
287.0, 0.026529
287.10009765625, 0.037478
287.199951171875, 0.033903
287.300048828125, 0.017591
287.39990234375, 0.036182
287.5, 0.039355
287.60009765625, 0.013167
287.699951171875, 0.009279
287.800048828125, 0.014239
287.89990234375, 0.02358
288.0, 0.051958
288.10009765625, 0.048472
288.199951171875, 0.024786
288.300048828125, 0.027378
288.39990234375, 0.032741
288.5, 0.020362
288.60009765625, 0.036808
288.699951171875, 0.026306
288.800048828125, 0.030239
288.89990234375, 0.028093
289.0, 0.029255
289.10009765625, 0.051824
289.199951171875, 0.062773
289.300048828125, 0.041858
289.39990234375, 0.026485
289.5, 0.041679
289.60009765625, 0.011647
289.699951171875, 0.016831
289.800048828125, 0.036808
289.89990234375, 0.01491
290.0, 0.031847
290.10009765625, 0.002798
290.199951171875, 0.024786
290.300048828125, 0.024295
290.39990234375, 0.012541
290.5, 0.043378
290.60009765625, 0.021211
290.699951171875, 0.025591
290.800048828125, 0.022105
290.89990234375, 0.033367
291.0, 0.062192
291.10009765625, 0.057992
291.199951171875, 0.040651
291.300048828125, 0.04083
291.39990234375, 0.022596
291.5, 0.055221
291.60009765625, 0.04597
291.699951171875, 0.04369
291.800048828125, 0.042707
291.89990234375, 0.048428
292.0, 0.036897
292.10009765625, 0.059064
292.199951171875, 0.030283
292.300048828125, 0.014195
292.39990234375, 0.017368
292.5, 0.031669
292.60009765625, 0.016831
292.699951171875, 0.05826
292.800048828125, 0.046327
292.89990234375, 0.048428
293.0, 0.056517
293.10009765625, 0.027021
293.199951171875, 0.025948
293.300048828125, 0.01996
293.39990234375, -0.019279
293.5, 0.046774
293.60009765625, 0.031892
293.699951171875, 0.027289
293.800048828125, 0.029389
293.89990234375, 0.021434
294.0, 0.021077
294.10009765625, 0.042663
294.199951171875, 0.058438
294.300048828125, 0.039043
294.39990234375, 0.023446
294.5, 0.040205
294.60009765625, 0.059377
294.699951171875, 0.027646
294.800048828125, 0.055757
294.89990234375, 0.030462
295.0, 0.063533
295.10009765625, 0.036853
295.199951171875, 0.064204
295.300048828125, 0.051154
295.39990234375, 0.039177
295.5, 0.010664
295.60009765625, 0.034395
295.699951171875, 0.018753
295.800048828125, 0.031758
295.89990234375, 0.03797
296.0, 0.067287
296.10009765625, 0.038998
296.199951171875, 0.029836
296.300048828125, 0.033546
296.39990234375, 0.063623
296.5, 0.056785
296.60009765625, 0.050171
296.699951171875, 0.032071
296.800048828125, 0.036987
296.89990234375, 0.046193
297.0, 0.033546
297.10009765625, 0.043601
297.199951171875, 0.012228
297.300048828125, 0.046193
297.39990234375, 0.040875
297.5, 0.065276
297.60009765625, 0.033903
297.699951171875, 0.02787
297.800048828125, 0.031535
297.89990234375, 0.030283
298.0, 0.033009
298.10009765625, 0.041769
298.199951171875, 0.033993
298.300048828125, 0.02282
298.39990234375, 0.043378
298.5, 0.049947
298.60009765625, 0.01406
298.699951171875, 0.034305
298.800048828125, 0.030373
298.89990234375, 0.019334
299.0, 0.043467
299.10009765625, 0.06474
299.199951171875, 0.011781
299.300048828125, 0.034886
299.39990234375, 0.051064
299.5, 0.055444
299.60009765625, 0.005525
299.699951171875, 0.042841
299.800048828125, 0.062327
299.89990234375, 0.022462
300.0, 0.029211
300.10009765625, 0.037166
300.199951171875, 0.028764
300.300048828125, 0.011647
300.39990234375, 0.032786
300.5, 0.030104
300.60009765625, 0.017636
300.699951171875, 0.042797
300.800048828125, 0.034395
300.89990234375, 0.018842
301.0, 0.021479
301.10009765625, 0.03654
301.199951171875, 0.03073
301.300048828125, 0.038015
301.39990234375, 0.013703
301.5, 0.019736
301.60009765625, 0.047132
301.699951171875, 0.019066
301.800048828125, 0.031132
301.89990234375, 0.046864
302.0, 0.013077
302.10009765625, 0.01768
302.199951171875, 0.024161
302.300048828125, -0.000419
302.39990234375, 0.013569
302.5, 0.010441
302.60009765625, 0.054684
302.699951171875, 0.027691
302.800048828125, 0.033635
302.89990234375, 0.029881
303.0, 0.058573
303.10009765625, 0.070728
303.199951171875, 0.06331
303.300048828125, 0.016295
303.39990234375, 0.020049
303.5, 0.032071
303.60009765625, 0.057545
303.699951171875, 0.028942
303.800048828125, 0.03359
303.89990234375, 0.024786
304.0, 0.04597
304.10009765625, 0.030551
304.199951171875, 0.010083
304.300048828125, 0.044048
304.39990234375, 0.0192
304.5, 0.03006
304.60009765625, 0.028451
304.699951171875, 0.01768
304.800048828125, 0.038059
304.89990234375, 0.041322
305.0, 0.017949
305.10009765625, 0.040428
305.199951171875, 0.014686
305.300048828125, 0.046148
305.39990234375, 0.027781
305.5, 0.022284
305.60009765625, 0.02711
305.699951171875, 0.060494
305.800048828125, 0.056249
305.89990234375, 0.020138
306.0, 0.04807
306.10009765625, 0.02635
306.199951171875, 0.038596
306.300048828125, 0.038059
306.39990234375, 0.036808
306.5, 0.039936
306.60009765625, 0.048875
306.699951171875, 0.044897
306.800048828125, 0.046014
306.89990234375, 0.006821
307.0, 0.02492
307.10009765625, 0.058483
307.199951171875, 0.014552
307.300048828125, 0.023088
307.39990234375, 0.01777
307.5, -0.003414
307.60009765625, 0.033412
307.699951171875, 0.022954
307.800048828125, -0.001224
307.89990234375, 0.026797
308.0, 0.004363
308.10009765625, 0.015669
308.199951171875, 0.056651
308.300048828125, 0.038685
308.39990234375, 0.033322
308.5, 0.060628
308.60009765625, 0.045925
308.699951171875, 0.029836
308.800048828125, 0.027512
308.89990234375, 0.031892
309.0, 0.01406
309.10009765625, 0.009279
309.199951171875, 0.042394
309.300048828125, 0.03502
309.39990234375, 0.041411
309.5, 0.040696
309.60009765625, 0.04159
309.699951171875, 0.029613
309.800048828125, 0.038774
309.89990234375, 0.014507
310.0, 0.00615
310.10009765625, 0.027512
310.199951171875, 0.001905
310.300048828125, 0.044584
310.39990234375, 0.015446
310.5, 0.049053
310.60009765625, 0.050081
310.699951171875, 0.02492
310.800048828125, 0.027378
310.89990234375, 0.022462
311.0, 0.015982
311.10009765625, 0.042752
311.199951171875, 0.033769
311.300048828125, 0.033501
311.39990234375, 0.037613
311.5, 0.025814
311.60009765625, 0.014373
311.699951171875, 0.022909
311.800048828125, 0.031177
311.89990234375, 0.033724
312.0, 0.017234
312.10009765625, 0.033814
312.199951171875, 0.032697
312.300048828125, 0.054014
312.39990234375, 0.026038
312.5, 0.03578
312.60009765625, 0.03873
312.699951171875, 0.035557
312.800048828125, 0.04664
312.89990234375, 0.025993
313.0, 0.047936
313.10009765625, 0.018306
313.199951171875, 0.064829
313.300048828125, 0.030507
313.39990234375, 0.03359
313.5, -0.001537
313.60009765625, 0.041724
313.699951171875, 0.023356
313.800048828125, 0.03873
313.89990234375, 0.036495
314.0, 0.025904
314.10009765625, 0.05607
314.199951171875, 0.053344
314.300048828125, 0.013033
314.39990234375, 0.046729
314.5, 0.011737
314.60009765625, 0.00624
314.699951171875, 0.029345
314.800048828125, 0.030775
314.89990234375, 0.031132
315.0, 0.047132
315.10009765625, 0.048741
315.199951171875, 0.035691
315.300048828125, 0.037881
315.39990234375, 0.037076
315.5, 0.008161
315.60009765625, 0.034529
315.699951171875, 0.008117
315.800048828125, 0.032384
315.89990234375, 0.035512
316.0, 0.045389
316.10009765625, 0.030685
316.199951171875, 0.028138
316.300048828125, 0.017189
316.39990234375, 0.057053
316.5, 0.037434
316.60009765625, 0.051779
316.699951171875, 0.005435
316.800048828125, 0.033456
316.89990234375, 0.04226
317.0, 0.03578
317.10009765625, 0.023446
317.199951171875, 0.017904
317.300048828125, 0.025099
317.39990234375, 0.048651
317.5, 0.007178
317.60009765625, -0.017134
317.699951171875, 0.029032
317.800048828125, 0.01491
317.89990234375, 0.034395
318.0, 0.031535
318.10009765625, 0.031847
318.199951171875, 0.026753
318.300048828125, 0.046595
318.39990234375, 0.005614
318.5, 0.026172
318.60009765625, 0.030864
318.699951171875, 0.050215
318.800048828125, 0.00329
318.89990234375, 0.023133
319.0, 0.034574
319.10009765625, 0.058707
319.199951171875, 0.040383
319.300048828125, 0.013435
319.39990234375, 0.024473
319.5, 0.037747
319.60009765625, 0.034752
319.699951171875, 0.037166
319.800048828125, 0.017457
319.89990234375, 0.031132
320.0, 0.048428
320.10009765625, 0.019111
320.199951171875, 0.064114
320.300048828125, 0.043512
320.39990234375, 0.044986
320.5, 0.041367
320.60009765625, 0.013435
320.699951171875, -0.010564
320.800048828125, 0.036272
320.89990234375, 0.025233
321.0, 0.043959
321.10009765625, 0.006016
321.199951171875, 0.010798
321.300048828125, 0.03149
321.39990234375, 0.022552
321.5, 0.036808
321.60009765625, 0.039668
321.699951171875, 0.010887
321.800048828125, 0.018798
321.89990234375, -0.024731
322.0, 0.019736
322.10009765625, 0.001413
322.199951171875, 0.039579
322.300048828125, 0.038551
322.39990234375, 0.030462
322.5, 0.052852
322.60009765625, 0.03082
322.699951171875, 0.017725
322.800048828125, 0.05093
322.89990234375, 0.041456
323.0, 0.034976
323.10009765625, 0.011737
323.199951171875, 0.036808
323.300048828125, 0.038238
323.39990234375, 0.050618
323.5, 0.043601
323.60009765625, 0.027736
323.699951171875, 0.045567
323.800048828125, 0.013122
323.89990234375, 0.018664
324.0, 0.037836
324.10009765625, 0.054863
324.199951171875, 0.033412
324.300048828125, 0.032428
324.39990234375, 0.034529
324.5, 0.047489
324.60009765625, 0.042975
324.699951171875, 0.036585
324.800048828125, 0.028808
324.89990234375, 0.041992
325.0, 0.05455
325.10009765625, 0.020094
325.199951171875, 0.049053
325.300048828125, 0.046461
325.39990234375, 0.039355
325.5, 0.039668
325.60009765625, 0.038462
325.699951171875, 0.043601
325.800048828125, 0.022507
325.89990234375, 0.028808
326.0, 0.054595
326.10009765625, 0.066885
326.199951171875, 0.033814
326.300048828125, 0.021658
326.39990234375, 0.047847
326.5, 0.029434
326.60009765625, 0.059734
326.699951171875, 0.025323
326.800048828125, 0.065589
326.89990234375, 0.038953
327.0, 0.027334
327.10009765625, 0.023982
327.199951171875, 0.026842
327.300048828125, 0.003469
327.39990234375, 0.034037
327.5, 0.043065
327.60009765625, 0.029255
327.699951171875, 0.029792
327.800048828125, 0.007267
327.89990234375, 0.011826
328.0, 0.03225
328.10009765625, 0.036182
328.199951171875, 0.032697
328.300048828125, 0.012586
328.39990234375, 0.012049
328.5, 0.048115
328.60009765625, 0.051154
328.699951171875, 0.051199
328.800048828125, 0.047757
328.89990234375, 0.047623
329.0, 0.037747
329.10009765625, 0.035467
329.199951171875, 0.035467
329.300048828125, 0.02139
329.39990234375, 0.017814
329.5, 0.03082
329.60009765625, 0.053299
329.699951171875, 0.021703
329.800048828125, 0.052584
329.89990234375, 0.040026
330.0, 0.011647
330.10009765625, 0.004899
330.199951171875, 0.037255
330.300048828125, 0.005033
330.39990234375, 0.042707
330.5, 0.033546
330.60009765625, 0.02711
330.699951171875, 0.000564
330.800048828125, 0.016206
330.89990234375, 0.026261
331.0, 0.024473
331.10009765625, 0.013122
331.199951171875, 0.02644
331.300048828125, 0.014284
331.39990234375, 0.053344
331.5, 0.057902
331.60009765625, 0.035199
331.699951171875, 0.030998
331.800048828125, 0.037657
331.89990234375, 0.044316
332.0, 0.040428
332.10009765625, 0.030954
332.199951171875, 0.02997
332.300048828125, 0.022418
332.39990234375, 0.031222
332.5, 0.037166
332.60009765625, 0.034574
332.699951171875, 0.042573
332.800048828125, -0.012665
332.89990234375, 0.008966
333.0, 0.038015
333.10009765625, 0.03368
333.199951171875, 0.051556
333.300048828125, 0.024518
333.39990234375, 0.02501
333.5, 0.037076
333.60009765625, 0.036272
333.699951171875, 0.05464
333.800048828125, 0.033635
333.89990234375, 0.045031
334.0, 0.039892
334.10009765625, 0.028138
334.199951171875, 0.051243
334.300048828125, 0.012228
334.39990234375, -0.007123
334.5, 0.044897
334.60009765625, -0.007793
334.699951171875, 0.017144
334.800048828125, 0.035333
334.89990234375, 0.036093
335.0, 0.01491
335.10009765625, 0.023356
335.199951171875, 0.042841
335.300048828125, 0.048472
335.39990234375, 0.048025
335.5, 0.027423
335.60009765625, 0.033635
335.699951171875, 0.044048
335.800048828125, 0.02501
335.89990234375, 0.025323
336.0, 0.033322
336.10009765625, 0.023714
336.199951171875, 0.020362
336.300048828125, 0.032116
336.39990234375, 0.018574
336.5, 0.030462
336.60009765625, 0.062416
336.699951171875, 0.029792
336.800048828125, 0.024563
336.89990234375, 0.021211
337.0, 0.028585
337.10009765625, 0.02644
337.199951171875, 0.018798
337.300048828125, 0.017099
337.39990234375, 0.040741
337.5, 0.027334
337.60009765625, 0.013435
337.699951171875, 0.063578
337.800048828125, 0.034574
337.89990234375, 0.01853
338.0, 0.063265
338.10009765625, 0.049992
338.199951171875, 0.05464
338.300048828125, 0.033322
338.39990234375, 0.031579
338.5, 0.038417
338.60009765625, 0.023758
338.699951171875, 0.037389
338.800048828125, 0.040115
338.89990234375, 0.030507
339.0, 0.028362
339.10009765625, 0.018574
339.199951171875, 0.036629
339.300048828125, 0.002307
339.39990234375, 0.047534
339.5, 0.04083
339.60009765625, 0.046014
339.699951171875, 0.011021
339.800048828125, 0.038193
339.89990234375, 0.036585
340.0, 0.074214
340.10009765625, 0.054863
340.199951171875, 0.040473
340.300048828125, 0.047087
340.39990234375, 0.053031
340.5, 0.011915
340.60009765625, 0.024384
340.699951171875, 0.063176
340.800048828125, 0.030417
340.89990234375, 0.031445
341.0, 0.004005
341.10009765625, 0.041858
341.199951171875, 0.007446
341.300048828125, 0.053165
341.39990234375, 0.0394
341.5, 0.049858
341.60009765625, 0.011066
341.699951171875, 0.038372
341.800048828125, 0.017457
341.89990234375, 0.039668
342.0, 0.026082
342.10009765625, 0.020988
342.199951171875, 0.029032
342.300048828125, 0.0272
342.39990234375, 0.031088
342.5, 0.025993
342.60009765625, 0.010753
342.699951171875, 0.058483
342.800048828125, 0.017412
342.89990234375, 0.034037
343.0, 0.046729
343.10009765625, 0.024742
343.199951171875, 0.031266
343.300048828125, 0.024831
343.39990234375, 0.005256
343.5, 0.016295
343.60009765625, 0.022373
343.699951171875, 0.036629
343.800048828125, 0.041724
343.89990234375, 0.031624
344.0, 0.034886
344.10009765625, 0.018395
344.199951171875, 0.014239
344.300048828125, 0.056517
344.39990234375, 0.03082
344.5, 0.018261
344.60009765625, 0.009368
344.699951171875, 0.018664
344.800048828125, 0.057053
344.89990234375, 0.058438
345.0, 0.038864
345.10009765625, 0.04883
345.199951171875, 0.033948
345.300048828125, 0.02282
345.39990234375, 0.023446
345.5, 0.037613
345.60009765625, 0.040339
345.699951171875, 0.023535
345.800048828125, 0.050171
345.89990234375, 0.025591
346.0, 0.049813
346.10009765625, 0.042484
346.199951171875, 0.032339
346.300048828125, 0.044808
346.39990234375, 0.040205
346.5, 0.012049
346.60009765625, 0.012228
346.699951171875, 0.011156
346.800048828125, 0.035333
346.89990234375, 0.007402
347.0, 0.025635
347.10009765625, 0.014195
347.199951171875, 0.036138
347.300048828125, 0.060137
347.39990234375, 0.053701
347.5, 0.038328
347.60009765625, 0.02425
347.699951171875, 0.02863
347.800048828125, 0.043512
347.89990234375, 0.011245
348.0, 0.029836
348.10009765625, 0.041769
348.199951171875, 0.024429
348.300048828125, 0.037032
348.39990234375, 0.037434
348.5, 0.047176
348.60009765625, 0.035378
348.699951171875, 0.028585
348.800048828125, 0.032741
348.89990234375, 0.037076
349.0, 0.037568
349.10009765625, 0.019691
349.199951171875, 0.044227
349.300048828125, 0.046104
349.39990234375, 0.021613
349.5, 0.0293
349.60009765625, 0.038551
349.699951171875, 0.040875
349.800048828125, 0.024384
349.89990234375, 0.042618
350.0, 0.016474
350.10009765625, 0.02282
350.199951171875, 0.051511
350.300048828125, 0.029881
350.39990234375, 0.020675
350.5, 0.020988
350.60009765625, 0.041367
350.699951171875, 0.032518
350.800048828125, 0.034261
350.89990234375, 0.034797
351.0, 0.046819
351.10009765625, 0.021032
351.199951171875, 0.062952
351.300048828125, 0.028317
351.39990234375, 0.035691
351.5, 0.008206
351.60009765625, 0.020675
351.699951171875, 0.02787
351.800048828125, 0.035199
351.89990234375, 0.040071
352.0, 0.014195
352.10009765625, -0.003771
352.199951171875, 0.05321
352.300048828125, 0.042752
352.39990234375, 0.033412
352.5, 0.032294
352.60009765625, 0.030373
352.699951171875, 0.037523
352.800048828125, 0.041813
352.89990234375, 0.017055
353.0, -0.001268
353.10009765625, -0.004263
353.199951171875, 0.007133
353.300048828125, 0.025591
353.39990234375, 0.032026
353.5, 0.02273
353.60009765625, 0.002262
353.699951171875, 0.023848
353.800048828125, 0.039847
353.89990234375, 0.022239
354.0, 0.010485
354.10009765625, 0.003647
354.199951171875, 0.017055
354.300048828125, 0.034797
354.39990234375, 0.033188
354.5, 0.045925
354.60009765625, 0.031937
354.699951171875, 0.029166
354.800048828125, 0.019423
354.89990234375, 0.024116
355.0, 0.036629
355.10009765625, 0.007312
355.199951171875, 0.029926
355.300048828125, 0.047579
355.39990234375, 0.051467
355.5, 0.046729
355.60009765625, 0.035199
355.699951171875, 0.043154
355.800048828125, 0.042529
355.89990234375, 0.049545
356.0, 0.040115
356.10009765625, 0.039043
356.199951171875, 0.032205
356.300048828125, 0.030507
356.39990234375, 0.012854
356.5, 0.03149
356.60009765625, 0.027646
356.699951171875, 0.03949
356.800048828125, 0.038328
356.89990234375, 0.015312
357.0, 0.030507
357.10009765625, 0.031669
357.199951171875, 0.026842
357.300048828125, 0.0213
357.39990234375, 0.022149
357.5, 0.003513
357.60009765625, 0.013569
357.699951171875, 0.034931
357.800048828125, 0.02501
357.89990234375, 0.022149
358.0, 0.026529
358.10009765625, 0.01701
358.199951171875, 0.037702
358.300048828125, 0.057545
358.39990234375, 0.000385
358.5, 0.038953
358.60009765625, 0.038238
358.699951171875, 0.04159
358.800048828125, 0.0495
358.89990234375, 0.025591
359.0, 0.038685
359.10009765625, 0.033367
359.199951171875, 0.01491
359.300048828125, 0.002441
359.39990234375, 0.024876
359.5, 0.021613
359.60009765625, 0.03949
359.699951171875, 0.063578
359.800048828125, 0.035914
359.89990234375, -0.009089
360.0, 0.018798
360.10009765625, 0.057366
360.199951171875, 0.020004
360.300048828125, 0.022284
360.39990234375, 0.031043
360.5, 0.036987
360.60009765625, 0.047266
360.699951171875, 0.04959
360.800048828125, 0.044048
360.89990234375, 0.023937
361.0, 0.029613
361.10009765625, 0.024161
361.199951171875, 0.051243
361.300048828125, 0.063354
361.39990234375, 0.030104
361.5, 0.05102
361.60009765625, 0.012496
361.699951171875, 0.050618
361.800048828125, 0.028942
361.89990234375, 0.01491
362.0, 0.051377
362.10009765625, 0.036674
362.199951171875, 0.042618
362.300048828125, 0.024339
362.39990234375, 0.032116
362.5, 0.007536
362.60009765625, 0.040383
362.699951171875, 0.055623
362.800048828125, 0.002709
362.89990234375, 0.014641
363.0, 0.032786
363.10009765625, 0.03149
363.199951171875, 0.002307
363.300048828125, 0.026708
363.39990234375, 0.020094
363.5, 0.010262
363.60009765625, 0.023803
363.699951171875, 0.00405
363.800048828125, 0.041188
363.89990234375, 0.016474
364.0, 0.011871
364.10009765625, -0.006497
364.199951171875, 0.045746
364.300048828125, 0.03654
364.39990234375, 0.030239
364.5, 0.036942
364.60009765625, 0.012005
364.699951171875, 0.02206
364.800048828125, 0.02997
364.89990234375, 0.052003
365.0, 0.044406
365.10009765625, 0.040741
365.199951171875, 0.014552
365.300048828125, 0.0314
365.39990234375, 0.048741
365.5, 0.043646
365.60009765625, 0.04445
365.699951171875, 0.021032
365.800048828125, 0.014865
365.89990234375, 0.046729
366.0, 0.015088
366.10009765625, 0.045657
366.199951171875, 0.053746
366.300048828125, 0.036361
366.39990234375, 0.025233
366.5, 0.014418
366.60009765625, 0.044406
366.699951171875, 0.051601
366.800048828125, 0.034082
366.89990234375, 0.033456
367.0, 0.024518
367.10009765625, 0.022596
367.199951171875, 0.020853
367.300048828125, 0.052182
367.39990234375, 0.038193
367.5, 0.014418
367.60009765625, 0.038328
367.699951171875, 0.014105
367.800048828125, 0.002083
367.89990234375, 0.017368
368.0, 0.016653
368.10009765625, 0.039579
368.199951171875, 0.033903
368.300048828125, 0.037568
368.39990234375, 0.054461
368.5, 0.040607
368.60009765625, 0.041545
368.699951171875, 0.042082
368.800048828125, 0.027512
368.89990234375, 0.015893
369.0, 0.052584
369.10009765625, 0.040607
369.199951171875, 0.023222
369.300048828125, 0.029032
369.39990234375, 0.014284
369.5, 0.050037
369.60009765625, 0.029792
369.699951171875, 0.037389
369.800048828125, 0.017278
369.89990234375, 0.014418
370.0, 0.0394
370.10009765625, 0.01996
370.199951171875, 0.053791
370.300048828125, 0.026172
370.39990234375, 0.023535
370.5, 0.005748
370.60009765625, 0.016831
370.699951171875, 0.047489
370.800048828125, 0.021434
370.89990234375, 0.033054
371.0, 0.010262
371.10009765625, 0.018798
371.199951171875, 0.024786
371.300048828125, 0.02349
371.39990234375, 0.025278
371.5, 0.030149
371.60009765625, 0.033814
371.699951171875, 0.043378
371.800048828125, 0.059511
371.89990234375, 0.008787
372.0, 0.03225
372.10009765625, 0.051735
372.199951171875, 0.050439
372.300048828125, 0.036004
372.39990234375, 0.004407
372.5, 0.06103
372.60009765625, 0.033546
372.699951171875, 0.040875
372.800048828125, 0.009413
372.89990234375, 0.025367
373.0, 0.069656
373.10009765625, 0.04235
373.199951171875, 0.028362
373.300048828125, 0.029613
373.39990234375, 0.005971
373.5, 0.013748
373.60009765625, 0.043199
373.699951171875, 0.043422
373.800048828125, 0.014329
373.89990234375, 0.052271
374.0, 0.029658
374.10009765625, 0.023803
374.199951171875, 0.02501
374.300048828125, 0.005122
374.39990234375, 0.013658
374.5, 0.024831
374.60009765625, 0.03654
374.699951171875, 0.043601
374.800048828125, 0.034618
374.89990234375, 0.003067
375.0, 0.015893
375.10009765625, 0.032875
375.199951171875, 0.033099
375.300048828125, 0.039579
375.39990234375, 0.022149
375.5, 0.039266
375.60009765625, 0.00615
375.699951171875, 0.034886
375.800048828125, 0.040607
375.89990234375, 0.02568
376.0, -0.001671
376.10009765625, 0.026172
376.199951171875, 0.050662
376.300048828125, 0.041948
376.39990234375, 0.051869
376.5, 0.008921
376.60009765625, 0.009681
376.699951171875, 0.032607
376.800048828125, 0.031981
376.89990234375, 0.037076
377.0, 0.039624
377.10009765625, 0.028853
377.199951171875, 0.017636
377.300048828125, 0.040383
377.39990234375, 0.03511
377.5, 0.026708
377.60009765625, 0.025099
377.699951171875, 0.034976
377.800048828125, 0.034529
377.89990234375, 0.037568
378.0, 0.03654
378.10009765625, 0.042752
378.199951171875, 0.008161
378.300048828125, 0.016608
378.39990234375, 0.035244
378.5, 0.023937
378.60009765625, 0.060494
378.699951171875, 0.03721
378.800048828125, 0.025591
378.89990234375, 0.035289
379.0, 0.036763
379.10009765625, 0.032294
379.199951171875, 0.028987
379.300048828125, 0.040607
379.39990234375, 0.032384
379.5, 0.028674
379.60009765625, 0.019915
379.699951171875, 0.034574
379.800048828125, 0.048338
379.89990234375, 0.052807
380.0, 0.050171
380.10009765625, 0.03578
380.199951171875, 0.029568
380.300048828125, 0.031266
380.39990234375, 0.040071
380.5, 0.04445
380.60009765625, 0.033188
380.699951171875, 0.006597
380.800048828125, 0.038238
380.89990234375, 0.028764
381.0, 0.030328
381.10009765625, 0.036316
381.199951171875, 0.028362
381.300048828125, 0.03949
381.39990234375, 0.050439
381.5, 0.042171
381.60009765625, 0.026976
381.699951171875, 0.024205
381.800048828125, 0.071399
381.89990234375, 0.028719
382.0, 0.027468
382.10009765625, 0.036495
382.199951171875, 0.033009
382.300048828125, 0.01196
382.39990234375, 0.01701
382.5, 0.023446
382.60009765625, 0.026306
382.699951171875, 0.006016
382.800048828125, 0.002486
382.89990234375, 0.037657
383.0, 0.024295
383.10009765625, 0.045031
383.199951171875, 0.03578
383.300048828125, 0.032339
383.39990234375, 0.012273
383.5, 0.026082
383.60009765625, 0.036138
383.699951171875, 0.054684
383.800048828125, 0.013971
383.89990234375, 0.019647
384.0, 0.017725
384.10009765625, 0.027289
384.199951171875, 0.043199
384.300048828125, 0.045121
384.39990234375, -0.000419
384.5, 0.031937
384.60009765625, 0.028987
384.699951171875, 0.042573
384.800048828125, 0.020898
384.89990234375, 0.0011
385.0, 0.037076
385.10009765625, 0.021166
385.199951171875, 0.022015
385.300048828125, 0.01634
385.39990234375, 0.002798
385.5, 0.021479
385.60009765625, 0.020943
385.699951171875, 0.034305
385.800048828125, 0.021971
385.89990234375, 0.00977
386.0, -0.009983
386.10009765625, 0.003782
386.199951171875, 0.038015
386.300048828125, 0.073767
386.39990234375, 0.03578
386.5, 0.023446
386.60009765625, 0.026663
386.699951171875, 0.046953
386.800048828125, 0.013435
386.89990234375, 0.049098
387.0, 0.017368
387.10009765625, 0.026172
387.199951171875, 0.054327
387.300048828125, 0.022686
387.39990234375, 0.024518
387.5, 0.003156
387.60009765625, 0.034305
387.699951171875, 0.041501
387.800048828125, 0.035914
387.89990234375, 0.042975
388.0, 0.022328
388.10009765625, 0.023311
388.199951171875, 0.032384
388.300048828125, 0.016921
388.39990234375, 0.032473
388.5, 0.035378
388.60009765625, 0.011558
388.699951171875, 0.033233
388.800048828125, 0.028227
388.89990234375, 0.02358
389.0, 0.031937
389.10009765625, 0.052092
389.199951171875, -0.000464
389.300048828125, 0.037836
389.39990234375, 0.036138
389.5, 0.026038
389.60009765625, 0.02635
389.699951171875, 0.024339
389.800048828125, 0.008519
389.89990234375, 0.0272
390.0, 0.052316
390.10009765625, 0.011111
390.199951171875, 0.033054
390.300048828125, 0.031445
390.39990234375, 0.012764
390.5, 0.018217
390.60009765625, 0.035914
390.699951171875, 0.035199
390.800048828125, 0.023982
390.89990234375, 0.04092
391.0, 0.026172
391.10009765625, 0.019647
391.199951171875, 0.037702
391.300048828125, 0.04235
391.39990234375, 0.028585
391.5, 0.014999
391.60009765625, 0.03949
391.699951171875, 0.032786
391.800048828125, 0.040026
391.89990234375, 0.030194
392.0, 0.026082
392.10009765625, 0.030015
392.199951171875, 0.049098
392.300048828125, 0.041545
392.39990234375, 0.013703
392.5, 0.025501
392.60009765625, 0.037836
392.699951171875, 0.054148
392.800048828125, 0.029166
392.89990234375, 0.051645
393.0, 0.069388
393.10009765625, 0.002798
393.199951171875, 0.028496
393.300048828125, 0.059153
393.39990234375, 0.047579
393.5, 0.023714
393.60009765625, 0.020809
393.699951171875, 0.012183
393.800048828125, 0.014731
393.89990234375, 0.043154
394.0, 0.012049
394.10009765625, 0.005212
394.199951171875, 0.011602
394.300048828125, 0.022596
394.39990234375, 0.031758
394.5, 0.017859
394.60009765625, 0.032026
394.699951171875, 0.022686
394.800048828125, 0.023937
394.89990234375, 0.049947
395.0, 0.040026
395.10009765625, 0.028004
395.199951171875, 0.038193
395.300048828125, 0.018708
395.39990234375, 0.031266
395.5, 0.031132
395.60009765625, 0.033188
395.699951171875, 0.047489
395.800048828125, 0.034037
395.89990234375, 0.026708
396.0, 0.037836
396.10009765625, 0.024384
396.199951171875, 0.034618
396.300048828125, 0.041635
396.39990234375, 0.011066
396.5, 0.020809
396.60009765625, 0.060584
396.699951171875, 0.015982
396.800048828125, 0.023222
396.89990234375, -0.001715
397.0, 0.002083
397.10009765625, 0.046461
397.199951171875, 0.041858
397.300048828125, 0.027065
397.39990234375, 0.049366
397.5, 0.032831
397.60009765625, 0.023982
397.699951171875, 0.030954
397.800048828125, 0.056651
397.89990234375, 0.022284
398.0, 0.043869
398.10009765625, 0.034171
398.199951171875, 0.034171
398.300048828125, 0.051243
398.39990234375, 0.04378
398.5, 0.008742
398.60009765625, 0.008876
398.699951171875, 0.027512
398.800048828125, 0.063533
398.89990234375, 0.032384
399.0, 0.034797
399.10009765625, 0.016429
399.199951171875, 0.03873
399.300048828125, 0.03082
399.39990234375, 0.01625
399.5, 0.052941
399.60009765625, 0.021256
399.699951171875, 0.016608
399.800048828125, 0.029926
399.89990234375, -0.007927
400.0, -0.014989
400.10009765625, 0.013435
400.199951171875, 0.026663
400.300048828125, 0.019557
400.39990234375, 0.00901
400.5, 0.035378
400.60009765625, 0.002396
400.699951171875, 0.031669
400.800048828125, 0.017412
400.89990234375, 0.045165
401.0, 0.045791
401.10009765625, 0.047176
401.199951171875, 0.023267
401.300048828125, 0.037478
401.39990234375, 0.019066
401.5, 0.058483
401.60009765625, 0.052897
401.699951171875, 0.043646
401.800048828125, 0.023133
401.89990234375, 0.012764
402.0, 0.004631
402.10009765625, 0.020585
402.199951171875, 0.013837
402.300048828125, 0.009413
402.39990234375, 0.058975
402.5, 0.022641
402.60009765625, 0.025278
402.699951171875, 0.035333
402.800048828125, 0.019513
402.89990234375, 0.015669
403.0, -0.000241
403.10009765625, 0.049634
403.199951171875, 0.042797
403.300048828125, 0.037523
403.39990234375, 0.018753
403.5, 0.03502
403.60009765625, 0.01987
403.699951171875, 0.03073
403.800048828125, 0.026708
403.89990234375, 0.057545
404.0, 0.037389
404.10009765625, 0.035467
404.199951171875, 0.010887
404.300048828125, 0.055131
404.39990234375, 0.045344
404.5, 0.039445
404.60009765625, 0.0495
404.699951171875, 0.019111
404.800048828125, 0.049902
404.89990234375, 0.027646
405.0, 0.006686
405.10009765625, 0.020407
405.199951171875, 0.029032
405.300048828125, 0.021166
405.39990234375, 0.035333
405.5, 0.005301
405.60009765625, 0.040249
405.699951171875, 0.05169
405.800048828125, 0.03149
405.89990234375, 0.03292
406.0, 0.023758
406.10009765625, 0.040473
406.199951171875, 0.012541
406.300048828125, 0.031847
406.39990234375, 0.011334
406.5, 0.021569
406.60009765625, 0.049768
406.699951171875, 0.016474
406.800048828125, 0.040473
406.89990234375, 0.026574
407.0, 0.039668
407.10009765625, 0.024652
407.199951171875, 0.022462
407.300048828125, -0.001894
407.39990234375, 0.019423
407.5, 0.026485
407.60009765625, 0.033367
407.699951171875, 0.010619
407.800048828125, 0.040964
407.89990234375, 0.013167
408.0, 0.022015
408.10009765625, 0.041813
408.199951171875, 0.041679
408.300048828125, 0.021747
408.39990234375, 0.017368
408.5, 0.03216
408.60009765625, 0.028898
408.699951171875, 0.053567
408.800048828125, 0.053701
408.89990234375, 0.051869
409.0, 0.020004
409.10009765625, 0.009279
409.199951171875, 0.0676
409.300048828125, 0.038328
409.39990234375, 0.024295
409.5, 0.016161
409.60009765625, 0.038015
409.699951171875, 0.010887
409.800048828125, 0.023177
409.89990234375, 0.040473
410.0, 0.026931
410.10009765625, 0.008072
410.199951171875, 0.030104
410.300048828125, 0.024786
410.39990234375, 0.044674
410.5, 0.044584
410.60009765625, 0.0272
410.699951171875, 0.020853
410.800048828125, 0.019155
410.89990234375, 0.017636
411.0, 0.008206
411.10009765625, 0.011513
411.199951171875, 0.023937
411.300048828125, 0.059869
411.39990234375, 0.011826
411.5, 0.020541
411.60009765625, 0.027602
411.699951171875, 0.042484
411.800048828125, 0.042841
411.89990234375, 0.023758
412.0, 0.04883
412.10009765625, 0.041322
412.199951171875, 0.046819
412.300048828125, 0.050305
412.39990234375, 0.020362
412.5, 0.017189
412.60009765625, 0.051914
412.699951171875, 0.031579
412.800048828125, 0.036451
412.89990234375, 0.032697
413.0, 0.030641
413.10009765625, 0.011424
413.199951171875, 0.022865
413.300048828125, 0.0474
413.39990234375, 0.037166
413.5, 0.033233
413.60009765625, 0.01701
413.699951171875, 0.037434
413.800048828125, 0.039758
413.89990234375, 0.029211
414.0, 0.045031
414.10009765625, 0.034216
414.199951171875, 0.021122
414.300048828125, 0.015133
414.39990234375, 0.057008
414.5, 0.024607
414.60009765625, 0.037925
414.699951171875, 0.058304
414.800048828125, 0.02644
414.89990234375, 0.020004
415.0, 0.033814
415.10009765625, 0.058573
415.199951171875, 0.022239
415.300048828125, 0.059153
415.39990234375, 0.056293
415.5, 0.025054
415.60009765625, 0.026038
415.699951171875, 0.031445
415.800048828125, 0.010351
415.89990234375, 0.033903
416.0, 0.052986
416.10009765625, 0.052316
416.199951171875, 0.027781
416.300048828125, 0.019781
416.39990234375, 0.061611
416.5, 0.040473
416.60009765625, 0.034842
416.699951171875, 0.047891
416.800048828125, 0.024429
416.89990234375, 0.0192
417.0, 0.001547
417.10009765625, 0.018976
417.199951171875, 0.045031
417.300048828125, 0.032607
417.39990234375, 0.039981
417.5, 0.026306
417.60009765625, 0.039221
417.699951171875, 0.01415
417.800048828125, 0.023803
417.89990234375, 0.028183
418.0, 0.002039
418.10009765625, 0.026038
418.199951171875, 0.029032
418.300048828125, 0.012139
418.39990234375, 0.032294
418.5, 0.05169
418.60009765625, 0.020228
418.699951171875, 0.003201
418.800048828125, 0.024205
418.89990234375, 0.041322
419.0, 0.035244
419.10009765625, 0.027468
419.199951171875, 0.019647
419.300048828125, 0.024831
419.39990234375, 0.025144
419.5, 0.01625
419.60009765625, 0.019557
419.699951171875, 0.008653
419.800048828125, 0.008832
419.89990234375, 0.042975
420.0, 0.012183
420.10009765625, 0.033188
420.199951171875, 0.004899
420.300048828125, 0.034618
420.39990234375, 0.044406
420.5, 0.020898
420.60009765625, 0.013748
420.699951171875, 0.009368
420.800048828125, 0.013524
420.89990234375, 0.016608
421.0, 0.032473
421.10009765625, 0.019915
421.199951171875, 0.026663
421.300048828125, 0.047936
421.39990234375, 0.044316
421.5, 0.043959
421.60009765625, 0.049858
421.699951171875, 0.0091
421.800048828125, 0.009189
421.89990234375, 0.061701
422.0, 0.062639
422.10009765625, 0.030194
422.199951171875, 0.040875
422.300048828125, 0.028674
422.39990234375, 0.031266
422.5, 0.012362
422.60009765625, 0.015803
422.699951171875, 0.038551
422.800048828125, 0.046014
422.89990234375, 0.040428
423.0, 0.023892
423.10009765625, 0.043914
423.199951171875, 0.010038
423.300048828125, 0.017502
423.39990234375, 0.015178
423.5, 0.030507
423.60009765625, 0.05245
423.699951171875, 0.039981
423.800048828125, 0.009368
423.89990234375, 0.014418
424.0, 0.048785
424.10009765625, 0.014373
424.199951171875, 0.053076
424.300048828125, 0.030239
424.39990234375, 0.04664
424.5, 0.069522
424.60009765625, 0.039981
424.699951171875, 0.032652
424.800048828125, 0.020988
424.89990234375, 0.047668
425.0, 0.030596
425.10009765625, 0.019691
425.199951171875, 0.031937
425.300048828125, 0.028719
425.39990234375, -0.000151
425.5, 0.021837
425.60009765625, 0.041813
425.699951171875, 0.00177
425.800048828125, 0.021881
425.89990234375, 0.025725
426.0, 0.03006
426.10009765625, 0.031713
426.199951171875, 0.009681
426.300048828125, 0.049411
426.39990234375, 0.010217
426.5, 0.017814
426.60009765625, 0.013614
426.699951171875, 0.043333
426.800048828125, 0.033769
426.89990234375, 0.03292
427.0, 0.046417
427.10009765625, 0.068539
427.199951171875, 0.041635
427.300048828125, 0.03654
427.39990234375, 0.020764
427.5, 0.028987
427.60009765625, 0.041545
427.699951171875, 0.063578
427.800048828125, 0.040339
427.89990234375, 0.016653
428.0, 0.030462
428.10009765625, 0.047489
428.199951171875, 0.049679
428.300048828125, 0.030864
428.39990234375, 0.045567
428.5, 0.051199
428.60009765625, 0.030775
428.699951171875, 0.042126
428.800048828125, 0.026127
428.89990234375, -0.000911
429.0, 0.038283
429.10009765625, 0.053433
429.199951171875, 0.012228
429.300048828125, 0.012228
429.39990234375, 0.041322
429.5, 0.057455
429.60009765625, 0.05236
429.699951171875, 0.04883
429.800048828125, 0.013614
429.89990234375, 0.038462
430.0, 0.030283
430.10009765625, 0.032741
430.199951171875, 0.040607
430.300048828125, 0.051377
430.39990234375, 0.032741
430.5, 0.007893
430.60009765625, 0.030417
430.699951171875, 0.043333
430.800048828125, 0.026529
430.89990234375, 0.024742
431.0, 0.054193
431.10009765625, 0.013167
431.199951171875, 0.054148
431.300048828125, 0.019334
431.39990234375, 0.023267
431.5, 0.029121
431.60009765625, 0.048606
431.699951171875, 0.02854
431.800048828125, 0.041277
431.89990234375, 0.045031
432.0, 0.022909
432.10009765625, 0.028585
432.199951171875, 0.019647
432.300048828125, 0.032071
432.39990234375, 0.045523
432.5, 0.044361
432.60009765625, 0.026127
432.699951171875, 0.015803
432.800048828125, 0.030149
432.89990234375, 0.028406
433.0, 0.035557
433.10009765625, 0.019111
433.199951171875, 0.034663
433.300048828125, 0.023669
433.39990234375, 0.027155
433.5, 0.028272
433.60009765625, 0.054193
433.699951171875, 0.018351
433.800048828125, 0.045523
433.89990234375, 0.030507
434.0, 0.032786
434.10009765625, 0.003513
434.199951171875, 0.010977
434.300048828125, 0.025591
434.39990234375, 0.038596
434.5, 0.020451
434.60009765625, 0.064561
434.699951171875, 0.035378
434.800048828125, 0.004094
434.89990234375, 0.011468
435.0, 0.021524
435.10009765625, 0.009144
435.199951171875, 0.004988
435.300048828125, 0.029747
435.39990234375, 0.017323
435.5, 0.026261
435.60009765625, 0.047847
435.699951171875, 0.025323
435.800048828125, 0.054282
435.89990234375, 0.031356
436.0, 0.012318
436.10009765625, 0.053657
436.199951171875, 0.030507
436.300048828125, 0.033322
436.39990234375, 0.051645
436.5, 0.014507
436.60009765625, 0.041009
436.699951171875, 0.020138
436.800048828125, 0.013882
436.89990234375, 0.031535
437.0, 0.041009
437.10009765625, 0.031937
437.199951171875, 0.023937
437.300048828125, 0.016742
437.39990234375, 0.005569
437.5, 0.02863
437.60009765625, 0.041813
437.699951171875, 0.038774
437.800048828125, -0.005023
437.89990234375, 0.040786
438.0, 0.043333
438.10009765625, 0.038059
438.199951171875, 0.040115
438.300048828125, 0.04454
438.39990234375, 0.031758
438.5, 0.029747
438.60009765625, 0.035601
438.699951171875, 0.020049
438.800048828125, 0.038685
438.89990234375, 0.039892
439.0, 0.024607
439.10009765625, 0.037166
439.199951171875, 0.039981
439.300048828125, 0.031311
439.39990234375, 0.026663
439.5, 0.047668
439.60009765625, 0.04226
439.699951171875, 0.018172
439.800048828125, 0.016965
439.89990234375, 0.017099
440.0, 0.017278
440.10009765625, 0.026931
440.199951171875, 0.026529
440.300048828125, 0.033278
440.39990234375, 0.038059
440.5, 0.014597
440.60009765625, 0.054461
440.699951171875, 0.045031
440.800048828125, 0.038506
440.89990234375, 0.029434
441.0, 0.020853
441.10009765625, 0.031981
441.199951171875, 0.021926
441.300048828125, 0.017949
441.39990234375, 0.057992
441.5, 0.052852
441.60009765625, 0.033948
441.699951171875, 0.039802
441.800048828125, 0.028451
441.89990234375, 0.010664
442.0, 0.001145
442.10009765625, 0.032473
442.199951171875, 0.049634
442.300048828125, 0.047623
442.39990234375, 0.022999
442.5, 0.034305
442.60009765625, 0.011826
442.699951171875, 0.045791
442.800048828125, 0.029702
442.89990234375, 0.054818
443.0, 0.034752
443.10009765625, 0.045567
443.199951171875, 0.029255
443.300048828125, 0.03511
443.39990234375, 0.03578
443.5, 0.027646
443.60009765625, 0.047489
443.699951171875, 0.037523
443.800048828125, 0.024295
443.89990234375, 0.028942
444.0, 0.040071
444.10009765625, 0.045255
444.199951171875, 0.01768
444.300048828125, 0.021211
444.39990234375, 0.024071
444.5, 0.047444
444.60009765625, 0.030283
444.699951171875, 0.014552
444.800048828125, 0.042573
444.89990234375, 0.005301
445.0, 0.033099
445.10009765625, 0.049232
445.199951171875, 0.019021
445.300048828125, 0.026976
445.39990234375, 0.021524
445.5, 0.036897
445.60009765625, 0.029747
445.699951171875, 0.054237
445.800048828125, 0.044137
445.89990234375, 0.031847
446.0, 0.013614
446.10009765625, 0.034216
446.199951171875, 0.026038
446.300048828125, 0.027646
446.39990234375, 0.025725
446.5, 0.035512
446.60009765625, 0.01701
446.699951171875, 0.027557
446.800048828125, 0.029077
446.89990234375, 0.042216
447.0, 0.038551
447.10009765625, 0.035423
447.199951171875, 0.014463
447.300048828125, 0.031088
447.39990234375, 0.032965
447.5, 0.031266
447.60009765625, 0.037478
447.699951171875, 0.024563
447.800048828125, 0.031311
447.89990234375, 0.034931
448.0, 0.039132
448.10009765625, 0.02854
448.199951171875, 0.025457
448.300048828125, 0.04959
448.39990234375, 0.016518
448.5, 0.009368
448.60009765625, 0.015222
448.699951171875, 0.013971
448.800048828125, 0.027959
448.89990234375, 0.065634
449.0, 0.002664
449.10009765625, 0.036093
449.199951171875, 0.026976
449.300048828125, 0.047981
449.39990234375, 0.001145
449.5, 0.026395
449.60009765625, 0.058081
449.699951171875, 0.025099
449.800048828125, 0.019289
449.89990234375, 0.025278
450.0, 0.040562
450.10009765625, 0.059332
450.199951171875, 0.017949
450.300048828125, 0.029836
450.39990234375, 0.02206
450.5, 0.033993
450.60009765625, 0.046014
450.699951171875, 0.017904
450.800048828125, 0.019468
450.89990234375, 0.025188
451.0, 0.00539
451.10009765625, 0.043735
451.199951171875, 0.032428
451.300048828125, 0.03721
451.39990234375, -0.00109
451.5, 0.055846
451.60009765625, 0.047087
451.699951171875, 0.026127
451.800048828125, 0.034663
451.89990234375, -0.005201
452.0, 0.013524
452.10009765625, 0.018574
452.199951171875, 0.03502
452.300048828125, 0.020407
452.39990234375, 0.016563
452.5, 0.008519
452.60009765625, 0.032652
452.699951171875, 0.023446
452.800048828125, 0.029077
452.89990234375, 0.062282
453.0, 0.042484
453.10009765625, -0.016955
453.199951171875, 0.00472
453.300048828125, 0.031758
453.39990234375, 0.002932
453.5, 0.029166
453.60009765625, 0.02273
453.699951171875, 0.024652
453.800048828125, 0.018172
453.89990234375, 0.043825
454.0, 0.028227
454.10009765625, 0.031624
454.199951171875, 0.066215
454.300048828125, 0.026887
454.39990234375, 0.042037
454.5, 0.04016
454.60009765625, 0.025367
454.699951171875, 0.042573
454.800048828125, 0.046059
454.89990234375, 0.016206
455.0, 0.050305
455.10009765625, 0.049009
455.199951171875, 0.011781
455.300048828125, 0.002083
455.39990234375, 0.024161
455.5, 0.02282
455.60009765625, 0.016027
455.699951171875, 0.043869
455.800048828125, 0.019513
455.89990234375, 0.019245
456.0, 0.010083
456.10009765625, 0.030149
456.199951171875, 0.025233
456.300048828125, 0.037925
456.39990234375, 0.015222
456.5, 0.021971
456.60009765625, 0.044763
456.699951171875, 0.040294
456.800048828125, 0.050618
456.89990234375, 0.014865
457.0, 0.04731
457.10009765625, 0.011334
457.199951171875, 0.044897
457.300048828125, 0.035065
457.39990234375, 0.015312
457.5, 0.020049
457.60009765625, 0.040875
457.699951171875, 0.017457
457.800048828125, 0.031624
457.89990234375, 0.023669
458.0, 0.041679
458.10009765625, 0.045121
458.199951171875, 0.017323
458.300048828125, 0.009279
458.39990234375, 0.049322
458.5, 0.049366
458.60009765625, 0.04083
458.699951171875, 0.039177
458.800048828125, 0.057902
458.89990234375, 0.009413
459.0, 0.014507
459.10009765625, 0.063131
459.199951171875, 0.022909
459.300048828125, 0.077924
459.39990234375, 0.051556
459.5, 0.047266
459.60009765625, 0.041143
459.699951171875, 0.025725
459.800048828125, 0.048696
459.89990234375, 0.051109
460.0, 0.021881
460.10009765625, 0.003469
460.199951171875, 0.046595
460.300048828125, 0.029658
460.39990234375, 0.055399
460.5, 0.038909
460.60009765625, 0.024518
460.699951171875, 0.006284
460.800048828125, 0.047221
460.89990234375, -0.00605
461.0, 0.025412
461.10009765625, 0.016697
461.199951171875, 0.056874
461.300048828125, 0.027334
461.39990234375, 0.056606
461.5, 0.014463
461.60009765625, 0.018708
461.699951171875, 0.042216
461.800048828125, 0.032741
461.89990234375, 0.023803
462.0, 0.029434
462.10009765625, 0.055042
462.199951171875, 0.02854
462.300048828125, 0.022105
462.39990234375, 0.032697
462.5, 0.015178
462.60009765625, 0.013792
462.699951171875, 0.051735
462.800048828125, 0.030596
462.89990234375, 0.029702
463.0, 0.045165
463.10009765625, 0.031356
463.199951171875, 0.028317
463.300048828125, 0.018306
463.39990234375, -0.001045
463.5, 0.039043
463.60009765625, 0.020764
463.699951171875, 0.016921
463.800048828125, 0.052852
463.89990234375, 0.012988
464.0, 0.034484
464.10009765625, 0.009904
464.199951171875, 0.028317
464.300048828125, 0.050528
464.39990234375, 0.020049
464.5, 0.039802
464.60009765625, 0.025993
464.699951171875, 0.014865
464.800048828125, 0.006776
464.89990234375, 0.025948
465.0, 0.021837
465.10009765625, 0.013748
465.199951171875, 0.023267
465.300048828125, 0.043825
465.39990234375, 0.020496
465.5, 0.01844
465.60009765625, 0.016697
465.699951171875, 0.015625
465.800048828125, 0.017234
465.89990234375, 0.030551
466.0, 0.021077
466.10009765625, 0.024965
466.199951171875, 0.034752
466.300048828125, 0.023311
466.39990234375, 0.051779
466.5, 0.057992
466.60009765625, 0.012809
466.699951171875, 0.041411
466.800048828125, 0.026619
466.89990234375, -0.005246
467.0, 0.005927
467.10009765625, 0.002351
467.199951171875, 0.026038
467.300048828125, 0.030685
467.39990234375, 0.01701
467.5, 0.042573
467.60009765625, 0.030462
467.699951171875, 0.041679
467.800048828125, 0.025233
467.89990234375, 0.040696
468.0, 0.034171
468.10009765625, 0.038506
468.199951171875, 0.045389
468.300048828125, 0.041188
468.39990234375, 0.03368
468.5, 0.020138
468.60009765625, 0.033278
468.699951171875, 0.04369
468.800048828125, 0.03216
468.89990234375, 0.023267
469.0, 0.061835
469.10009765625, 0.046506
469.199951171875, 0.024161
469.300048828125, 0.016295
469.39990234375, 0.026797
469.5, 0.015222
469.60009765625, 0.002262
469.699951171875, 0.032652
469.800048828125, 0.032026
469.89990234375, 0.034886
470.0, 0.043109
470.10009765625, 0.046953
470.199951171875, 0.049143
470.300048828125, 0.03502
470.39990234375, 0.052584
470.5, 0.058036
470.60009765625, 0.028362
470.699951171875, 0.050886
470.800048828125, 0.062639
470.89990234375, 0.03216
471.0, 0.047489
471.10009765625, 0.021613
471.199951171875, 0.022954
471.300048828125, 0.006597
471.39990234375, 0.016831
471.5, 0.020362
471.60009765625, 0.01996
471.699951171875, 0.018083
471.800048828125, 0.041769
471.89990234375, 0.023624
472.0, 0.027468
472.10009765625, 0.034037
472.199951171875, 0.020362
472.300048828125, 0.018798
472.39990234375, 0.054729
472.5, 0.03149
472.60009765625, 0.028987
472.699951171875, 0.006061
472.800048828125, 0.038417
472.89990234375, 0.038015
473.0, 0.039624
473.10009765625, 0.048741
473.199951171875, 0.019289
473.300048828125, 0.010798
473.39990234375, 0.005971
473.5, 0.016027
473.60009765625, 0.002039
473.699951171875, 0.023535
473.800048828125, 0.033769
473.89990234375, 0.043869
474.0, 2.8e-05
474.10009765625, 0.005301
474.199951171875, 0.032473
474.300048828125, 0.039043
474.39990234375, 0.020183
474.5, 0.058528
474.60009765625, 0.047489
474.699951171875, 0.045746
474.800048828125, 0.019781
474.89990234375, 0.028093
475.0, 0.030194
475.10009765625, 0.011424
475.199951171875, 0.026887
475.300048828125, 0.038238
475.39990234375, 0.045344
475.5, 0.032875
475.60009765625, 0.01272
475.699951171875, 0.021211
475.800048828125, 0.023043
475.89990234375, 0.032786
476.0, 0.031266
476.10009765625, 0.009994
476.199951171875, 0.025412
476.300048828125, 0.025412
476.39990234375, 0.034127
476.5, 0.013748
476.60009765625, 0.017502
476.699951171875, 0.060807
476.800048828125, 0.029926
476.89990234375, 0.035065
477.0, 0.017368
477.10009765625, 0.017323
477.199951171875, 0.023535
477.300048828125, 0.038015
477.39990234375, 0.013345
477.5, 0.070103
477.60009765625, 0.028183
477.699951171875, 0.037344
477.800048828125, 0.031669
477.89990234375, 0.053567
478.0, 0.019602
478.10009765625, 0.019155
478.199951171875, 0.021434
478.300048828125, 0.020094
478.39990234375, 0.055578
478.5, 0.027646
478.60009765625, 0.034082
478.699951171875, 0.043244
478.800048828125, -0.016061
478.89990234375, 0.03511
479.0, -0.000956
479.10009765625, 0.035825
479.199951171875, 0.035467
479.300048828125, 0.033769
479.39990234375, 0.029568
479.5, 0.032026
479.60009765625, 0.031535
479.699951171875, 0.07417
479.800048828125, 0.006999
479.89990234375, 0.023222
480.0, 0.020317
480.10009765625, 0.011513
480.199951171875, 0.016697
480.300048828125, 0.03006
480.39990234375, 0.0495
480.5, 0.035423
480.60009765625, 0.055399
480.699951171875, 0.032205
480.800048828125, 0.024295
480.89990234375, 0.042126
481.0, 0.035601
481.10009765625, 0.032607
481.199951171875, 0.030507
481.300048828125, 0.02568
481.39990234375, 0.02863
481.5, 0.056293
481.60009765625, 0.040562
481.699951171875, 0.05102
481.800048828125, 0.025054
481.89990234375, 0.022015
482.0, 0.011602
482.10009765625, 0.034618
482.199951171875, 0.030149
482.300048828125, 0.027825
482.39990234375, 0.0394
482.5, 0.035512
482.60009765625, 0.081186
482.699951171875, 0.056517
482.800048828125, 0.030551
482.89990234375, 0.033099
483.0, 0.041992
483.10009765625, 0.027065
483.199951171875, 0.025457
483.300048828125, 0.043288
483.39990234375, 0.039847
483.5, 0.031535
483.60009765625, 0.047534
483.699951171875, 0.038596
483.800048828125, 0.024518
483.89990234375, 0.034708
484.0, 0.023937
484.10009765625, 0.041948
484.199951171875, 0.046193
484.300048828125, 0.033188
484.39990234375, 0.047936
484.5, 0.016474
484.60009765625, 0.025501
484.699951171875, 0.02854
484.800048828125, 0.049992
484.89990234375, 0.040473
485.0, 0.017904
485.10009765625, 0.041992
485.199951171875, 0.018887
485.300048828125, 0.035244
485.39990234375, 0.037076
485.5, 0.043825
485.60009765625, 0.014552
485.699951171875, 0.028227
485.800048828125, 0.041143
485.89990234375, 0.046238
486.0, 0.025278
486.10009765625, 0.008251
486.199951171875, 0.044316
486.300048828125, 0.057768
486.39990234375, 0.023892
486.5, 0.04092
486.60009765625, 0.009457
486.699951171875, 0.008832
486.800048828125, 0.041411
486.89990234375, 0.030462
487.0, 0.025188
487.10009765625, 0.03797
487.199951171875, 0.023848
487.300048828125, 0.050171
487.39990234375, 0.037523
487.5, 0.016072
487.60009765625, -0.006184
487.699951171875, 0.047221
487.800048828125, 0.037657
487.89990234375, 0.063757
488.0, 0.06903
488.10009765625, 0.055623
488.199951171875, 0.037881
488.300048828125, 0.014686
488.39990234375, 0.036853
488.5, 0.002977
488.60009765625, 0.02349
488.699951171875, 0.027781
488.800048828125, 0.014239
488.89990234375, 0.036316
489.0, 0.031758
489.10009765625, 0.03006
489.199951171875, 0.048606
489.300048828125, 0.043646
489.39990234375, 0.027289
489.5, 0.029166
489.60009765625, 0.017859
489.699951171875, 0.027065
489.800048828125, 0.023177
489.89990234375, 0.032965
490.0, 0.025814
490.10009765625, 0.036674
490.199951171875, 0.040651
490.300048828125, 0.021881
490.39990234375, 0.023848
490.5, 0.023222
490.60009765625, 0.005301
490.699951171875, 0.041188
490.800048828125, 0.037032
490.89990234375, 0.013971
491.0, 0.056695
491.10009765625, 0.031937
491.199951171875, 0.02711
491.300048828125, -0.004933
491.39990234375, 0.035244
491.5, 0.046193
491.60009765625, 0.034305
491.699951171875, 0.037166
491.800048828125, 0.039713
491.89990234375, 0.036808
492.0, 0.060494
492.10009765625, 0.048383
492.199951171875, 0.017591
492.300048828125, 0.036227
492.39990234375, 0.030239
492.5, -0.006184
492.60009765625, 0.034216
492.699951171875, 0.038685
492.800048828125, 0.038104
492.89990234375, 0.023535
493.0, 0.025948
493.10009765625, 0.025054
493.199951171875, 0.042529
493.300048828125, 0.027065
493.39990234375, 0.016831
493.5, 0.013256
493.60009765625, -0.000911
493.699951171875, 0.012675
493.800048828125, 0.029568
493.89990234375, 0.035691
494.0, 0.039043
494.10009765625, 0.011737
494.199951171875, 0.041277
494.300048828125, 0.035691
494.39990234375, 0.041679
494.5, 0.015178
494.60009765625, 0.000653
494.699951171875, 0.048383
494.800048828125, 0.029345
494.89990234375, 0.052316
495.0, 0.038774
495.10009765625, 0.040473
495.199951171875, 0.020138
495.300048828125, 0.021792
495.39990234375, 0.064248
495.5, 0.029255
495.60009765625, 0.03435
495.699951171875, 0.051958
495.800048828125, 0.026082
495.89990234375, 0.017457
496.0, 0.04521
496.10009765625, -0.005246
496.199951171875, 0.030909
496.300048828125, 0.009234
496.39990234375, 0.05598
496.5, 0.019781
496.60009765625, 0.062014
496.699951171875, 0.041054
496.800048828125, 0.010083
496.89990234375, 0.014999
497.0, 0.056874
497.10009765625, 0.035914
497.199951171875, 0.035289
497.300048828125, 0.047087
497.39990234375, 0.041456
497.5, 0.041679
497.60009765625, 0.026395
497.699951171875, 0.016429
497.800048828125, 0.014105
497.89990234375, 0.01701
498.0, 0.069432
498.10009765625, 0.030641
498.199951171875, 0.020988
498.300048828125, 0.048919
498.39990234375, 0.054014
498.5, 0.034618
498.60009765625, -0.001805
498.699951171875, 0.003424
498.800048828125, 0.024652
498.89990234375, 0.062818
499.0, 0.029121
499.10009765625, 0.022149
499.199951171875, 0.036853
499.300048828125, 0.024518
499.39990234375, 0.014463
499.5, 0.024161
499.60009765625, 0.038506
499.699951171875, 0.033054
499.800048828125, 0.034574
499.89990234375, 0.017591
500.0, 0.034529
500.10009765625, 0.044093
500.199951171875, 0.045836
500.300048828125, 0.020764
500.39990234375, 0.006955
500.5, 0.017546
500.60009765625, 0.055891
500.699951171875, 0.025635
500.800048828125, 0.053076
500.89990234375, 0.027691
501.0, 0.01625
501.10009765625, 0.054953
501.199951171875, 0.025233
501.300048828125, 0.013882
501.39990234375, 0.039266
501.5, 0.052629
501.60009765625, 0.017457
501.699951171875, 0.027334
501.800048828125, 0.058885
501.89990234375, 0.027512
502.0, 0.025635
502.10009765625, 0.034305
502.199951171875, 0.047623
502.300048828125, 0.028093
502.39990234375, 0.024563
502.5, 0.027155
502.60009765625, 0.015625
502.699951171875, 0.013122
502.800048828125, 0.028987
502.89990234375, 0.028808
503.0, 0.030998
503.10009765625, 0.023267
503.199951171875, 0.003737
503.300048828125, 0.028004
503.39990234375, 0.038774
503.5, 0.024652
503.60009765625, 0.053657
503.699951171875, 0.05093
503.800048828125, 0.04226
503.89990234375, 0.013703
504.0, 0.041903
504.10009765625, 0.044406
504.199951171875, 0.053388
504.300048828125, 0.012541
504.39990234375, 0.014597
504.5, 0.039892
504.60009765625, 0.001368
504.699951171875, 0.052986
504.800048828125, 0.030864
504.89990234375, 0.030685
505.0, 0.049009
505.10009765625, 0.020541
505.199951171875, 0.061701
505.300048828125, 0.023267
505.39990234375, 0.044361
505.5, 0.05312
505.60009765625, 0.050752
505.699951171875, 0.015401
505.800048828125, 0.036316
505.89990234375, 0.048517
506.0, 0.047847
506.10009765625, 0.023133
506.199951171875, 0.023758
506.300048828125, 0.021971
506.39990234375, 0.024652
506.5, 0.01634
506.60009765625, 0.028585
506.699951171875, -0.008151
506.800048828125, 0.017546
506.89990234375, 0.034484
507.0, 0.011424
507.10009765625, 0.019334
507.199951171875, 0.020228
507.300048828125, 0.00615
507.39990234375, 0.018306
507.5, 0.023758
507.60009765625, 0.028808
507.699951171875, 0.014329
507.800048828125, 0.046819
507.89990234375, 0.035065
508.0, 0.009234
508.10009765625, 0.02425
508.199951171875, 0.03006
508.300048828125, 0.048204
508.39990234375, 0.031535
508.5, 0.03721
508.60009765625, 0.04159
508.699951171875, 0.033635
508.800048828125, 0.031088
508.89990234375, 0.054729
509.0, 0.057679
509.10009765625, 0.050886
509.199951171875, 0.014195
509.300048828125, 0.029121
509.39990234375, 0.033769
509.5, 0.037836
509.60009765625, 0.058528
509.699951171875, -0.014318
509.800048828125, 0.014776
509.89990234375, 0.044182
510.0, -0.002028
510.10009765625, 0.037657
510.199951171875, 0.020809
510.300048828125, 0.052405
510.39990234375, 0.044852
510.5, 0.015625
510.60009765625, 0.043288
510.699951171875, 0.042975
510.800048828125, 0.027736
510.89990234375, 0.036048
511.0, 0.054282
511.10009765625, 0.020272
511.199951171875, 0.05674
511.300048828125, 0.071935
511.39990234375, 0.036942
511.5, 0.049456
511.60009765625, 0.036361
511.699951171875, 0.058751
511.800048828125, 0.030149
511.89990234375, 0.035646
512.0, 0.036897
512.10009765625, 0.015133
512.199951171875, 0.034529
512.300048828125, 0.011871
512.39990234375, 0.04807
512.5, 0.031758
512.60009765625, 0.006463
512.699951171875, 0.047355
512.800048828125, 0.027065
512.89990234375, 0.043646
513.0, 0.033367
513.10009765625, 0.047847
513.199951171875, 0.051779
513.300048828125, 0.025859
513.39990234375, 0.016072
513.5, 0.043065
513.60009765625, 0.04159
513.699951171875, 0.026485
513.800048828125, 0.02349
513.89990234375, 0.050215
514.0, 0.01634
514.10009765625, 0.041411
514.199951171875, 0.060315
514.300048828125, 0.060047
514.39990234375, 0.024607
514.5, 0.025814
514.60009765625, 0.029032
514.699951171875, 0.039758
514.800048828125, 0.051914
514.89990234375, 0.023446
515.0, 0.042439
515.10009765625, 0.054908
515.199951171875, 0.015312
515.300048828125, 0.017546
515.39990234375, 0.00186
515.5, 0.034797
515.60009765625, 0.020585
515.699951171875, 0.048428
515.800048828125, -0.003414
515.89990234375, 0.0272
516.0, 0.037568
516.10009765625, 0.014641
516.199951171875, 0.006508
516.300048828125, 0.027334
516.39990234375, 0.029166
516.5, 0.048472
516.60009765625, 0.020004
516.699951171875, 0.038417
516.800048828125, 0.040339
516.89990234375, 0.002128
517.0, 0.015267
517.10009765625, -0.007793
517.199951171875, 0.028138
517.300048828125, 0.041367
517.39990234375, 0.013703
517.5, 0.029747
517.60009765625, 0.02997
517.699951171875, 0.074974
517.800048828125, 0.02282
517.89990234375, 0.040294
518.0, 0.055265
518.10009765625, 0.013748
518.199951171875, 0.033724
518.300048828125, 0.041992
518.39990234375, 0.041679
518.5, 0.029255
518.60009765625, 0.04664
518.699951171875, 0.03073
518.800048828125, 0.02206
518.89990234375, -0.007704
519.0, 0.034484
519.10009765625, 0.003469
519.199951171875, 0.015625
519.300048828125, 0.03864
519.39990234375, 0.039847
519.5, 0.014999
519.60009765625, 0.038015
519.699951171875, 0.025144
519.800048828125, 0.033814
519.89990234375, 0.031222
520.0, 0.031222
520.10009765625, 0.012318
520.199951171875, 0.020094
520.300048828125, 0.02635
520.39990234375, 0.009144
520.5, 0.021926
520.60009765625, 0.033858
520.699951171875, 0.030462
520.800048828125, 0.017636
520.89990234375, 0.024071
521.0, 0.031088
521.10009765625, 0.003067
521.199951171875, 0.019111
521.300048828125, 0.026529
521.39990234375, 0.036138
521.5, 0.051422
521.60009765625, 0.051467
521.699951171875, 0.033903
521.800048828125, 0.03654
521.89990234375, 0.046908
522.0, 0.03073
522.10009765625, 0.02711
522.199951171875, 0.052673
522.300048828125, 0.020451
522.39990234375, 0.034574
522.5, 0.033188
522.60009765625, 0.011737
522.699951171875, 0.061075
522.800048828125, 0.052986
522.89990234375, 0.032071
523.0, 0.021256
523.10009765625, 0.047713
523.199951171875, 0.036495
523.300048828125, 0.03797
523.39990234375, 0.032071
523.5, 0.064472
523.60009765625, 0.007759
523.699951171875, 0.013703
523.800048828125, 0.026216
523.89990234375, 0.019915
524.0, 0.019781
524.10009765625, 0.033769
524.199951171875, 0.046819
524.300048828125, 0.027736
524.39990234375, 0.053835
524.5, 0.034886
524.60009765625, 0.048919
524.699951171875, -0.004933
524.800048828125, 0.044316
524.89990234375, 0.041054
525.0, 0.025501
525.10009765625, 0.03368
525.199951171875, 0.037925
525.300048828125, 0.02492
525.39990234375, 0.032116
525.5, 0.021122
525.60009765625, 0.033278
525.699951171875, 0.011871
525.800048828125, 0.013837
525.89990234375, 0.031579
526.0, 0.011066
526.10009765625, 0.032875
526.199951171875, 0.034395
526.300048828125, 0.029792
526.39990234375, 0.026797
526.5, 0.013614
526.60009765625, 0.025501
526.699951171875, 0.025814
526.800048828125, 0.046059
526.89990234375, 0.026619
527.0, 0.025904
527.10009765625, 0.048294
527.199951171875, 0.018172
527.300048828125, 0.019021
527.39990234375, 0.007938
527.5, 0.033099
527.60009765625, 0.036048
527.699951171875, 0.027781
527.800048828125, 0.040741
527.89990234375, 0.027468
528.0, 0.022865
528.10009765625, 0.053567
528.199951171875, 0.045612
528.300048828125, 0.019379
528.39990234375, 0.048472
528.5, 0.05093
528.60009765625, 0.031088
528.699951171875, 0.056472
528.800048828125, 0.047668
528.89990234375, 0.033099
529.0, 0.063354
529.10009765625, 0.020809
529.199951171875, 0.02139
529.300048828125, 0.016831
529.39990234375, 0.01263
529.5, 0.056472
529.60009765625, 0.019111
529.699951171875, 0.023848
529.800048828125, 0.029613
529.89990234375, 0.030149
530.0, 0.036942
530.10009765625, 0.030104
530.199951171875, 0.031177
530.300048828125, 0.016384
530.39990234375, 0.049053
530.5, 0.032875
530.60009765625, 0.020541
530.699951171875, 0.012183
530.800048828125, 0.028808
530.89990234375, 0.028674
531.0, 0.022462
531.10009765625, 0.054684
531.199951171875, 0.06398
531.300048828125, 0.008966
531.39990234375, 0.022865
531.5, 0.008966
531.60009765625, 0.04807
531.699951171875, 0.058573
531.800048828125, 0.024518
531.89990234375, 0.024876
532.0, 0.038551
532.10009765625, 0.028451
532.199951171875, 0.031981
532.300048828125, 0.018127
532.39990234375, 0.049053
532.5, 0.032339
532.60009765625, 0.013614
532.699951171875, 0.031937
532.800048828125, 0.029479
532.89990234375, 0.039132
533.0, 0.038953
533.10009765625, 0.062327
533.199951171875, 0.056606
533.300048828125, 0.030998
533.39990234375, 0.040875
533.5, 0.015714
533.60009765625, 0.048025
533.699951171875, 0.024607
533.800048828125, 0.048875
533.89990234375, -0.002877
534.0, 0.049366
534.10009765625, 0.052539
534.199951171875, 0.060181
534.300048828125, -0.014005
534.39990234375, 0.016295
534.5, 0.013926
534.60009765625, -0.001492
534.699951171875, 0.030596
534.800048828125, 0.032965
534.89990234375, 0.027244
535.0, 0.008653
535.10009765625, 0.046014
535.199951171875, 0.07198
535.300048828125, 0.051779
535.39990234375, 0.036897
535.5, 0.048383
535.60009765625, 0.038506
535.699951171875, 0.02492
535.800048828125, 0.01558
535.89990234375, 0.025367
536.0, 0.025323
536.10009765625, 0.036674
536.199951171875, 0.029077
536.300048828125, 0.047221
536.39990234375, -0.01557
536.5, 0.038015
536.60009765625, 0.029077
536.699951171875, 0.002441
536.800048828125, 0.024831
536.89990234375, 0.029881
537.0, 0.025725
537.10009765625, 0.038283
537.199951171875, 0.028764
537.300048828125, 0.029434
537.39990234375, 0.051199
537.5, -0.001179
537.60009765625, 0.007044
537.699951171875, 0.029032
537.800048828125, 0.042484
537.89990234375, 0.035378
538.0, 0.023714
538.10009765625, 0.043467
538.199951171875, 0.023088
538.300048828125, 0.04226
538.39990234375, 0.036897
538.5, 0.013658
538.60009765625, 0.035333
538.699951171875, 0.017636
538.800048828125, 0.021569
538.89990234375, 0.055176
539.0, 0.036719
539.10009765625, 0.023133
539.199951171875, 0.039936
539.300048828125, 0.004407
539.39990234375, 0.011915
539.5, 0.028764
539.60009765625, 0.040696
539.699951171875, 0.049813
539.800048828125, 0.0474
539.89990234375, 0.039668
540.0, 0.034931
540.10009765625, 0.025099
540.199951171875, 0.036719
540.300048828125, 0.032697
540.39990234375, 0.01491
540.5, 0.035512
540.60009765625, 0.035557
540.699951171875, 0.04807
540.800048828125, -0.007615
540.89990234375, 0.032518
541.0, 0.05893
541.10009765625, 0.060137
541.199951171875, 0.037344
541.300048828125, 0.02492
541.39990234375, 0.009144
541.5, 0.028942
541.60009765625, 0.050796
541.699951171875, 0.031088
541.800048828125, 0.037791
541.89990234375, 0.03864
542.0, -0.003011
542.10009765625, 0.036316
542.199951171875, 0.034708
542.300048828125, 0.025993
542.39990234375, 0.049232
542.5, 0.028496
542.60009765625, 0.032741
542.699951171875, 0.027244
542.800048828125, -0.009223
542.89990234375, 0.008563
543.0, 0.022954
543.10009765625, 0.030149
543.199951171875, 0.009189
543.300048828125, 0.012988
543.39990234375, 0.025457
543.5, 0.041277
543.60009765625, 0.027691
543.699951171875, 0.028987
543.800048828125, 0.05817
543.89990234375, 0.012049
544.0, 0.001949
544.10009765625, 0.009636
544.199951171875, 0.020675
544.300048828125, 0.057902
544.39990234375, 0.013479
544.5, 0.022418
544.60009765625, 0.05455
544.699951171875, 0.016116
544.800048828125, 0.046998
544.89990234375, 0.033412
545.0, 0.033948
545.10009765625, 0.027468
545.199951171875, 0.029211
545.300048828125, 0.021971
545.39990234375, 0.050126
545.5, 0.046551
545.60009765625, 0.049813
545.699951171875, 0.038819
545.800048828125, 0.023624
545.89990234375, 0.035601
546.0, 0.010709
546.10009765625, 0.03587
546.199951171875, 0.037881
546.300048828125, 0.046372
546.39990234375, 0.04597
546.5, 0.03006
546.60009765625, 0.038596
546.699951171875, 0.037836
546.800048828125, 0.038685
546.89990234375, 0.036808
547.0, 0.047042
547.10009765625, 0.01634
547.199951171875, 0.030239
547.300048828125, 0.033188
547.39990234375, 0.034886
547.5, 0.03873
547.60009765625, 0.043378
547.699951171875, 0.029479
547.800048828125, 0.037076
547.89990234375, 0.02358
548.0, 0.026216
548.10009765625, 0.057813
548.199951171875, 0.019736
548.300048828125, 0.023133
548.39990234375, -0.001849
548.5, 0.036272
548.60009765625, 0.025769
548.699951171875, 0.054103
548.800048828125, 0.029255
548.89990234375, 0.008966
549.0, 0.02139
549.10009765625, 0.009949
549.199951171875, 0.029658
549.300048828125, 0.059556
549.39990234375, 0.054059
549.5, 0.00758
549.60009765625, 0.040383
549.699951171875, 0.008429
549.800048828125, 0.020049
549.89990234375, 0.02568
550.0, 0.016027
550.10009765625, 0.017099
550.199951171875, 0.046238
550.300048828125, 0.037791
550.39990234375, 0.029121
550.5, 0.030239
550.60009765625, 0.036495
550.699951171875, 0.059958
550.800048828125, 0.02349
550.89990234375, 0.050037
551.0, 0.036719
551.10009765625, 0.04454
551.199951171875, 0.022954
551.300048828125, 0.040875
551.39990234375, 0.044137
551.5, 0.041277
551.60009765625, 0.012943
551.699951171875, 0.030864
551.800048828125, 0.034886
551.89990234375, 0.015491
552.0, 0.040205
552.10009765625, 0.030194
552.199951171875, 0.031132
552.300048828125, 0.028183
552.39990234375, 0.020407
552.5, 0.023356
552.60009765625, 0.013926
552.699951171875, 0.017502
552.800048828125, 0.024161
552.89990234375, 0.047221
553.0, 0.037255
553.10009765625, 0.05093
553.199951171875, 0.034082
553.300048828125, 0.022641
553.39990234375, 0.037076
553.5, 0.034797
553.60009765625, 0.038372
553.699951171875, 0.031356
553.800048828125, 0.026172
553.89990234375, 0.034663
554.0, -0.009492
554.10009765625, 0.022105
554.199951171875, 0.028942
554.300048828125, 0.008563
554.39990234375, 0.041456
554.5, 0.015937
554.60009765625, 0.033099
554.699951171875, 0.032831
554.800048828125, 0.052539
554.89990234375, 0.031266
555.0, 0.033948
555.10009765625, 0.030954
555.199951171875, 0.03082
555.300048828125, 0.002262
555.39990234375, 0.05102
555.5, 0.022865
555.60009765625, 0.0272
555.699951171875, 0.029166
555.800048828125, 0.044674
555.89990234375, -0.002475
556.0, 0.01701
556.10009765625, -0.013871
556.199951171875, 0.011558
556.300048828125, 0.026797
556.39990234375, 0.020988
556.5, 0.043512
556.60009765625, 0.022328
556.699951171875, 0.042216
556.800048828125, 0.047221
556.89990234375, 0.03073
557.0, 0.027423
557.10009765625, 0.05598
557.199951171875, 0.027602
557.300048828125, 0.026619
557.39990234375, 0.034752
557.5, 0.03435
557.60009765625, 0.018798
557.699951171875, 0.020585
557.800048828125, 0.034127
557.89990234375, 0.058304
558.0, 0.020988
558.10009765625, 0.032205
558.199951171875, 0.038819
558.300048828125, 0.025278
558.39990234375, 0.018485
558.5, 0.027557
558.60009765625, 0.046685
558.699951171875, 0.04159
558.800048828125, 0.020585
558.89990234375, 0.059511
559.0, 0.021881
559.10009765625, 0.025993
559.199951171875, 0.019245
559.300048828125, 0.021166
559.39990234375, -0.010162
559.5, 0.026574
559.60009765625, 0.050752
559.699951171875, 0.042529
559.800048828125, 0.017457
559.89990234375, 0.02349
560.0, 0.035691
560.10009765625, 0.043109
560.199951171875, 0.017591
560.300048828125, 0.042886
560.39990234375, 0.027512
560.5, 0.019826
560.60009765625, 0.008966
560.699951171875, 0.013658
560.800048828125, 0.035467
560.89990234375, 0.028138
561.0, 0.058349
561.10009765625, 0.028362
561.199951171875, 0.050171
561.300048828125, 0.010128
561.39990234375, 0.044406
561.5, 0.027468
561.60009765625, 0.020004
561.699951171875, 0.031356
561.800048828125, 0.021569
561.89990234375, 0.014284
562.0, 0.033278
562.10009765625, 0.055578
562.199951171875, 0.057947
562.300048828125, 0.032071
562.39990234375, 0.021747
562.5, 0.059198
562.60009765625, 0.047891
562.699951171875, 0.015535
562.800048828125, 0.031624
562.89990234375, 0.016384
563.0, 0.017144
563.10009765625, 0.035423
563.199951171875, 0.045076
563.300048828125, 0.026797
563.39990234375, 0.03368
563.5, -0.001715
563.60009765625, 0.018217
563.699951171875, 0.050215
563.800048828125, 0.026485
563.89990234375, 0.03502
564.0, 0.008787
564.10009765625, 0.004541
564.199951171875, 0.028585
564.300048828125, 0.031981
564.39990234375, 0.052048
564.5, 0.033233
564.60009765625, 0.025144
564.699951171875, 0.040562
564.800048828125, 0.043646
564.89990234375, 0.039311
565.0, 0.035199
565.10009765625, 0.045121
565.199951171875, 0.023669
565.300048828125, 0.04016
565.39990234375, 0.02139
565.5, 0.054506
565.60009765625, 0.03949
565.699951171875, 0.025725
565.800048828125, 0.007178
565.89990234375, 0.010083
566.0, 0.020809
566.10009765625, 0.042305
566.199951171875, 0.018127
566.300048828125, 0.041635
566.39990234375, 0.023177
566.5, 0.021926
566.60009765625, 0.024205
566.699951171875, 0.011826
566.800048828125, 0.034842
566.89990234375, 0.035378
567.0, 0.058394
567.10009765625, 0.035825
567.199951171875, 0.018798
567.300048828125, 0.031445
567.39990234375, 0.018574
567.5, 0.03511
567.60009765625, 0.01339
567.699951171875, 0.023669
567.800048828125, 0.021881
567.89990234375, 0.012541
568.0, 0.038328
568.10009765625, 0.021658
568.199951171875, 0.038551
568.300048828125, 0.048651
568.39990234375, 0.028227
568.5, 0.042707
568.60009765625, 0.054506
568.699951171875, 0.030954
568.800048828125, 0.039266
568.89990234375, 0.00834
569.0, 0.026306
569.10009765625, 0.011424
569.199951171875, 0.023446
569.300048828125, 0.021166
569.39990234375, 0.043556
569.5, 0.018842
569.60009765625, 0.036093
569.699951171875, 0.022596
569.800048828125, 0.009457
569.89990234375, 0.027244
570.0, -0.001403
570.10009765625, 0.018083
570.199951171875, 0.006508
570.300048828125, 0.00186
570.39990234375, 0.043959
570.5, 0.025099
570.60009765625, 0.034305
570.699951171875, 0.006552
570.800048828125, 0.031847
570.89990234375, 0.027423
571.0, 0.049411
571.10009765625, 0.021434
571.199951171875, 0.018664
571.300048828125, 0.013748
571.39990234375, 0.040115
571.5, 0.03006
571.60009765625, 0.032339
571.699951171875, 0.024742
571.800048828125, 0.037121
571.89990234375, 0.040607
572.0, 0.041992
572.10009765625, 0.024831
572.199951171875, 0.022328
572.300048828125, 0.023758
572.39990234375, 0.042975
572.5, 0.009994
572.60009765625, 0.020988
572.699951171875, 0.028942
572.800048828125, 0.037121
572.89990234375, 0.03511
573.0, 0.029479
573.10009765625, 0.037255
573.199951171875, 0.032205
573.300048828125, 0.026842
573.39990234375, 0.021345
573.5, 0.047713
573.60009765625, 0.021703
573.699951171875, 0.03587
573.800048828125, 0.019021
573.89990234375, 0.028362
574.0, 0.054014
574.10009765625, 0.019021
574.199951171875, 0.03073
574.300048828125, 0.049813
574.39990234375, 0.070639
574.5, 0.024652
574.60009765625, 0.052271
574.699951171875, 0.041679
574.800048828125, 0.053567
574.89990234375, 0.072561
575.0, 0.048606
575.10009765625, 0.027825
575.199951171875, 0.020451
575.300048828125, 0.023937
575.39990234375, 0.020138
575.5, 0.006105
575.60009765625, 0.043914
575.699951171875, 0.034395
575.800048828125, 0.022596
575.89990234375, 0.057723
576.0, 0.034082
576.10009765625, 0.029389
576.199951171875, 0.034171
576.300048828125, 0.019155
576.39990234375, 0.049947
576.5, 0.025323
576.60009765625, 0.021613
576.699951171875, 0.03949
576.800048828125, 0.044003
576.89990234375, 0.003201
577.0, -0.001179
577.10009765625, 0.040696
577.199951171875, 0.024205
577.300048828125, 0.055846
577.39990234375, 0.034439
577.5, 0.050171
577.60009765625, -0.020396
577.699951171875, 0.019513
577.800048828125, 0.028227
577.89990234375, 0.051556
578.0, 0.043512
578.10009765625, 0.000296
578.199951171875, 0.051109
578.300048828125, 0.010619
578.39990234375, 0.010396
578.5, 0.026395
578.60009765625, 0.032875
578.699951171875, 0.007938
578.800048828125, 0.036272
578.89990234375, 0.034305
579.0, 0.031043
579.10009765625, 0.030373
579.199951171875, 0.008295
579.300048828125, 0.025725
579.39990234375, 0.010128
579.5, 0.028406
579.60009765625, 0.02282
579.699951171875, 0.029926
579.800048828125, 0.023848
579.89990234375, 0.044629
580.0, 0.03292
580.10009765625, 0.016876
580.199951171875, 0.031445
580.300048828125, 0.020183
580.39990234375, 0.052539
580.5, 0.020496
580.60009765625, 0.019423
580.699951171875, 0.037747
580.800048828125, 0.048919
580.89990234375, 0.052897
581.0, 0.051288
581.10009765625, 0.028272
581.199951171875, 0.019647
581.300048828125, 0.025769
581.39990234375, 0.045076
581.5, 0.030104
581.60009765625, 0.023401
581.699951171875, 0.040249
581.800048828125, 0.018127
581.89990234375, 0.033188
582.0, 0.031758
582.10009765625, 0.034082
582.199951171875, 0.001234
582.300048828125, 0.026753
582.39990234375, 0.018038
582.5, 0.022418
582.60009765625, 0.031132
582.699951171875, 0.032071
582.800048828125, 0.049098
582.89990234375, 0.055131
583.0, 0.030104
583.10009765625, 0.007089
583.199951171875, 0.064159
583.300048828125, 0.02863
583.39990234375, 0.025278
583.5, 0.057679
583.60009765625, 0.039087
583.699951171875, 0.008072
583.800048828125, 0.058617
583.89990234375, 0.03949
584.0, 0.035512
584.10009765625, 0.03435
584.199951171875, 0.05321
584.300048828125, 0.026574
584.39990234375, 0.024161
584.5, 0.025904
584.60009765625, 0.023758
584.699951171875, 0.04454
584.800048828125, 0.027781
584.89990234375, 0.019423
585.0, 0.0314
585.10009765625, 0.022105
585.199951171875, 0.029479
585.300048828125, 0.026395
585.39990234375, 0.031445
585.5, 0.035735
585.60009765625, 0.02063
585.699951171875, 0.055802
585.800048828125, 0.043959
585.89990234375, 0.054193
586.0, 0.030373
586.10009765625, 0.032384
586.199951171875, 0.013614
586.300048828125, 0.0293
586.39990234375, 0.046819
586.5, 0.03864
586.60009765625, 0.042841
586.699951171875, 0.039713
586.800048828125, 0.043869
586.89990234375, 0.0091
587.0, 0.027155
587.10009765625, 0.0112
587.199951171875, 0.036674
587.300048828125, 0.002173
587.39990234375, 0.037613
587.5, 0.01491
587.60009765625, 0.039847
587.699951171875, 0.037613
587.800048828125, 0.017055
587.89990234375, 0.010396
588.0, 0.031981
588.10009765625, 0.037121
588.199951171875, 0.047042
588.300048828125, 0.062058
588.39990234375, 0.024384
588.5, 0.036227
588.60009765625, 0.01987
588.699951171875, 0.053657
588.800048828125, 0.03654
588.89990234375, 0.03654
589.0, 0.015535
589.10009765625, 0.035691
589.199951171875, 0.022239
589.300048828125, 0.034484
589.39990234375, 0.046461
589.5, 0.02425
589.60009765625, 0.026753
589.699951171875, 0.020675
589.800048828125, 0.041635
589.89990234375, 0.04226
590.0, 0.032786
590.10009765625, 0.042529
590.199951171875, 0.018574
590.300048828125, 0.008787
590.39990234375, 0.037166
590.5, 0.02206
590.60009765625, 0.059332
590.699951171875, 0.024965
590.800048828125, 0.030596
590.89990234375, 0.0314
591.0, 0.038238
591.10009765625, 0.057321
591.199951171875, 0.01053
591.300048828125, 0.035646
591.39990234375, 0.033054
591.5, 0.020317
591.60009765625, 0.038551
591.699951171875, 0.041277
591.800048828125, 0.033724
591.89990234375, 0.01415
592.0, 0.030239
592.10009765625, 0.0596
592.199951171875, 0.015178
592.300048828125, 0.025635
592.39990234375, 0.043914
592.5, 0.027021
592.60009765625, 0.018172
592.699951171875, 0.037791
592.800048828125, 0.035557
592.89990234375, 0.0495
593.0, 0.064293
593.10009765625, 0.029747
593.199951171875, 0.001279
593.300048828125, 0.050528
593.39990234375, 0.038462
593.5, 0.051154
593.60009765625, 0.065678
593.699951171875, 0.02425
593.800048828125, 0.031132
593.89990234375, -0.009626
594.0, 0.015044
594.10009765625, 0.028451
594.199951171875, 0.031669
594.300048828125, 0.008921
594.39990234375, 0.01844
594.5, 0.04454
594.60009765625, 0.009413
594.699951171875, 0.029926
594.800048828125, 0.037523
594.89990234375, 0.048696
595.0, 0.033367
595.10009765625, 0.021703
595.199951171875, 0.035289
595.300048828125, 0.020407
595.39990234375, 0.002351
595.5, 0.012362
595.60009765625, 0.06255
595.699951171875, 0.039355
595.800048828125, 0.041098
595.89990234375, 0.010396
596.0, 0.029077
596.10009765625, 0.006731
596.199951171875, 0.020407
596.300048828125, 0.016116
596.39990234375, 0.01196
596.5, 0.015088
596.60009765625, 0.013882
596.699951171875, 0.025457
596.800048828125, 0.042216
596.89990234375, 0.050886
597.0, 0.058215
597.10009765625, 0.038506
597.199951171875, 0.033278
597.300048828125, 0.043065
597.39990234375, 0.019245
597.5, 0.025278
597.60009765625, 0.038417
597.699951171875, 0.00177
597.800048828125, 0.04369
597.89990234375, 0.039936
598.0, 0.041858
598.10009765625, 0.033188
598.199951171875, 0.021166
598.300048828125, 0.026261
598.39990234375, 0.029479
598.5, 0.006284
598.60009765625, 0.040026
598.699951171875, 0.02206
598.800048828125, 0.044227
598.89990234375, 0.023624
599.0, 0.016116
599.10009765625, 0.044271
599.199951171875, 0.017949
599.300048828125, 0.027557
599.39990234375, 0.009189
599.5, 0.025054
599.60009765625, 0.027557
599.699951171875, 0.035646
599.800048828125, 0.020943
599.89990234375, 0.034752
600.0, 0.04521
600.10009765625, 0.031937
600.199951171875, 0.021613
600.300048828125, 0.014999
600.39990234375, 0.02063
600.5, 0.012094
600.60009765625, 0.031132
600.699951171875, 0.023043
600.800048828125, 0.042573
600.89990234375, 0.040741
601.0, 0.025144
601.10009765625, 0.025278
601.199951171875, 0.03949
601.300048828125, 0.038596
601.39990234375, 0.004228
601.5, 0.0091
601.60009765625, 0.018083
601.699951171875, 0.052092
601.800048828125, 0.062148
601.89990234375, 0.01634
602.0, 0.028808
602.10009765625, 0.049009
602.199951171875, 0.032562
602.300048828125, 0.017636
602.39990234375, 0.028585
602.5, 0.043556
602.60009765625, 0.066125
602.699951171875, 0.039132
602.800048828125, 0.05093
602.89990234375, 0.010306
603.0, 0.021211
603.10009765625, 0.041188
603.199951171875, 0.008653
603.300048828125, 0.008117
603.39990234375, 0.027915
603.5, 0.036227
603.60009765625, 0.02787
603.699951171875, 0.015848
603.800048828125, 0.05245
603.89990234375, 0.041545
604.0, 0.027557
604.10009765625, 0.024116
604.199951171875, 0.036897
604.300048828125, 0.055087
604.39990234375, 0.052986
604.5, 0.043244
604.60009765625, 0.0575
604.699951171875, 0.034037
604.800048828125, 0.022015
604.89990234375, 0.061388
605.0, 0.059064
605.10009765625, 0.028808
605.199951171875, 0.036719
605.300048828125, 0.02492
605.39990234375, 0.031266
605.5, 0.047132
605.60009765625, 0.036316
605.699951171875, 0.014999
605.800048828125, 0.028808
605.89990234375, 0.022239
606.0, 0.023892
606.10009765625, 0.010441
606.199951171875, 0.025993
606.300048828125, 0.029658
606.39990234375, 0.024831
606.5, 0.033948
606.60009765625, 0.067466
606.699951171875, 0.038059
606.800048828125, 0.027512
606.89990234375, 0.038462
607.0, 0.023446
607.10009765625, 0.044718
607.199951171875, 0.067108
607.300048828125, 0.031624
607.39990234375, 0.020809
607.5, 0.030596
607.60009765625, 0.020407
607.699951171875, 0.020719
607.800048828125, 0.030998
607.89990234375, 0.045299
608.0, 0.032205
608.10009765625, 0.027736
608.199951171875, 0.032071
608.300048828125, 0.007625
608.39990234375, 0.020407
608.5, 0.042305
608.60009765625, 0.035244
608.699951171875, 0.039624
608.800048828125, 0.037255
608.89990234375, 0.060315
609.0, 0.022596
609.10009765625, 0.038596
609.199951171875, 0.02711
609.300048828125, 0.037747
609.39990234375, 0.043288
609.5, 0.036763
609.60009765625, 0.024742
609.699951171875, 0.039132
609.800048828125, 0.035467
609.89990234375, 0.021971
610.0, 0.051243
610.10009765625, 0.008921
610.199951171875, 0.015491
610.300048828125, 0.039266
610.39990234375, 0.05464
610.5, 0.030283
610.60009765625, 0.029702
610.699951171875, 0.016563
610.800048828125, 0.038372
610.89990234375, 0.000743
611.0, 0.043199
611.10009765625, 0.019289
611.199951171875, 0.04083
611.300048828125, 0.020943
611.39990234375, 0.022418
611.5, 0.017904
611.60009765625, 0.015401
611.699951171875, 0.019915
611.800048828125, 0.022999
611.89990234375, 0.01987
612.0, 0.020362
612.10009765625, 0.011692
612.199951171875, 0.017904
612.300048828125, 0.047623
612.39990234375, 0.029345
612.5, 0.017814
612.60009765625, 0.028808
612.699951171875, 0.034305
612.800048828125, 0.027468
612.89990234375, 0.020541
613.0, 0.031579
613.10009765625, 0.067466
613.199951171875, 0.057142
613.300048828125, 0.068404
613.39990234375, 0.056919
613.5, 0.048204
613.60009765625, 0.012362
613.699951171875, 0.018887
613.800048828125, 0.05683
613.89990234375, 0.016742
614.0, -0.007659
614.10009765625, 0.041724
614.199951171875, 0.021211
614.300048828125, 0.040964
614.39990234375, 0.020407
614.5, 0.00043
614.60009765625, 0.010351
614.699951171875, -0.011324
614.800048828125, 0.05321
614.89990234375, 0.040339
615.0, 0.012407
615.10009765625, 0.054237
615.199951171875, 0.027781
615.300048828125, 0.043825
615.39990234375, 0.050349
615.5, 0.051199
615.60009765625, 0.021166
615.699951171875, 0.03359
615.800048828125, 0.03006
615.89990234375, 0.004765
616.0, 0.020317
616.10009765625, 0.043378
616.199951171875, 0.032428
616.300048828125, 0.01701
616.39990234375, 0.023267
616.5, 0.023267
616.60009765625, 0.047757
616.699951171875, 0.016518
616.800048828125, 0.050662
616.89990234375, 0.00548
617.0, 0.032562
617.10009765625, 0.04664
617.199951171875, 0.035512
617.300048828125, 0.016161
617.39990234375, 0.018261
617.5, 0.030373
617.60009765625, 0.049143
617.699951171875, 0.035959
617.800048828125, 0.007536
617.89990234375, 0.04159
618.0, 0.023624
618.10009765625, 0.024697
618.199951171875, 0.014686
618.300048828125, 0.026708
618.39990234375, 0.034082
618.5, 0.027557
618.60009765625, 0.029211
618.699951171875, 0.0272
618.800048828125, 0.013167
618.89990234375, 0.043065
619.0, 0.009725
619.10009765625, 0.035155
619.199951171875, 0.025993
619.300048828125, 0.052137
619.39990234375, 0.039892
619.5, 0.032071
619.60009765625, 0.017457
619.699951171875, 0.046595
619.800048828125, 0.005569
619.89990234375, 0.018753
620.0, 0.012675
620.10009765625, 0.006955
620.199951171875, 0.029702
620.300048828125, 0.023267
620.39990234375, 0.034529
620.5, 0.006999
620.60009765625, 0.039936
620.699951171875, 0.013479
620.800048828125, 0.045165
620.89990234375, -0.000911
621.0, 0.008385
621.10009765625, 0.002754
621.199951171875, 0.014329
621.300048828125, 0.032518
621.39990234375, 0.005569
621.5, 0.041545
621.60009765625, 0.033367
621.699951171875, 0.01701
621.800048828125, 0.029121
621.89990234375, 0.033858
622.0, 0.052584
622.10009765625, 0.057455
622.199951171875, 0.01625
622.300048828125, 0.036182
622.39990234375, 0.040294
622.5, 0.005927
622.60009765625, 0.0474
622.699951171875, 0.025457
622.800048828125, 0.032875
622.89990234375, 0.024473
623.0, 0.035333
623.10009765625, 0.04016
623.199951171875, -0.007257
623.300048828125, 0.010753
623.39990234375, 0.026172
623.5, 0.004809
623.60009765625, 0.021166
623.699951171875, 0.020183
623.800048828125, 0.030909
623.89990234375, 0.047579
624.0, 0.045791
624.10009765625, 0.03006
624.199951171875, -1.7e-05
624.300048828125, 0.018708
624.39990234375, 0.046417
624.5, 0.032741
624.60009765625, 0.002843
624.699951171875, 0.002039
624.800048828125, 0.030775
624.89990234375, 0.017993
625.0, 0.022194
625.10009765625, 0.038596
625.199951171875, 0.042752
625.300048828125, 0.030685
625.39990234375, 0.025367
625.5, 0.023311
625.60009765625, -0.005246
625.699951171875, 0.020943
625.800048828125, 0.036138
625.89990234375, 0.009949
626.0, 0.054148
626.10009765625, 0.033412
626.199951171875, 0.009725
626.300048828125, 0.045433
626.39990234375, 0.028496
626.5, 0.037523
626.60009765625, 0.039221
626.699951171875, 0.047355
626.800048828125, 0.028942
626.89990234375, 0.049456
627.0, 0.024563
627.10009765625, 0.032875
627.199951171875, 0.019111
627.300048828125, 0.017323
627.39990234375, 0.022328
627.5, 0.05236
627.60009765625, 0.057723
627.699951171875, 0.041456
627.800048828125, 0.031266
627.89990234375, 0.051645
628.0, 0.004899
628.10009765625, 0.042082
628.199951171875, 0.025993
628.300048828125, 0.033501
628.39990234375, 0.004809
628.5, 0.010172
628.60009765625, 0.035914
628.699951171875, 0.05826
628.800048828125, 0.048383
628.89990234375, 0.032428
629.0, 0.012809
629.10009765625, 0.047489
629.199951171875, 0.014999
629.300048828125, 0.012943
629.39990234375, 0.037702
629.5, 0.03149
629.60009765625, 0.030864
629.699951171875, 0.029747
629.800048828125, 0.022239
629.89990234375, 0.015848
630.0, 0.036585
630.10009765625, 0.060718
630.199951171875, 0.028049
630.300048828125, 0.025948
630.39990234375, 0.037478
630.5, 0.051779
630.60009765625, 0.056785
630.699951171875, 0.03511
630.800048828125, 0.018708
630.89990234375, 0.044182
631.0, 0.015178
631.10009765625, 0.013345
631.199951171875, 0.049724
631.300048828125, 0.0272
631.39990234375, 0.034886
631.5, 0.033456
631.60009765625, 0.036451
631.699951171875, 0.016027
631.800048828125, 0.028719
631.89990234375, 0.032071
632.0, 0.048696
632.10009765625, 0.020272
632.199951171875, 0.02635
632.300048828125, 0.028093
632.39990234375, 0.020004
632.5, 0.036182
632.60009765625, 0.025233
632.699951171875, -0.001268
632.800048828125, 0.03578
632.89990234375, 0.036138
633.0, 0.034752
633.10009765625, 0.034663
633.199951171875, 0.056159
633.300048828125, 0.004318
633.39990234375, 0.042841
633.5, 0.020764
633.60009765625, 0.048562
633.699951171875, 0.043601
633.800048828125, 0.02644
633.89990234375, 0.019557
634.0, 0.022328
634.10009765625, 0.044718
634.199951171875, 0.017055
634.300048828125, 0.044137
634.39990234375, 0.051154
634.5, 0.019423
634.60009765625, 0.013882
634.699951171875, 0.029658
634.800048828125, 0.045031
634.89990234375, 0.037255
635.0, 0.046148
635.10009765625, 0.046461
635.199951171875, 0.049545
635.300048828125, 0.024607
635.39990234375, 0.034618
635.5, 0.01415
635.60009765625, 0.021747
635.699951171875, 0.044718
635.800048828125, 0.03721
635.89990234375, 0.066483
636.0, 0.036942
636.10009765625, 0.010664
636.199951171875, 0.043735
636.300048828125, 0.064204
636.39990234375, 0.041009
636.5, 0.03359
636.60009765625, 0.046685
636.699951171875, 0.03873
636.800048828125, 0.028808
636.89990234375, 0.014597
637.0, 0.044137
637.10009765625, 0.0293
637.199951171875, 0.030015
637.300048828125, 0.027691
637.39990234375, 0.060494
637.5, 0.059332
637.60009765625, 0.017904
637.699951171875, 0.028138
637.800048828125, 0.04083
637.89990234375, 0.028049
638.0, 0.061433
638.10009765625, 0.024429
638.199951171875, 0.052718
638.300048828125, 0.028942
638.39990234375, 0.04159
638.5, 0.006284
638.60009765625, 0.028585
638.699951171875, 0.037389
638.800048828125, 0.024607
638.89990234375, 0.012809
639.0, 0.004765
639.10009765625, 0.034663
639.199951171875, 0.02787
639.300048828125, 0.018351
639.39990234375, 0.041992
639.5, 0.021881
639.60009765625, 0.034797
639.699951171875, 0.007938
639.800048828125, 0.02358
639.89990234375, 0.0373
640.0, 0.008966
640.10009765625, 0.038506
640.199951171875, 0.053746
640.300048828125, 0.013971
640.39990234375, 0.032384
640.5, 0.031266
640.60009765625, 0.045657
640.699951171875, 0.068404
640.800048828125, 0.050349
640.89990234375, 0.058573
641.0, 0.034439
641.10009765625, 0.014597
641.199951171875, 0.03292
641.300048828125, 0.048696
641.39990234375, 0.03587
641.5, 0.02358
641.60009765625, 0.028764
641.699951171875, 0.01853
641.800048828125, 0.04016
641.89990234375, 0.041724
642.0, 0.025591
642.10009765625, 0.017368
642.199951171875, -0.006095
642.300048828125, -0.002386
642.39990234375, 0.01339
642.5, 0.03368
642.60009765625, 0.012228
642.699951171875, 0.031177
642.800048828125, 0.025501
642.89990234375, 0.016876
643.0, 0.025099
643.10009765625, 0.031311
643.199951171875, 0.018708
643.300048828125, 0.045433
643.39990234375, 0.040115
643.5, 0.05026
643.60009765625, 0.072248
643.699951171875, 0.020988
643.800048828125, 0.029389
643.89990234375, 0.027334
644.0, 0.005837
644.10009765625, 0.041188
644.199951171875, 0.039892
644.300048828125, 0.028227
644.39990234375, 0.028406
644.5, 0.010798
644.60009765625, 0.010977
644.699951171875, 0.027781
644.800048828125, 0.016474
644.89990234375, 0.038417
645.0, 0.028272
645.10009765625, 0.013211
645.199951171875, 0.018798
645.300048828125, -0.012307
645.39990234375, 0.020049
645.5, 0.022462
645.60009765625, 0.041501
645.699951171875, 0.033501
645.800048828125, 0.01272
645.89990234375, 0.010485
646.0, 0.006195
646.10009765625, 0.039758
646.199951171875, 0.026306
646.300048828125, 0.015893
646.39990234375, 0.030328
646.5, 0.017993
646.60009765625, 0.029434
646.699951171875, 0.036987
646.800048828125, 0.023267
646.89990234375, 0.01263
647.0, 0.002396
647.10009765625, 0.016876
647.199951171875, 0.044674
647.300048828125, 0.014507
647.39990234375, 0.04226
647.5, 0.008117
647.60009765625, 0.044897
647.699951171875, 0.017457
647.800048828125, 0.019513
647.89990234375, 0.017814
648.0, 0.010217
648.10009765625, -0.01119
648.199951171875, 0.027155
648.300048828125, 0.020451
648.39990234375, 0.034797
648.5, 0.023848
648.60009765625, 0.055534
648.699951171875, 0.04816
648.800048828125, 0.009323
648.89990234375, 0.002039
649.0, 0.039936
649.10009765625, 0.023311
649.199951171875, 0.047802
649.300048828125, 0.017904
649.39990234375, 0.013211
649.5, 0.038462
649.60009765625, 0.023177
649.699951171875, 0.041188
649.800048828125, 0.007848
649.89990234375, 0.020317
650.0, 0.021926
650.10009765625, 0.01996
650.199951171875, 0.033635
650.300048828125, 0.043333
650.39990234375, 0.028451
650.5, 0.019423
650.60009765625, 0.037613
650.699951171875, 0.000966
650.800048828125, 0.039266
650.89990234375, 0.051779
651.0, 0.010128
651.10009765625, 0.03654
651.199951171875, 0.034082
651.300048828125, 0.045433
651.39990234375, 0.030149
651.5, 0.015401
651.60009765625, 0.026485
651.699951171875, 0.036048
651.800048828125, 0.023133
651.89990234375, 0.047534
652.0, 0.031803
652.10009765625, 0.033903
652.199951171875, 0.02282
652.300048828125, 0.029389
652.39990234375, 0.031937
652.5, 0.028362
652.60009765625, 0.026127
652.699951171875, 0.025412
652.800048828125, 0.044093
652.89990234375, 0.023758
653.0, 0.033769
653.10009765625, 0.034574
653.199951171875, 0.025054
653.300048828125, 0.026082
653.39990234375, 0.045791
653.5, 0.041769
653.60009765625, 0.022462
653.699951171875, 0.032786
653.800048828125, 0.037702
653.89990234375, 0.045702
654.0, 0.048204
654.10009765625, 0.047489
654.199951171875, 0.023356
654.300048828125, 0.017814
654.39990234375, 0.027915
654.5, 0.037121
654.60009765625, 0.036182
654.699951171875, 0.036629
654.800048828125, 0.016295
654.89990234375, 0.034216
655.0, 0.011424
655.10009765625, 0.017055
655.199951171875, 0.004497
655.300048828125, 0.030239
655.39990234375, 0.019423
655.5, 0.027736
655.60009765625, 0.01768
655.699951171875, 0.044271
655.800048828125, 0.031043
655.89990234375, 0.019915
656.0, 0.051199
656.10009765625, 0.028719
656.199951171875, 0.052763
656.300048828125, 0.063265
656.39990234375, 0.02063
656.5, 0.026976
656.60009765625, 0.031937
656.699951171875, 0.036808
656.800048828125, 0.029792
656.89990234375, 0.058394
657.0, 0.055221
657.10009765625, 0.002351
657.199951171875, 0.025054
657.300048828125, 0.032562
657.39990234375, 0.024786
657.5, 0.03225
657.60009765625, 0.044361
657.699951171875, 0.022462
657.800048828125, 0.020272
657.89990234375, 0.012005
658.0, 0.029613
658.10009765625, 0.026663
658.199951171875, 0.012496
658.300048828125, 0.03225
658.39990234375, 0.008519
658.5, 0.020004
658.60009765625, 0.017949
658.699951171875, 0.013703
658.800048828125, 0.037478
658.89990234375, 0.034708
659.0, 0.011602
659.10009765625, 0.016921
659.199951171875, 0.023043
659.300048828125, 0.03578
659.39990234375, 0.03225
659.5, 0.056919
659.60009765625, 0.015848
659.699951171875, 0.030239
659.800048828125, 0.034931
659.89990234375, 0.053657
660.0, 0.044763
660.10009765625, 0.037613
660.199951171875, 0.011245
660.300048828125, 0.025591
660.39990234375, 0.061209
660.5, 0.071756
660.60009765625, 0.015669
660.699951171875, 0.03082
660.800048828125, 0.025054
660.89990234375, 0.034976
661.0, 0.042171
661.10009765625, 0.039311
661.199951171875, 0.078281
661.300048828125, 0.035289
661.39990234375, 0.021881
661.5, 0.029345
661.60009765625, 0.031266
661.699951171875, 0.048517
661.800048828125, 0.026663
661.89990234375, 0.010932
662.0, 0.043422
662.10009765625, 0.00253
662.199951171875, 0.026842
662.300048828125, 0.03511
662.39990234375, 0.026306
662.5, 0.038104
662.60009765625, 0.037121
662.699951171875, 0.048785
662.800048828125, 0.053031
662.89990234375, 0.026261
663.0, 0.02425
663.10009765625, 0.017949
663.199951171875, 0.024116
663.300048828125, 0.03216
663.39990234375, -0.01119
663.5, 0.004094
663.60009765625, 0.022507
663.699951171875, 0.008295
663.800048828125, 0.023624
663.89990234375, 0.040562
664.0, 0.027602
664.10009765625, 0.040339
664.199951171875, 0.002307
664.300048828125, 0.036674
664.39990234375, 0.038104
664.5, 0.019334
664.60009765625, 0.031132
664.699951171875, 0.033948
664.800048828125, 0.024652
664.89990234375, 0.039668
665.0, 0.019379
665.10009765625, 0.031937
665.199951171875, 0.047176
665.300048828125, 0.029523
665.39990234375, 0.005927
665.5, 0.047489
665.60009765625, 0.02282
665.699951171875, 0.009815
665.800048828125, 0.01491
665.89990234375, 0.047132
666.0, 0.04445
666.10009765625, 0.04588
666.199951171875, 0.044137
666.300048828125, 0.01634
666.39990234375, 0.027244
666.5, 0.019915
666.60009765625, 0.013837
666.699951171875, 0.024116
666.800048828125, 0.024697
666.89990234375, 0.033903
667.0, 0.02644
667.10009765625, 0.020764
667.199951171875, 0.06474
667.300048828125, 0.02854
667.39990234375, 0.018664
667.5, 0.006597
667.60009765625, 0.035199
667.699951171875, 0.026663
667.800048828125, 0.016295
667.89990234375, 0.000832
668.0, 0.013211
668.10009765625, 0.028764
668.199951171875, -0.005738
668.300048828125, 0.010887
668.39990234375, 0.033367
668.5, 0.008251
668.60009765625, 0.032071
668.699951171875, 0.033009
668.800048828125, 0.03578
668.89990234375, 0.039177
669.0, 0.033546
669.10009765625, 0.031669
669.199951171875, 0.031535
669.300048828125, 0.05093
669.39990234375, 0.020809
669.5, 0.037032
669.60009765625, 0.017636
669.699951171875, 0.020228
669.800048828125, 0.006463
669.89990234375, 0.026395
670.0, 0.022909
670.10009765625, -0.006721
670.199951171875, 0.047623
670.300048828125, 0.045612
670.39990234375, 0.056964
670.5, 0.03511
670.60009765625, 0.040607
670.699951171875, 0.056606
670.800048828125, 0.054863
670.89990234375, 0.029613
671.0, 0.027602
671.10009765625, 0.030864
671.199951171875, 0.059422
671.300048828125, 0.025769
671.39990234375, 0.032518
671.5, 0.043556
671.60009765625, 0.019066
671.699951171875, 0.043154
671.800048828125, 0.008474
671.89990234375, 0.039981
672.0, 0.019557
672.10009765625, 0.036138
672.199951171875, 0.026842
672.300048828125, 0.038283
672.39990234375, 0.0272
672.5, 0.028138
672.60009765625, 0.00043
672.699951171875, 0.035155
672.800048828125, 0.023848
672.89990234375, 0.040607
673.0, -0.001045
673.10009765625, -0.000866
673.199951171875, 0.01987
673.300048828125, 0.03797
673.39990234375, 0.022507
673.5, 0.032518
673.60009765625, 0.016697
673.699951171875, 0.006731
673.800048828125, 0.042663
673.89990234375, 0.037076
674.0, 0.04445
674.10009765625, 0.025948
674.199951171875, 0.037166
674.300048828125, 0.055578
674.39990234375, 0.007938
674.5, 0.034618
674.60009765625, 0.025546
674.699951171875, 0.046819
674.800048828125, 0.028004
674.89990234375, 0.022865
675.0, 0.009234
675.10009765625, 0.025501
675.199951171875, -0.013112
675.300048828125, 0.008206
675.39990234375, 0.023758
675.5, 0.028406
675.60009765625, 0.051869
675.699951171875, 0.022909
675.800048828125, 0.012898
675.89990234375, 0.042886
676.0, 0.040383
676.10009765625, 0.016787
676.199951171875, 0.03006
676.300048828125, 0.031892
676.39990234375, 0.025099
676.5, 0.034708
676.60009765625, 0.040786
676.699951171875, 0.046461
676.800048828125, 0.035199
676.89990234375, 0.018127
677.0, 0.048472
677.10009765625, 0.037657
677.199951171875, 0.040383
677.300048828125, 0.023535
677.39990234375, 0.035244
677.5, 0.01987
677.60009765625, 0.020407
677.699951171875, 0.030194
677.800048828125, 0.037925
677.89990234375, 0.017368
678.0, 0.035467
678.10009765625, 0.020585
678.199951171875, 0.031669
678.300048828125, 0.050483
678.39990234375, 0.031088
678.5, 0.019289
678.60009765625, 0.043065
678.699951171875, 0.025367
678.800048828125, 0.035735
678.89990234375, 0.057276
679.0, 0.025054
679.10009765625, 0.024742
679.199951171875, 0.036585
679.300048828125, 0.024742
679.39990234375, 0.042663
679.5, 0.029166
679.60009765625, 0.027065
679.699951171875, 0.052539
679.800048828125, 0.046729
679.89990234375, 0.01491
680.0, 0.020585
680.10009765625, 0.010619
680.199951171875, 0.03435
680.300048828125, 0.040294
680.39990234375, 0.038283
680.5, 0.030417
680.60009765625, 0.041009
680.699951171875, 0.030194
680.800048828125, 0.047668
680.89990234375, 0.002039
681.0, 0.024742
681.10009765625, 0.040607
681.199951171875, 0.024339
681.300048828125, 0.022105
681.39990234375, 0.029926
681.5, 0.033456
681.60009765625, 0.039177
681.699951171875, 0.023892
681.800048828125, 0.048115
681.89990234375, 0.047355
682.0, 0.030909
682.10009765625, 0.014686
682.199951171875, 0.016295
682.300048828125, 0.047981
682.39990234375, -0.007302
682.5, 0.040071
682.60009765625, 0.019513
682.699951171875, 0.044227
682.800048828125, 0.021971
682.89990234375, 0.040294
683.0, 0.037032
683.10009765625, 0.028406
683.199951171875, 0.017725
683.300048828125, 0.035601
683.39990234375, 0.006284
683.5, 0.040071
683.60009765625, 0.006999
683.699951171875, 0.025546
683.800048828125, 0.043959
683.89990234375, 0.037881
684.0, 0.023446
684.10009765625, 0.021256
684.199951171875, 0.024518
684.300048828125, 0.040517
684.39990234375, 0.063354
684.5, 0.039445
684.60009765625, 0.023446
684.699951171875, 0.034127
684.800048828125, 0.044316
684.89990234375, 0.009189
685.0, 0.017323
685.10009765625, 0.049724
685.199951171875, 0.020943
685.300048828125, 0.045523
685.39990234375, 0.018932
685.5, 0.024742
685.60009765625, 0.016295
685.699951171875, 0.009368
685.800048828125, 0.031669
685.89990234375, 0.013167
686.0, 0.034216
686.10009765625, 0.053835
686.199951171875, 0.036763
686.300048828125, 0.035378
686.39990234375, 0.018619
686.5, 0.027244
686.60009765625, 0.039087
686.699951171875, 0.040875
686.800048828125, 0.028987
686.89990234375, 0.034037
687.0, 0.025188
687.10009765625, 0.051914
687.199951171875, 0.046908
687.300048828125, 0.009904
687.39990234375, 0.01558
687.5, 0.052852
687.60009765625, 0.034797
687.699951171875, 0.037925
687.800048828125, 0.046729
687.89990234375, 0.046461
688.0, 0.058528
688.10009765625, 0.038238
688.199951171875, 0.038417
688.300048828125, 0.04445
688.39990234375, 0.01272
688.5, 0.055176
688.60009765625, 0.030596
688.699951171875, 0.015893
688.800048828125, 0.026574
688.89990234375, 0.024652
689.0, 0.019111
689.10009765625, 0.032026
689.199951171875, 0.062103
689.300048828125, 0.012094
689.39990234375, -0.002967
689.5, 0.047221
689.60009765625, 0.032965
689.699951171875, 0.030015
689.800048828125, 0.024652
689.89990234375, 0.030015
690.0, 0.046551
690.10009765625, 0.036987
690.199951171875, 0.032294
690.300048828125, 0.030551
690.39990234375, 0.046819
690.5, 0.024607
690.60009765625, 0.013971
690.699951171875, 0.045702
690.800048828125, 0.018351
690.89990234375, 0.019334
691.0, 0.031981
691.10009765625, 0.033858
691.199951171875, 0.04235
691.300048828125, 0.011379
691.39990234375, 0.040026
691.5, -0.00109
691.60009765625, 0.024518
691.699951171875, 0.013435
691.800048828125, 0.012809
691.89990234375, 0.00043
692.0, 0.015714
692.10009765625, 0.034708
692.199951171875, 0.041992
692.300048828125, 0.018083
692.39990234375, 0.035467
692.5, 0.053388
692.60009765625, 0.019557
692.699951171875, 0.02787
692.800048828125, 0.022239
692.89990234375, 0.021524
693.0, 0.016429
693.10009765625, 0.029434
693.199951171875, 0.018172
693.300048828125, 0.030149
693.39990234375, 0.044942
693.5, 0.035065
693.60009765625, 0.020004
693.699951171875, 0.015491
693.800048828125, 0.027334
693.89990234375, 0.05817
694.0, 0.025948
694.10009765625, 0.041367
694.199951171875, 0.033635
694.300048828125, 0.018217
694.39990234375, 0.011602
694.5, 0.038283
694.60009765625, 0.039936
694.699951171875, -0.007168
694.800048828125, 0.03073
694.89990234375, 0.038551
695.0, 0.027065
695.10009765625, 0.025367
695.199951171875, 0.020272
695.300048828125, 0.004005
695.39990234375, 0.008117
695.5, 0.019915
695.60009765625, 0.020228
695.699951171875, 0.024831
695.800048828125, 0.046864
695.89990234375, 0.041411
696.0, 0.044227
696.10009765625, 0.02349
696.199951171875, -0.003458
696.300048828125, 0.033456
696.39990234375, 0.052226
696.5, 0.021658
696.60009765625, 0.01196
696.699951171875, 0.042707
696.800048828125, 0.040473
696.89990234375, 0.049679
697.0, 0.01844
697.10009765625, 0.017949
697.199951171875, 0.024518
697.300048828125, 0.016518
697.39990234375, 0.020094
697.5, 0.023446
697.60009765625, -0.001715
697.699951171875, 0.050349
697.800048828125, 0.038283
697.89990234375, 0.032473
698.0, 0.014999
698.10009765625, 0.017814
698.199951171875, 0.037121
698.300048828125, 0.018127
698.39990234375, 0.019066
698.5, 0.006284
698.60009765625, 0.032473
698.699951171875, 0.025457
698.800048828125, 0.006821
698.89990234375, 0.03225
699.0, 0.044361
699.10009765625, 0.03578
699.199951171875, 0.028496
699.300048828125, 0.032875
699.39990234375, 0.032965
699.5, 0.038417
699.60009765625, 0.050841
699.699951171875, 0.037478
699.800048828125, 0.046908
699.89990234375, 0.039802
700.0, 0.03511
700.10009765625, 0.013256
700.199951171875, 0.045255
700.300048828125, 0.034484
700.39990234375, 0.035378
700.5, 0.021166
700.60009765625, 0.023982
700.699951171875, 0.016206
700.800048828125, 0.016876
700.89990234375, 0.041903
701.0, 0.023133
701.10009765625, 0.015893
701.199951171875, 0.03873
701.300048828125, 0.034216
701.39990234375, 0.013614
701.5, 0.049768
701.60009765625, 0.038596
701.699951171875, 0.051824
701.800048828125, 0.032786
701.89990234375, 0.032697
702.0, -0.010832
702.10009765625, 0.01406
702.199951171875, 0.021971
702.300048828125, 0.028049
702.39990234375, 0.046148
702.5, 0.066215
702.60009765625, 0.040339
702.699951171875, 0.015356
702.800048828125, 0.038462
702.89990234375, 0.01625
703.0, 0.028183
703.10009765625, 0.000653
703.199951171875, 0.014329
703.300048828125, 0.0112
703.39990234375, 0.026663
703.5, 0.044897
703.60009765625, 0.03873
703.699951171875, -0.004576
703.800048828125, 0.031445
703.89990234375, 0.045165
704.0, 0.036495
704.10009765625, 0.006061
704.199951171875, 0.043959
704.300048828125, 0.019602
704.39990234375, 0.016742
704.5, 0.050439
704.60009765625, 0.025725
704.699951171875, 0.030015
704.800048828125, 0.033858
704.89990234375, 0.059734
705.0, 0.028138
705.10009765625, 0.041367
705.199951171875, 0.051645
705.300048828125, 0.016429
705.39990234375, 0.033322
705.5, 0.025725
705.60009765625, 0.037076
705.699951171875, 0.021613
705.800048828125, 0.017099
705.89990234375, 0.013256
706.0, 0.022552
706.10009765625, 0.029211
706.199951171875, 0.019334
706.300048828125, 0.014552
706.39990234375, 0.041277
706.5, 0.010485
706.60009765625, 0.029836
706.699951171875, 0.027781
706.800048828125, 0.043601
706.89990234375, 0.025993
707.0, 0.046327
707.10009765625, 0.04816
707.199951171875, 0.02282
707.300048828125, 0.044003
707.39990234375, 0.022552
707.5, 0.020988
707.60009765625, 0.045567
707.699951171875, 0.025993
707.800048828125, 0.014776
707.89990234375, 0.007267
708.0, 0.037568
708.10009765625, 0.047668
708.199951171875, 0.065097
708.300048828125, 0.040651
708.39990234375, 0.027021
708.5, 0.041322
708.60009765625, 0.04302
708.699951171875, 0.00767
708.800048828125, 0.009055
708.89990234375, 0.040249
709.0, 0.026529
709.10009765625, 0.03082
709.199951171875, 0.009591
709.300048828125, 0.017725
709.39990234375, 0.014329
709.5, -0.000866
709.60009765625, 0.008832
709.699951171875, 0.042394
709.800048828125, 0.039713
709.89990234375, 0.036093
710.0, 0.034842
710.10009765625, 0.03864
710.199951171875, 0.033724
710.300048828125, 0.048115
710.39990234375, 0.016965
710.5, 0.015535
710.60009765625, 0.031981
710.699951171875, 0.045121
710.800048828125, 0.029836
710.89990234375, 0.035601
711.0, 0.020094
711.10009765625, 0.008563
711.199951171875, 0.019602
711.300048828125, 0.053746
711.39990234375, 0.031624
711.5, 0.027378
711.60009765625, 0.041456
711.699951171875, 0.034842
711.800048828125, 0.064472
711.89990234375, -0.001134
712.0, 0.006284
712.10009765625, 0.040741
712.199951171875, 0.023624
712.300048828125, 0.014865
712.39990234375, 0.011826
712.5, 0.016653
712.60009765625, 0.036316
712.699951171875, 0.004899
712.800048828125, 0.004005
712.89990234375, 0.024786
713.0, 0.039534
713.10009765625, -1.7e-05
713.199951171875, 0.032741
713.300048828125, 0.009234
713.39990234375, 0.009323
713.5, 0.01129
713.60009765625, 0.018217
713.699951171875, 0.037702
713.800048828125, 0.00767
713.89990234375, 0.013256
714.0, 0.022284
714.10009765625, 0.015267
714.199951171875, 0.032652
714.300048828125, 0.009189
714.39990234375, 0.027602
714.5, 0.0272
714.60009765625, 0.038909
714.699951171875, 0.039221
714.800048828125, 0.019021
714.89990234375, 0.033188
715.0, 0.022552
715.10009765625, 0.043244
715.199951171875, 0.025367
715.300048828125, 0.026663
715.39990234375, 0.032965
715.5, 0.024652
715.60009765625, 0.02358
715.699951171875, 0.014105
715.800048828125, 0.039936
715.89990234375, 0.00119
716.0, 0.034261
716.10009765625, 0.048696
716.199951171875, 0.03225
716.300048828125, 0.049679
716.39990234375, 0.01129
716.5, 0.008251
716.60009765625, 0.012273
716.699951171875, 0.01272
716.800048828125, 0.012764
716.89990234375, 0.012273
717.0, 0.009502
717.10009765625, 0.056785
717.199951171875, 0.041992
717.300048828125, 0.02997
717.39990234375, 0.026529
717.5, 0.042707
717.60009765625, 0.032831
717.699951171875, 0.011111
717.800048828125, 0.009725
717.89990234375, 0.010441
718.0, 0.021703
718.10009765625, 0.049143
718.199951171875, 0.018127
718.300048828125, 0.006463
718.39990234375, 0.032875
718.5, 0.030507
718.60009765625, -0.001492
718.699951171875, 0.004497
718.800048828125, 0.022373
718.89990234375, 0.031981
719.0, 0.033412
719.10009765625, 0.019379
719.199951171875, 0.031579
719.300048828125, 0.012407
719.39990234375, 0.021837
719.5, 0.038059
719.60009765625, 0.025501
719.699951171875, 0.024831
719.800048828125, 0.034037
719.89990234375, 0.014195
720.0, 0.025412
720.10009765625, 0.045657
720.199951171875, 0.01987
720.300048828125, 0.014686
720.39990234375, 0.033456
720.5, 0.012675
720.60009765625, 0.014686
720.699951171875, 0.045076
720.800048828125, -0.003324
720.89990234375, 0.032562
721.0, 0.000832
721.10009765625, 0.0272
721.199951171875, -0.006229
721.300048828125, 0.028898
721.39990234375, 0.014641
721.5, 0.024831
721.60009765625, 0.025635
721.699951171875, 0.016697
721.800048828125, 0.03368
721.89990234375, 0.031624
722.0, 0.012675
722.10009765625, 0.017144
722.199951171875, 0.019379
722.300048828125, 0.01987
722.39990234375, 0.025993
722.5, 0.021971
722.60009765625, 0.022954
722.699951171875, 0.030909
722.800048828125, 0.015178
722.89990234375, 0.046953
723.0, 0.023311
723.10009765625, 0.036451
723.199951171875, 0.040294
723.300048828125, 0.013569
723.39990234375, 0.039981
723.5, 0.017725
723.60009765625, 0.014329
723.699951171875, 0.050975
723.800048828125, 0.054059
723.89990234375, 0.035825
724.0, 0.043869
724.10009765625, 0.058215
724.199951171875, 0.048249
724.300048828125, 0.03359
724.39990234375, 0.034395
724.5, 0.042305
724.60009765625, 0.011737
724.699951171875, 0.039221
724.800048828125, 0.040786
724.89990234375, 0.040428
725.0, 0.000162
725.10009765625, 0.046506
725.199951171875, 0.038506
725.300048828125, 0.020228
725.39990234375, 0.04807
725.5, 0.039936
725.60009765625, 0.015937
725.699951171875, 0.003022
725.800048828125, 0.033635
725.89990234375, 0.029926
726.0, 0.033456
726.10009765625, 0.01844
726.199951171875, 0.007312
726.300048828125, 0.01844
726.39990234375, 0.031311
726.5, 0.015267
726.60009765625, 0.015133
726.699951171875, 0.014641
726.800048828125, 0.034395
726.89990234375, 0.053657
727.0, 0.06112
727.10009765625, 0.01129
727.199951171875, 0.012809
727.300048828125, -0.000643
727.39990234375, 0.017234
727.5, 0.043914
727.60009765625, 0.032652
727.699951171875, 0.044048
727.800048828125, 0.036093
727.89990234375, 0.053612
728.0, 0.032562
728.10009765625, 0.037076
728.199951171875, 0.049768
728.300048828125, 0.033009
728.39990234375, 0.02492
728.5, 0.039936
728.60009765625, 0.038596
728.699951171875, 0.039132
728.800048828125, 0.020049
728.89990234375, 0.036987
729.0, 0.034842
729.10009765625, 0.016742
729.199951171875, 0.049277
729.300048828125, 0.021569
729.39990234375, 0.011379
729.5, -0.001179
729.60009765625, 0.016474
729.699951171875, 0.005078
729.800048828125, 0.01263
729.89990234375, 0.02349
730.0, 0.013926
730.10009765625, 0.046461
730.199951171875, 0.04016
730.300048828125, 0.014776
730.39990234375, 0.048428
730.5, 0.038059
730.60009765625, 0.049366
730.699951171875, 0.017814
730.800048828125, 0.056025
730.89990234375, 0.007625
731.0, 0.00548
731.10009765625, 0.009547
731.199951171875, -0.00252
731.300048828125, 0.027646
731.39990234375, 0.006061
731.5, 0.036808
731.60009765625, 0.017412
731.699951171875, 0.04226
731.800048828125, 0.031669
731.89990234375, 0.047802
732.0, 0.045121
732.10009765625, 0.058885
732.199951171875, 0.039936
732.300048828125, 0.039534
732.39990234375, 0.041456
732.5, 0.011915
732.60009765625, 0.02358
732.699951171875, 0.028093
732.800048828125, 0.033501
732.89990234375, 0.047847
733.0, 0.025278
733.10009765625, 0.023446
733.199951171875, 0.042037
733.300048828125, 0.001368
733.39990234375, 0.05321
733.5, 0.029255
733.60009765625, 0.031043
733.699951171875, 0.024831
733.800048828125, 0.031669
733.89990234375, 0.035289
734.0, 0.035735
734.10009765625, 0.030551
734.199951171875, 0.031669
734.300048828125, 0.020049
734.39990234375, 0.031132
734.5, 0.028987
734.60009765625, 0.021345
734.699951171875, 0.033724
734.800048828125, 0.039892
734.89990234375, 0.029926
735.0, 0.019468
735.10009765625, 0.046104
735.199951171875, 0.049009
735.300048828125, 0.045612
735.39990234375, 0.02501
735.5, 0.049366
735.60009765625, 0.043512
735.699951171875, 0.028138
735.800048828125, 0.019513
735.89990234375, 0.000162
736.0, 0.045567
736.10009765625, 0.027736
736.199951171875, 0.020541
736.300048828125, 0.031803
736.39990234375, 0.037121
736.5, 0.010753
736.60009765625, 0.009636
736.699951171875, 0.028496
736.800048828125, 0.034797
736.89990234375, 0.025591
737.0, 0.02568
737.10009765625, 0.036763
737.199951171875, 0.025904
737.300048828125, 0.044674
737.39990234375, 0.034082
737.5, 0.046864
737.60009765625, 0.030462
737.699951171875, 0.038953
737.800048828125, 0.019736
737.89990234375, 0.012809
738.0, 0.040786
738.10009765625, 0.001324
738.199951171875, 0.024161
738.300048828125, 0.029166
738.39990234375, 0.00253
738.5, 0.034618
738.60009765625, 0.049277
738.699951171875, 0.005882
738.800048828125, 0.008876
738.89990234375, 0.021613
739.0, 0.015759
739.10009765625, 0.00834
739.199951171875, 0.0394
739.300048828125, 0.026127
739.39990234375, 0.042484
739.5, 0.027378
739.60009765625, 0.010843
739.699951171875, 0.033233
739.800048828125, 0.011334
739.89990234375, 0.022418
740.0, 0.021747
740.10009765625, 0.027021
740.199951171875, 0.02568
740.300048828125, 0.024697
740.39990234375, 0.016965
740.5, 0.010083
740.60009765625, 0.040383
740.699951171875, 0.010038
740.800048828125, -0.002252
740.89990234375, 0.026887
741.0, 0.023356
741.10009765625, 0.04454
741.199951171875, 0.021971
741.300048828125, 0.01996
741.39990234375, 0.028853
741.5, 0.034037
741.60009765625, 0.038417
741.699951171875, 0.048741
741.800048828125, 0.014865
741.89990234375, 0.038462
742.0, 0.053478
742.10009765625, 0.037657
742.199951171875, 0.02425
742.300048828125, 0.040964
742.39990234375, 0.017814
742.5, 0.019289
742.60009765625, 0.029121
742.699951171875, 0.039802
742.800048828125, 0.021434
742.89990234375, -0.004218
743.0, 0.018932
743.10009765625, 0.0272
743.199951171875, 0.017189
743.300048828125, 0.029211
743.39990234375, 0.026797
743.5, 0.022418
743.60009765625, 0.016965
743.699951171875, 0.013435
743.800048828125, 0.008117
743.89990234375, 0.040741
744.0, 0.015669
744.10009765625, 0.042484
744.199951171875, 0.02282
744.300048828125, 0.019647
744.39990234375, 0.016787
744.5, 0.004541
744.60009765625, 0.058975
744.699951171875, 0.046729
744.800048828125, 0.022328
744.89990234375, 0.018664
745.0, 0.000296
745.10009765625, 0.041724
745.199951171875, 0.047266
745.300048828125, 0.020138
745.39990234375, 0.0293
745.5, 0.007893
745.60009765625, 0.031981
745.699951171875, 0.033948
745.800048828125, 0.012049
745.89990234375, 0.022373
746.0, 0.0314
746.10009765625, 0.049545
746.199951171875, 0.01701
746.300048828125, 0.025546
746.39990234375, 0.029345
746.5, 0.02568
746.60009765625, 0.03654
746.699951171875, 0.025591
746.800048828125, -0.001
746.89990234375, 0.051377
747.0, 0.034931
747.10009765625, 0.032384
747.199951171875, 0.023133
747.300048828125, 0.008608
747.39990234375, 0.013256
747.5, 0.019557
747.60009765625, 0.04816
747.699951171875, 0.02282
747.800048828125, 0.011647
747.89990234375, 0.046685
748.0, 0.030239
748.10009765625, 0.001458
748.199951171875, -0.009536
748.300048828125, 0.023937
748.39990234375, 0.027512
748.5, 0.040383
748.60009765625, 0.046193
748.699951171875, 0.042126
748.800048828125, 0.041813
748.89990234375, 0.038953
749.0, 0.011737
749.10009765625, 0.044361
749.199951171875, 0.029434
749.300048828125, 0.032741
749.39990234375, 0.030775
749.5, 0.01996
749.60009765625, 0.029747
749.699951171875, 0.031177
749.800048828125, 0.018798
749.89990234375, 0.024116
750.0, 0.012586
750.10009765625, 0.02206
750.199951171875, 0.017055
750.300048828125, 0.029881
750.39990234375, 0.008742
750.5, 0.016921
750.60009765625, 0.047355
750.699951171875, 0.030685
750.800048828125, 0.024384
750.89990234375, 0.010262
751.0, 0.056293
751.10009765625, 0.010709
751.199951171875, 0.017278
751.300048828125, 0.005212
751.39990234375, 0.045746
751.5, 0.051511
751.60009765625, 0.036316
751.699951171875, 0.01634
751.800048828125, 0.014597
751.89990234375, 0.020943
752.0, 0.033456
752.10009765625, 0.037881
752.199951171875, 0.035423
752.300048828125, 0.055802
752.39990234375, 0.033501
752.5, 0.007044
752.60009765625, 0.026663
752.699951171875, 0.020988
752.800048828125, 0.02635
752.89990234375, -0.008196
753.0, 0.018753
753.10009765625, 0.012764
753.199951171875, 0.004675
753.300048828125, 0.050215
753.39990234375, 0.020451
753.5, 0.018485
753.60009765625, -0.002252
753.699951171875, 0.03587
753.800048828125, 0.04883
753.89990234375, 0.000787
754.0, 0.022373
754.10009765625, 0.05312
754.199951171875, 0.046148
754.300048828125, -0.002207
754.39990234375, 0.019379
754.5, 0.033009
754.60009765625, 0.044674
754.699951171875, 0.025725
754.800048828125, 0.029836
754.89990234375, 0.040607
755.0, 0.010262
755.10009765625, 0.04807
755.199951171875, 0.021747
755.300048828125, 0.015535
755.39990234375, 0.025188
755.5, 0.022507
755.60009765625, 0.010575
755.699951171875, 0.041948
755.800048828125, 0.051914
755.89990234375, 0.041098
756.0, 0.011647
756.10009765625, 0.012541
756.199951171875, 0.009502
756.300048828125, -0.003101
756.39990234375, 0.008251
756.5, 0.026306
756.60009765625, 0.046819
756.699951171875, 0.041456
756.800048828125, -0.003056
756.89990234375, 0.012898
757.0, 0.042618
757.10009765625, 0.01996
757.199951171875, 0.01768
757.300048828125, 0.028183
757.39990234375, 0.050662
757.5, 0.015535
757.60009765625, 0.035557
757.699951171875, 0.035333
757.800048828125, 0.023892
757.89990234375, 0.031535
758.0, 0.022596
758.10009765625, 0.03006
758.199951171875, 0.029211
758.300048828125, 0.038819
758.39990234375, 0.017591
758.5, 0.025323
758.60009765625, 0.022641
758.699951171875, 0.018842
758.800048828125, 0.015982
758.89990234375, 0.031177
759.0, 0.013748
759.10009765625, 0.007267
759.199951171875, 0.027691
759.300048828125, 0.052897
759.39990234375, 0.035646
759.5, 0.009949
759.60009765625, 0.00396
759.699951171875, 0.052003
759.800048828125, 0.01491
759.89990234375, 0.022194
760.0, 0.004139
760.10009765625, 0.031311
760.199951171875, 0.016072
760.300048828125, 0.029345
760.39990234375, 0.024563
760.5, -0.007034
760.60009765625, 0.01053
760.699951171875, 0.020496
760.800048828125, 0.024384
760.89990234375, 0.048964
761.0, 0.024116
761.10009765625, 0.043959
761.199951171875, 0.031222
761.300048828125, 0.014418
761.39990234375, 0.060271
761.5, 0.005927
761.60009765625, 0.0314
761.699951171875, 0.015625
761.800048828125, 0.009815
761.89990234375, -0.003414
762.0, 0.041992
762.10009765625, 0.016161
762.199951171875, 0.013882
762.300048828125, 0.031222
762.39990234375, 0.039221
762.5, 0.030998
762.60009765625, 0.050394
762.699951171875, 0.034395
762.800048828125, 0.030864
762.89990234375, 0.047355
763.0, -0.001805
763.10009765625, 0.032473
763.199951171875, 0.029434
763.300048828125, 0.028719
763.39990234375, 0.017546
763.5, 0.036853
763.60009765625, 0.031847
763.699951171875, 0.0394
763.800048828125, 0.033769
763.89990234375, 0.01987
764.0, 0.030551
764.10009765625, 0.026753
764.199951171875, -0.003816
764.300048828125, 0.015088
764.39990234375, 0.009949
764.5, 0.029792
764.60009765625, 0.029211
764.699951171875, 0.041992
764.800048828125, 0.037032
764.89990234375, 0.037032
765.0, 0.040741
765.10009765625, 0.018172
765.199951171875, 0.031579
765.300048828125, 2.8e-05
765.39990234375, 0.019111
765.5, -0.013514
765.60009765625, 0.036808
765.699951171875, 0.030954
765.800048828125, 0.008832
765.89990234375, 0.021703
766.0, 0.000519
766.10009765625, 0.039847
766.199951171875, 0.055042
766.300048828125, 0.031624
766.39990234375, 0.011379
766.5, 0.027334
766.60009765625, 0.006061
766.699951171875, 0.010887
766.800048828125, 0.021211
766.89990234375, 0.030239
767.0, 0.040205
767.10009765625, 0.033814
767.199951171875, 0.043512
767.300048828125, 0.034484
767.39990234375, 0.031132
767.5, 0.014776
767.60009765625, 0.025904
767.699951171875, 0.016965
767.800048828125, -0.002743
767.89990234375, 0.045389
768.0, 0.034439
768.10009765625, 0.022999
768.199951171875, 0.003737
768.300048828125, 0.029211
768.39990234375, 0.037747
768.5, 0.018619
768.60009765625, 0.016653
768.699951171875, 0.052271
768.800048828125, 0.013077
768.89990234375, 0.016965
769.0, 0.029926
769.10009765625, 0.031713
769.199951171875, 0.036138
769.300048828125, 0.030954
769.39990234375, 0.046014
769.5, 0.036987
769.60009765625, 0.033769
769.699951171875, 0.065634
769.800048828125, 0.008429
769.89990234375, 0.026619
770.0, 0.005703
770.10009765625, 0.017502
770.199951171875, 0.018708
770.300048828125, 0.042305
770.39990234375, 0.018083
770.5, 0.039936
770.60009765625, 0.033233
770.699951171875, 0.029434
770.800048828125, -0.024284
770.89990234375, 0.031624
771.0, 0.017725
771.10009765625, 0.036316
771.199951171875, 0.059153
771.300048828125, 0.033322
771.39990234375, 0.024295
771.5, 0.013301
771.60009765625, 0.006061
771.699951171875, 0.019557
771.800048828125, 0.046774
771.89990234375, 0.027021
772.0, 0.042305
772.10009765625, 0.033412
772.199951171875, 0.025323
772.300048828125, 0.020675
772.39990234375, 0.040115
772.5, 0.036004
772.60009765625, 0.026306
772.699951171875, 0.022507
772.800048828125, 0.006821
772.89990234375, 0.013882
773.0, 0.019468
773.10009765625, 0.018351
773.199951171875, 0.025278
773.300048828125, 0.025412
773.39990234375, -0.006229
773.5, 0.015356
773.60009765625, 0.012988
773.699951171875, 0.038149
773.800048828125, 0.028585
773.89990234375, 0.022909
774.0, 0.052226
774.10009765625, 0.051824
774.199951171875, 0.026038
774.300048828125, 0.021971
774.39990234375, 0.016474
774.5, 0.058885
774.60009765625, 0.029523
774.699951171875, 0.018038
774.800048828125, 0.050215
774.89990234375, 0.018619
775.0, 0.029479
775.10009765625, 0.041501
775.199951171875, 0.014597
775.300048828125, 0.008876
775.39990234375, 0.062014
775.5, 0.039221
775.60009765625, -0.011637
775.699951171875, 0.008474
775.800048828125, 0.025233
775.89990234375, 0.033903
776.0, 0.050439
776.10009765625, 0.014373
776.199951171875, 0.036942
776.300048828125, 0.033278
776.39990234375, 0.027825
776.5, 0.046729
776.60009765625, 0.042573
776.699951171875, 0.033456
776.800048828125, 0.052763
776.89990234375, 0.039758
777.0, 0.03006
777.10009765625, 0.030373
777.199951171875, 0.023446
777.300048828125, 0.034127
777.39990234375, 0.014597
777.5, 0.049366
777.60009765625, 0.060986
777.699951171875, 0.026574
777.800048828125, 0.01053
777.89990234375, 0.020094
778.0, 0.034439
778.10009765625, -0.001805
778.199951171875, 0.027736
778.300048828125, 0.02997
778.39990234375, 0.011468
778.5, -0.004754
778.60009765625, 0.041903
778.699951171875, 0.042663
778.800048828125, 0.041769
778.89990234375, 0.021077
779.0, 0.027557
779.10009765625, 0.023088
779.199951171875, 0.006686
779.300048828125, 0.051914
779.39990234375, 0.032875
779.5, 0.011334
779.60009765625, 0.023982
779.699951171875, 0.056427
779.800048828125, 0.010575
779.89990234375, 0.057008
780.0, 0.038819
780.10009765625, 0.054416
780.199951171875, 0.029211
780.300048828125, 0.037657
780.39990234375, 0.045702
780.5, 0.018708
780.60009765625, 0.049053
780.699951171875, 0.053567
780.800048828125, 0.033233
780.89990234375, 0.03511
781.0, 0.029211
781.10009765625, 0.016965
781.199951171875, 0.023356
781.300048828125, 0.04226
781.39990234375, 0.034484
781.5, 0.040249
781.60009765625, 0.030015
781.699951171875, 0.019423
781.800048828125, 0.024652
781.89990234375, 0.016072
782.0, 0.045567
782.10009765625, 0.019423
782.199951171875, 0.016116
782.300048828125, 0.006195
782.39990234375, 0.016742
782.5, 0.043959
782.60009765625, 0.06541
782.699951171875, 0.017368
782.800048828125, 0.016474
782.89990234375, 0.015222
783.0, 0.026306
783.10009765625, 0.012675
783.199951171875, 0.01406
783.300048828125, 0.052003
783.39990234375, 0.028808
783.5, 0.039311
783.60009765625, 0.023758
783.699951171875, 0.034842
783.800048828125, 0.011111
783.89990234375, 0.022105
784.0, 0.026797
784.10009765625, 0.035199
784.199951171875, 0.037434
784.300048828125, 0.044495
784.39990234375, 0.039847
784.5, 0.014105
784.60009765625, 0.044137
784.699951171875, 0.010351
784.800048828125, 0.042841
784.89990234375, 0.055757
785.0, 0.007983
785.10009765625, 0.069254
785.199951171875, 0.050573
785.300048828125, 0.013882
785.39990234375, 0.02349
785.5, 0.023401
785.60009765625, -0.000464
785.699951171875, 0.038998
785.800048828125, 0.039579
785.89990234375, 0.033278
786.0, 0.028406
786.10009765625, 0.045165
786.199951171875, 0.026931
786.300048828125, 0.012183
786.39990234375, 0.02568
786.5, 0.03216
786.60009765625, -0.003726
786.699951171875, -0.003369
786.800048828125, 0.018485
786.89990234375, 0.025948
787.0, 0.04664
787.10009765625, 0.021434
787.199951171875, 0.052316
787.300048828125, 0.041545
787.39990234375, 0.035601
787.5, 0.032965
787.60009765625, 0.020049
787.699951171875, 0.028585
787.800048828125, 0.027289
787.89990234375, 0.022552
788.0, 0.038506
788.10009765625, 0.029077
788.199951171875, 0.037166
788.300048828125, 0.049545
788.39990234375, 0.019334
788.5, 0.031177
788.60009765625, 0.027557
788.699951171875, 0.048651
788.800048828125, 0.051869
788.89990234375, 0.035601
789.0, 0.03654
789.10009765625, 0.03225
789.199951171875, 0.022999
789.300048828125, 0.018485
789.39990234375, 0.027825
789.5, 0.041277
789.60009765625, 0.049992
789.699951171875, 0.028093
789.800048828125, 0.0293
789.89990234375, -0.006095
790.0, 0.035289
790.10009765625, 0.022149
790.199951171875, 0.03654
790.300048828125, 0.028853
790.39990234375, 0.032384
790.5, 0.01263
790.60009765625, 0.032071
790.699951171875, 0.056249
790.800048828125, 0.036361
790.89990234375, 0.030909
791.0, 0.049098
791.10009765625, 0.000832
791.199951171875, 0.024742
791.300048828125, 0.051869
791.39990234375, 0.031535
791.5, 0.035333
791.60009765625, 0.031043
791.699951171875, 0.065634
791.800048828125, 0.050662
791.89990234375, 0.005837
792.0, 0.017323
792.10009765625, -0.001849
792.199951171875, 0.023848
792.300048828125, 0.018798
792.39990234375, 0.021434
792.5, 0.043109
792.60009765625, 0.038417
792.699951171875, 0.045478
792.800048828125, 0.056472
792.89990234375, 0.034752
793.0, 0.03949
793.10009765625, 0.019647
793.199951171875, 0.014195
793.300048828125, 0.021926
793.39990234375, 0.049411
793.5, 0.035825
793.60009765625, 0.043333
793.699951171875, 0.03864
793.800048828125, 0.022462
793.89990234375, 0.046774
794.0, 0.025635
794.10009765625, 0.037568
794.199951171875, 0.034663
794.300048828125, 0.031669
794.39990234375, 0.024652
794.5, 0.000206
794.60009765625, 0.033099
794.699951171875, 0.030417
794.800048828125, 0.037121
794.89990234375, 0.028719
795.0, 0.034305
795.10009765625, 0.035646
795.199951171875, 0.021971
795.300048828125, 0.021077
795.39990234375, 0.04445
795.5, 0.046283
795.60009765625, 0.046908
795.699951171875, 0.033769
795.800048828125, 0.031445
795.89990234375, 0.017412
796.0, 0.042171
796.10009765625, 0.024965
796.199951171875, 0.028853
796.300048828125, 0.027557
796.39990234375, 0.054506
796.5, 0.032071
796.60009765625, 0.012139
796.699951171875, 0.014329
796.800048828125, 0.036808
796.89990234375, 0.018664
797.0, 0.044897
797.10009765625, 0.014999
797.199951171875, 0.034484
797.300048828125, 0.037523
797.39990234375, 0.04378
797.5, 0.030507
797.60009765625, 0.037166
797.699951171875, 0.024339
797.800048828125, 0.024384
797.89990234375, 0.042573
798.0, 0.050528
798.10009765625, 0.040875
798.199951171875, 0.01406
798.300048828125, 0.038596
798.39990234375, 0.045255
798.5, 0.017904
798.60009765625, 0.03949
798.699951171875, 0.052316
798.800048828125, 0.036808
798.89990234375, 0.068941
799.0, 0.022775
799.10009765625, -0.009358
799.199951171875, 0.030328
799.300048828125, 0.019691
799.39990234375, 0.01272
799.5, 0.021524
799.60009765625, 0.008429
799.699951171875, 0.026261
799.800048828125, 0.030104
799.89990234375, 0.052852
800.0, 0.039624
800.10009765625, -0.007346
800.199951171875, 0.028317
800.300048828125, 0.004005
800.39990234375, 0.021881
800.5, 0.035512
800.60009765625, 0.005793
800.699951171875, 0.013345
800.800048828125, 0.01491
800.89990234375, 0.044316
801.0, 0.032428
801.10009765625, 0.012496
801.199951171875, 0.02711
801.300048828125, 0.031981
801.39990234375, 0.01491
801.5, 0.020898
801.60009765625, 0.02711
801.699951171875, 0.0272
801.800048828125, 0.04816
801.89990234375, 0.006061
802.0, 0.055891
802.10009765625, 0.064427
802.199951171875, 0.014776
802.300048828125, 0.037478
802.39990234375, 0.025501
802.5, 0.037434
802.60009765625, 0.026306
802.699951171875, 0.025993
802.800048828125, 0.025099
802.89990234375, 0.028451
803.0, 0.01987
803.10009765625, 0.005927
803.199951171875, 0.008027
803.300048828125, 0.015312
803.39990234375, 0.02492
803.5, 0.045746
803.60009765625, 0.004631
803.699951171875, 0.035199
803.800048828125, 0.023088
803.89990234375, 0.03149
804.0, 0.014999
804.10009765625, 0.032116
804.199951171875, 0.009368
804.300048828125, 0.032652
804.39990234375, 0.019245
804.5, 0.013122
804.60009765625, 0.012094
804.699951171875, 0.017814
804.800048828125, 0.051422
804.89990234375, 0.042216
805.0, 0.029255
805.10009765625, 0.029434
805.199951171875, 0.017457
805.300048828125, 0.017993
805.39990234375, 0.020943
805.5, 0.024473
805.60009765625, 0.024161
805.699951171875, 0.016295
805.800048828125, 0.026574
805.89990234375, 0.036361
806.0, 0.016742
806.10009765625, 0.035467
806.199951171875, -0.002028
806.300048828125, 0.023624
806.39990234375, 0.011602
806.5, 0.023982
806.60009765625, 0.038998
806.699951171875, 0.038417
806.800048828125, 0.024429
806.89990234375, 0.011156
807.0, 0.00834
807.10009765625, 0.035601
807.199951171875, 0.043244
807.300048828125, 0.025323
807.39990234375, 0.05455
807.5, 0.035601
807.60009765625, 0.038596
807.699951171875, 0.032652
807.800048828125, 0.019423
807.89990234375, 0.018038
808.0, 0.043646
808.10009765625, 0.036138
808.199951171875, 0.024205
808.300048828125, 0.007044
808.39990234375, 0.028362
808.5, 0.055757
808.60009765625, 0.039043
808.699951171875, 0.03873
808.800048828125, 0.027244
808.89990234375, 0.003916
809.0, 0.04235
809.10009765625, 0.014731
809.199951171875, 0.01996
809.300048828125, 0.049322
809.39990234375, 0.042037
809.5, 0.022284
809.60009765625, 0.042707
809.699951171875, 0.020362
809.800048828125, 0.002486
809.89990234375, 0.024116
810.0, 0.036674
810.10009765625, -0.008061
810.199951171875, 0.028496
810.300048828125, 0.026708
810.39990234375, 0.036942
810.5, 0.051511
810.60009765625, 0.02997
810.699951171875, 0.014999
810.800048828125, 0.041545
810.89990234375, 0.039132
811.0, 0.043154
811.10009765625, 0.030194
811.199951171875, 0.006821
811.300048828125, 0.036719
811.39990234375, -0.010788
811.5, 0.034305
811.60009765625, 0.017859
811.699951171875, 0.008429
811.800048828125, 0.035423
811.89990234375, 0.022328
812.0, 0.012005
812.10009765625, 0.021792
812.199951171875, 0.038774
812.300048828125, 0.024384
812.39990234375, -0.003637
812.5, 0.058438
812.60009765625, 0.0293
812.699951171875, 0.031758
812.800048828125, 0.032205
812.89990234375, 0.010843
813.0, 0.058215
813.10009765625, 0.014284
813.199951171875, 0.022909
813.300048828125, 0.007223
813.39990234375, 0.016206
813.5, 0.036495
813.60009765625, 0.03082
813.699951171875, 0.032294
813.800048828125, 0.01768
813.89990234375, 0.040562
814.0, 0.056427
814.10009765625, 0.044048
814.199951171875, 0.070862
814.300048828125, 0.046193
814.39990234375, 0.028183
814.5, 0.005525
814.60009765625, 0.038372
814.699951171875, 0.05093
814.800048828125, 0.051333
814.89990234375, 0.01701
815.0, 0.04521
815.10009765625, 0.011692
815.199951171875, 0.011871
815.300048828125, 0.052226
815.39990234375, 0.02273
815.5, 0.009413
815.60009765625, 0.0293
815.699951171875, 0.030954
815.800048828125, 0.045567
815.89990234375, 0.023088
816.0, 0.038015
816.10009765625, 0.016206
816.199951171875, 0.034439
816.300048828125, 0.001502
816.39990234375, 0.019111
816.5, 0.025233
816.60009765625, 0.020496
816.699951171875, 0.027065
816.800048828125, 0.010128
816.89990234375, 0.003558
817.0, 0.007044
817.10009765625, 0.009144
817.199951171875, 0.000609
817.300048828125, 0.010128
817.39990234375, 0.027065
817.5, 0.05093
817.60009765625, 0.010217
817.699951171875, 0.026753
817.800048828125, 0.049366
817.89990234375, 0.018217
818.0, 0.017144
818.10009765625, 0.033903
818.199951171875, 0.014507
818.300048828125, 0.02063
818.39990234375, 0.026485
818.5, 0.029032
818.60009765625, 0.040607
818.699951171875, 0.001055
818.800048828125, 0.031892
818.89990234375, 0.045791
819.0, 0.042305
819.10009765625, 0.062997
819.199951171875, 0.055534
819.300048828125, 0.027065
819.39990234375, 0.054595
819.5, 0.026529
819.60009765625, 0.009994
819.699951171875, 0.023624
819.800048828125, -0.017223
819.89990234375, 0.033188
820.0, 0.002843
820.10009765625, 0.016563
820.199951171875, 0.037881
820.300048828125, 0.038417
820.39990234375, 0.041054
820.5, 0.048428
820.60009765625, 0.049947
820.699951171875, 0.057008
820.800048828125, 0.026261
820.89990234375, 0.034708
821.0, 0.021434
821.10009765625, 0.02139
821.199951171875, 0.025367
821.300048828125, 0.038149
821.39990234375, 0.024295
821.5, 0.028183
821.60009765625, 0.041277
821.699951171875, 0.012675
821.800048828125, 0.039892
821.89990234375, 0.039266
822.0, 0.019781
822.10009765625, 0.007893
822.199951171875, 0.035333
822.300048828125, 0.016608
822.39990234375, 0.027289
822.5, 0.035423
822.60009765625, 0.009323
822.699951171875, 0.001994
822.800048828125, 0.005927
822.89990234375, 0.024116
823.0, 0.017814
823.10009765625, 0.034842
823.199951171875, 0.011021
823.300048828125, 0.030685
823.39990234375, 0.019513
823.5, 0.023222
823.60009765625, 0.023982
823.699951171875, 0.016965
823.800048828125, 0.029121
823.89990234375, 0.031266
824.0, 0.015356
824.10009765625, 0.01777
824.199951171875, 0.015803
824.300048828125, 0.037747
824.39990234375, 0.032339
824.5, 0.054818
824.60009765625, 0.030283
824.699951171875, 0.023311
824.800048828125, 0.022999
824.89990234375, 0.015669
825.0, 0.025546
825.10009765625, 0.028093
825.199951171875, 0.01263
825.300048828125, 0.052539
825.39990234375, 0.017099
825.5, 0.0091
825.60009765625, 0.009725
825.699951171875, 0.010441
825.800048828125, 0.020764
825.89990234375, 0.03864
826.0, 0.048651
826.10009765625, 0.019111
826.199951171875, 0.005212
826.300048828125, 0.043109
826.39990234375, 0.037836
826.5, 0.030104
826.60009765625, 0.029568
826.699951171875, 0.01129
826.800048828125, 0.020362
826.89990234375, 0.027155
827.0, 0.043244
827.10009765625, 0.004497
827.199951171875, 0.014865
827.300048828125, 0.017904
827.39990234375, 0.025323
827.5, 0.020943
827.60009765625, 0.018485
827.699951171875, 0.036853
827.800048828125, 0.032875
827.89990234375, 0.025144
828.0, 0.029032
828.10009765625, 0.019915
828.199951171875, -0.009804
828.300048828125, 0.00977
828.39990234375, 0.03082
828.5, 0.010753
828.60009765625, 0.004005
828.699951171875, 0.036942
828.800048828125, 0.022418
828.89990234375, 0.018172
829.0, 0.033456
829.10009765625, 0.043467
829.199951171875, 0.002351
829.300048828125, -0.008508
829.39990234375, 0.042618
829.5, 0.030954
829.60009765625, 0.013792
829.699951171875, 0.047176
829.800048828125, 0.041322
829.89990234375, 0.022239
830.0, 0.028719
830.10009765625, 0.033278
830.199951171875, 0.021211
830.300048828125, 0.018574
830.39990234375, 0.033322
830.5, 0.036316
830.60009765625, 0.050081
830.699951171875, 0.020541
830.800048828125, 0.019379
830.89990234375, 0.016653
831.0, 0.029077
831.10009765625, 0.013926
831.199951171875, 0.021122
831.300048828125, 0.007223
831.39990234375, 0.02997
831.5, 0.022284
831.60009765625, -0.000375
831.699951171875, 0.014552
831.800048828125, 0.043825
831.89990234375, 0.013167
832.0, 0.05245
832.10009765625, 0.046104
832.199951171875, 0.035557
832.300048828125, 0.058662
832.39990234375, 0.02635
832.5, 0.026261
832.60009765625, 0.049322
832.699951171875, 0.041054
832.800048828125, 0.036093
832.89990234375, -0.005514
833.0, 0.027378
833.10009765625, 0.03368
833.199951171875, 0.034842
833.300048828125, 0.031847
833.39990234375, 0.020004
833.5, 0.037836
833.60009765625, 0.015312
833.699951171875, 0.00758
833.800048828125, 0.042529
833.89990234375, 0.006284
834.0, 0.016206
834.10009765625, 0.01996
834.199951171875, 0.01625
834.300048828125, 0.039802
834.39990234375, 0.004273
834.5, 0.048428
834.60009765625, 0.034752
834.699951171875, 0.045031
834.800048828125, 0.031758
834.89990234375, 0.041813
835.0, 0.041367
835.10009765625, 0.023669
835.199951171875, 0.026485
835.300048828125, 0.01777
835.39990234375, 0.024116
835.5, 0.020719
835.60009765625, 0.060941
835.699951171875, 0.040741
835.800048828125, 0.035601
835.89990234375, 0.032786
836.0, 0.03225
836.10009765625, 0.040607
836.199951171875, 0.02787
836.300048828125, 0.023848
836.39990234375, 0.040205
836.5, 0.010887
836.60009765625, 0.008653
836.699951171875, 0.033099
836.800048828125, 0.029211
836.89990234375, 0.027691
837.0, 0.026708
837.10009765625, 0.004899
837.199951171875, 0.012005
837.300048828125, 0.020764
837.39990234375, 0.007759
837.5, 0.022507
837.60009765625, -0.001984
837.699951171875, 0.009189
837.800048828125, 0.024965
837.89990234375, 0.038238
838.0, 0.032562
838.10009765625, 0.025859
838.199951171875, 0.042752
838.300048828125, 0.003245
838.39990234375, 0.035155
838.5, 0.029211
838.60009765625, 0.028406
838.699951171875, 0.019691
838.800048828125, 0.014418
838.89990234375, 0.034395
839.0, 0.035825
839.10009765625, 0.051422
839.199951171875, 0.010172
839.300048828125, 0.053076
839.39990234375, 0.036451
839.5, 0.037478
839.60009765625, 0.03797
839.699951171875, 0.026708
839.800048828125, 0.027244
839.89990234375, 0.011871
840.0, 0.022552
840.10009765625, 0.040651
840.199951171875, 0.027065
840.300048828125, 0.036942
840.39990234375, -0.001313
840.5, 0.009189
840.60009765625, 0.025412
840.699951171875, 0.021613
840.800048828125, 0.019379
840.89990234375, 0.008206
841.0, 0.017278
841.10009765625, 0.044093
841.199951171875, 0.023222
841.300048828125, 0.008742
841.39990234375, 0.014463
841.5, 0.04521
841.60009765625, 0.002575
841.699951171875, 0.030954
841.800048828125, 0.02492
841.89990234375, 0.010396
842.0, 0.049411
842.10009765625, 0.023982
842.199951171875, 0.03578
842.300048828125, 0.021211
842.39990234375, 0.045344
842.5, 0.003692
842.60009765625, 0.021837
842.699951171875, 0.008742
842.800048828125, 0.018395
842.89990234375, 0.034484
843.0, 0.020004
843.10009765625, 0.059466
843.199951171875, 0.056159
843.300048828125, 0.010887
843.39990234375, 0.028853
843.5, 0.05674
843.60009765625, 0.01996
843.699951171875, 0.043646
843.800048828125, 0.037478
843.89990234375, 0.023714
844.0, 0.029121
844.10009765625, 0.017949
844.199951171875, 0.028764
844.300048828125, 0.017725
844.39990234375, 0.0091
844.5, 0.057679
844.60009765625, 0.036048
844.699951171875, 0.029747
844.800048828125, 0.011781
844.89990234375, 0.008921
845.0, 0.039802
845.10009765625, 0.023848
845.199951171875, 0.003916
845.300048828125, 0.018127
845.39990234375, 0.06103
845.5, 0.023669
845.60009765625, 0.008742
845.699951171875, 0.030194
845.800048828125, 0.046148
845.89990234375, 0.038462
846.0, 0.056919
846.10009765625, 0.011602
846.199951171875, 0.055176
846.300048828125, 0.027423
846.39990234375, 0.02425
846.5, 0.026261
846.60009765625, 0.004005
846.699951171875, 0.036272
846.800048828125, 0.035601
846.89990234375, 0.029121
847.0, 0.026842
847.10009765625, 0.044584
847.199951171875, 0.017546
847.300048828125, 0.021434
847.39990234375, 0.027781
847.5, 0.010619
847.60009765625, 0.019021
847.699951171875, 0.048785
847.800048828125, 0.035244
847.89990234375, 0.065857
848.0, 0.021792
848.10009765625, 0.024742
848.199951171875, 0.000653
848.300048828125, 0.027557
848.39990234375, 0.006731
848.5, 0.023892
848.60009765625, 0.046238
848.699951171875, 0.026216
848.800048828125, -0.00395
848.89990234375, 0.020049
849.0, 0.016831
849.10009765625, 0.00767
849.199951171875, 0.013569
849.300048828125, 0.006999
849.39990234375, 0.004228
849.5, 0.023892
849.60009765625, 0.06398
849.699951171875, 0.033858
849.800048828125, 0.0373
849.89990234375, 0.01853
850.0, 0.032786
850.10009765625, 0.020094
850.199951171875, -0.000777
850.300048828125, 0.031579
850.39990234375, 0.037389
850.5, 0.041054
850.60009765625, 0.047489
850.699951171875, 0.022462
850.800048828125, 0.044674
850.89990234375, 0.018261
851.0, 0.036227
851.10009765625, 0.011692
851.199951171875, 0.031132
851.300048828125, 0.008698
851.39990234375, 0.033546
851.5, 0.053433
851.60009765625, 0.043601
851.699951171875, 0.025814
851.800048828125, 0.041411
851.89990234375, 0.034305
852.0, 0.043109
852.10009765625, 0.035601
852.199951171875, 0.011871
852.300048828125, 0.017993
852.39990234375, 0.028674
852.5, 0.030462
852.60009765625, 0.043065
852.699951171875, 0.027468
852.800048828125, 0.038372
852.89990234375, 0.037121
853.0, 0.010753
853.10009765625, 0.039311
853.199951171875, 0.049456
853.300048828125, 0.047579
853.39990234375, -0.001403
853.5, 0.037657
853.60009765625, 0.05169
853.699951171875, 0.022775
853.800048828125, 0.017278
853.89990234375, 0.027468
854.0, 0.054416
854.10009765625, 0.024205
854.199951171875, 0.028138
854.300048828125, 0.026619
854.39990234375, 0.0272
854.5, 0.007938
854.60009765625, 0.002932
854.699951171875, 0.018798
854.800048828125, -0.006542
854.89990234375, 0.022775
855.0, 0.045344
855.10009765625, 0.031043
855.199951171875, 0.012273
855.300048828125, 0.065678
855.39990234375, 0.033367
855.5, 0.016876
855.60009765625, 0.036763
855.699951171875, 0.041277
855.800048828125, 0.054282
855.89990234375, 0.031803
856.0, 0.026797
856.10009765625, 0.037344
856.199951171875, 0.000921
856.300048828125, 0.036719
856.39990234375, 0.053612
856.5, 0.01634
856.60009765625, 0.043154
856.699951171875, 0.074393
856.800048828125, 0.053969
856.89990234375, 0.036361
857.0, 0.031311
857.10009765625, 0.061388
857.199951171875, 0.009904
857.300048828125, 0.025367
857.39990234375, 0.037702
857.5, 0.028362
857.60009765625, 0.025993
857.699951171875, 0.053299
857.800048828125, 0.073052
857.89990234375, 0.025099
858.0, 0.028719
858.10009765625, 0.047579
858.199951171875, 0.034261
858.300048828125, 0.032071
858.39990234375, 0.003916
858.5, 0.033546
858.60009765625, 0.004541
858.699951171875, 0.008966
858.800048828125, 0.034082
858.89990234375, 0.020407
859.0, 0.034663
859.10009765625, 0.039936
859.199951171875, 0.038685
859.300048828125, 0.025546
859.39990234375, 0.038506
859.5, 0.036138
859.60009765625, 0.019066
859.699951171875, 0.017368
859.800048828125, 0.038015
859.89990234375, 0.032071
860.0, 0.017502
860.10009765625, 0.044584
860.199951171875, 0.039177
860.300048828125, 0.045523
860.39990234375, 0.039087
860.5, 0.026395
860.60009765625, 0.053925
860.699951171875, 0.030328
860.800048828125, 0.042841
860.89990234375, 0.013748
861.0, 0.043467
861.10009765625, 0.036227
861.199951171875, 0.04092
861.300048828125, 0.052584
861.39990234375, 0.036495
861.5, 0.004273
861.60009765625, 0.007536
861.699951171875, 0.029881
861.800048828125, 0.033143
861.89990234375, 0.041098
862.0, 0.032339
862.10009765625, 0.013748
862.199951171875, 0.01482
862.300048828125, 0.05245
862.39990234375, 0.02206
862.5, 0.039534
862.60009765625, 0.047668
862.699951171875, 0.020496
862.800048828125, -0.00252
862.89990234375, 0.005078
863.0, 0.03292
863.10009765625, 0.041456
863.199951171875, 0.074036
863.300048828125, 0.036763
863.39990234375, 0.027468
863.5, -0.001715
863.60009765625, 0.040026
863.699951171875, 0.028853
863.800048828125, 0.040383
863.89990234375, 0.018976
864.0, 0.017725
864.10009765625, 0.022954
864.199951171875, 0.025099
864.300048828125, 0.044584
864.39990234375, 0.014552
864.5, 0.028004
864.60009765625, 0.014597
864.699951171875, 0.030417
864.800048828125, -0.0069
864.89990234375, 0.006374
865.0, 0.028317
865.10009765625, 0.034618
865.199951171875, 0.015267
865.300048828125, 0.034395
865.39990234375, 0.029434
865.5, 0.029121
865.60009765625, 0.015893
865.699951171875, 0.052316
865.800048828125, 0.030239
865.89990234375, 0.001502
866.0, 0.018351
866.10009765625, 0.021971
866.199951171875, 0.038059
866.300048828125, 0.049545
866.39990234375, 0.036093
866.5, 0.024965
866.60009765625, 0.03578
866.699951171875, 0.008206
866.800048828125, 0.010217
866.89990234375, 0.010575
867.0, 0.04807
867.10009765625, 0.046372
867.199951171875, 0.056115
867.300048828125, 0.045389
867.39990234375, 0.014731
867.5, 0.03578
867.60009765625, 0.037255
867.699951171875, 0.048696
867.800048828125, 0.033635
867.89990234375, 0.029077
868.0, 0.026172
868.10009765625, 0.042305
868.199951171875, 0.032428
868.300048828125, 0.052539
868.39990234375, 0.027781
868.5, 0.026574
868.60009765625, 0.002173
868.699951171875, 0.034931
868.800048828125, 0.054729
868.89990234375, 0.04016
869.0, 0.05245
869.10009765625, 0.026753
869.199951171875, 0.038506
869.300048828125, 0.030641
869.39990234375, 0.029389
869.5, 0.009994
869.60009765625, 0.023803
869.699951171875, 0.029434
869.800048828125, 0.013301
869.89990234375, 0.009189
870.0, 0.027289
870.10009765625, 0.026306
870.199951171875, 0.016608
870.300048828125, 0.022865
870.39990234375, 0.032071
870.5, 0.043333
870.60009765625, 0.036585
870.699951171875, 0.045389
870.800048828125, 0.040428
870.89990234375, 0.014597
871.0, 0.035244
871.10009765625, 0.016876
871.199951171875, 0.020183
871.300048828125, 0.03797
871.39990234375, 0.019111
871.5, 0.009547
871.60009765625, 0.032339
871.699951171875, 0.045702
871.800048828125, 0.031624
871.89990234375, 0.029881
872.0, 0.045299
872.10009765625, 0.027423
872.199951171875, 0.021971
872.300048828125, -0.006497
872.39990234375, 0.010038
872.5, 0.016474
872.60009765625, 0.008429
872.699951171875, 0.035512
872.800048828125, 0.050752
872.89990234375, 0.047266
873.0, 0.010887
873.10009765625, 0.005435
873.199951171875, 0.026887
873.300048828125, 0.048964
873.39990234375, 0.030775
873.5, 0.015893
873.60009765625, 0.016161
873.699951171875, 0.035959
873.800048828125, 0.022239
873.89990234375, 0.034663
874.0, 0.037791
874.10009765625, 0.035289
874.199951171875, 0.029747
874.300048828125, 0.056651
874.39990234375, 0.020943
874.5, 0.047891
874.60009765625, 0.02863
874.699951171875, 0.005927
874.800048828125, 0.052271
874.89990234375, 0.036674
875.0, 0.030328
875.10009765625, 0.021837
875.199951171875, 0.044093
875.300048828125, 0.031222
875.39990234375, 0.00767
875.5, -0.000464
875.60009765625, 0.032473
875.699951171875, 0.024786
875.800048828125, 0.023937
875.89990234375, 0.040786
876.0, 0.033769
876.10009765625, 0.033412
876.199951171875, 0.029211
876.300048828125, 0.05464
876.39990234375, 0.047668
876.5, 0.01625
876.60009765625, 0.042573
876.699951171875, 0.034037
876.800048828125, 0.017234
876.89990234375, 0.044003
877.0, 0.032518
877.10009765625, 0.05531
877.199951171875, 0.018306
877.300048828125, 0.039668
877.39990234375, 0.056025
877.5, 0.050081
877.60009765625, 0.033278
877.699951171875, 0.016429
877.800048828125, 0.043109
877.89990234375, 0.03511
878.0, 0.043154
878.10009765625, 0.019423
878.199951171875, 0.030462
878.300048828125, 0.025099
878.39990234375, 0.034752
878.5, 0.030909
878.60009765625, 0.01844
878.699951171875, 0.01482
878.800048828125, 0.015803
878.89990234375, 0.046059
879.0, 0.03368
879.10009765625, 0.017278
879.199951171875, 0.048741
879.300048828125, 0.006999
879.39990234375, 0.005569
879.5, -0.011681
879.60009765625, 0.027378
879.699951171875, 0.049768
879.800048828125, 0.035467
879.89990234375, 0.040741
880.0, 0.017814
880.10009765625, 0.025948
880.199951171875, 0.027021
880.300048828125, 0.050796
880.39990234375, 0.016474
880.5, 0.06255
880.60009765625, 0.053433
880.699951171875, 0.025188
880.800048828125, 0.036674
880.89990234375, 0.020228
881.0, 0.061522
881.10009765625, 0.025814
881.199951171875, -0.005469
881.300048828125, 0.003424
881.39990234375, 0.031535
881.5, -0.011369
881.60009765625, 0.054774
881.699951171875, 0.030194
881.800048828125, 0.024339
881.89990234375, 0.010664
882.0, 0.006508
882.10009765625, 0.038953
882.199951171875, 0.030641
882.300048828125, 0.018753
882.39990234375, 0.014686
882.5, 0.001905
882.60009765625, 0.031803
882.699951171875, 0.020988
882.800048828125, 0.032294
882.89990234375, 0.022015
883.0, 0.052673
883.10009765625, 0.034708
883.199951171875, 0.013614
883.300048828125, 0.046551
883.39990234375, 0.021747
883.5, 0.06188
883.60009765625, 0.042305
883.699951171875, 0.016787
883.800048828125, 0.017904
883.89990234375, 0.051288
884.0, 0.013837
884.10009765625, 0.023267
884.199951171875, 0.031937
884.300048828125, 0.038998
884.39990234375, 0.012139
884.5, 0.049232
884.60009765625, 0.01844
884.699951171875, 0.026306
884.800048828125, 0.026887
884.89990234375, 0.031669
885.0, 0.045255
885.10009765625, 0.034529
885.199951171875, 0.030328
885.300048828125, 0.042752
885.39990234375, 0.03797
885.5, 0.046327
885.60009765625, 0.009234
885.699951171875, 0.037657
885.800048828125, 0.034484
885.89990234375, 0.027468
886.0, 0.027825
886.10009765625, 0.060494
886.199951171875, 0.023669
886.300048828125, 0.043825
886.39990234375, 0.030909
886.5, 0.035557
886.60009765625, 0.027423
886.699951171875, 0.016697
886.800048828125, 0.037702
886.89990234375, 0.03502
887.0, 0.06331
887.10009765625, 0.028183
887.199951171875, 0.024339
887.300048828125, 0.0373
887.39990234375, 0.031356
887.5, 0.040651
887.60009765625, 0.037478
887.699951171875, 0.032071
887.800048828125, 0.031937
887.89990234375, 0.036763
888.0, 0.029747
888.10009765625, 0.064159
888.199951171875, 0.032697
888.300048828125, 0.017591
888.39990234375, 0.010709
888.5, 0.046461
888.60009765625, 0.042484
888.699951171875, 0.021122
888.800048828125, 0.007178
888.89990234375, 0.032607
889.0, 0.016742
889.10009765625, 0.05102
889.199951171875, 0.052271
889.300048828125, 0.014686
889.39990234375, 0.034842
889.5, 0.008519
889.60009765625, 0.017189
889.699951171875, 0.024027
889.800048828125, 0.038596
889.89990234375, -0.008821
890.0, 0.008385
890.10009765625, 0.062058
890.199951171875, 0.015803
890.300048828125, 0.014865
890.39990234375, 0.011781
890.5, 0.018976
890.60009765625, 0.017412
890.699951171875, 0.049634
890.800048828125, 0.02787
890.89990234375, 0.017502
891.0, 0.049322
891.10009765625, 0.029747
891.199951171875, 0.041054
891.300048828125, 0.047981
891.39990234375, 0.023714
891.5, -0.007525
891.60009765625, 0.020764
891.699951171875, 0.035512
891.800048828125, 0.027021
891.89990234375, 0.031266
892.0, 0.010396
892.10009765625, 0.004228
892.199951171875, 0.033412
892.300048828125, 0.020675
892.39990234375, 0.011111
892.5, 0.012049
892.60009765625, 0.032786
892.699951171875, 0.038283
892.800048828125, 0.032071
892.89990234375, 0.037613
893.0, 0.012988
893.10009765625, 0.025501
893.199951171875, 0.027736
893.300048828125, 0.031445
893.39990234375, 0.032205
893.5, 0.039266
893.60009765625, 0.031758
893.699951171875, 0.016563
893.800048828125, 0.021658
893.89990234375, 0.028451
894.0, 0.031713
894.10009765625, 0.028317
894.199951171875, 0.03359
894.300048828125, 0.041411
894.39990234375, 0.032428
894.5, 0.019691
894.60009765625, 0.015669
894.699951171875, 0.062282
894.800048828125, 0.041724
894.89990234375, 0.027915
895.0, 0.049858
895.10009765625, 0.012139
895.199951171875, 0.027959
895.300048828125, 0.040786
895.39990234375, 0.009457
895.5, 0.021166
895.60009765625, 0.020183
895.699951171875, 0.02644
895.800048828125, 0.009815
895.89990234375, 0.032116
896.0, 0.036361
896.10009765625, 0.03721
896.199951171875, 0.053567
896.300048828125, 0.010798
896.39990234375, 0.014105
896.5, 0.030194
896.60009765625, 0.072561
896.699951171875, 0.052629
896.800048828125, 0.036093
896.89990234375, 0.041948
897.0, 0.005748
897.10009765625, 0.026619
897.199951171875, 0.014597
897.300048828125, 0.011558
897.39990234375, 0.026797
897.5, 0.028138
897.60009765625, 0.048741
897.699951171875, 0.013077
897.800048828125, 0.051199
897.89990234375, 0.019513
898.0, 0.046148
898.10009765625, 0.012005
898.199951171875, 0.017323
898.300048828125, 0.008563
898.39990234375, 0.054684
898.5, 0.039668
898.60009765625, 0.031579
898.699951171875, 0.006463
898.800048828125, 0.020853
898.89990234375, 0.005167
899.0, 0.034037
899.10009765625, 0.057589
899.199951171875, 0.0314
899.300048828125, 0.052226
899.39990234375, 0.042439
899.5, 0.047623
899.60009765625, 0.039043
899.699951171875, -0.001403
899.800048828125, 0.040562
899.89990234375, 0.027915
900.0, 0.021926
900.10009765625, 0.019289
900.199951171875, 0.055042
900.300048828125, 0.01844
900.39990234375, 0.062684
900.5, 0.055176
900.60009765625, 0.043333
900.699951171875, 0.043422
900.800048828125, 0.012675
900.89990234375, 0.020094
901.0, 0.040562
901.10009765625, 0.021792
901.199951171875, 0.016608
901.300048828125, 0.047176
901.39990234375, 0.036316
901.5, 0.011647
901.60009765625, 0.010619
901.699951171875, 0.041188
901.800048828125, 0.007714
901.89990234375, 0.039936
902.0, 0.050037
902.10009765625, 0.005614
902.199951171875, 0.033814
902.300048828125, 0.046461
902.39990234375, 0.044495
902.5, 0.020719
902.60009765625, 0.031043
902.699951171875, 0.02568
902.800048828125, 0.019915
902.89990234375, 0.02349
903.0, 0.023222
903.10009765625, 0.012764
903.199951171875, 0.032116
903.300048828125, 0.020138
903.39990234375, 0.033009
903.5, 0.032607
903.60009765625, 0.017725
903.699951171875, 0.042841
903.800048828125, 0.029077
903.89990234375, 0.032831
904.0, 0.031311
904.10009765625, 0.057366
904.199951171875, 0.019021
904.300048828125, 0.046461
904.39990234375, 0.027557
904.5, 0.070147
904.60009765625, 0.039847
904.699951171875, 0.054193
904.800048828125, 0.034216
904.89990234375, 0.060941
905.0, 0.060718
905.10009765625, -0.007793
905.199951171875, 0.009949
905.300048828125, 0.006597
905.39990234375, 0.041813
905.5, 0.001413
905.60009765625, 0.042037
905.699951171875, 0.045031
905.800048828125, 0.037478
905.89990234375, 0.038685
906.0, 0.062282
906.10009765625, 0.038149
906.199951171875, 0.01701
906.300048828125, 0.05455
906.39990234375, 0.036227
906.5, 0.036674
906.60009765625, 0.067421
906.699951171875, 0.026395
906.800048828125, 0.023982
906.89990234375, 0.013435
907.0, 0.06045
907.10009765625, 0.022105
907.199951171875, 0.014686
907.300048828125, 0.035735
907.39990234375, 0.03511
907.5, 0.043735
907.60009765625, 0.035065
907.699951171875, 0.038551
907.800048828125, 0.044986
907.89990234375, 0.058483
908.0, 0.021345
908.10009765625, 0.013926
908.199951171875, 0.06541
908.300048828125, 0.05245
908.39990234375, 0.0394
908.5, 0.045121
908.60009765625, 0.048204
908.699951171875, 0.052852
908.800048828125, 0.034842
908.89990234375, 0.036048
909.0, 0.030775
909.10009765625, 0.054863
909.199951171875, 0.050305
909.300048828125, 0.049143
909.39990234375, 0.03359
909.5, 0.070684
909.60009765625, 0.050171
909.699951171875, 0.015044
909.800048828125, 0.02139
909.89990234375, 0.029881
910.0, 0.03435
910.10009765625, 0.020675
910.199951171875, 0.042975
910.300048828125, 0.05683
910.39990234375, 0.036227
910.5, 0.033724
910.60009765625, -0.003458
910.699951171875, 0.0091
910.800048828125, 0.030239
910.89990234375, 0.04588
911.0, 0.028272
911.10009765625, 0.031356
911.199951171875, 0.034976
911.300048828125, 0.022865
911.39990234375, 0.047042
911.5, 0.030641
911.60009765625, 0.040383
911.699951171875, 0.049947
911.800048828125, 0.009323
911.89990234375, 0.019245
912.0, 0.05464
912.10009765625, 0.034797
912.199951171875, 0.053344
912.300048828125, 0.041054
912.39990234375, 0.037925
912.5, 0.039043
912.60009765625, 0.032697
912.699951171875, 0.017725
912.800048828125, 0.014731
912.89990234375, 0.005837
913.0, 0.069343
913.10009765625, 0.050126
913.199951171875, 0.032294
913.300048828125, 0.033233
913.39990234375, 0.03721
913.5, 0.035155
913.60009765625, 0.036316
913.699951171875, 0.03949
913.800048828125, 0.036853
913.89990234375, 0.031445
914.0, 0.00986
914.10009765625, 0.023848
914.199951171875, 0.015803
914.300048828125, 0.027915
914.39990234375, 0.024652
914.5, 0.057992
914.60009765625, 0.024384
914.699951171875, 0.024697
914.800048828125, 0.030194
914.89990234375, 0.033367
915.0, 0.056472
915.10009765625, 0.046729
915.199951171875, 0.036897
915.300048828125, 0.056517
915.39990234375, 0.039221
915.5, 0.069566
915.60009765625, 0.022239
915.699951171875, 0.012183
915.800048828125, 0.048741
915.89990234375, 0.016206
916.0, 0.028585
916.10009765625, 0.021926
916.199951171875, 0.028138
916.300048828125, 0.030864
916.39990234375, 0.028049
916.5, 0.017725
916.60009765625, 0.031579
916.699951171875, 0.032652
916.800048828125, 0.050483
916.89990234375, 0.036719
917.0, 0.023222
917.10009765625, 0.008027
917.199951171875, 0.030954
917.300048828125, 0.033367
917.39990234375, 0.027244
917.5, 0.041098
917.60009765625, 0.026216
917.699951171875, 0.039534
917.800048828125, 0.058751
917.89990234375, 0.003871
918.0, 0.043244
918.10009765625, 0.02854
918.199951171875, 0.038953
918.300048828125, 0.037747
918.39990234375, 0.020943
918.5, 0.00986
918.60009765625, 0.042082
918.699951171875, 0.024563
918.800048828125, 0.040964
918.89990234375, 0.035155
919.0, 0.028496
919.10009765625, 0.043735
919.199951171875, 0.026216
919.300048828125, -0.005603
919.39990234375, 0.035646
919.5, 0.052807
919.60009765625, -0.00319
919.699951171875, 0.029747
919.800048828125, 0.025904
919.89990234375, 0.01482
920.0, 0.056651
920.10009765625, 0.01406
920.199951171875, 0.017859
920.300048828125, 0.024161
920.39990234375, 0.023222
920.5, 0.011826
920.60009765625, 0.025457
920.699951171875, 0.051869
920.800048828125, 0.030685
920.89990234375, 0.030596
921.0, 0.044897
921.10009765625, 0.03073
921.199951171875, 0.036406
921.300048828125, 0.017904
921.39990234375, -0.003995
921.5, 0.020764
921.60009765625, 0.033009
921.699951171875, 0.027468
921.800048828125, 0.034886
921.89990234375, 0.016295
922.0, 0.045702
922.10009765625, 0.041098
922.199951171875, 0.058081
922.300048828125, 0.019245
922.39990234375, 0.029166
922.5, 0.026619
922.60009765625, 0.008385
922.699951171875, 0.002932
922.800048828125, 0.041232
922.89990234375, 0.021747
923.0, 0.033009
923.10009765625, 0.03578
923.199951171875, 0.034439
923.300048828125, 0.040651
923.39990234375, 0.019379
923.5, 0.029702
923.60009765625, 0.022462
923.699951171875, 0.044361
923.800048828125, 0.042305
923.89990234375, -0.007615
924.0, 0.016206
924.10009765625, 0.033278
924.199951171875, 0.034082
924.300048828125, 0.037523
924.39990234375, 0.029479
924.5, 0.018932
924.60009765625, 0.028227
924.699951171875, 0.028496
924.800048828125, 0.04302
924.89990234375, 0.046461
925.0, 0.024205
925.10009765625, 0.035244
925.199951171875, 0.041903
925.300048828125, 0.0495
925.39990234375, 0.058528
925.5, 0.0213
925.60009765625, 0.044048
925.699951171875, 0.030775
925.800048828125, 0.043646
925.89990234375, -0.00319
926.0, 0.0293
926.10009765625, 0.036495
926.199951171875, 0.010083
926.300048828125, 0.040651
926.39990234375, 0.02787
926.5, 0.034171
926.60009765625, 0.055668
926.699951171875, 0.015625
926.800048828125, 0.04597
926.89990234375, 0.04959
927.0, 0.064561
927.10009765625, 0.058841
927.199951171875, 0.044718
927.300048828125, 0.041054
927.39990234375, 0.052673
927.5, 0.031892
927.60009765625, 0.0213
927.699951171875, 0.027825
927.800048828125, 0.055087
927.89990234375, 0.035959
928.0, 0.056338
928.10009765625, 0.048696
928.199951171875, 0.030641
928.300048828125, 0.025412
928.39990234375, 0.051288
928.5, 0.042082
928.60009765625, 0.035378
928.699951171875, 0.036004
928.800048828125, 0.053925
928.89990234375, 0.020719
929.0, 0.035289
929.10009765625, 0.032339
929.199951171875, 0.035199
929.300048828125, 0.042216
929.39990234375, 0.052182
929.5, 0.031535
929.60009765625, 0.028093
929.699951171875, 0.0394
929.800048828125, 0.055221
929.89990234375, 0.032562
930.0, 0.039177
930.10009765625, 0.019691
930.199951171875, 0.031177
930.300048828125, 0.017814
930.39990234375, 0.038953
930.5, -0.008106
930.60009765625, 0.03435
930.699951171875, 0.030864
930.800048828125, 0.022775
930.89990234375, 0.025278
931.0, 0.057723
931.10009765625, 0.034439
931.199951171875, 0.02635
931.300048828125, 0.059824
931.39990234375, 0.02863
931.5, 0.024339
931.60009765625, 0.013211
931.699951171875, 0.039087
931.800048828125, 0.054014
931.89990234375, 0.051601
932.0, 0.009994
932.10009765625, 0.03359
932.199951171875, 0.033769
932.300048828125, 0.023043
932.39990234375, 0.026887
932.5, 0.019155
932.60009765625, 0.018172
932.699951171875, 0.03149
932.800048828125, 0.067823
932.89990234375, 0.06179
933.0, 0.028362
933.10009765625, 0.038015
933.199951171875, -0.004397
933.300048828125, 0.038909
933.39990234375, 0.030373
933.5, 0.042618
933.60009765625, 0.017368
933.699951171875, 0.006463
933.800048828125, 0.026127
933.89990234375, 0.029792
934.0, 0.029077
934.10009765625, 0.004541
934.199951171875, 0.01263
934.300048828125, 0.039802
934.39990234375, 0.055757
934.5, 0.028093
934.60009765625, 0.022596
934.699951171875, 0.020898
934.800048828125, 0.038953
934.89990234375, 0.035601
935.0, 0.034708
935.10009765625, 0.022373
935.199951171875, 0.037568
935.300048828125, 0.019468
935.39990234375, 0.025188
935.5, 0.04588
935.60009765625, 0.046148
935.699951171875, 0.032965
935.800048828125, 0.01263
935.89990234375, 0.017636
936.0, 0.01701
936.10009765625, 0.024429
936.199951171875, 0.017412
936.300048828125, 0.020183
936.39990234375, 0.029836
936.5, 0.043333
936.60009765625, 0.036719
936.699951171875, 0.042394
936.800048828125, 0.017725
936.89990234375, 0.036093
937.0, 0.063667
937.10009765625, 0.062371
937.199951171875, 0.031669
937.300048828125, 0.017904
937.39990234375, 0.015669
937.5, 0.024295
937.60009765625, 0.048204
937.699951171875, 0.049902
937.800048828125, 0.038596
937.89990234375, 0.038864
938.0, 0.032831
938.10009765625, 0.042037
938.199951171875, 0.035959
938.300048828125, 0.025725
938.39990234375, 0.063533
938.5, 0.040696
938.60009765625, 0.01777
938.699951171875, 0.020764
938.800048828125, 0.046327
938.89990234375, 0.033501
939.0, 0.049411
939.10009765625, 0.034037
939.199951171875, 0.028451
939.300048828125, 0.01701
939.39990234375, 0.023803
939.5, 0.00986
939.60009765625, 0.006329
939.699951171875, 0.040651
939.800048828125, 0.03949
939.89990234375, 0.04664
940.0, 0.018172
940.10009765625, 0.032518
940.199951171875, 0.034529
940.300048828125, 0.038506
940.39990234375, 0.041813
940.5, 0.039221
940.60009765625, 0.014552
940.699951171875, 0.043556
940.800048828125, 0.048651
940.89990234375, 0.049098
941.0, 0.015669
941.10009765625, 0.0474
941.199951171875, 0.023937
941.300048828125, 0.010977
941.39990234375, 0.006552
941.5, 0.040383
941.60009765625, 0.038015
941.699951171875, 0.037791
941.800048828125, 0.044495
941.89990234375, 0.025725
942.0, 0.006955
942.10009765625, 0.045389
942.199951171875, 0.039713
942.300048828125, 0.064919
942.39990234375, 0.049366
942.5, 0.037478
942.60009765625, 0.047042
942.699951171875, 0.021479
942.800048828125, -0.00976
942.89990234375, 0.042126
943.0, 0.049053
943.10009765625, 0.051333
943.199951171875, 0.064293
943.300048828125, 0.034708
943.39990234375, 0.046953
943.5, 0.037657
943.60009765625, 0.029166
943.699951171875, 0.047489
943.800048828125, 0.045433
943.89990234375, 0.05321
944.0, -0.003235
944.10009765625, 0.015133
944.199951171875, 0.029389
944.300048828125, 0.033278
944.39990234375, 0.020451
944.5, 0.068851
944.60009765625, 0.040339
944.699951171875, 0.045433
944.800048828125, 0.028093
944.89990234375, 0.035423
945.0, 0.034663
945.10009765625, 0.014954
945.199951171875, 0.033099
945.300048828125, 0.029702
945.39990234375, 0.049813
945.5, 0.045836
945.60009765625, 0.051467
945.699951171875, 0.033188
945.800048828125, 0.022552
945.89990234375, 0.031266
946.0, 0.040339
946.10009765625, 0.014507
946.199951171875, 0.022865
946.300048828125, 0.074438
946.39990234375, 0.057053
946.5, 0.033903
946.60009765625, 0.036629
946.699951171875, 0.014552
946.800048828125, 0.051243
946.89990234375, 0.044227
947.0, 0.016563
947.10009765625, 0.038149
947.199951171875, 0.022149
947.300048828125, 0.029121
947.39990234375, 0.045657
947.5, 0.047355
947.60009765625, 0.032294
947.699951171875, 0.04226
947.800048828125, 0.033054
947.89990234375, 0.028853
948.0, 0.051824
948.10009765625, 0.01701
948.199951171875, 0.042484
948.300048828125, 0.036808
948.39990234375, 0.065142
948.5, 0.024831
948.60009765625, 0.031892
948.699951171875, 0.037657
948.800048828125, 0.006821
948.89990234375, 0.029077
949.0, 0.040205
949.10009765625, 0.052852
949.199951171875, 0.033322
949.300048828125, 0.020451
949.39990234375, 0.023088
949.5, 0.037076
949.60009765625, 0.037836
949.699951171875, 0.031356
949.800048828125, 0.016787
949.89990234375, 0.029926
950.0, 0.026931
950.10009765625, 0.028317
950.199951171875, 0.019289
950.300048828125, 0.047534
950.39990234375, 0.029345
950.5, 0.036763
950.60009765625, 0.01558
950.699951171875, -0.00033
950.800048828125, 0.015803
950.89990234375, 0.043065
951.0, 0.007759
951.10009765625, 0.009323
951.199951171875, 0.022418
951.300048828125, 0.026082
951.39990234375, 0.058438
951.5, 0.045746
951.60009765625, 0.054461
951.699951171875, 0.038328
951.800048828125, 0.051958
951.89990234375, 0.074125
952.0, 0.046193
952.10009765625, 0.04664
952.199951171875, 0.033546
952.300048828125, 0.037076
952.39990234375, 0.0394
952.5, 0.026976
952.60009765625, 0.048919
952.699951171875, 0.039221
952.800048828125, 0.048651
952.89990234375, 0.04883
953.0, 0.053657
953.10009765625, 0.041903
953.199951171875, 0.033278
953.300048828125, 0.02997
953.39990234375, 0.021434
953.5, 0.024027
953.60009765625, 0.018842
953.699951171875, 0.012049
953.800048828125, 0.0596
953.89990234375, 0.038104
954.0, 0.033054
954.10009765625, 0.028674
954.199951171875, 0.043467
954.300048828125, 0.021881
954.39990234375, 0.026619
954.5, 0.029658
954.60009765625, 0.039043
954.699951171875, 0.027825
954.800048828125, 0.040249
954.89990234375, 0.014686
955.0, 0.05312
955.10009765625, 0.014507
955.199951171875, 0.006374
955.300048828125, 0.025412
955.39990234375, -0.005916
955.5, 0.047132
955.60009765625, 0.001949
955.699951171875, 0.003737
955.800048828125, 0.021032
955.89990234375, 0.030373
956.0, 0.053701
956.10009765625, 0.035467
956.199951171875, 0.055757
956.300048828125, 0.00472
956.39990234375, 0.019423
956.5, 0.017725
956.60009765625, 0.014552
956.699951171875, 0.03511
956.800048828125, 0.010664
956.89990234375, 0.031356
957.0, 0.015937
957.10009765625, 0.017412
957.199951171875, 0.019781
957.300048828125, 0.029523
957.39990234375, 0.025635
957.5, 0.03006
957.60009765625, 0.049053
957.699951171875, 0.037389
957.800048828125, 0.025323
957.89990234375, 0.035557
958.0, 0.046908
958.10009765625, 0.036406
958.199951171875, 0.036495
958.300048828125, 0.0272
958.39990234375, 0.046327
958.5, 0.021792
958.60009765625, 0.025814
958.699951171875, 0.007089
958.800048828125, 0.038551
958.89990234375, 0.0373
959.0, 0.037166
959.10009765625, 0.009502
959.199951171875, 0.02863
959.300048828125, 0.020228
959.39990234375, 0.024965
959.5, 0.024607
959.60009765625, 0.071131
959.699951171875, 0.032875
959.800048828125, 0.041948
959.89990234375, 0.024071
960.0, 0.045746
960.10009765625, 0.040115
960.199951171875, 0.05312
960.300048828125, 0.029077
960.39990234375, 0.032831
960.5, 0.036808
960.60009765625, 0.051735
960.699951171875, 0.037657
960.800048828125, 0.008832
960.89990234375, -0.00109
961.0, 0.033903
961.10009765625, 0.04445
961.199951171875, 0.049947
961.300048828125, 0.035959
961.39990234375, 0.036808
961.5, 0.013345
961.60009765625, 0.01777
961.699951171875, 0.028898
961.800048828125, -0.000777
961.89990234375, 0.01129
962.0, 0.047891
962.10009765625, 0.036182
962.199951171875, 0.037166
962.300048828125, 0.019781
962.39990234375, 0.015893
962.5, 0.036451
962.60009765625, 0.032116
962.699951171875, 0.022865
962.800048828125, 0.012541
962.89990234375, 0.033099
963.0, 0.023669
963.10009765625, 0.019245
963.199951171875, 0.013703
963.300048828125, 0.003424
963.39990234375, 0.023937
963.5, 0.036719
963.60009765625, 0.038864
963.699951171875, 0.012273
963.800048828125, 0.020407
963.89990234375, 0.027468
964.0, 0.024339
964.10009765625, 0.04302
964.199951171875, 0.049724
964.300048828125, 0.040741
964.39990234375, 0.010038
964.5, 0.064874
964.60009765625, 0.524876
964.699951171875, 0.796105
964.800048828125, -0.07112
964.89990234375, 0.03006
965.0, 0.028272
965.10009765625, 0.019066
965.199951171875, 0.059377
965.300048828125, 0.027825
965.39990234375, 0.021434
965.5, 0.076002
965.60009765625, 0.06255
965.699951171875, 0.179819
965.800048828125, 0.024161
965.89990234375, 0.026842
966.0, 0.019021
966.10009765625, 0.139239
966.199951171875, 0.586863
966.300048828125, 0.994309
966.39990234375, 1.379499
966.5, 1.824172
966.60009765625, 2.215306
966.699951171875, 2.542711
966.800048828125, 2.840352
966.89990234375, 3.106888
967.0, 3.310454
967.10009765625, 3.528992
967.199951171875, 3.70284
967.300048828125, 3.877044
967.39990234375, 4.002089
967.5, 4.12414
967.60009765625, 4.24047
967.699951171875, 4.303395
967.800048828125, 4.376598
967.89990234375, 4.415926
968.0, 4.474918
968.10009765625, 4.4797
968.199951171875, 4.508347
968.300048828125, 4.490113
968.39990234375, 4.476169
968.5, 4.469019
968.60009765625, 4.449534
968.699951171875, 4.427948
968.800048828125, 4.405871
968.89990234375, 4.347147
969.0, 4.318143
969.10009765625, 4.239129
969.199951171875, 4.156362
969.300048828125, 4.102063
969.39990234375, 4.00486
969.5, 3.987163
969.60009765625, 4.133793
969.699951171875, 4.218437
969.800048828125, 4.292758
969.89990234375, 4.399882
970.0, 4.503878
970.10009765625, 4.546781
970.199951171875, 4.646173
970.300048828125, 4.739175
970.39990234375, 4.768581
970.5, 4.78829
970.60009765625, 4.863817
970.699951171875, 4.904665
970.800048828125, 4.933848
970.89990234375, 4.980103
971.0, 5.00361
971.10009765625, 5.036056
971.199951171875, 5.055183
971.300048828125, 5.06506
971.39990234375, 5.086378
971.5, 5.120566
971.60009765625, 5.118063
971.699951171875, 5.117929
971.800048828125, 5.169368
971.89990234375, 5.142107
972.0, 5.132677
972.10009765625, 5.103807
972.199951171875, 5.120343
972.300048828125, 5.121236
972.39990234375, 5.121147
972.5, 5.140364
972.60009765625, 5.185189
972.699951171875, 5.129772
972.800048828125, 5.134688
972.89990234375, 5.111047
973.0, 5.120432
973.10009765625, 5.10698
973.199951171875, 5.101662
973.300048828125, 5.135627
973.39990234375, 5.112209
973.5, 5.071585
973.60009765625, 5.061172
973.699951171875, 5.062602
973.800048828125, 5.037754
973.89990234375, 5.045709
974.0, 5.036816
974.10009765625, 5.043921
974.199951171875, 5.062826
974.300048828125, 5.051832
974.39990234375, 5.066892
974.5, 5.072613
974.60009765625, 5.032615
974.699951171875, 5.038961
974.800048828125, 5.046513
974.89990234375, 5.031274
975.0, 5.035117
975.10009765625, 5.025598
975.199951171875, 5.010448
975.300048828125, 4.986002
975.39990234375, 5.066937
975.5, 5.015543
975.60009765625, 5.018537
975.699951171875, 5.089864
975.800048828125, 5.047765
975.89990234375, 5.067831
976.0, 5.042223
976.10009765625, 5.096522
976.199951171875, 5.077708
976.300048828125, 5.044324
976.39990234375, 5.085797
976.5, 5.090623
976.60009765625, 5.06649
976.699951171875, 4.907168
976.800048828125, 4.706148
976.89990234375, 4.767956
977.0, 4.790614
977.10009765625, 4.617482
977.199951171875, 4.384285
977.300048828125, 4.007899
977.39990234375, 3.534802
977.5, 2.998155
977.60009765625, 2.510265
977.699951171875, 1.965395
977.800048828125, 1.359924
977.89990234375, 0.321801
978.0, 0.009949
978.10009765625, 0.036987
978.199951171875, 0.035467
978.300048828125, 0.033948
978.39990234375, 0.051154
978.5, 0.023311
978.60009765625, 0.024742
978.699951171875, 0.040562
978.800048828125, 0.031579
978.89990234375, 0.009413
979.0, 0.066259
979.10009765625, 0.023937
979.199951171875, 0.04092
979.300048828125, 0.023982
979.39990234375, 0.039221
979.5, 0.022641
979.60009765625, 0.028227
979.699951171875, 0.021032
979.800048828125, 0.05245
979.89990234375, 0.035959
980.0, 0.011781
980.10009765625, 0.016831
980.199951171875, 0.034529
980.300048828125, -0.001313
980.39990234375, 0.020809
980.5, 0.042931
980.60009765625, 0.03006
980.699951171875, 0.056293
980.800048828125, 0.05102
980.89990234375, 0.017725
981.0, 0.014418
981.10009765625, 0.023133
981.199951171875, -0.011592
981.300048828125, 0.025144
981.39990234375, 0.029121
981.5, 0.02635
981.60009765625, 0.027602
981.699951171875, 0.020228
981.800048828125, 0.052629
981.89990234375, 0.024339
982.0, 0.056695
982.10009765625, 0.022775
982.199951171875, 0.046864
982.300048828125, 0.017814
982.39990234375, 0.01339
982.5, 0.031669
982.60009765625, 0.009547
982.699951171875, 0.038149
982.800048828125, 0.045567
982.89990234375, 0.029568
983.0, 0.010575
983.10009765625, 0.035825
983.199951171875, 0.021524
983.300048828125, 0.027736
983.39990234375, 0.035378
983.5, 0.00472
983.60009765625, 0.024831
983.699951171875, 0.037613
983.800048828125, 0.051422
983.89990234375, 0.031266
984.0, 0.034708
984.10009765625, 0.021122
984.199951171875, 0.02854
984.300048828125, 0.038506
984.39990234375, 0.029345
984.5, 0.060315
984.60009765625, 0.015133
984.699951171875, 0.046148
984.800048828125, 0.03864
984.89990234375, 0.064069
985.0, 0.02425
985.10009765625, 0.021747
985.199951171875, 0.022999
985.300048828125, 0.04369
985.39990234375, 0.035199
985.5, 0.053388
985.60009765625, 0.033233
985.699951171875, 0.02501
985.800048828125, 0.008161
985.89990234375, -0.006363
986.0, 0.032205
986.10009765625, 0.020228
986.199951171875, 0.014016
986.300048828125, 0.042975
986.39990234375, 0.035155
986.5, 0.032205
986.60009765625, 0.017993
986.699951171875, 0.022507
986.800048828125, 0.005659
986.89990234375, 0.032965
987.0, 0.041813
987.10009765625, 0.029121
987.199951171875, 0.015491
987.300048828125, 0.01415
987.39990234375, 0.030015
987.5, 0.019289
987.60009765625, 0.034842
987.699951171875, 0.028942
987.800048828125, 0.039981
987.89990234375, 0.044316
988.0, 0.040383
988.10009765625, 0.041188
988.199951171875, 0.055802
988.300048828125, 0.042663
988.39990234375, 0.041724
988.5, 0.044495
988.60009765625, 0.039847
988.699951171875, 0.021122
988.800048828125, 0.009591
988.89990234375, 0.022507
989.0, 0.017278
989.10009765625, 0.018798
989.199951171875, 0.047176
989.300048828125, 0.041188
989.39990234375, 0.022954
989.5, 0.048562
989.60009765625, 0.047713
989.699951171875, 0.012764
989.800048828125, 0.01777
989.89990234375, 0.045791
990.0, 0.048964
990.10009765625, 0.011468
990.199951171875, 0.021211
990.300048828125, 0.024384
990.39990234375, 0.02282
990.5, 0.03082
990.60009765625, 0.043601
990.699951171875, 0.033009
990.800048828125, 0.034395
990.89990234375, 0.02644
991.0, 0.030417
991.10009765625, 0.041456
991.199951171875, 0.020943
991.300048828125, 0.041143
991.39990234375, 0.034529
991.5, 0.032384
991.60009765625, 0.025323
991.699951171875, 0.035825
991.800048828125, 0.026395
991.89990234375, 0.029523
992.0, 0.019781
992.10009765625, 0.007267
992.199951171875, 0.033948
992.300048828125, 0.038104
992.39990234375, 0.025323
992.5, 0.028942
992.60009765625, 0.045746
992.699951171875, -0.008821
992.800048828125, 0.023669
992.89990234375, 0.034574
993.0, 0.066751
993.10009765625, 0.050483
993.199951171875, 0.005256
993.300048828125, 0.005703
993.39990234375, 0.036361
993.5, 0.051511
993.60009765625, 0.01634
993.699951171875, -0.020083
993.800048828125, 0.010038
993.89990234375, 0.030283
994.0, 0.030507
994.10009765625, 0.017814
994.199951171875, 0.025323
994.300048828125, 0.028898
994.39990234375, 0.023758
994.5, 0.041456
994.60009765625, 0.026619
994.699951171875, 0.01415
994.800048828125, 0.010441
994.89990234375, 0.042618
995.0, 0.022462
995.10009765625, 0.038998
995.199951171875, 0.015222
995.300048828125, 0.03082
995.39990234375, 0.041858
995.5, 0.016653
995.60009765625, 0.018083
995.699951171875, 0.036048
995.800048828125, 0.026887
995.89990234375, 0.048294
996.0, 0.041456
996.10009765625, 0.025993
996.199951171875, 0.035378
996.300048828125, 0.011737
996.39990234375, 0.053791
996.5, 0.023446
996.60009765625, 0.023222
996.699951171875, 0.03006
996.800048828125, 0.022552
996.89990234375, 0.041098
997.0, 0.04816
997.10009765625, 0.031981
997.199951171875, 0.041322
997.300048828125, 0.020988
997.39990234375, 0.029881
997.5, 0.022462
997.60009765625, 0.043646
997.699951171875, 0.048696
997.800048828125, 0.041501
997.89990234375, 0.050573
998.0, 0.019557
998.10009765625, 0.038193
998.199951171875, 0.027557
998.300048828125, 0.047579
998.39990234375, 0.021703
998.5, 0.041098
998.60009765625, 0.057366
998.699951171875, 0.010753
998.800048828125, 0.025278
998.89990234375, 0.019468
999.0, 0.011334
999.10009765625, 0.004631
999.199951171875, 0.033858
999.300048828125, 0.002709
999.39990234375, 0.017457
999.5, 0.032875
999.60009765625, 0.045076
999.699951171875, 0.021032
999.800048828125, 0.038328
999.89990234375, 0.023624
1000.0, 0.051556
1000.10009765625, 0.034171
1000.199951171875, -0.000464
1000.300048828125, 0.000921
1000.39990234375, -0.006274
1000.5, 0.013614
1000.60009765625, 0.029702
1000.699951171875, 0.015401
1000.800048828125, 0.041322
1000.89990234375, 0.022239
1001.0, 0.03006
1001.10009765625, 0.018261
1001.199951171875, 0.010753
1001.300048828125, 0.039981
1001.39990234375, 0.027378
1001.5, 0.056383
1001.60009765625, 0.007759
1001.699951171875, 0.027334
1001.800048828125, 0.040339
1001.89990234375, 0.050528
1002.0, 0.01987
1002.10009765625, 0.057679
1002.199951171875, 0.025635
1002.300048828125, 0.008206
1002.39990234375, 0.035065
1002.5, 0.045255
1002.60009765625, 0.004854
1002.699951171875, 0.007267
1002.800048828125, 0.011871
1002.89990234375, 0.031847
1003.0, 0.04883
1003.10009765625, 0.021703
1003.199951171875, -0.005067
1003.300048828125, 0.000698
1003.39990234375, 0.020228
1003.5, 0.039758
1003.60009765625, 0.022149
1003.699951171875, -0.010832
1003.800048828125, 0.005346
1003.89990234375, 0.034529
1004.0, 0.057053
1004.10009765625, 0.042707
1004.199951171875, 0.038864
1004.300048828125, -0.006095
1004.39990234375, 0.017859
1004.5, 0.020719
1004.60009765625, 0.010887
1004.699951171875, 0.038417
1004.800048828125, 0.025099
1004.89990234375, 0.029836
1005.0, 0.01987
1005.10009765625, 0.050349
1005.199951171875, 0.049187
1005.300048828125, 0.059377
1005.39990234375, 0.029121
1005.5, 0.029077
1005.60009765625, 0.020049
1005.699951171875, 0.024205
1005.800048828125, 0.030775
1005.89990234375, 0.041545
1006.0, 0.034976
1006.10009765625, 0.019111
1006.199951171875, 0.034037
1006.300048828125, 0.038551
1006.39990234375, 0.01777
1006.5, 0.047623
1006.60009765625, 0.024205
1006.699951171875, 0.023446
1006.800048828125, 0.00186
1006.89990234375, 0.046327
1007.0, 0.024429
1007.10009765625, 0.02635
1007.199951171875, 0.040339
1007.300048828125, 0.023669
1007.39990234375, 0.015893
1007.5, 0.01558
1007.60009765625, 0.038551
1007.699951171875, 0.030954
1007.800048828125, 0.035959
1007.89990234375, 0.010575
1008.0, 0.028272
1008.10009765625, 0.044361
1008.199951171875, 0.060271
1008.300048828125, 0.021926
1008.39990234375, 0.026306
1008.5, 0.039624
1008.60009765625, 0.036674
1008.699951171875, 0.040786
1008.800048828125, 0.002173
1008.89990234375, 0.026708
1009.0, 0.014016
1009.10009765625, 0.004005
1009.199951171875, 0.003603
1009.300048828125, 0.051645
1009.39990234375, 0.008161
1009.5, 0.001502
1009.60009765625, 0.016161
1009.699951171875, 0.026172
1009.800048828125, 0.04159
1009.89990234375, 0.005301
1010.0, 0.01701
1010.10009765625, 0.03368
1010.199951171875, 0.01996
1010.300048828125, 0.038015
1010.39990234375, 0.027646
1010.5, 0.030104
1010.60009765625, 0.028898
1010.699951171875, 0.010217
1010.800048828125, 0.049679
1010.89990234375, 0.025993
1011.0, 0.023937
1011.10009765625, 0.022641
1011.199951171875, 0.062684
1011.300048828125, 0.019066
1011.39990234375, -0.005961
1011.5, 0.027781
1011.60009765625, -0.004844
1011.699951171875, 0.050618
1011.800048828125, -0.002118
1011.89990234375, 0.035244
1012.0, 0.038774
1012.10009765625, 0.007446
1012.199951171875, 0.012496
1012.300048828125, 0.004184
1012.39990234375, -0.001671
1012.5, 0.022149
1012.60009765625, 0.042663
1012.699951171875, 0.012362
1012.800048828125, 0.024339
1012.89990234375, 0.020943
1013.0, 0.042394
1013.10009765625, 0.019155
1013.199951171875, 0.01987
1013.300048828125, 0.037121
1013.39990234375, -0.002833
1013.5, 0.012586
1013.60009765625, 0.007446
1013.699951171875, -0.001224
1013.800048828125, 0.015133
1013.89990234375, 0.0192
1014.0, 0.023982
1014.10009765625, 0.005703
1014.199951171875, 0.030373
1014.300048828125, 0.015625
1014.39990234375, 0.0112
1014.5, 0.006463
1014.60009765625, 0.015669
1014.699951171875, 0.013122
1014.800048828125, 0.020541
1014.89990234375, 0.011602
1015.0, 0.024429
1015.10009765625, 0.003692
1015.199951171875, 0.027468
1015.300048828125, 0.036897
1015.39990234375, 0.021345
1015.5, 0.065231
1015.60009765625, 0.028138
1015.699951171875, 0.014284
1015.800048828125, -0.008285
1015.89990234375, 0.009457
1016.0, 0.051645
1016.10009765625, 0.054863
1016.199951171875, 0.020004
1016.300048828125, 0.033099
1016.39990234375, -0.004218
1016.5, 0.006865
1016.60009765625, 0.030328
1016.699951171875, 0.037166
1016.800048828125, 0.020898
1016.89990234375, 0.00548
1017.0, 0.010441
1017.10009765625, 0.042931
1017.199951171875, 0.024965
1017.300048828125, 0.01196
1017.39990234375, 0.01996
1017.5, 0.037255
1017.60009765625, 0.038372
1017.699951171875, 0.037747
1017.800048828125, 0.011915
1017.89990234375, 0.029523
1018.0, 0.044048
1018.10009765625, 0.041724
1018.199951171875, 0.067913
1018.300048828125, 0.030417
1018.39990234375, 0.011781
1018.5, 0.034931
1018.60009765625, 0.016474
1018.699951171875, 0.022015
1018.800048828125, 0.043512
1018.89990234375, -0.000285
1019.0, 0.020719
1019.10009765625, 0.015267
1019.199951171875, 0.013658
1019.300048828125, 0.033546
1019.39990234375, 0.041277
1019.5, 0.02635
1019.60009765625, 0.06398
1019.699951171875, 0.020094
1019.800048828125, 0.029658
1019.89990234375, 0.02206
1020.0, 0.021122
1020.10009765625, 0.064338
1020.199951171875, 0.022909
1020.300048828125, 0.047802
1020.39990234375, 0.025099
1020.5, 0.051064
1020.60009765625, 0.054148
1020.699951171875, 0.041948
1020.800048828125, 0.044227
1020.89990234375, 0.014731
1021.0, 0.022149
1021.10009765625, 0.010932
1021.199951171875, 0.00539
1021.300048828125, 0.0091
1021.39990234375, 0.034842
1021.5, 0.034037
1021.60009765625, 0.036585
1021.699951171875, 0.009725
1021.800048828125, 0.028764
1021.89990234375, 0.050305
1022.0, 0.033412
1022.10009765625, 0.053746
1022.199951171875, 0.036272
1022.300048828125, 0.037389
1022.39990234375, 0.025457
1022.5, 0.047266
1022.60009765625, 0.025144
1022.699951171875, 0.045165
1022.800048828125, 0.00262
1022.89990234375, 0.0192
1023.0, -0.002296
1023.10009765625, 0.042484
1023.199951171875, 0.045299
1023.300048828125, 0.021166
1023.39990234375, 0.014507
1023.5, 0.020183
1023.60009765625, 0.021434
1023.699951171875, 0.033188
1023.800048828125, 0.024518
1023.89990234375, 0.008563
1024.0, 0.05321
1024.10009765625, 0.025948
1024.199951171875, 0.031713
1024.300048828125, 0.026261
1024.39990234375, 0.007491
1024.5, 0.046193
1024.60009765625, 0.034305
1024.699951171875, 0.013837
1024.800048828125, 0.035244
1024.89990234375, 0.024831
1025.0, 0.056249
1025.10009765625, 0.002351
1025.199951171875, -0.010475
1025.300048828125, 0.03511
1025.39990234375, 0.028049
1025.5, 0.037613
1025.60009765625, 0.004452
1025.699951171875, 0.012988
1025.800048828125, 0.01777
1025.89990234375, 0.033143
1026.0, 0.028049
1026.10009765625, 0.025099
1026.199951171875, 0.03578
1026.300048828125, 0.023222
1026.39990234375, 0.017904
1026.5, 0.028764
1026.60009765625, 0.014329
1026.699951171875, 0.017949
1026.800048828125, 0.022105
1026.89990234375, 0.035467
1027.0, 0.026172
1027.10009765625, 0.037478
1027.199951171875, 0.028585
1027.300048828125, 0.025814
1027.39990234375, 0.028764
1027.5, 0.004944
1027.60009765625, 0.010083
1027.699951171875, 0.03225
1027.800048828125, 0.032294
1027.89990234375, 0.024876
1028.0, 0.062192
1028.10009765625, 0.031445
1028.199951171875, 0.010932
1028.300048828125, 0.053433
1028.39990234375, 0.034663
1028.5, 0.029345
1028.60009765625, 0.009323
1028.699951171875, 0.006552
1028.800048828125, 0.022418
1028.89990234375, 0.020362
1029.0, 0.013703
1029.10009765625, 0.043065
1029.199951171875, 0.023848
1029.300048828125, 0.042573
1029.39990234375, 0.023088
1029.5, 0.014731
1029.60009765625, 0.006284
1029.699951171875, 0.025144
1029.800048828125, 0.019557
1029.89990234375, 0.033188
1030.0, 0.033322
1030.10009765625, -0.011458
1030.199951171875, -0.00395
1030.300048828125, 0.008117
1030.39990234375, 0.041411
1030.5, 0.017055
1030.60009765625, 0.05531
1030.699951171875, 0.007848
1030.800048828125, 0.024116
1030.89990234375, 0.031981
1031.0, 0.009279
1031.10009765625, 0.002798
1031.199951171875, 0.043601
1031.300048828125, 0.049634
1031.39990234375, 0.03511
1031.5, 0.017234
1031.60009765625, 0.009279
1031.699951171875, 0.008921
1031.800048828125, 0.03006
1031.89990234375, 0.047221
1032.0, 0.028272
1032.10009765625, 0.017055
1032.199951171875, 0.009904
1032.300048828125, 0.032607
1032.39990234375, 0.028764
1032.5, 0.037255
1032.60009765625, 0.060584
1032.699951171875, 0.00901
1032.800048828125, 0.043601
1032.89990234375, 0.062461
1033.0, 0.055668
1033.10009765625, 0.014373
1033.199951171875, 0.041277
1033.300048828125, 0.010575
1033.39990234375, 0.022462
1033.5, 0.018619
1033.60009765625, 0.017949
1033.699951171875, 0.021837
1033.800048828125, 0.003782
1033.89990234375, 0.016518
1034.0, 0.04235
1034.10009765625, 0.025814
1034.199951171875, 0.014507
1034.300048828125, 0.025188
1034.39990234375, 0.033635
1034.5, 0.023982
1034.60009765625, 0.055042
1034.699951171875, 0.027155
1034.800048828125, 0.023133
1034.89990234375, 0.046595
1035.0, 0.020719
1035.10009765625, 0.029389
1035.199951171875, 0.022775
1035.300048828125, 0.020898
1035.39990234375, 0.026887
1035.5, 0.0575
1035.60009765625, 0.030507
1035.699951171875, 0.002977
1035.800048828125, 0.008027
1035.89990234375, 0.03006
1036.0, 0.039043
1036.10009765625, 0.007446
1036.199951171875, 0.011602
1036.300048828125, 0.034484
1036.39990234375, 0.051779
1036.5, 0.015714
1036.60009765625, 0.038372
1036.699951171875, 0.052092
1036.800048828125, 0.020362
1036.89990234375, 0.015133
1037.0, 0.017814
1037.10009765625, 0.019557
1037.199951171875, 0.048338
1037.300048828125, 0.021122
1037.39990234375, 0.013435
1037.5, 0.023311
1037.60009765625, 0.0112
1037.699951171875, 0.015803
1037.800048828125, 0.01558
1037.89990234375, 0.032741
1038.0, 0.044808
1038.10009765625, 0.015088
1038.199951171875, 0.019334
1038.300048828125, 0.016518
1038.39990234375, 0.010575
1038.5, 0.023356
1038.60009765625, 0.021211
1038.699951171875, 0.020138
1038.800048828125, -0.004263
1038.89990234375, 0.007312
1039.0, 0.021881
1039.10009765625, 0.0373
1039.199951171875, 0.026976
1039.300048828125, 0.022284
1039.39990234375, 0.018038
1039.5, 0.009547
1039.60009765625, 0.003916
1039.699951171875, 0.02863
1039.800048828125, 0.05245
1039.89990234375, 0.029523
1040.0, 0.033903
1040.10009765625, 0.06188
1040.199951171875, 0.021479
1040.300048828125, 0.029255
1040.39990234375, 0.023088
1040.5, 0.015893
1040.60009765625, 0.006686
1040.699951171875, 0.022373
1040.800048828125, 0.052718
1040.89990234375, 0.008832
1041.0, 0.046506
1041.10009765625, 0.025054
1041.199951171875, 0.031222
1041.300048828125, 0.018395
1041.39990234375, 0.017144
1041.5, 0.023848
1041.60009765625, 0.029032
1041.699951171875, 0.041903
1041.800048828125, 0.013122
1041.89990234375, 0.006865
1042.0, 0.019602
1042.10009765625, 0.033099
1042.199951171875, 0.026797
1042.300048828125, 0.020943
1042.39990234375, 0.019155
1042.5, 0.045657
1042.60009765625, 0.00986
1042.699951171875, 0.009279
1042.800048828125, 0.007848
1042.89990234375, 0.020228
1043.0, 0.011111
1043.10009765625, 0.025591
1043.199951171875, -0.000375
1043.300048828125, 0.022641
1043.39990234375, 0.044897
1043.5, 0.01625
1043.60009765625, 0.03368
1043.699951171875, 0.022596
1043.800048828125, 0.039579
1043.89990234375, 0.017814
1044.0, 0.029166
1044.10009765625, 0.012809
1044.199951171875, 0.041411
1044.300048828125, 0.032786
1044.39990234375, 0.035155
1044.5, 0.039936
1044.60009765625, 0.008921
1044.699951171875, 0.028853
1044.800048828125, 0.02273
1044.89990234375, 0.045121
1045.0, 0.020272
1045.10009765625, 0.028585
1045.199951171875, 0.021658
1045.300048828125, 0.030641
1045.39990234375, 0.00539
1045.5, 0.020407
1045.60009765625, 0.053254
1045.699951171875, -0.004888
1045.800048828125, 0.010441
1045.89990234375, -0.007212
1046.0, 0.027244
1046.10009765625, -0.001984
1046.199951171875, 0.041545
1046.300048828125, 0.012988
1046.39990234375, 0.031847
1046.5, 0.044093
1046.60009765625, 0.00986
1046.699951171875, 0.05026
1046.800048828125, 0.006508
1046.89990234375, 0.037166
1047.0, 0.036316
1047.10009765625, 0.033814
1047.199951171875, 0.020183
1047.300048828125, 0.012228
1047.39990234375, 0.017368
1047.5, 0.044897
1047.60009765625, 0.017993
1047.699951171875, 0.020094
1047.800048828125, 0.043065
1047.89990234375, 0.053299
1048.0, 0.00986
1048.10009765625, 0.008563
1048.199951171875, 0.042707
1048.300048828125, 0.046864
1048.39990234375, 0.035914
1048.5, 0.022552
1048.60009765625, 0.014195
1048.699951171875, 0.067019
1048.800048828125, 0.046014
1048.89990234375, 0.013569
1049.0, 0.006105
1049.10009765625, 0.014284
1049.199951171875, 0.022954
1049.300048828125, 0.0213
1049.39990234375, 0.012809
1049.5, 0.03435
1049.60009765625, 0.011781
1049.699951171875, 0.033188
1049.800048828125, 0.022865
1049.89990234375, 0.039177
1050.0, 0.055355
1050.10009765625, 0.019781
1050.199951171875, -0.026161
1050.300048828125, -0.015301
1050.39990234375, -0.02634
1050.5, -0.065891
1050.60009765625, -0.017402
1050.699951171875, 0.011826
1050.800048828125, -0.006408
1050.89990234375, -0.039166
1051.0, -0.012575
1051.10009765625, -0.013067
1051.199951171875, -0.010564
1051.300048828125, 0.003826
1051.39990234375, -0.033803
1051.5, 0.006865
1051.60009765625, -0.03215
1051.699951171875, -0.046227
1051.800048828125, -0.066472
1051.89990234375, -0.059858
1052.0, -0.029737
1052.10009765625, 0.008474
1052.199951171875, -0.006721
1052.300048828125, -0.011503
1052.39990234375, -0.002565
1052.5, 0.010217
1052.60009765625, -0.032776
1052.699951171875, -0.000732
1052.800048828125, 0.012407
1052.89990234375, 0.010217
1053.0, 0.002351
1053.10009765625, 0.017636
1053.199951171875, 0.027512
1053.300048828125, 0.013703
1053.39990234375, 0.043601
1053.5, 0.010128
1053.60009765625, 0.023714
1053.699951171875, 0.047713
1053.800048828125, 0.043288
1053.89990234375, 0.029211
1054.0, 0.04302
1054.10009765625, 0.039132
1054.199951171875, 0.014731
1054.300048828125, 0.017278
1054.39990234375, -0.011994
1054.5, 0.031847
1054.60009765625, 0.035914
1054.699951171875, 0.026931
1054.800048828125, 0.023446
1054.89990234375, 0.005837
1055.0, 0.038193
1055.10009765625, 0.042752
1055.199951171875, 0.037166
1055.300048828125, 0.018217
1055.39990234375, 0.02206
1055.5, -0.004576
1055.60009765625, 0.025188
1055.699951171875, 0.008787
1055.800048828125, 0.012854
1055.89990234375, 0.008608
1056.0, 0.007536
1056.10009765625, 0.007133
1056.199951171875, 0.014776
1056.300048828125, 0.02644
1056.39990234375, 0.013926
1056.5, 0.02063
1056.60009765625, 0.03578
1056.699951171875, 0.037434
1056.800048828125, 0.022775
1056.89990234375, 0.025457
1057.0, 0.019379
1057.10009765625, 0.027021
1057.199951171875, 0.018574
1057.300048828125, 0.032071
1057.39990234375, 0.042663
1057.5, 0.028987
1057.60009765625, 0.024161
1057.699951171875, 0.004586
1057.800048828125, 0.026887
1057.89990234375, 0.037121
1058.0, 0.044986
1058.10009765625, 0.028451
1058.199951171875, 0.024429
1058.300048828125, 0.035691
1058.39990234375, 0.032607
1058.5, 0.036585
1058.60009765625, 0.017368
1058.699951171875, 0.015803
1058.800048828125, 0.023937
1058.89990234375, 0.03511
1059.0, 0.032026
1059.10009765625, 0.020451
1059.199951171875, 0.035378
1059.300048828125, 0.048517
1059.39990234375, 0.026395
1059.5, 0.052405
1059.60009765625, 0.021524
1059.699951171875, 0.040428
1059.800048828125, 0.050573
1059.89990234375, 0.021122
1060.0, 0.050126
1060.10009765625, 0.056785
1060.199951171875, 0.041143
1060.300048828125, 0.027065
1060.39990234375, 0.055444
1060.5, 0.038328
1060.60009765625, 0.02635
1060.699951171875, 0.015267
1060.800048828125, -0.001849
1060.89990234375, 0.012407
1061.0, 0.044942
1061.10009765625, 0.025278
1061.199951171875, 0.044763
1061.300048828125, 0.045746
1061.39990234375, 0.043959
1061.5, 0.047668
1061.60009765625, 0.027602
1061.699951171875, 0.029121
1061.800048828125, 0.016384
1061.89990234375, 0.002307
1062.0, 0.026931
1062.10009765625, 0.029792
1062.199951171875, 0.039087
1062.300048828125, 0.044897
1062.39990234375, 0.030239
1062.5, 0.03225
1062.60009765625, 0.033233
1062.699951171875, 0.045523
1062.800048828125, 0.034037
1062.89990234375, 0.034037
1063.0, 0.029032
1063.10009765625, 0.031624
1063.199951171875, 0.062818
1063.300048828125, 0.010977
1063.39990234375, 0.02501
1063.5, 0.007357
1063.60009765625, 0.050215
1063.699951171875, 0.051064
1063.800048828125, 0.008072
1063.89990234375, 0.041143
1064.0, 0.048428
1064.10009765625, 0.074974
1064.199951171875, 0.058841
1064.300048828125, 0.046729
1064.39990234375, 0.031803
1064.5, 0.052092
1064.60009765625, 0.054863
1064.699951171875, 0.030954
1064.800048828125, 0.036987
1064.89990234375, 0.049947
1065.0, 0.070773
1065.10009765625, 0.051288
1065.199951171875, 0.051735
1065.300048828125, 0.045478
1065.39990234375, 0.011737
1065.5, -0.007123
1065.60009765625, 0.041009
1065.699951171875, 0.033858
1065.800048828125, 0.011781
1065.89990234375, 0.017457
1066.0, 0.012318
1066.10009765625, 0.046283
1066.199951171875, 0.005971
1066.300048828125, 0.022105
1066.39990234375, 0.058394
1066.5, 0.009949
1066.60009765625, 0.02282
1066.699951171875, 0.031937
1066.800048828125, 0.02711
1066.89990234375, 0.027781
1067.0, 0.01625
1067.10009765625, 0.042171
1067.199951171875, 0.028183
1067.300048828125, 0.041769
1067.39990234375, 0.023937
1067.5, 0.031579
1067.60009765625, 0.034618
1067.699951171875, 0.016295
1067.800048828125, 0.027736
1067.89990234375, 0.039802
1068.0, 0.006999
1068.10009765625, 0.028406
1068.199951171875, 0.038015
1068.300048828125, 0.033233
1068.39990234375, 0.038149
1068.5, 0.044942
1068.60009765625, 0.046104
1068.699951171875, 0.040071
1068.800048828125, 0.026395
1068.89990234375, 0.028898
1069.0, 0.015178
1069.10009765625, 0.022239
1069.199951171875, 0.008832
1069.300048828125, 0.031311
1069.39990234375, 0.045389
1069.5, 0.023088
1069.60009765625, 0.051779
1069.699951171875, 0.061477
1069.800048828125, 0.033367
1069.89990234375, 0.030551
1070.0, 0.048383
1070.10009765625, 0.019691
1070.199951171875, 0.050037
1070.300048828125, 0.017591
1070.39990234375, 0.017591
1070.5, 0.033635
1070.60009765625, 0.016697
1070.699951171875, 0.028317
1070.800048828125, 0.025367
1070.89990234375, 0.022954
1071.0, 0.032473
1071.10009765625, 0.050215
1071.199951171875, 0.032518
1071.300048828125, 0.01053
1071.39990234375, 0.040205
1071.5, 0.043288
1071.60009765625, 0.042931
1071.699951171875, 0.02863
1071.800048828125, 0.028093
1071.89990234375, 0.053612
1072.0, 0.027959
1072.10009765625, 0.018127
1072.199951171875, 0.03797
1072.300048828125, 0.036495
1072.39990234375, 0.010843
1072.5, 0.002977
1072.60009765625, 0.034216
1072.699951171875, 0.026485
1072.800048828125, 0.002083
1072.89990234375, 0.040249
1073.0, 0.011915
1073.10009765625, 0.020764
1073.199951171875, 0.042439
1073.300048828125, 0.035378
1073.39990234375, 0.045657
1073.5, 0.022999
1073.60009765625, 0.041858
1073.699951171875, 0.010217
1073.800048828125, 0.033054
1073.89990234375, 0.030283
1074.0, 0.021122
1074.10009765625, 0.061656
1074.199951171875, 0.034708
1074.300048828125, 0.025591
1074.39990234375, 0.020541
1074.5, 0.026976
1074.60009765625, 0.063176
1074.699951171875, 0.034574
1074.800048828125, 0.032026
1074.89990234375, 0.034886
1075.0, 0.016116
1075.10009765625, 0.022284
1075.199951171875, 0.014552
1075.300048828125, 0.043244
1075.39990234375, 0.043825
1075.5, 0.035735
1075.60009765625, 0.037523
1075.699951171875, 0.028093
1075.800048828125, 0.029434
1075.89990234375, 0.024965
1076.0, 0.048294
1076.10009765625, 0.014999
1076.199951171875, 0.016027
1076.300048828125, 0.01768
1076.39990234375, 0.040026
1076.5, 0.04445
1076.60009765625, 0.022373
1076.699951171875, 0.021881
1076.800048828125, 0.052316
1076.89990234375, 0.036808
1077.0, 0.00329
1077.10009765625, 0.028451
1077.199951171875, 0.029926
1077.300048828125, 0.025769
1077.39990234375, 0.042394
1077.5, 0.051779
1077.60009765625, 0.022909
1077.699951171875, 0.01768
1077.800048828125, 0.041635
1077.89990234375, 0.018976
1078.0, 0.012228
1078.10009765625, 0.025233
1078.199951171875, 0.050215
1078.300048828125, 0.03359
1078.39990234375, 0.007536
1078.5, 0.03435
1078.60009765625, -0.005291
1078.699951171875, 0.046819
1078.800048828125, 0.055444
1078.89990234375, 0.036272
1079.0, 0.030462
1079.10009765625, 0.031311
1079.199951171875, 0.037613
1079.300048828125, 0.03292
1079.39990234375, 0.002486
1079.5, 0.015625
1079.60009765625, 0.033724
1079.699951171875, 0.038596
1079.800048828125, 0.013256
1079.89990234375, 0.03578
1080.0, 0.021479
1080.10009765625, 0.027691
1080.199951171875, 0.029613
1080.300048828125, 0.035557
1080.39990234375, 0.033456
1080.5, 0.028272
1080.60009765625, 0.015669
1080.699951171875, 0.033322
1080.800048828125, 0.054193
1080.89990234375, 0.008787
1081.0, 0.033769
1081.10009765625, 0.000609
1081.199951171875, 0.028227
1081.300048828125, 0.028049
1081.39990234375, 0.029345
1081.5, 0.014284
1081.60009765625, 0.030641
1081.699951171875, 0.010887
1081.800048828125, 0.034439
1081.89990234375, 0.03225
1082.0, 0.043556
1082.10009765625, 0.041635
1082.199951171875, 0.018932
1082.300048828125, 0.027289
1082.39990234375, 0.030775
1082.5, 0.042886
1082.60009765625, 0.023624
1082.699951171875, 0.03082
1082.800048828125, 0.004497
1082.89990234375, 0.033099
1083.0, 0.040651
1083.10009765625, 0.028585
1083.199951171875, 0.025769
1083.300048828125, 0.033546
1083.39990234375, 0.023758
1083.5, 0.017368
1083.60009765625, -0.002296
1083.699951171875, 0.031222
1083.800048828125, 0.010932
1083.89990234375, 0.051779
1084.0, 0.029702
1084.10009765625, 0.032473
1084.199951171875, 0.034842
1084.300048828125, 0.04445
1084.39990234375, 0.047087
1084.5, 0.039445
1084.60009765625, 0.007983
1084.699951171875, 0.035333
1084.800048828125, 0.024742
1084.89990234375, 0.042618
1085.0, 0.054193
1085.10009765625, 2.8e-05
1085.199951171875, 0.036048
1085.300048828125, 0.045567
1085.39990234375, 0.046238
1085.5, 0.034395
1085.60009765625, 0.036853
1085.699951171875, 0.021971
1085.800048828125, 0.031132
1085.89990234375, 0.0314
1086.0, 0.018172
1086.10009765625, 0.054908
1086.199951171875, 0.038864
1086.300048828125, 0.024652
1086.39990234375, 0.016876
1086.5, 0.013703
1086.60009765625, 0.016965
1086.699951171875, 0.048025
1086.800048828125, 0.025278
1086.89990234375, 0.058126
1087.0, 0.011871
1087.10009765625, 0.050975
1087.199951171875, 0.054103
1087.300048828125, 0.054908
1087.39990234375, 0.038149
1087.5, 0.047087
1087.60009765625, 0.012139
1087.699951171875, 0.013033
1087.800048828125, 0.020094
1087.89990234375, 0.029747
1088.0, 0.047623
1088.10009765625, 0.04454
1088.199951171875, 0.034663
1088.300048828125, 0.050841
1088.39990234375, -0.004307
1088.5, 0.04226
1088.60009765625, 0.04159
1088.699951171875, 0.024965
1088.800048828125, 0.033143
1088.89990234375, 0.018351
1089.0, 0.034395
1089.10009765625, 0.051735
1089.199951171875, 0.021032
1089.300048828125, 0.028227
1089.39990234375, 0.01263
1089.5, 0.009234
1089.60009765625, 0.033322
1089.699951171875, 0.037836
1089.800048828125, 0.048696
1089.89990234375, 0.046551
1090.0, 0.024652
1090.10009765625, 0.007312
1090.199951171875, 0.030015
1090.300048828125, 0.038774
1090.39990234375, 0.021926
1090.5, 0.038462
1090.60009765625, 0.027021
1090.699951171875, 0.041858
1090.800048828125, 0.037791
1090.89990234375, 0.029345
1091.0, 0.037478
1091.10009765625, 0.041009
1091.199951171875, 0.046283
1091.300048828125, 0.037166
1091.39990234375, 0.016518
1091.5, 0.048204
1091.60009765625, 0.050528
1091.699951171875, 0.032071
1091.800048828125, 0.03435
1091.89990234375, 0.045702
1092.0, 0.034037
1092.10009765625, 0.024742
1092.199951171875, 0.047757
1092.300048828125, 0.040205
1092.39990234375, 0.028272
1092.5, 0.010664
1092.60009765625, 0.027155
1092.699951171875, 0.004273
1092.800048828125, 0.014686
1092.89990234375, 0.050841
1093.0, 0.06103
1093.10009765625, 0.036942
1093.199951171875, 0.020764
1093.300048828125, 0.04959
1093.39990234375, 0.017234
1093.5, 0.042618
1093.60009765625, 0.026038
1093.699951171875, 0.048875
1093.800048828125, 0.037613
1093.89990234375, 0.050707
1094.0, 0.027289
1094.10009765625, 0.036808
1094.199951171875, 0.024563
1094.300048828125, 0.019691
1094.39990234375, 0.038104
1094.5, 0.01853
1094.60009765625, -0.00033
1094.699951171875, 0.002754
1094.800048828125, 0.051779
1094.89990234375, 0.043422
1095.0, 0.047042
1095.10009765625, 0.038462
1095.199951171875, 0.025188
1095.300048828125, 0.037255
1095.39990234375, 0.021211
1095.5, 0.03082
1095.60009765625, 0.036853
1095.699951171875, 0.029658
1095.800048828125, 0.021524
1095.89990234375, 0.025323
1096.0, 0.035959
1096.10009765625, 0.026529
1096.199951171875, 0.027289
1096.300048828125, 0.051288
1096.39990234375, 0.062505
1096.5, 0.065008
1096.60009765625, 0.012318
1096.699951171875, 0.034439
1096.800048828125, 0.022775
1096.89990234375, 0.041903
1097.0, 0.025367
1097.10009765625, 0.012094
1097.199951171875, 0.050528
1097.300048828125, 0.04302
1097.39990234375, 0.053031
1097.5, 0.024742
1097.60009765625, 0.00472
1097.699951171875, 0.007893
1097.800048828125, 0.046014
1097.89990234375, 0.02206
1098.0, -0.004307
1098.10009765625, 0.027915
1098.199951171875, 0.048249
1098.300048828125, 0.042886
1098.39990234375, 0.026931
1098.5, -0.001447
1098.60009765625, 0.029479
1098.699951171875, 0.025233
1098.800048828125, 0.03006
1098.89990234375, 0.039847
1099.0, 0.000966
1099.10009765625, 0.027825
1099.199951171875, 0.0272
1099.300048828125, 0.031669
1099.39990234375, 0.041679
1099.5, 0.034127
1099.60009765625, 0.030462
1099.699951171875, 0.023937
1099.800048828125, 0.01053
1099.89990234375, 0.024027
1100.0, 0.025233
1100.10009765625, 0.035914
1100.199951171875, 0.027915
1100.300048828125, 0.026753
1100.39990234375, 0.003513
1100.5, 0.02425
1100.60009765625, 0.014731
1100.699951171875, 0.023133
1100.800048828125, 0.034082
1100.89990234375, 0.064025
1101.0, 0.02787
1101.10009765625, 0.028093
1101.199951171875, 0.032741
1101.300048828125, 0.019557
1101.39990234375, 0.023267
1101.5, 0.034708
1101.60009765625, 0.061343
1101.699951171875, 0.004809
1101.800048828125, 0.014418
1101.89990234375, 0.011066
1102.0, 0.067645
1102.10009765625, 0.044897
1102.199951171875, 0.014016
1102.300048828125, 0.027602
1102.39990234375, 0.045657
1102.5, 0.021613
1102.60009765625, 0.053835
1102.699951171875, 0.052763
1102.800048828125, 0.020004
1102.89990234375, 0.03502
1103.0, 0.060896
1103.10009765625, 0.029211
1103.199951171875, 0.033858
1103.300048828125, 0.014597
1103.39990234375, 0.001458
1103.5, 0.027781
1103.60009765625, 0.018485
1103.699951171875, 0.009279
1103.800048828125, 0.039087
1103.89990234375, 0.034305
1104.0, 0.030104
1104.10009765625, 0.028496
1104.199951171875, 0.014552
1104.300048828125, 0.031937
1104.39990234375, 0.049858
1104.5, 0.047132
1104.60009765625, 0.035601
1104.699951171875, 0.024161
1104.800048828125, 0.026261
1104.89990234375, 0.047489
1105.0, 0.001636
1105.10009765625, 0.017368
1105.199951171875, 0.041813
1105.300048828125, 0.031847
1105.39990234375, 0.04454
1105.5, 0.038149
1105.60009765625, 0.03511
1105.699951171875, 0.025099
1105.800048828125, 0.043467
1105.89990234375, 0.04454
1106.0, 0.042439
1106.10009765625, 0.046774
1106.199951171875, 0.047757
1106.300048828125, 0.037925
1106.39990234375, 0.012675
1106.5, 0.002977
1106.60009765625, 0.048383
1106.699951171875, 0.015401
1106.800048828125, 0.067868
1106.89990234375, 0.013703
1107.0, 0.056561
1107.10009765625, 0.039847
1107.199951171875, 0.019781
1107.300048828125, 0.010887
1107.39990234375, 0.012541
1107.5, 0.04807
1107.60009765625, 0.04731
1107.699951171875, 0.036138
1107.800048828125, 0.028317
1107.89990234375, 0.051243
1108.0, 0.038193
1108.10009765625, 0.018842
1108.199951171875, 0.02501
1108.300048828125, 0.02139
1108.39990234375, -0.008508
1108.5, 0.057813
1108.60009765625, 0.056204
1108.699951171875, 0.04369
1108.800048828125, 0.036361
1108.89990234375, 0.051735
1109.0, 0.034395
1109.10009765625, 0.032473
1109.199951171875, 0.027021
1109.300048828125, 0.023937
1109.39990234375, 0.021256
1109.5, 0.042171
1109.60009765625, 0.034797
1109.699951171875, 0.025323
1109.800048828125, 0.035378
1109.89990234375, 0.028585
1110.0, 0.036585
1110.10009765625, 0.025188
1110.199951171875, 0.018932
1110.300048828125, 0.036316
1110.39990234375, 0.023982
1110.5, 0.059064
1110.60009765625, 0.033412
1110.699951171875, 0.041635
1110.800048828125, 0.035199
1110.89990234375, 0.062327
1111.0, 0.028808
1111.10009765625, 0.022775
1111.199951171875, 0.019423
1111.300048828125, 0.00405
1111.39990234375, 0.030551
1111.5, 0.026395
1111.60009765625, 0.023177
1111.699951171875, 0.047221
1111.800048828125, 0.02997
1111.89990234375, 0.018932
1112.0, 0.023401
1112.10009765625, 0.036004
1112.199951171875, 0.027512
1112.300048828125, 0.030328
1112.39990234375, 0.031758
1112.5, 0.01844
1112.60009765625, 0.026663
1112.699951171875, 0.016295
1112.800048828125, 0.024652
1112.89990234375, 0.044182
1113.0, 0.041277
1113.10009765625, 0.033188
1113.199951171875, 0.000653
1113.300048828125, 0.022909
1113.39990234375, 0.02349
1113.5, 0.019021
1113.60009765625, 0.039668
1113.699951171875, 0.000251
1113.800048828125, 0.042975
1113.89990234375, 0.038372
1114.0, 0.04016
1114.10009765625, 0.012764
1114.199951171875, 0.058215
1114.300048828125, 0.02273
1114.39990234375, 0.017234
1114.5, 0.02501
1114.60009765625, 0.037523
1114.699951171875, 0.053031
1114.800048828125, 0.027289
1114.89990234375, 0.031713
1115.0, 0.034797
1115.10009765625, 0.013301
1115.199951171875, 0.061075
1115.300048828125, 0.031937
1115.39990234375, 0.040786
1115.5, 0.026887
1115.60009765625, 0.037747
1115.699951171875, 0.03359
1115.800048828125, 0.047891
1115.89990234375, 0.042707
1116.0, 0.060405
1116.10009765625, 0.031669
1116.199951171875, 0.03292
1116.300048828125, 0.035467
1116.39990234375, 0.034752
1116.5, 0.041724
1116.60009765625, 0.052271
1116.699951171875, 0.038819
1116.800048828125, 0.045612
1116.89990234375, 0.042663
1117.0, 0.030641
1117.10009765625, 0.042037
1117.199951171875, 0.031445
1117.300048828125, 0.009591
1117.39990234375, 0.025725
1117.5, 0.030149
1117.60009765625, 0.03721
1117.699951171875, 0.028049
1117.800048828125, 0.024429
1117.89990234375, 0.024876
1118.0, 0.027557
1118.10009765625, 0.041322
1118.199951171875, 0.026529
1118.300048828125, 0.040562
1118.39990234375, 0.019915
1118.5, 0.026216
1118.60009765625, 0.011468
1118.699951171875, 0.016965
1118.800048828125, 0.053746
1118.89990234375, 0.031222
1119.0, 0.033814
1119.10009765625, 0.033635
1119.199951171875, 0.035512
1119.300048828125, 0.042886
1119.39990234375, 0.037747
1119.5, 0.044137
1119.60009765625, 0.039802
1119.699951171875, 0.050796
1119.800048828125, 0.033188
1119.89990234375, 0.037657
1120.0, 0.026172
1120.10009765625, 0.071622
1120.199951171875, 0.035691
1120.300048828125, 0.060807
1120.39990234375, 0.020138
1120.5, 0.062684
1120.60009765625, 0.048294
1120.699951171875, 0.039847
1120.800048828125, 0.020451
1120.89990234375, 0.017457
1121.0, 0.019513
1121.10009765625, 0.041545
1121.199951171875, 0.034171
1121.300048828125, 0.015133
1121.39990234375, 0.042841
1121.5, 0.025993
1121.60009765625, 0.027646
1121.699951171875, 0.009815
1121.800048828125, 0.031043
1121.89990234375, 0.050573
1122.0, 0.027825
1122.10009765625, 0.035244
1122.199951171875, 0.029926
1122.300048828125, 0.041098
1122.39990234375, 0.035735
1122.5, 0.018574
1122.60009765625, 0.034439
1122.699951171875, 0.048696
1122.800048828125, 0.013926
1122.89990234375, 0.027334
1123.0, 0.027825
1123.10009765625, 0.031579
1123.199951171875, 0.019513
1123.300048828125, 0.01853
1123.39990234375, 0.05093
1123.5, 0.037255
1123.60009765625, 0.049545
1123.699951171875, 0.027825
1123.800048828125, 0.039624
1123.89990234375, 0.020183
1124.0, 0.022596
1124.10009765625, 0.0596
1124.199951171875, 0.057768
1124.300048828125, 0.040115
1124.39990234375, 0.030373
1124.5, 0.02787
1124.60009765625, 0.027065
1124.699951171875, 0.015625
1124.800048828125, 0.015535
1124.89990234375, 0.044182
1125.0, 0.043825
1125.10009765625, 0.02358
1125.199951171875, 0.043154
1125.300048828125, 0.031847
1125.39990234375, 0.049366
1125.5, 0.046059
1125.60009765625, 0.022596
1125.699951171875, 0.014463
1125.800048828125, 0.011334
1125.89990234375, 0.056919
1126.0, 0.072337
1126.10009765625, 0.04521
1126.199951171875, 0.048517
1126.300048828125, 0.036585
1126.39990234375, 0.043512
1126.5, 0.017591
1126.60009765625, 0.021345
1126.699951171875, 0.047847
1126.800048828125, 0.02206
1126.89990234375, -0.00462
1127.0, 0.004809
1127.10009765625, 0.048875
1127.199951171875, 0.030641
1127.300048828125, 0.001592
1127.39990234375, 0.038909
1127.5, 0.033948
1127.60009765625, 0.038149
1127.699951171875, 0.039355
1127.800048828125, 0.040026
1127.89990234375, 0.048517
1128.0, 0.041367
1128.10009765625, 0.033546
1128.199951171875, 0.033948
1128.300048828125, 0.058707
1128.39990234375, 0.036316
1128.5, 0.044093
1128.60009765625, 0.020362
1128.699951171875, 0.040115
1128.800048828125, 0.006686
1128.89990234375, 0.033233
1129.0, 0.033009
1129.10009765625, 0.037166
1129.199951171875, 0.046506
1129.300048828125, 0.027334
1129.39990234375, 0.024384
1129.5, 0.026172
1129.60009765625, 0.035065
1129.699951171875, -0.002877
1129.800048828125, -0.001537
1129.89990234375, 0.016206
1130.0, 0.076404
1130.10009765625, 0.033099
1130.199951171875, 0.03216
1130.300048828125, 0.024652
1130.39990234375, 0.040875
1130.5, 0.036808
1130.60009765625, 0.031981
1130.699951171875, 0.026038
1130.800048828125, 0.044048
1130.89990234375, 0.036585
1131.0, 0.031981
1131.10009765625, 0.042975
1131.199951171875, 0.044048
1131.300048828125, 0.026976
1131.39990234375, 0.032786
1131.5, 0.025323
1131.60009765625, 0.023401
1131.699951171875, 0.020004
1131.800048828125, 0.034037
1131.89990234375, 0.029568
1132.0, -0.002609
1132.10009765625, 0.022149
1132.199951171875, 0.037255
1132.300048828125, 0.032384
1132.39990234375, 0.022954
1132.5, 0.021032
1132.60009765625, 0.026395
1132.699951171875, 0.013837
1132.800048828125, 0.009144
1132.89990234375, 0.001592
1133.0, 0.036227
1133.10009765625, 0.023937
1133.199951171875, 0.030417
1133.300048828125, 0.036182
1133.39990234375, 0.046104
1133.5, 0.044897
1133.60009765625, 0.004273
1133.699951171875, 0.020943
1133.800048828125, 0.021971
1133.89990234375, 0.00262
1134.0, 0.028004
1134.10009765625, 0.019781
1134.199951171875, 0.038015
1134.300048828125, 0.023401
1134.39990234375, 0.04235
1134.5, 0.040294
1134.60009765625, 0.039355
1134.699951171875, 0.053388
1134.800048828125, 0.011647
1134.89990234375, 0.051601
1135.0, 0.040696
1135.10009765625, 0.020719
1135.199951171875, 0.050752
1135.300048828125, 0.01701
1135.39990234375, 0.002217
1135.5, -0.007257
1135.60009765625, 0.040115
1135.699951171875, 0.037478
1135.800048828125, 0.050439
1135.89990234375, 0.024027
1136.0, 0.017144
1136.10009765625, 0.044808
1136.199951171875, 0.014373
1136.300048828125, 0.041679
1136.39990234375, 0.048294
1136.5, 0.031937
1136.60009765625, 0.025591
1136.699951171875, 0.030015
1136.800048828125, 0.010664
1136.89990234375, 0.021658
1137.0, 0.023043
1137.10009765625, 0.010396
1137.199951171875, 0.049858
1137.300048828125, 0.034663
1137.39990234375, 0.024473
1137.5, 0.030015
1137.60009765625, 0.030954
1137.699951171875, 0.034842
1137.800048828125, 0.019423
1137.89990234375, 0.032428
1138.0, 0.034663
1138.10009765625, 0.016206
1138.199951171875, 0.034842
1138.300048828125, 0.028764
1138.39990234375, 0.011781
1138.5, 0.044584
1138.60009765625, 0.051422
1138.699951171875, 0.042171
1138.800048828125, 0.055399
1138.89990234375, 0.031177
1139.0, 0.025993
1139.10009765625, 0.015133
1139.199951171875, 0.004988
1139.300048828125, 0.00901
1139.39990234375, 0.029881
1139.5, 0.03721
1139.60009765625, 0.022954
1139.699951171875, 0.037613
1139.800048828125, 0.001636
1139.89990234375, 0.043467
1140.0, 0.050037
1140.10009765625, 0.067332
1140.199951171875, 0.024607
1140.300048828125, 0.023982
1140.39990234375, 0.045612
1140.5, 0.05093
1140.60009765625, 0.065097
1140.699951171875, 0.070505
1140.800048828125, 0.029613
1140.89990234375, 0.018038
1141.0, 0.028585
1141.10009765625, 0.052807
1141.199951171875, 0.042886
1141.300048828125, 0.039624
1141.39990234375, 0.016653
1141.5, 0.04731
1141.60009765625, 0.065321
1141.699951171875, 0.049232
1141.800048828125, 0.04883
1141.89990234375, 0.044942
1142.0, 0.045433
1142.10009765625, 0.038328
1142.199951171875, 0.020675
1142.300048828125, 0.02425
1142.39990234375, 0.031222
1142.5, 0.009904
1142.60009765625, 0.040875
1142.699951171875, 0.041724
1142.800048828125, 0.017099
1142.89990234375, 0.007938
1143.0, -0.003682
1143.10009765625, 0.015937
1143.199951171875, 0.041054
1143.300048828125, 0.018664
1143.39990234375, 0.031981
1143.5, 0.036227
1143.60009765625, 0.040071
1143.699951171875, 0.037613
1143.800048828125, 0.052807
1143.89990234375, 0.053478
1144.0, 0.020764
1144.10009765625, 0.050349
1144.199951171875, 0.07265
1144.300048828125, 0.056159
1144.39990234375, 0.04083
1144.5, 0.041903
1144.60009765625, 0.018083
1144.699951171875, 0.042975
1144.800048828125, 0.026842
1144.89990234375, 0.040473
1145.0, 0.020719
1145.10009765625, 0.025233
1145.199951171875, 0.046238
1145.300048828125, 0.062818
1145.39990234375, 0.049724
1145.5, 0.031579
1145.60009765625, 0.026708
1145.699951171875, 0.013658
1145.800048828125, 0.008519
1145.89990234375, 0.02863
1146.0, 0.061969
1146.10009765625, 0.031043
1146.199951171875, 0.042126
1146.300048828125, 0.036138
1146.39990234375, 0.038462
1146.5, 0.008072
1146.60009765625, 0.005569
1146.699951171875, 0.027646
1146.800048828125, 0.035423
1146.89990234375, 0.020719
1147.0, 0.040115
1147.10009765625, 0.019423
1147.199951171875, 0.028585
1147.300048828125, 0.009547
1147.39990234375, 0.041143
1147.5, 0.05607
1147.60009765625, 0.006418
1147.699951171875, 0.046953
1147.800048828125, 0.021971
1147.89990234375, 0.047132
1148.0, 0.013077
1148.10009765625, 0.043199
1148.199951171875, 0.045836
1148.300048828125, 0.022462
1148.39990234375, 0.023535
1148.5, 0.038462
1148.60009765625, 0.021837
1148.699951171875, 0.039534
1148.800048828125, 0.045612
1148.89990234375, 0.017636
1149.0, 0.024161
1149.10009765625, 0.039087
1149.199951171875, 0.024429
1149.300048828125, 0.058483
1149.39990234375, 0.053701
1149.5, 0.022194
1149.60009765625, 0.033278
1149.699951171875, 0.027646
1149.800048828125, 0.059466
1149.89990234375, 0.041143
1150.0, 0.047981
1150.10009765625, 0.034127
1150.199951171875, 0.038819
1150.300048828125, 0.036853
1150.39990234375, 0.035378
1150.5, 0.03225
1150.60009765625, 0.031445
1150.699951171875, 0.017278
1150.800048828125, 0.04092
1150.89990234375, 0.051601
1151.0, 0.058126
1151.10009765625, 0.024295
1151.199951171875, 0.055355
1151.300048828125, 0.017949
1151.39990234375, 0.027021
1151.5, 0.03149
1151.60009765625, 0.061522
1151.699951171875, 0.02425
1151.800048828125, 0.050394
1151.89990234375, 0.024786
1152.0, 0.024161
1152.10009765625, 0.035423
1152.199951171875, 0.043333
1152.300048828125, 0.034976
1152.39990234375, 0.031624
1152.5, 0.033456
1152.60009765625, 0.020094
1152.699951171875, 0.040964
1152.800048828125, 0.051243
1152.89990234375, 0.054774
1153.0, 0.030641
1153.10009765625, 0.025591
1153.199951171875, 0.031669
1153.300048828125, 0.031535
1153.39990234375, 0.06179
1153.5, 0.041501
1153.60009765625, 0.05321
1153.699951171875, 0.040383
1153.800048828125, 0.004094
1153.89990234375, 0.021166
1154.0, 0.027065
1154.10009765625, 0.015178
1154.199951171875, 0.019245
1154.300048828125, 0.021166
1154.39990234375, 0.030954
1154.5, 0.023133
1154.60009765625, 0.017814
1154.699951171875, 0.030328
1154.800048828125, 0.029121
1154.89990234375, 0.038462
1155.0, -0.000598
1155.10009765625, 0.029211
1155.199951171875, 0.013033
1155.300048828125, 0.047936
1155.39990234375, 0.051511
1155.5, 0.034037
1155.60009765625, 0.034529
1155.699951171875, 0.045746
1155.800048828125, 0.031892
1155.89990234375, 0.042305
1156.0, 0.011602
1156.10009765625, 0.034127
1156.199951171875, 0.033322
1156.300048828125, 0.056785
1156.39990234375, 0.0293
1156.5, 0.018127
1156.60009765625, 0.030641
1156.699951171875, 0.03578
1156.800048828125, 0.029836
1156.89990234375, 0.017993
1157.0, 0.00767
1157.10009765625, 0.051377
1157.199951171875, 0.041322
1157.300048828125, 0.036048
1157.39990234375, 0.056919
1157.5, 0.055846
1157.60009765625, 0.023714
1157.699951171875, 0.024339
1157.800048828125, 0.050796
1157.89990234375, 0.028898
1158.0, 0.040115
1158.10009765625, 0.033009
1158.199951171875, 0.03073
1158.300048828125, 0.03216
1158.39990234375, 0.028317
1158.5, 0.014195
1158.60009765625, 0.021434
1158.699951171875, 0.029077
1158.800048828125, 0.043065
1158.89990234375, 0.041992
1159.0, 0.082035
1159.10009765625, 0.038506
1159.199951171875, 0.020451
1159.300048828125, 0.014865
1159.39990234375, 0.029077
1159.5, 0.04378
1159.60009765625, 0.015848
1159.699951171875, 0.045389
1159.800048828125, 0.043199
1159.89990234375, 0.0314
1160.0, 0.024742
1160.10009765625, 0.017368
1160.199951171875, 0.04083
1160.300048828125, 0.023937
1160.39990234375, 0.029658
1160.5, 0.062461
1160.60009765625, 0.009189
1160.699951171875, 0.028227
1160.800048828125, 0.047891
1160.89990234375, 0.016697
1161.0, 0.018574
1161.10009765625, 0.013882
1161.199951171875, 0.031535
1161.300048828125, 0.021613
1161.39990234375, 0.03149
1161.5, 0.019602
1161.60009765625, 0.050975
1161.699951171875, 0.050528
1161.800048828125, 0.061969
1161.89990234375, 0.035646
1162.0, 0.017412
1162.10009765625, 0.037434
1162.199951171875, 0.01272
1162.300048828125, 0.010083
1162.39990234375, 0.03216
1162.5, 0.057053
1162.60009765625, 0.028987
1162.699951171875, 0.036585
1162.800048828125, 0.01558
1162.89990234375, 0.020317
1163.0, 0.031088
1163.10009765625, 0.044093
1163.199951171875, 0.040607
1163.300048828125, 0.029389
1163.39990234375, 0.034439
1163.5, 0.045344
1163.60009765625, 0.016518
1163.699951171875, 0.008117
1163.800048828125, 0.029479
1163.89990234375, 0.042841
1164.0, 0.021524
1164.10009765625, 0.036227
1164.199951171875, 0.048249
1164.300048828125, 0.025412
1164.39990234375, 0.047221
1164.5, 0.042216
1164.60009765625, 0.045567
1164.699951171875, 0.023803
1164.800048828125, 0.028764
1164.89990234375, 0.024027
1165.0, 0.031356
1165.10009765625, 0.043914
1165.199951171875, 0.056517
1165.300048828125, 0.047266
1165.39990234375, 0.032518
1165.5, 0.046998
1165.60009765625, 0.056919
1165.699951171875, 0.02273
1165.800048828125, 0.004005
1165.89990234375, 0.018664
1166.0, 0.044361
1166.10009765625, 0.023088
1166.199951171875, 0.037344
1166.300048828125, 0.061924
1166.39990234375, 0.013658
1166.5, 0.03587
1166.60009765625, 0.071354
1166.699951171875, 0.037702
1166.800048828125, 0.035199
1166.89990234375, 0.054863
1167.0, 0.053344
1167.10009765625, 0.030328
1167.199951171875, 0.037791
1167.300048828125, 0.03873
1167.39990234375, 0.054327
1167.5, 0.044942
1167.60009765625, 0.062729
1167.699951171875, 0.028496
1167.800048828125, 0.037344
1167.89990234375, 0.046819
1168.0, 0.038551
1168.10009765625, 0.033412
1168.199951171875, 0.031624
1168.300048828125, 0.018395
1168.39990234375, 0.048249
1168.5, 0.036763
1168.60009765625, 0.011602
1168.699951171875, 0.007938
1168.800048828125, 0.048562
1168.89990234375, 0.028496
1169.0, 0.025814
1169.10009765625, 0.029077
1169.199951171875, 0.039713
1169.300048828125, 0.042171
1169.39990234375, 0.032652
1169.5, 0.049947
1169.60009765625, 0.051824
1169.699951171875, 0.043735
1169.800048828125, 0.031847
1169.89990234375, 0.020585
1170.0, 0.042841
1170.10009765625, 0.03073
1170.199951171875, 0.016563
1170.300048828125, 0.01406
1170.39990234375, 0.073633
1170.5, 0.048919
1170.60009765625, 0.033814
1170.699951171875, 0.026395
1170.800048828125, 0.023446
1170.89990234375, 0.012139
1171.0, 0.024429
1171.10009765625, 0.03654
1171.199951171875, 0.043959
1171.300048828125, 0.061656
1171.39990234375, 0.035423
1171.5, 0.050483
1171.60009765625, 0.047489
1171.699951171875, 0.059243
1171.800048828125, 0.013256
1171.89990234375, 0.021211
1172.0, 0.03587
1172.10009765625, 0.049858
1172.199951171875, 0.038328
1172.300048828125, 0.03587
1172.39990234375, 0.007357
1172.5, 0.017949
1172.60009765625, 0.054416
1172.699951171875, 0.036451
1172.800048828125, 0.017144
1172.89990234375, 0.037881
1173.0, 0.042216
1173.10009765625, 0.028808
1173.199951171875, 0.048964
1173.300048828125, 0.033769
1173.39990234375, 0.049143
1173.5, 0.037523
1173.60009765625, 0.059332
1173.699951171875, 0.010038
1173.800048828125, 0.03797
1173.89990234375, 0.07694
1174.0, 0.044718
1174.10009765625, 0.048517
1174.199951171875, 0.010485
1174.300048828125, 0.038417
1174.39990234375, 0.047623
1174.5, 0.0272
1174.60009765625, 0.033546
1174.699951171875, 0.015759
1174.800048828125, 0.037121
1174.89990234375, 0.034439
1175.0, 0.042394
1175.10009765625, 0.043422
1175.199951171875, 0.038909
1175.300048828125, 0.030685
1175.39990234375, 0.041903
1175.5, 0.034395
1175.60009765625, 0.019111
1175.699951171875, 0.01196
1175.800048828125, 0.043959
1175.89990234375, 0.059913
1176.0, 0.052673
1176.10009765625, 0.029211
1176.199951171875, 0.047042
1176.300048828125, 0.009949
1176.39990234375, 0.028764
1176.5, 0.047489
1176.60009765625, 0.009368
1176.699951171875, 0.006776
1176.800048828125, 0.014865
1176.89990234375, 0.016653
1177.0, 0.033635
1177.10009765625, 0.017502
1177.199951171875, 0.003737
1177.300048828125, 0.00834
1177.39990234375, 0.052495
1177.5, 0.044808
1177.60009765625, 0.030685
1177.699951171875, 0.028183
1177.800048828125, 0.027915
1177.89990234375, 0.028764
1178.0, 0.050171
1178.10009765625, 0.054014
1178.199951171875, 0.031892
1178.300048828125, 0.057992
1178.39990234375, 0.053612
1178.5, 0.037747
1178.60009765625, 0.034618
1178.699951171875, 0.009368
1178.800048828125, 0.039802
1178.89990234375, 0.03511
1179.0, 0.034261
1179.10009765625, 0.059645
1179.199951171875, 0.045657
1179.300048828125, 0.026976
1179.39990234375, 0.046193
1179.5, 0.019155
1179.60009765625, 0.036629
1179.699951171875, 0.034931
1179.800048828125, 0.035959
1179.89990234375, 0.043244
1180.0, 0.021166
1180.10009765625, 0.041143
1180.199951171875, 0.037613
1180.300048828125, 0.017144
1180.39990234375, 0.016027
1180.5, 0.030596
1180.60009765625, 0.011871
1180.699951171875, 0.023311
1180.800048828125, 0.016518
1180.89990234375, 0.045389
1181.0, 0.033635
1181.10009765625, 0.057634
1181.199951171875, 0.036674
1181.300048828125, 0.041009
1181.39990234375, 0.028138
1181.5, 0.023535
1181.60009765625, 0.037478
1181.699951171875, 0.036495
1181.800048828125, 0.042305
1181.89990234375, 0.033009
1182.0, 0.024831
1182.10009765625, 0.038015
1182.199951171875, 0.03864
1182.300048828125, 0.045746
1182.39990234375, 0.054014
1182.5, 0.039534
1182.60009765625, 0.047936
1182.699951171875, 0.041188
1182.800048828125, 0.016384
1182.89990234375, 0.037523
1183.0, 0.023669
1183.10009765625, 0.029658
1183.199951171875, 0.033054
1183.300048828125, 0.032473
1183.39990234375, -0.000285
1183.5, 0.040875
1183.60009765625, 0.020898
1183.699951171875, 0.012139
1183.800048828125, 0.014641
1183.89990234375, 0.032339
1184.0, 0.033769
1184.10009765625, 0.03721
1184.199951171875, 0.02273
1184.300048828125, 0.027289
1184.39990234375, 0.009681
1184.5, 0.027423
1184.60009765625, 0.015088
1184.699951171875, 0.025099
1184.800048828125, 0.048249
1184.89990234375, 0.035065
1185.0, 0.01996
1185.10009765625, 0.038506
1185.199951171875, 0.019245
1185.300048828125, 0.05169
1185.39990234375, 0.042082
1185.5, 0.025278
1185.60009765625, 0.033188
1185.699951171875, 0.03149
1185.800048828125, 0.03359
1185.89990234375, 0.029702
1186.0, 0.052048
1186.10009765625, 0.037344
1186.199951171875, 0.028451
1186.300048828125, 0.056249
1186.39990234375, 0.022239
1186.5, 0.014239
1186.60009765625, 0.040964
1186.699951171875, 0.043869
1186.800048828125, 0.026261
1186.89990234375, 0.060181
1187.0, 0.027915
1187.10009765625, 0.045076
1187.199951171875, 0.017278
1187.300048828125, 0.020228
1187.39990234375, 0.021256
1187.5, 0.038015
1187.60009765625, 0.018887
1187.699951171875, 0.041813
1187.800048828125, 0.057142
1187.89990234375, 0.046148
1188.0, 0.028227
1188.10009765625, 0.043825
1188.199951171875, 0.04235
1188.300048828125, 0.051377
1188.39990234375, 0.068047
1188.5, 0.016965
1188.60009765625, 0.05312
1188.699951171875, 0.030462
1188.800048828125, 0.006374
1188.89990234375, 0.008027
1189.0, 0.049411
1189.10009765625, 0.023088
1189.199951171875, 0.020585
1189.300048828125, 0.039892
1189.39990234375, 0.024607
1189.5, 0.021613
1189.60009765625, 0.032339
1189.699951171875, 0.052852
1189.800048828125, 0.033009
1189.89990234375, 0.04664
1190.0, 0.043825
1190.10009765625, 0.019915
1190.199951171875, 0.010128
1190.300048828125, 0.007402
1190.39990234375, 0.055399
1190.5, 0.038015
1190.60009765625, 0.043065
1190.699951171875, 0.015669
1190.800048828125, 0.029345
1190.89990234375, 0.034082
1191.0, 0.048875
1191.10009765625, 0.022462
1191.199951171875, 0.00624
1191.300048828125, 0.016072
1191.39990234375, 0.026753
1191.5, 0.024339
1191.60009765625, 0.029702
1191.699951171875, 0.039355
1191.800048828125, 0.035825
1191.89990234375, 0.052316
1192.0, 0.045344
1192.10009765625, 0.036451
1192.199951171875, 0.029523
1192.300048828125, 0.030149
1192.39990234375, 0.020943
1192.5, 0.047042
1192.60009765625, 0.03864
1192.699951171875, 0.036048
1192.800048828125, 0.016161
1192.89990234375, 0.018395
1193.0, 0.043333
1193.10009765625, 0.03949
1193.199951171875, 0.046506
1193.300048828125, 0.050975
1193.39990234375, 0.055042
1193.5, 0.016876
1193.60009765625, 0.047176
1193.699951171875, 0.04092
1193.800048828125, 0.02568
1193.89990234375, 0.048651
1194.0, 0.006284
1194.10009765625, 0.042037
1194.199951171875, 0.025546
1194.300048828125, 0.024295
1194.39990234375, 0.021032
1194.5, 0.047802
1194.60009765625, 0.011424
1194.699951171875, 0.03368
1194.800048828125, 0.026395
1194.89990234375, 0.013211
1195.0, 0.032786
1195.10009765625, 0.029881
1195.199951171875, 0.061075
1195.300048828125, 0.030551
1195.39990234375, 0.071309
1195.5, 0.040249
1195.60009765625, 0.035199
1195.699951171875, 0.033367
1195.800048828125, 0.018619
1195.89990234375, 0.020317
1196.0, 0.047444
1196.10009765625, 0.02711
1196.199951171875, 0.031088
1196.300048828125, 0.016608
1196.39990234375, 0.058126
1196.5, -0.011235
1196.60009765625, 0.008474
1196.699951171875, 7.2e-05
1196.800048828125, 0.021837
1196.89990234375, 0.043467
1197.0, 0.011737
1197.10009765625, 0.039311
1197.199951171875, 0.052226
1197.300048828125, 0.061522
1197.39990234375, 0.043065
1197.5, 0.018887
1197.60009765625, 0.016518
1197.699951171875, 0.048741
1197.800048828125, 0.021032
1197.89990234375, 0.022149
1198.0, 0.061567
1198.10009765625, 0.022328
1198.199951171875, 0.046238
1198.300048828125, 0.057098
1198.39990234375, 0.014329
1198.5, 0.042439
1198.60009765625, 0.018798
1198.699951171875, 0.041992
1198.800048828125, 0.047221
1198.89990234375, 0.055265
1199.0, 0.040562
1199.10009765625, 0.067377
1199.199951171875, 0.018485
1199.300048828125, 0.039534
1199.39990234375, 0.035199
1199.5, 0.032428
1199.60009765625, 0.036182
1199.699951171875, 0.027736
1199.800048828125, 0.024205
1199.89990234375, 0.034618
1200.0, 0.026842
1200.10009765625, 0.028227
1200.199951171875, 0.043333
1200.300048828125, 0.028674
1200.39990234375, 0.031088
1200.5, 0.031222
1200.60009765625, 0.026574
1200.699951171875, 0.026619
1200.800048828125, 0.017725
1200.89990234375, 0.028674
1201.0, 0.005078
1201.10009765625, 0.022015
1201.199951171875, 0.01491
1201.300048828125, 0.037344
1201.39990234375, 0.014418
1201.5, 0.051154
1201.60009765625, 0.036138
1201.699951171875, 0.020898
1201.800048828125, 0.04959
1201.89990234375, 0.007625
1202.0, 0.026261
1202.10009765625, 0.024563
1202.199951171875, 0.019155
1202.300048828125, 0.045925
1202.39990234375, 0.026931
1202.5, 0.045925
1202.60009765625, 0.034752
1202.699951171875, 0.054729
1202.800048828125, 0.02501
1202.89990234375, 0.02206
1203.0, 0.032965
1203.10009765625, 0.033009
1203.199951171875, 0.038193
1203.300048828125, 0.034663
1203.39990234375, 0.019021
1203.5, 0.055265
1203.60009765625, 0.019066
1203.699951171875, 0.034708
1203.800048828125, 0.027825
1203.89990234375, 0.030954
1204.0, 0.02997
1204.10009765625, 0.01701
1204.199951171875, 0.053076
1204.300048828125, 0.032205
1204.39990234375, 0.035333
1204.5, 0.052137
1204.60009765625, 0.030954
1204.699951171875, 0.005569
1204.800048828125, 0.047444
1204.89990234375, 0.036272
1205.0, 0.02787
1205.10009765625, 0.025054
1205.199951171875, 0.018708
1205.300048828125, 0.01272
1205.39990234375, 0.052763
1205.5, 0.009144
1205.60009765625, 0.005525
1205.699951171875, 0.025457
1205.800048828125, 0.043646
1205.89990234375, 0.060003
1206.0, 0.04092
1206.10009765625, 0.01263
1206.199951171875, 0.03797
1206.300048828125, 0.036093
1206.39990234375, 0.015491
1206.5, 0.022909
1206.60009765625, 0.030507
1206.699951171875, 0.038551
1206.800048828125, 0.028272
1206.89990234375, 0.053835
1207.0, 0.051288
1207.10009765625, 0.074885
1207.199951171875, 0.060003
1207.300048828125, 0.049366
1207.39990234375, 0.025993
1207.5, 0.017189
1207.60009765625, 0.027065
1207.699951171875, 0.060137
1207.800048828125, 0.030194
1207.89990234375, 0.027736
1208.0, 0.020764
1208.10009765625, 0.042082
1208.199951171875, 0.017502
1208.300048828125, 0.030685
1208.39990234375, 0.049858
1208.5, 0.025725
1208.60009765625, 0.031088
1208.699951171875, 0.009994
1208.800048828125, 0.023356
1208.89990234375, 0.017859
1209.0, 0.029836
1209.10009765625, 0.002217
1209.199951171875, 0.03149
1209.300048828125, 0.002798
1209.39990234375, 0.052763
1209.5, 0.046729
1209.60009765625, 0.027557
1209.699951171875, 0.005122
1209.800048828125, 0.016161
1209.89990234375, 0.027468
1210.0, 0.034797
1210.10009765625, 0.011915
1210.199951171875, 0.045523
1210.300048828125, 0.056606
1210.39990234375, 0.007223
1210.5, 0.028227
1210.60009765625, 0.033412
1210.699951171875, 0.022149
1210.800048828125, 0.025412
1210.89990234375, 0.049545
1211.0, 0.048919
1211.10009765625, 0.027959
1211.199951171875, 0.032607
1211.300048828125, 0.027244
1211.39990234375, 0.024652
1211.5, 0.053657
1211.60009765625, 0.002709
1211.699951171875, -0.014184
1211.800048828125, 0.025904
1211.89990234375, 0.036004
1212.0, 0.003692
1212.10009765625, 0.030507
1212.199951171875, 0.023669
1212.300048828125, 0.039087
1212.39990234375, 0.030954
1212.5, 0.036629
1212.60009765625, 0.030909
1212.699951171875, 0.032786
1212.800048828125, 0.04588
1212.89990234375, 0.040026
1213.0, 0.057008
1213.10009765625, 0.030462
1213.199951171875, 0.033322
1213.300048828125, 0.01415
1213.39990234375, 0.01777
1213.5, 0.032562
1213.60009765625, 0.025993
1213.699951171875, 0.070952
1213.800048828125, 0.016116
1213.89990234375, 0.019423
1214.0, 0.032562
1214.10009765625, 0.021077
1214.199951171875, 0.049858
1214.300048828125, 0.012407
1214.39990234375, -0.002654
1214.5, 0.00548
1214.60009765625, 0.044808
1214.699951171875, 0.02282
1214.800048828125, 0.018887
1214.89990234375, 0.019245
1215.0, 0.022999
1215.10009765625, 0.039758
1215.199951171875, 0.01482
1215.300048828125, 0.03502
1215.39990234375, 0.032965
1215.5, 0.019468
1215.60009765625, 0.023669
1215.699951171875, 0.035601
1215.800048828125, 0.029568
1215.89990234375, 0.059243
1216.0, 0.019423
1216.10009765625, 0.035065
1216.199951171875, 0.048383
1216.300048828125, 0.033769
1216.39990234375, 0.031847
1216.5, 0.02997
1216.60009765625, 0.035735
1216.699951171875, 0.046595
1216.800048828125, 0.05169
1216.89990234375, 0.028496
1217.0, 0.036987
1217.10009765625, 0.053612
1217.199951171875, 0.032697
1217.300048828125, 0.040428
1217.39990234375, 0.022954
1217.5, 0.0373
1217.60009765625, 0.021479
1217.699951171875, 0.038283
1217.800048828125, 0.039311
1217.89990234375, 0.021747
1218.0, -0.003548
1218.10009765625, 0.014329
1218.199951171875, 0.053076
1218.300048828125, 0.066885
1218.39990234375, 0.048115
1218.5, 0.00624
1218.60009765625, 0.049724
1218.699951171875, 0.031132
1218.800048828125, 0.051422
1218.89990234375, 0.015491
1219.0, 0.026485
1219.10009765625, 0.021211
1219.199951171875, 0.032831
1219.300048828125, 0.049232
1219.39990234375, 0.050528
1219.5, 0.051288
1219.60009765625, 0.046014
1219.699951171875, 0.003826
1219.800048828125, 0.024295
1219.89990234375, 0.011558
1220.0, 0.008608
1220.10009765625, 0.00986
1220.199951171875, 0.011558
1220.300048828125, 0.03654
1220.39990234375, 0.032473
1220.5, 0.054729
1220.60009765625, 0.017904
1220.699951171875, 0.02854
1220.800048828125, 0.023624
1220.89990234375, 0.02568
1221.0, 0.039802
1221.10009765625, 0.01406
1221.199951171875, 0.037076
1221.300048828125, 0.049232
1221.39990234375, 0.034127
1221.5, 0.033412
1221.60009765625, 0.025278
1221.699951171875, 0.043199
1221.800048828125, 0.07189
1221.89990234375, 0.032831
1222.0, 0.01853
1222.10009765625, 0.035467
1222.199951171875, 0.012094
1222.300048828125, 0.020988
1222.39990234375, 0.028183
1222.5, 0.022284
1222.60009765625, 0.012049
1222.699951171875, 0.010172
1222.800048828125, 0.057992
1222.89990234375, 0.050483
1223.0, 0.026976
1223.10009765625, 0.033903
1223.199951171875, 0.035691
1223.300048828125, 0.04731
1223.39990234375, 0.038953
1223.5, 0.015222
1223.60009765625, 0.011468
1223.699951171875, 0.04664
1223.800048828125, 0.01482
1223.89990234375, 0.004854
1224.0, 0.026082
1224.10009765625, 0.036674
1224.199951171875, 0.037166
1224.300048828125, 0.017099
1224.39990234375, 0.028987
1224.5, 0.037434
1224.60009765625, 0.020049
1224.699951171875, 0.004363
1224.800048828125, 0.012318
1224.89990234375, 0.015044
1225.0, 0.058573
1225.10009765625, 0.052003
1225.199951171875, 0.032384
1225.300048828125, 0.025635
1225.39990234375, 0.033054
1225.5, 0.015044
1225.60009765625, 0.013703
1225.699951171875, 0.046283
1225.800048828125, 0.023758
1225.89990234375, 0.033501
1226.0, 0.045836
1226.10009765625, 0.01129
1226.199951171875, 0.034976
1226.300048828125, 0.011066
1226.39990234375, 0.01491
1226.5, 0.034261
1226.60009765625, 0.019736
1226.699951171875, 0.019647
1226.800048828125, 0.036585
1226.89990234375, 0.047891
1227.0, 0.020183
1227.10009765625, 0.050037
1227.199951171875, 0.026574
1227.300048828125, -0.010341
1227.39990234375, 0.030417
1227.5, 0.027065
1227.60009765625, 0.052941
1227.699951171875, 0.018664
1227.800048828125, 0.042797
1227.89990234375, 0.03082
1228.0, 0.001726
1228.10009765625, 0.04016
1228.199951171875, 0.017636
1228.300048828125, 0.063846
1228.39990234375, 0.031624
1228.5, 0.051556
1228.60009765625, 0.036182
1228.699951171875, 0.031043
1228.800048828125, 0.050662
1228.89990234375, 0.032741
1229.0, 0.031758
1229.10009765625, -0.001268
1229.199951171875, 0.019379
1229.300048828125, 0.021211
1229.39990234375, 0.004988
1229.5, 0.019915
1229.60009765625, 0.035423
1229.699951171875, 0.039758
1229.800048828125, 0.026172
1229.89990234375, 0.054863
1230.0, 0.047132
1230.10009765625, 0.032697
1230.199951171875, 0.016429
1230.300048828125, 0.057679
1230.39990234375, 0.035333
1230.5, 0.023177
1230.60009765625, 0.029211
1230.699951171875, 0.043288
1230.800048828125, 0.050796
1230.89990234375, 0.022194
1231.0, 0.0112
1231.10009765625, 0.045523
1231.199951171875, 0.045344
1231.300048828125, 0.044406
1231.39990234375, 0.051824
1231.5, 0.031669
1231.60009765625, 0.043422
1231.699951171875, 0.032741
1231.800048828125, 0.017457
1231.89990234375, 0.029077
1232.0, 0.049232
1232.10009765625, 0.048651
1232.199951171875, 0.024116
1232.300048828125, 0.031222
1232.39990234375, 0.012854
1232.5, 0.014016
1232.60009765625, 0.048249
1232.699951171875, 0.022909
1232.800048828125, 0.02644
1232.89990234375, 0.027915
1233.0, 0.027646
1233.10009765625, 0.015669
1233.199951171875, 0.027959
1233.300048828125, 0.019423
1233.39990234375, 0.059198
1233.5, 0.030507
1233.60009765625, 0.030104
1233.699951171875, 0.040383
1233.800048828125, 0.008117
1233.89990234375, 0.045836
1234.0, 0.027512
1234.10009765625, 0.043601
1234.199951171875, 0.038909
1234.300048828125, 0.043378
1234.39990234375, 0.010396
1234.5, 0.017099
1234.60009765625, 0.016027
1234.699951171875, 0.031535
1234.800048828125, 0.04445
1234.89990234375, 0.026485
1235.0, 0.025546
1235.10009765625, 0.046551
1235.199951171875, 0.033858
1235.300048828125, 0.033233
1235.39990234375, 0.047355
1235.5, 0.03082
1235.60009765625, 0.037747
1235.699951171875, 0.04445
1235.800048828125, 0.024205
1235.89990234375, 0.010128
1236.0, 0.022418
1236.10009765625, 0.039668
1236.199951171875, 0.02635
1236.300048828125, 0.006374
1236.39990234375, 0.033769
1236.5, -0.00176
1236.60009765625, 0.018217
1236.699951171875, 0.04083
1236.800048828125, 0.033769
1236.89990234375, 0.000206
1237.0, 0.050171
1237.10009765625, 0.034886
1237.199951171875, 0.028227
1237.300048828125, 0.039221
1237.39990234375, 0.037166
1237.5, 0.035825
1237.60009765625, 0.029702
1237.699951171875, 0.021747
1237.800048828125, 0.022015
1237.89990234375, 0.050081
1238.0, 0.036495
1238.10009765625, 0.03797
1238.199951171875, 0.041367
1238.300048828125, 0.003558
1238.39990234375, 0.022999
1238.5, 0.023088
1238.60009765625, 0.005882
1238.699951171875, 0.036495
1238.800048828125, 0.039355
1238.89990234375, 0.051824
1239.0, 0.049992
1239.10009765625, 0.0293
1239.199951171875, 0.042216
1239.300048828125, 0.043601
1239.39990234375, 0.026038
1239.5, 0.059645
1239.60009765625, 0.02711
1239.699951171875, 0.038149
1239.800048828125, 0.030596
1239.89990234375, 0.026619
1240.0, 0.024876
1240.10009765625, 0.038417
1240.199951171875, 0.034976
1240.300048828125, 0.042573
1240.39990234375, 0.026082
1240.5, 0.00034
1240.60009765625, 0.042037
1240.699951171875, 0.030596
1240.800048828125, 0.031535
1240.89990234375, 0.047802
1241.0, 0.037925
1241.10009765625, 0.009681
1241.199951171875, 0.020138
1241.300048828125, 0.020272
1241.39990234375, 0.009368
1241.5, 0.024563
1241.60009765625, 0.009591
1241.699951171875, 0.032652
1241.800048828125, 0.033456
1241.89990234375, 0.028585
1242.0, 0.02863
1242.10009765625, 0.020675
1242.199951171875, 0.02063
1242.300048828125, 0.051958
1242.39990234375, 0.031266
1242.5, 0.016787
1242.60009765625, 0.027602
1242.699951171875, 0.040026
1242.800048828125, 0.028272
1242.89990234375, 0.029389
1243.0, 0.030551
1243.10009765625, 0.049724
1243.199951171875, 0.018574
1243.300048828125, 0.044718
1243.39990234375, 0.027557
1243.5, 0.022328
1243.60009765625, 0.035289
1243.699951171875, 0.024295
1243.800048828125, 0.027691
1243.89990234375, 0.052048
1244.0, 0.041992
1244.10009765625, 0.022954
1244.199951171875, 0.040562
1244.300048828125, 0.043601
1244.39990234375, 0.039713
1244.5, 0.030462
1244.60009765625, 0.026529
1244.699951171875, 0.021703
1244.800048828125, 0.020407
1244.89990234375, 0.014373
1245.0, 0.024652
1245.10009765625, 0.007804
1245.199951171875, 0.052137
1245.300048828125, 0.05102
1245.39990234375, 0.023177
1245.5, 0.034395
1245.60009765625, 0.00758
1245.699951171875, 0.033367
1245.800048828125, 0.045702
1245.89990234375, 0.023803
1246.0, 0.04883
1246.10009765625, 0.041098
1246.199951171875, 0.06103
1246.300048828125, 0.02139
1246.39990234375, 0.007357
1246.5, 0.021658
1246.60009765625, 0.034976
1246.699951171875, 0.022552
1246.800048828125, 0.029434
1246.89990234375, 0.044897
1247.0, 0.055936
1247.10009765625, 0.052897
1247.199951171875, 0.030417
1247.300048828125, 0.018619
1247.39990234375, 0.014373
1247.5, 0.03797
1247.60009765625, 0.052852
1247.699951171875, 0.0474
1247.800048828125, 0.034484
1247.89990234375, 0.034037
1248.0, 0.022954
1248.10009765625, 0.003022
1248.199951171875, 0.039221
1248.300048828125, 0.027065
1248.39990234375, 0.014105
1248.5, 0.001905
1248.60009765625, 0.032965
1248.699951171875, 0.03587
1248.800048828125, 0.027289
1248.89990234375, 0.020362
1249.0, 0.032562
1249.10009765625, 0.062058
1249.199951171875, 0.004497
1249.300048828125, 0.010262
1249.39990234375, 0.018664
1249.5, 0.029792
1249.60009765625, 0.028183
1249.699951171875, 0.049098
1249.800048828125, 0.044897
1249.89990234375, 0.021479
1250.0, 0.026708
1250.10009765625, 0.005301
1250.199951171875, 0.025814
1250.300048828125, 0.05236
1250.39990234375, 0.054818
1250.5, 0.025501
1250.60009765625, 0.043333
1250.699951171875, 0.057232
1250.800048828125, 0.021077
1250.89990234375, 0.021926
1251.0, 0.007357
1251.10009765625, 0.025859
1251.199951171875, 0.066304
1251.300048828125, 0.040249
1251.39990234375, 0.041679
1251.5, 0.039713
1251.60009765625, 0.005703
1251.699951171875, 0.021971
1251.800048828125, 0.016921
1251.89990234375, 0.039132
1252.0, 0.020898
1252.10009765625, 0.023937
1252.199951171875, 0.027468
1252.300048828125, 0.035735
1252.39990234375, 0.020183
1252.5, 0.049858
1252.60009765625, 0.049545
1252.699951171875, 0.031981
1252.800048828125, 0.037747
1252.89990234375, 0.033009
1253.0, 0.029166
1253.10009765625, 0.013614
1253.199951171875, 0.053746
1253.300048828125, 0.039177
1253.39990234375, 0.01701
1253.5, 0.037568
1253.60009765625, 0.00834
1253.699951171875, 0.033993
1253.800048828125, 0.064204
1253.89990234375, 0.045076
1254.0, 0.0293
1254.10009765625, 0.021166
1254.199951171875, 0.033814
1254.300048828125, 0.042841
1254.39990234375, 0.020853
1254.5, 0.05455
1254.60009765625, 0.028719
1254.699951171875, 0.028093
1254.800048828125, 0.036093
1254.89990234375, 0.031535
1255.0, 0.034842
1255.10009765625, 0.032384
1255.199951171875, 0.026976
1255.300048828125, 0.023803
1255.39990234375, 0.008295
1255.5, 0.015446
1255.60009765625, 0.015491
1255.699951171875, 0.052092
1255.800048828125, 0.054953
1255.89990234375, 0.069566
1256.0, 0.058617
1256.10009765625, 0.048651
1256.199951171875, 0.026261
1256.300048828125, 0.031177
1256.39990234375, 0.015491
1256.5, 0.043601
1256.60009765625, 0.034663
1256.699951171875, 0.023803
1256.800048828125, 0.026127
1256.89990234375, 0.018395
1257.0, 0.031758
1257.10009765625, 0.03359
1257.199951171875, 0.028183
1257.300048828125, 0.055668
1257.39990234375, 0.046774
1257.5, 0.002173
1257.60009765625, 0.027781
1257.699951171875, 0.040562
1257.800048828125, 0.049187
1257.89990234375, 0.042037
1258.0, 0.024652
1258.10009765625, 0.022686
1258.199951171875, 0.022865
1258.300048828125, 0.016161
1258.39990234375, 0.034574
1258.5, 0.049322
1258.60009765625, 0.046506
1258.699951171875, 0.04445
1258.800048828125, 0.024339
1258.89990234375, 0.026887
1259.0, 0.03073
1259.10009765625, 0.019602
1259.199951171875, 0.024027
1259.300048828125, 0.034976
1259.39990234375, 0.044227
1259.5, 0.05683
1259.60009765625, 0.015714
1259.699951171875, 0.037166
1259.800048828125, 0.050752
1259.89990234375, 0.05826
1260.0, 0.013167
1260.10009765625, 0.060181
1260.199951171875, 0.052807
1260.300048828125, 0.044316
1260.39990234375, 0.04454
1260.5, 0.044718
1260.60009765625, 0.042216
1260.699951171875, 0.040786
1260.800048828125, 0.036763
1260.89990234375, 0.02501
1261.0, 0.028585
1261.10009765625, 0.036182
1261.199951171875, 0.022328
1261.300048828125, 0.041456
1261.39990234375, 0.039981
1261.5, 0.032294
1261.60009765625, 0.038506
1261.699951171875, 0.041679
1261.800048828125, 0.027468
1261.89990234375, 0.043109
1262.0, 0.048785
1262.10009765625, 0.047489
1262.199951171875, 0.047355
1262.300048828125, 0.011021
1262.39990234375, 0.042082
1262.5, 0.013971
1262.60009765625, 0.029792
1262.699951171875, 0.010262
1262.800048828125, 0.021166
1262.89990234375, 0.023446
1263.0, 0.040696
1263.10009765625, 0.037747
1263.199951171875, 0.071622
1263.300048828125, 0.024652
1263.39990234375, 0.038462
1263.5, 0.037032
1263.60009765625, 0.007446
1263.699951171875, 0.017457
1263.800048828125, 0.029077
1263.89990234375, 0.020496
1264.0, 0.027557
1264.10009765625, 0.002128
1264.199951171875, 0.03721
1264.300048828125, 0.037613
1264.39990234375, 0.049456
1264.5, 0.042439
1264.60009765625, 0.052003
1264.699951171875, 0.016697
1264.800048828125, 0.022596
1264.89990234375, 0.023803
1265.0, 0.020004
1265.10009765625, 0.052763
1265.199951171875, 0.012496
1265.300048828125, 0.006686
1265.39990234375, 0.035601
1265.5, 0.011245
1265.60009765625, 0.044584
1265.699951171875, 0.021926
