Tag, Descricao, Modulo, Fase, Grandeza, IdSensor, Frequencia_Amostragem, Timestamp
M1IOCC2, I OPENING COIL C, 1, C, I, 2, 10000.0, 1749126149.5395

tempos, dados
50.0, 0.016292
50.10009765625, 0.026936
50.199951171875, 0.021835
50.300048828125, 0.012965
50.39990234375, 0.037226
50.5, 0.023521
50.60009765625, 0.022323
50.699951171875, -0.001937
50.800048828125, 0.003208
50.89990234375, 0.017755
51.0, 0.016646
51.10009765625, 0.030484
51.199951171875, 0.028222
51.300048828125, 0.025295
51.39990234375, 0.012522
51.5, 0.035274
51.60009765625, 0.028887
51.699951171875, 0.021215
51.800048828125, 0.019529
51.89990234375, 0.03279
52.0, 0.013187
52.10009765625, 0.030928
52.199951171875, 0.034875
52.300048828125, 0.040241
52.39990234375, 0.051507
52.5, 0.01159
52.60009765625, 0.032391
52.699951171875, 0.040774
52.800048828125, -0.002647
52.89990234375, 0.015715
53.0, 0.024097
53.10009765625, 0.022989
53.199951171875, 0.031105
53.300048828125, 0.01944
53.39990234375, -0.00136
53.5, 0.024851
53.60009765625, 0.039266
53.699951171875, 0.024585
53.800048828125, 0.029287
53.89990234375, 0.010348
54.0, 0.034165
54.10009765625, 0.005558
54.199951171875, 0.015715
54.300048828125, 0.024364
54.39990234375, 0.02942
54.5, 0.004095
54.60009765625, 0.01944
54.699951171875, -0.003534
54.800048828125, 0.012522
54.89990234375, 0.02902
55.0, 0.002232
55.10009765625, -0.001893
55.199951171875, 0.000103
55.300048828125, 0.025339
55.39990234375, 0.005691
55.5, 0.046806
55.60009765625, 0.038246
55.699951171875, 0.009905
55.800048828125, 0.05776
55.89990234375, 0.028799
56.0, 0.011812
56.10009765625, 0.013187
56.199951171875, 0.022634
56.300048828125, 0.028089
56.39990234375, 0.001123
56.5, 0.022279
56.60009765625, 0.015848
56.699951171875, 0.034387
56.800048828125, 0.036959
56.89990234375, 0.028666
57.0, 0.034698
57.10009765625, 0.010614
57.199951171875, 0.043435
57.300048828125, 0.022235
57.39990234375, 0.010881
57.5, 0.017267
57.60009765625, 0.02015
57.699951171875, 0.036649
57.800048828125, 0.00751
57.89990234375, 0.036826
58.0, 0.018465
58.10009765625, 0.01465
58.199951171875, 0.010437
58.300048828125, 0.041262
58.39990234375, 0.013941
58.5, -0.002957
58.60009765625, 0.019263
58.699951171875, 0.051241
58.800048828125, 0.029952
58.89990234375, 0.007953
59.0, 0.014384
59.10009765625, 0.02361
59.199951171875, 0.002188
59.300048828125, 0.023654
59.39990234375, 0.035496
59.5, 0.05776
59.60009765625, 0.023343
59.699951171875, 0.022057
59.800048828125, 0.032524
59.89990234375, 0.01638
60.0, 0.042459
60.10009765625, 0.011679
60.199951171875, -0.000607
60.300048828125, 0.048003
60.39990234375, 0.026847
60.5, 0.047072
60.60009765625, 0.039665
60.699951171875, 0.018687
60.800048828125, 0.028621
60.89990234375, 0.026005
61.0, 0.017445
61.10009765625, 0.022456
61.199951171875, 0.004139
61.300048828125, 0.005292
61.39990234375, -0.000119
61.5, 0.038822
61.60009765625, 0.033677
61.699951171875, 0.00751
61.800048828125, 0.008264
61.89990234375, 0.027912
62.0, 0.051329
62.10009765625, 0.013808
62.199951171875, 0.026847
62.300048828125, 0.041439
62.39990234375, 0.040375
62.5, 0.001922
62.60009765625, 0.05847
62.699951171875, 0.017134
62.800048828125, 0.021702
62.89990234375, 0.033411
63.0, 0.018465
63.10009765625, 0.015227
63.199951171875, 0.058027
63.300048828125, 0.020061
63.39990234375, 0.019928
63.5, 0.039975
63.60009765625, 0.02423
63.699951171875, 0.053458
63.800048828125, 0.013985
63.89990234375, 0.026936
64.0, 0.017267
64.10009765625, 0.026182
64.199951171875, 0.037492
64.300048828125, 0.036161
64.39990234375, 0.031726
64.5, 0.021702
64.60009765625, 0.023698
64.699951171875, 0.014695
64.800048828125, 0.027291
64.89990234375, 0.031815
65.0, 0.031105
65.10009765625, 0.04339
65.199951171875, 0.044765
65.300048828125, 0.032613
65.39990234375, 0.022723
65.5, 0.0123
65.60009765625, 0.030395
65.699951171875, 0.041262
65.800048828125, 0.015183
65.89990234375, 0.021525
66.0, -0.003889
66.10009765625, 0.013808
66.199951171875, 0.008131
66.300048828125, 0.025118
66.39990234375, 0.062817
66.5, 0.050842
66.60009765625, 0.006712
66.699951171875, 0.00099
66.800048828125, 0.031593
66.89990234375, 0.01913
67.0, 0.017223
67.10009765625, 0.050043
67.199951171875, 0.024053
67.300048828125, 0.025517
67.39990234375, 0.028976
67.5, 0.002232
67.60009765625, 0.010437
67.699951171875, 0.032746
67.800048828125, 0.029242
67.89990234375, 0.010836
68.0, 0.016114
68.10009765625, 0.019263
68.199951171875, 0.026625
68.300048828125, 0.021969
68.39990234375, 0.029375
68.5, 0.026359
68.60009765625, 0.044721
68.699951171875, 0.041528
68.800048828125, 0.023432
68.89990234375, 0.027557
69.0, 0.026537
69.10009765625, 0.045874
69.199951171875, 0.023343
69.300048828125, 0.045697
69.39990234375, 0.060776
69.5, 0.026005
69.60009765625, 0.044011
69.699951171875, 0.035806
69.800048828125, 0.025162
69.89990234375, 0.054124
70.0, 0.024275
70.10009765625, 0.036782
70.199951171875, 0.014784
70.300048828125, 0.013586
70.39990234375, 0.009683
70.5, 0.02463
70.60009765625, 0.039532
70.699951171875, 0.050043
70.800048828125, 0.025517
70.89990234375, 0.010925
71.0, 0.040907
71.10009765625, 0.006445
71.199951171875, 0.01882
71.300048828125, 0.033323
71.39990234375, 0.029819
71.5, 0.01332
71.60009765625, 0.008707
71.699951171875, 0.005958
71.800048828125, 0.046806
71.89990234375, 0.006978
72.0, 0.004139
72.10009765625, 0.021658
72.199951171875, 0.002498
72.300048828125, 0.006445
72.39990234375, 0.019263
72.5, 0.039576
72.60009765625, 0.016602
72.699951171875, 0.018066
72.800048828125, 0.011502
72.89990234375, 0.030928
73.0, 0.034254
73.10009765625, 0.041882
73.199951171875, -0.001671
73.300048828125, 0.021215
73.39990234375, 0.042326
73.5, 0.000635
73.60009765625, 0.02219
73.699951171875, 0.017179
73.800048828125, -0.001139
73.89990234375, 0.029996
74.0, 0.029996
74.10009765625, 0.021658
74.199951171875, 0.044056
74.300048828125, 0.026271
74.39990234375, 0.015538
74.5, 0.025694
74.60009765625, 0.020948
74.699951171875, 0.019263
74.800048828125, 0.024452
74.89990234375, 0.007332
75.0, 0.02188
75.10009765625, 0.023521
75.199951171875, 0.026093
75.300048828125, 0.024807
75.39990234375, 0.016469
75.5, 0.021525
75.60009765625, 0.022723
75.699951171875, 0.039177
75.800048828125, 0.044588
75.89990234375, 0.014961
76.0, 0.03452
76.10009765625, 0.036826
76.199951171875, 0.034121
76.300048828125, 0.032391
76.39990234375, 0.020815
76.5, 0.013719
76.60009765625, 0.030041
76.699951171875, 0.003429
76.800048828125, 0.021481
76.89990234375, 0.022634
77.0, 0.029375
77.10009765625, 0.029641
77.199951171875, 0.041084
77.300048828125, 0.038955
77.39990234375, 0.012876
77.5, 0.04685
77.60009765625, 0.010127
77.699951171875, 0.021481
77.800048828125, 0.039798
77.89990234375, 0.016292
78.0, 0.030085
78.10009765625, 0.019973
78.199951171875, 0.034831
78.300048828125, 0.032702
78.39990234375, 0.029819
78.5, 0.017622
78.60009765625, 0.027912
78.699951171875, 0.029597
78.800048828125, 0.026448
78.89990234375, 0.001345
79.0, 0.001833
79.10009765625, 0.026936
79.199951171875, 0.016558
79.300048828125, 0.031726
79.39990234375, 0.008264
79.5, 0.030928
79.60009765625, 0.046495
79.699951171875, 0.013409
79.800048828125, 0.008973
79.89990234375, 0.02565
80.0, 0.031948
80.10009765625, 0.038423
80.199951171875, 0.011235
80.300048828125, 0.025472
80.39990234375, -7.4e-05
80.5, -0.013602
80.60009765625, 0.039443
80.699951171875, 0.04308
80.800048828125, 0.009949
80.89990234375, 0.032125
81.0, 0.030351
81.10009765625, 0.046052
81.199951171875, 0.021747
81.300048828125, 0.022102
81.39990234375, 0.023343
81.5, 0.013276
81.60009765625, 0.026226
81.699951171875, 0.016513
81.800048828125, 0.012167
81.89990234375, 0.024142
82.0, 0.027646
82.10009765625, 0.012921
82.199951171875, 0.02902
82.300048828125, 0.01505
82.39990234375, 0.025251
82.5, -0.001405
82.60009765625, 0.007199
82.699951171875, 0.028266
82.800048828125, 0.047781
82.89990234375, 0.031815
83.0, 0.03075
83.10009765625, 0.002188
83.199951171875, 0.020638
83.300048828125, 0.029287
83.39990234375, 0.060555
83.5, 0.011546
83.60009765625, 0.022767
83.699951171875, 0.036072
83.800048828125, 0.040685
83.89990234375, 0.040153
84.0, 0.0017
84.10009765625, 0.034653
84.199951171875, -0.001981
84.300048828125, 0.009328
84.39990234375, 0.024585
84.5, 0.013276
84.60009765625, 0.029908
84.699951171875, 0.02392
84.800048828125, 0.031016
84.89990234375, 0.007732
85.0, 0.021037
85.10009765625, 0.026803
85.199951171875, 0.011457
85.300048828125, 0.010348
85.39990234375, 0.035496
85.5, 0.020283
85.60009765625, 0.028045
85.699951171875, 0.020815
85.800048828125, 0.034387
85.89990234375, 0.04308
86.0, 0.039798
86.10009765625, 0.048003
86.199951171875, 0.01944
86.300048828125, 0.041882
86.39990234375, 0.030883
86.5, 0.029597
86.60009765625, 0.034875
86.699951171875, 0.045697
86.800048828125, -0.003844
86.89990234375, 0.039532
87.0, 0.022501
87.10009765625, 0.028178
87.199951171875, 0.037935
87.300048828125, 0.013143
87.39990234375, 0.011368
87.5, 0.03798
87.60009765625, 0.0123
87.699951171875, 0.030218
87.800048828125, 0.015493
87.89990234375, 0.036782
88.0, 0.046362
88.10009765625, 0.031504
88.199951171875, 0.020461
88.300048828125, 0.038423
88.39990234375, -0.006106
88.5, 0.016158
88.60009765625, 0.024718
88.699951171875, 0.012876
88.800048828125, 0.034875
88.89990234375, 0.019219
89.0, 0.018864
89.10009765625, 0.033544
89.199951171875, 0.018864
89.300048828125, -0.003223
89.39990234375, 0.033101
89.5, 0.004317
89.60009765625, 0.023876
89.699951171875, 0.003651
89.800048828125, 0.03146
89.89990234375, 0.01026
90.0, 0.026093
90.10009765625, 0.047914
90.199951171875, 0.02596
90.300048828125, 0.025472
90.39990234375, 0.017888
90.5, 0.017755
90.60009765625, 0.048269
90.699951171875, 0.03319
90.800048828125, 0.014517
90.89990234375, 0.010437
91.0, 0.011413
91.10009765625, -0.002691
91.199951171875, 0.036738
91.300048828125, 0.030129
91.39990234375, 0.013985
91.5, 0.030041
91.60009765625, 0.055765
91.699951171875, 0.027158
91.800048828125, 0.029287
91.89990234375, 0.017711
92.0, 0.03727
92.10009765625, 0.033944
92.199951171875, 0.002631
92.300048828125, 0.029154
92.39990234375, 0.022456
92.5, 0.039088
92.60009765625, 0.02942
92.699951171875, 0.063571
92.800048828125, 0.035629
92.89990234375, 0.035097
93.0, 0.016513
93.10009765625, 0.041483
93.199951171875, 0.035851
93.300048828125, 0.035806
93.39990234375, 0.026759
93.5, 0.051817
93.60009765625, 0.016513
93.699951171875, -0.00278
93.800048828125, 0.02463
93.89990234375, 0.008885
94.0, 0.041616
94.10009765625, 0.045342
94.199951171875, 0.038867
94.300048828125, 0.033766
94.39990234375, 0.011635
94.5, -0.001715
94.60009765625, 0.027113
94.699951171875, 0.006091
94.800048828125, 0.004006
94.89990234375, 0.00445
95.0, 0.05643
95.10009765625, 0.019928
95.199951171875, 0.005026
95.300048828125, 0.024674
95.39990234375, 0.017267
95.5, -0.021807
95.60009765625, 0.016646
95.699951171875, 0.015759
95.800048828125, 0.018953
95.89990234375, 0.034742
96.0, 0.01842
96.10009765625, 0.051019
96.199951171875, 0.020017
96.300048828125, 0.009506
96.39990234375, 0.039221
96.5, 0.018509
96.60009765625, 0.045209
96.699951171875, 0.017045
96.800048828125, 0.028311
96.89990234375, 0.034564
97.0, 0.003607
97.10009765625, 0.017578
97.199951171875, 0.006091
97.300048828125, -0.011074
97.39990234375, 0.027379
97.5, 0.025605
97.60009765625, 0.028311
97.699951171875, 0.036427
97.800048828125, -0.002558
97.89990234375, 0.059135
98.0, 0.024408
98.10009765625, 0.016558
98.199951171875, 0.010215
98.300048828125, 0.034077
98.39990234375, 0.00068
98.5, 0.020461
98.60009765625, 0.02423
98.699951171875, 0.038113
98.800048828125, 0.064014
98.89990234375, 0.039221
99.0, 0.01128
99.10009765625, 0.011945
99.199951171875, -0.004155
99.300048828125, 0.014562
99.39990234375, 0.010526
99.5, 0.01434
99.60009765625, 0.024364
99.699951171875, 0.04685
99.800048828125, 0.03075
99.89990234375, 0.020682
100.0, 0.011058
100.10009765625, 0.018021
100.199951171875, 0.014429
100.300048828125, 0.008397
100.39990234375, 0.03075
100.5, 0.031593
100.60009765625, 0.031415
100.699951171875, 0.028
100.800048828125, -0.012404
100.89990234375, 0.022456
101.0, 0.006179
101.10009765625, 0.010215
101.199951171875, 0.016158
101.300048828125, 0.013364
101.39990234375, 0.012743
101.5, -0.024734
101.60009765625, 0.005337
101.699951171875, 0.019485
101.800048828125, 0.031105
101.89990234375, 0.017711
102.0, 0.015138
102.10009765625, 0.014207
102.199951171875, 0.021658
102.300048828125, 0.003385
102.39990234375, 0.02188
102.5, 0.013763
102.60009765625, 0.039399
102.699951171875, 0.0229
102.800048828125, 0.011191
102.89990234375, 0.028621
103.0, 0.032524
103.10009765625, -0.007304
103.199951171875, 0.025916
103.300048828125, 0.021924
103.39990234375, -0.015287
103.5, 0.033234
103.60009765625, 0.026448
103.699951171875, 0.027025
103.800048828125, 0.005647
103.89990234375, 0.036339
104.0, 0.036161
104.10009765625, 0.02902
104.199951171875, 0.021126
104.300048828125, 0.02667
104.39990234375, 0.030085
104.5, 0.048225
104.60009765625, 0.037359
104.699951171875, 0.007687
104.800048828125, 0.038467
104.89990234375, 0.016425
105.0, 0.043878
105.10009765625, 0.039443
105.199951171875, 0.025738
105.300048828125, 0.014606
105.39990234375, 0.025162
105.5, 0.056607
105.60009765625, 0.024009
105.699951171875, 0.023299
105.800048828125, 0.002809
105.89990234375, 0.03319
106.0, 0.014961
106.10009765625, 0.003296
106.199951171875, 0.008796
106.300048828125, 0.035984
106.39990234375, 0.020948
106.5, 0.045919
106.60009765625, 0.011368
106.699951171875, 0.007776
106.800048828125, 0.017977
106.89990234375, 0.008264
107.0, 0.009107
107.10009765625, 0.027601
107.199951171875, 0.002897
107.300048828125, 0.026936
107.39990234375, 0.039754
107.5, 0.046096
107.60009765625, 0.023122
107.699951171875, 0.017134
107.800048828125, 0.004139
107.89990234375, 0.045475
108.0, 0.013985
108.10009765625, 0.022767
108.199951171875, 0.03931
108.300048828125, 0.037669
108.39990234375, 0.028266
108.5, 0.049378
108.60009765625, -0.006328
108.699951171875, 0.02392
108.800048828125, 0.02015
108.89990234375, 0.013409
109.0, 0.032125
109.10009765625, 0.033944
109.199951171875, 0.026315
109.300048828125, 0.015715
109.39990234375, 0.010082
109.5, 0.01811
109.60009765625, 0.02219
109.699951171875, 0.023565
109.800048828125, 0.022634
109.89990234375, 0.049555
110.0, 0.015804
110.10009765625, 0.045475
110.199951171875, 0.0386
110.300048828125, 0.017312
110.39990234375, 0.006667
110.5, 0.017356
110.60009765625, 0.037137
110.699951171875, 0.027113
110.800048828125, 0.010925
110.89990234375, 0.033722
111.0, 0.035274
111.10009765625, 0.050309
111.199951171875, 0.020461
111.300048828125, 0.024763
111.39990234375, 0.020017
111.5, 0.034254
111.60009765625, 0.006179
111.699951171875, 0.032657
111.800048828125, 0.011457
111.89990234375, 0.038024
112.0, 0.028444
112.10009765625, 0.050398
112.199951171875, 0.050487
112.300048828125, 0.021702
112.39990234375, 0.021969
112.5, 0.01505
112.60009765625, 0.00303
112.699951171875, 0.029774
112.800048828125, -0.001937
112.89990234375, 0.026537
113.0, 0.028222
113.10009765625, -0.003445
113.199951171875, 0.009949
113.300048828125, 0.013231
113.39990234375, 0.003962
113.5, 0.031726
113.60009765625, 0.010393
113.699951171875, 0.027734
113.800048828125, 0.012034
113.89990234375, 0.042725
114.0, 0.022989
114.10009765625, 0.001567
114.199951171875, 0.039487
114.300048828125, 0.021082
114.39990234375, 0.02392
114.5, 0.042725
114.60009765625, 0.021614
114.699951171875, 0.024984
114.800048828125, 0.009151
114.89990234375, 0.004361
115.0, 0.01465
115.10009765625, 0.002942
115.199951171875, 0.015449
115.300048828125, 0.014562
115.39990234375, 0.02667
115.5, 0.000369
115.60009765625, 0.019662
115.699951171875, 0.043257
115.800048828125, 0.046672
115.89990234375, 0.037181
116.0, 0.037492
116.10009765625, 0.010038
116.199951171875, 0.030528
116.300048828125, 0.026182
116.39990234375, 0.009461
116.5, 0.011191
116.60009765625, 0.015892
116.699951171875, 0.003341
116.800048828125, 0.05847
116.89990234375, 0.056119
117.0, 0.035806
117.10009765625, 0.020372
117.199951171875, 0.04135
117.300048828125, 0.047116
117.39990234375, 0.011679
117.5, 0.027113
117.60009765625, 0.023831
117.699951171875, 0.026448
117.800048828125, 0.018598
117.89990234375, 0.020948
118.0, 0.026005
118.10009765625, 0.048136
118.199951171875, 0.026714
118.300048828125, 0.027601
118.39990234375, 0.02902
118.5, 0.010304
118.60009765625, 0.029686
118.699951171875, 0.033677
118.800048828125, 0.032125
118.89990234375, 0.018154
119.0, 0.044144
119.10009765625, 0.005159
119.199951171875, 0.03625
119.300048828125, 0.024541
119.39990234375, 0.040685
119.5, -0.001715
119.60009765625, 0.020993
119.699951171875, 0.043169
119.800048828125, 0.015538
119.89990234375, 0.009594
120.0, 0.019795
120.10009765625, 0.004937
120.199951171875, 0.033145
120.300048828125, 0.024763
120.39990234375, 0.035052
120.5, -0.00074
120.60009765625, 0.032835
120.699951171875, -0.010852
120.800048828125, 0.026847
120.89990234375, 0.029774
121.0, 0.018199
121.10009765625, 0.038246
121.199951171875, 0.031948
121.300048828125, 0.034698
121.39990234375, 0.017755
121.5, 0.026271
121.60009765625, 0.050265
121.699951171875, 0.020106
121.800048828125, 0.032081
121.89990234375, 0.003651
122.0, 0.026892
122.10009765625, 0.01403
122.199951171875, 0.043124
122.300048828125, 0.025162
122.39990234375, 0.009018
122.5, 0.020372
122.60009765625, 0.017179
122.699951171875, 0.038423
122.800048828125, 0.042858
122.89990234375, 0.015404
123.0, 0.014562
123.10009765625, 0.017223
123.199951171875, 0.022723
123.300048828125, 0.005248
123.39990234375, 0.049644
123.5, 0.028133
123.60009765625, 0.029375
123.699951171875, 0.043701
123.800048828125, 0.018243
123.89990234375, 0.022678
124.0, 0.016247
124.10009765625, 0.038024
124.199951171875, 0.022589
124.300048828125, 0.037669
124.39990234375, 0.01332
124.5, 0.022767
124.60009765625, 0.027379
124.699951171875, 0.038645
124.800048828125, 0.014784
124.89990234375, 0.013364
125.0, 0.023654
125.10009765625, -0.005175
125.199951171875, 0.000236
125.300048828125, 0.021747
125.39990234375, 0.007554
125.5, 0.021392
125.60009765625, 0.000768
125.699951171875, 0.032524
125.800048828125, 0.028621
125.89990234375, -0.009166
126.0, 0.011901
126.10009765625, 0.004139
126.199951171875, 0.037137
126.300048828125, 0.04277
126.39990234375, 0.020727
126.5, 0.00547
126.60009765625, 0.001345
126.699951171875, 0.028533
126.800048828125, 0.014207
126.89990234375, 0.041616
127.0, 0.033677
127.10009765625, 0.035762
127.199951171875, 0.008707
127.300048828125, 0.049289
127.39990234375, 0.026936
127.5, 0.036649
127.60009765625, 0.031903
127.699951171875, 0.030573
127.800048828125, 0.028887
127.89990234375, 0.020461
128.0, 0.038778
128.10009765625, 0.019795
128.199951171875, 0.020328
128.300048828125, 0.013586
128.39990234375, 0.02565
128.5, 0.011945
128.60009765625, 0.000547
128.699951171875, 0.03798
128.800048828125, 0.019485
128.89990234375, 0.029863
129.0, 0.027823
129.10009765625, 0.030218
129.199951171875, 0.010526
129.300048828125, 0.029198
129.39990234375, 0.021702
129.5, 0.031371
129.60009765625, 0.007599
129.699951171875, 0.020594
129.800048828125, 0.038024
129.89990234375, 0.0229
130.0, 0.015671
130.10009765625, 0.023831
130.199951171875, 0.03044
130.300048828125, 0.028045
130.39990234375, 0.009861
130.5, 0.033589
130.60009765625, 0.044322
130.699951171875, 0.047116
130.800048828125, 0.018553
130.89990234375, 0.007199
131.0, 0.048713
131.10009765625, 0.022013
131.199951171875, 0.018509
131.300048828125, 0.032036
131.39990234375, 0.033944
131.5, 0.040419
131.60009765625, 0.036959
131.699951171875, 0.027202
131.800048828125, 0.034653
131.89990234375, 0.040419
132.0, 0.032879
132.10009765625, 0.03656
132.199951171875, 0.013985
132.300048828125, 0.023831
132.39990234375, 0.034121
132.5, 0.003474
132.60009765625, 0.005292
132.699951171875, 0.004804
132.800048828125, 0.016602
132.89990234375, 0.034032
133.0, 0.018731
133.10009765625, 0.026359
133.199951171875, 0.031637
133.300048828125, 0.021215
133.39990234375, 0.022323
133.5, 0.028311
133.60009765625, 0.013453
133.699951171875, 0.045165
133.800048828125, 0.026847
133.89990234375, 0.028355
134.0, 0.029952
134.10009765625, 0.008397
134.199951171875, 0.004937
134.300048828125, 0.040951
134.39990234375, 0.027823
134.5, 0.010925
134.60009765625, 0.027912
134.699951171875, 0.01465
134.800048828125, 0.020727
134.89990234375, 0.02565
135.0, 0.019529
135.10009765625, 0.029109
135.199951171875, 0.014695
135.300048828125, 0.026625
135.39990234375, 0.029553
135.5, 0.027646
135.60009765625, 0.002232
135.699951171875, -0.000607
135.800048828125, 0.016602
135.89990234375, 0.006179
136.0, 0.021392
136.10009765625, 0.005115
136.199951171875, 0.024896
136.300048828125, 0.008175
136.39990234375, 0.002631
136.5, 0.032125
136.60009765625, 0.014207
136.699951171875, 0.027202
136.800048828125, -0.006683
136.89990234375, 0.007111
137.0, 0.028577
137.10009765625, 0.033056
137.199951171875, -0.006017
137.300048828125, 0.023698
137.39990234375, 0.043612
137.5, -0.002691
137.60009765625, 0.013808
137.699951171875, 0.039044
137.800048828125, 0.030661
137.89990234375, 0.000414
138.0, 0.046717
138.10009765625, 0.040818
138.199951171875, 0.058559
138.300048828125, 0.032524
138.39990234375, 0.022368
138.5, 0.019928
138.60009765625, 0.014429
138.699951171875, 0.017844
138.800048828125, 0.0174
138.89990234375, 0.022146
139.0, 0.031549
139.10009765625, 0.029774
139.199951171875, 0.031238
139.300048828125, 0.038423
139.39990234375, 0.049422
139.5, 0.010748
139.60009765625, 0.046362
139.699951171875, 0.03554
139.800048828125, 0.049201
139.89990234375, 0.046894
140.0, 0.01261
140.10009765625, 0.02942
140.199951171875, 0.010925
140.300048828125, -0.00961
140.39990234375, 0.048668
140.5, 0.038645
140.60009765625, 0.019618
140.699951171875, 0.027158
140.800048828125, 0.033012
140.89990234375, 0.044854
141.0, 0.036605
141.10009765625, 0.043878
141.199951171875, 0.021969
141.300048828125, 0.024718
141.39990234375, 0.019263
141.5, 0.043967
141.60009765625, 0.018731
141.699951171875, 0.002809
141.800048828125, 0.015804
141.89990234375, 0.027601
142.0, 0.020727
142.10009765625, 0.044411
142.199951171875, -0.00411
142.300048828125, 0.024142
142.39990234375, 0.01709
142.5, 0.021392
142.60009765625, 0.019618
142.699951171875, 0.039665
142.800048828125, 0.026315
142.89990234375, 0.01882
143.0, 0.019795
143.10009765625, 0.027291
143.199951171875, 0.021525
143.300048828125, 0.024142
143.39990234375, 0.018553
143.5, 0.01944
143.60009765625, 0.03452
143.699951171875, 0.022767
143.800048828125, 0.007199
143.89990234375, 0.024674
144.0, 0.04206
144.10009765625, 0.014517
144.199951171875, 0.030307
144.300048828125, 0.010127
144.39990234375, 0.038113
144.5, 0.062772
144.60009765625, 0.045386
144.699951171875, 0.00782
144.800048828125, 0.032214
144.89990234375, 0.027025
145.0, -0.001139
145.10009765625, 0.01709
145.199951171875, 0.034609
145.300048828125, 0.000414
145.39990234375, 0.020194
145.5, 0.029774
145.60009765625, 0.011679
145.699951171875, 0.014562
145.800048828125, 0.015671
145.89990234375, 0.033855
146.0, 0.022146
146.10009765625, 0.010348
146.199951171875, 0.042193
146.300048828125, 0.010215
146.39990234375, 0.014074
146.5, 0.029242
146.60009765625, 0.007066
146.699951171875, 0.017755
146.800048828125, 0.032524
146.89990234375, 0.023831
147.0, 0.048846
147.10009765625, 0.049378
147.199951171875, 0.032746
147.300048828125, 0.028976
147.39990234375, 0.008973
147.5, 0.026803
147.60009765625, 0.015848
147.699951171875, 0.010925
147.800048828125, 0.034698
147.89990234375, 0.01332
148.0, 0.020904
148.10009765625, 0.045608
148.199951171875, 0.029154
148.300048828125, 0.041705
148.39990234375, 0.054478
148.5, 0.030928
148.60009765625, 0.029952
148.699951171875, 0.031815
148.800048828125, 0.043923
148.89990234375, 0.014517
149.0, 0.029553
149.10009765625, 0.020017
149.199951171875, 0.021702
149.300048828125, 0.016425
149.39990234375, 0.030218
149.5, 0.040596
149.60009765625, 0.060865
149.699951171875, 0.031593
149.800048828125, 0.02361
149.89990234375, 0.032036
150.0, 0.026448
150.10009765625, 0.021658
150.199951171875, 0.022678
150.300048828125, 0.01261
150.39990234375, -0.014843
150.5, 0.034875
150.60009765625, 0.018509
150.699951171875, 0.042991
150.800048828125, 0.03656
150.89990234375, 0.007953
151.0, 0.021702
151.10009765625, 0.030928
151.199951171875, 0.021392
151.300048828125, 0.036427
151.39990234375, 0.033278
151.5, 0.02494
151.60009765625, 0.00201
151.699951171875, 0.046406
151.800048828125, 0.024275
151.89990234375, 0.039487
152.0, 0.008441
152.10009765625, 0.032923
152.199951171875, 0.037758
152.300048828125, 0.002143
152.39990234375, 0.025206
152.5, 0.009816
152.60009765625, 0.03452
152.699951171875, 0.025073
152.800048828125, 0.051329
152.89990234375, 0.050132
153.0, 0.03931
153.10009765625, 0.038778
153.199951171875, -7.4e-05
153.300048828125, 0.014207
153.39990234375, 0.000591
153.5, 0.020727
153.60009765625, 0.051684
153.699951171875, 0.034742
153.800048828125, 0.031105
153.89990234375, 0.018154
154.0, 0.023654
154.10009765625, 0.012566
154.199951171875, -0.034713
154.300048828125, 0.048402
154.39990234375, 0.029198
154.5, 0.037536
154.60009765625, 0.05643
154.699951171875, 0.024541
154.800048828125, 0.045209
154.89990234375, 0.04512
155.0, 0.01913
155.10009765625, 0.025428
155.199951171875, 0.003075
155.300048828125, 0.02942
155.39990234375, 0.00955
155.5, 0.042016
155.60009765625, -0.003135
155.699951171875, 0.033988
155.800048828125, 0.028843
155.89990234375, 0.024718
156.0, 0.038955
156.10009765625, 0.034875
156.199951171875, 0.019529
156.300048828125, 0.019751
156.39990234375, 0.003163
156.5, 0.030661
156.60009765625, 0.019751
156.699951171875, 0.037625
156.800048828125, 0.023166
156.89990234375, 0.026892
157.0, 0.026404
157.10009765625, 0.017666
157.199951171875, 0.033367
157.300048828125, 0.016158
157.39990234375, 0.004982
157.5, 0.035806
157.60009765625, 0.023033
157.699951171875, 0.031637
157.800048828125, 0.017356
157.89990234375, 0.03625
158.0, 0.020638
158.10009765625, 0.016691
158.199951171875, 0.009639
158.300048828125, 0.028178
158.39990234375, 0.017001
158.5, 0.039487
158.60009765625, 0.053503
158.699951171875, 0.025162
158.800048828125, 0.022102
158.89990234375, 0.011457
159.0, -0.005397
159.10009765625, 0.039798
159.199951171875, 0.036649
159.300048828125, 0.013763
159.39990234375, 0.014606
159.5, 0.00782
159.60009765625, 0.043657
159.699951171875, 0.041971
159.800048828125, 0.038556
159.89990234375, 0.016646
160.0, 0.028621
160.10009765625, 0.024364
160.199951171875, 0.006534
160.300048828125, 0.027912
160.39990234375, 0.036339
160.5, 0.01638
160.60009765625, 0.050265
160.699951171875, 0.023565
160.800048828125, 0.013054
160.89990234375, 0.015892
161.0, -0.001715
161.10009765625, 0.009639
161.199951171875, 0.044721
161.300048828125, -0.000119
161.39990234375, 0.012832
161.5, 0.001922
161.60009765625, 0.032347
161.699951171875, 0.042237
161.800048828125, 0.066409
161.89990234375, 0.019574
162.0, 0.036826
162.10009765625, 0.007155
162.199951171875, 0.024319
162.300048828125, 0.027513
162.39990234375, 0.033722
162.5, 0.004272
162.60009765625, -0.010586
162.699951171875, 0.012832
162.800048828125, 0.020505
162.89990234375, 0.017445
163.0, 0.033944
163.10009765625, 0.019662
163.199951171875, 0.029819
163.300048828125, 0.039266
163.39990234375, 0.034032
163.5, 0.030883
163.60009765625, 0.025605
163.699951171875, 0.004804
163.800048828125, 0.016957
163.89990234375, 0.04481
164.0, 0.037226
164.10009765625, 0.018687
164.199951171875, 0.021392
164.300048828125, -0.012005
164.39990234375, 0.017312
164.5, 0.036072
164.60009765625, 0.027025
164.699951171875, 0.013143
164.800048828125, 0.039621
164.89990234375, 0.049511
165.0, 0.018687
165.10009765625, 0.040951
165.199951171875, 0.052749
165.300048828125, 0.021215
165.39990234375, 0.020948
165.5, 0.012965
165.60009765625, 0.029242
165.699951171875, 0.029774
165.800048828125, 0.030528
165.89990234375, 0.037004
166.0, 0.055587
166.10009765625, 0.025339
166.199951171875, -0.001272
166.300048828125, 0.007998
166.39990234375, -0.009299
166.5, 0.024408
166.60009765625, 0.038822
166.699951171875, 0.049023
166.800048828125, 0.017844
166.89990234375, 0.033411
167.0, 0.056829
167.10009765625, 0.032169
167.199951171875, 0.008264
167.300048828125, -0.004509
167.39990234375, 0.022235
167.5, 0.017533
167.60009765625, 0.005292
167.699951171875, 0.017755
167.800048828125, 0.045209
167.89990234375, 0.047604
168.0, 0.024851
168.10009765625, 0.035629
168.199951171875, 0.016735
168.300048828125, 0.039931
168.39990234375, 0.035363
168.5, 0.038024
168.60009765625, 0.049289
168.699951171875, 0.010836
168.800048828125, 0.035895
168.89990234375, 0.018465
169.0, 0.017622
169.10009765625, 0.018997
169.199951171875, 0.02698
169.300048828125, 0.032081
169.39990234375, -0.011074
169.5, 0.015227
169.60009765625, -0.002425
169.699951171875, 0.019884
169.800048828125, 0.052483
169.89990234375, 0.026803
170.0, 0.015671
170.10009765625, 0.048092
170.199951171875, 0.016114
170.300048828125, 0.01607
170.39990234375, -0.001715
170.5, 0.025428
170.60009765625, 0.043124
170.699951171875, 0.004982
170.800048828125, 0.021082
170.89990234375, 0.032214
171.0, 0.013009
171.10009765625, 1.4e-05
171.199951171875, 0.022412
171.300048828125, 0.026936
171.39990234375, 0.02361
171.5, 0.026448
171.60009765625, 0.037004
171.699951171875, 0.026359
171.800048828125, 0.03044
171.89990234375, 0.031992
172.0, 0.030307
172.10009765625, 0.049866
172.199951171875, 0.017977
172.300048828125, 0.055898
172.39990234375, 0.026271
172.5, 0.046806
172.60009765625, 0.024319
172.699951171875, 0.049378
172.800048828125, -7.4e-05
172.89990234375, -0.006417
173.0, 0.025605
173.10009765625, 0.018021
173.199951171875, 0.019174
173.300048828125, 0.051729
173.39990234375, 0.021614
173.5, 0.028976
173.60009765625, 0.009594
173.699951171875, 0.03829
173.800048828125, 0.053059
173.89990234375, 0.022589
174.0, 0.023255
174.10009765625, 0.024896
174.199951171875, 0.005292
174.300048828125, 0.02973
174.39990234375, 0.038778
174.5, 0.025916
174.60009765625, 0.038068
174.699951171875, 0.016292
174.800048828125, 0.012699
174.89990234375, 0.036205
175.0, 0.027646
175.10009765625, 0.038911
175.199951171875, 0.012433
175.300048828125, 0.020106
175.39990234375, -0.013469
175.5, 0.016957
175.60009765625, 0.021259
175.699951171875, 0.01128
175.800048828125, 0.020283
175.89990234375, 0.028577
176.0, 0.030528
176.10009765625, 0.054833
176.199951171875, 0.005647
176.300048828125, 0.019485
176.39990234375, 0.043524
176.5, 0.032303
176.60009765625, 0.016247
176.699951171875, 0.035185
176.800048828125, 0.019574
176.89990234375, 0.012743
177.0, 0.0068
177.10009765625, 0.04379
177.199951171875, 0.029952
177.300048828125, 0.01607
177.39990234375, 0.037359
177.5, 0.034875
177.60009765625, 0.029641
177.699951171875, 0.021348
177.800048828125, 0.008885
177.89990234375, 0.012921
178.0, 0.032569
178.10009765625, 0.025339
178.199951171875, 0.022811
178.300048828125, 0.014606
178.39990234375, 0.016912
178.5, 0.013276
178.60009765625, 0.043124
178.699951171875, 0.02015
178.800048828125, 0.027823
178.89990234375, 0.019618
179.0, 0.051462
179.10009765625, 0.035363
179.199951171875, 0.031549
179.300048828125, 0.031593
179.39990234375, 0.043124
179.5, 0.019219
179.60009765625, 0.020017
179.699951171875, 0.016558
179.800048828125, 0.015937
179.89990234375, 0.033633
180.0, 0.033012
180.10009765625, 0.048801
180.199951171875, 0.002099
180.300048828125, 0.059756
180.39990234375, 0.025783
180.5, 0.024497
180.60009765625, 0.016691
180.699951171875, 0.036028
180.800048828125, 0.015582
180.89990234375, 0.022589
181.0, 0.041129
181.10009765625, 0.043524
181.199951171875, 0.023432
181.300048828125, 0.02321
181.39990234375, 0.016336
181.5, 0.03798
181.60009765625, 0.001035
181.699951171875, 0.034165
181.800048828125, 0.050354
181.89990234375, 0.025073
182.0, 0.028222
182.10009765625, 0.015981
182.199951171875, 0.031726
182.300048828125, 0.020727
182.39990234375, 0.01026
182.5, 0.020283
182.60009765625, 0.028488
182.699951171875, 0.029641
182.800048828125, 0.038556
182.89990234375, 0.021392
183.0, 0.024807
183.10009765625, 0.02086
183.199951171875, 0.036738
183.300048828125, 0.035052
183.39990234375, 0.050132
183.5, 0.033145
183.60009765625, 0.033411
183.699951171875, 0.036161
183.800048828125, 0.030661
183.89990234375, 0.022146
184.0, 0.023432
184.10009765625, 0.02942
184.199951171875, 0.006357
184.300048828125, 0.012211
184.39990234375, 0.023698
184.5, -0.006683
184.60009765625, 0.028799
184.699951171875, 0.018199
184.800048828125, 0.012921
184.89990234375, 0.008707
185.0, 0.018465
185.10009765625, 0.026005
185.199951171875, 0.001434
185.300048828125, 0.019396
185.39990234375, 0.029774
185.5, 0.028621
185.60009765625, 0.023477
185.699951171875, 0.0229
185.800048828125, 0.035008
185.89990234375, 0.017312
186.0, 0.016868
186.10009765625, 0.037226
186.199951171875, 0.020328
186.300048828125, 0.020682
186.39990234375, 0.030085
186.5, 0.025916
186.60009765625, 0.025783
186.699951171875, 0.041084
186.800048828125, 0.011147
186.89990234375, 0.027513
187.0, 0.017844
187.10009765625, 0.03177
187.199951171875, 0.031105
187.300048828125, 0.060909
187.39990234375, 0.017312
187.5, 0.052483
187.60009765625, 0.054079
187.699951171875, 0.014784
187.800048828125, 0.029553
187.89990234375, 0.025738
188.0, 0.012699
188.10009765625, 0.017622
188.199951171875, 0.017844
188.300048828125, -0.004953
188.39990234375, 0.02463
188.5, -0.003046
188.60009765625, 0.012522
188.699951171875, 0.045253
188.800048828125, 0.01363
188.89990234375, 0.032125
189.0, 0.04237
189.10009765625, 0.026936
189.199951171875, 0.007687
189.300048828125, 0.01882
189.39990234375, 0.009107
189.5, 0.031149
189.60009765625, 0.030528
189.699951171875, 0.013497
189.800048828125, 0.028
189.89990234375, 0.025738
190.0, 0.016425
190.10009765625, 0.03625
190.199951171875, 0.000502
190.300048828125, 0.044056
190.39990234375, 0.017489
190.5, 0.035008
190.60009765625, 0.032258
190.699951171875, 0.011679
190.800048828125, 0.044632
190.89990234375, 0.025162
191.0, -0.003711
191.10009765625, 0.021969
191.199951171875, -0.001449
191.300048828125, 0.02698
191.39990234375, 0.001478
191.5, 0.012211
191.60009765625, 0.027379
191.699951171875, 0.031415
191.800048828125, 0.035407
191.89990234375, 0.010393
192.0, 0.042814
192.10009765625, 0.02015
192.199951171875, 0.023388
192.300048828125, -0.003135
192.39990234375, 0.033411
192.5, 0.037935
192.60009765625, 0.00955
192.699951171875, 0.017711
192.800048828125, 0.021082
192.89990234375, 0.023698
193.0, 0.019396
193.10009765625, 0.04308
193.199951171875, 0.029774
193.300048828125, 0.034609
193.39990234375, 0.022634
193.5, 0.001079
193.60009765625, 0.024186
193.699951171875, 0.035718
193.800048828125, 0.013897
193.89990234375, 0.033766
194.0, 0.007288
194.10009765625, 0.032879
194.199951171875, 0.036605
194.300048828125, 0.033411
194.39990234375, 0.031859
194.5, 0.029863
194.60009765625, 0.036915
194.699951171875, 0.034121
194.800048828125, -0.016839
194.89990234375, 0.007687
195.0, 0.02698
195.10009765625, 0.024763
195.199951171875, 0.034609
195.300048828125, 0.034609
195.39990234375, 0.015138
195.5, 0.041483
195.60009765625, 0.039754
195.699951171875, 0.010614
195.800048828125, 0.007377
195.89990234375, 0.030706
196.0, 0.038467
196.10009765625, 0.019928
196.199951171875, 0.013453
196.300048828125, 0.002409
196.39990234375, 0.028533
196.5, 0.046229
196.60009765625, 0.041306
196.699951171875, 0.065877
196.800048828125, 0.038379
196.89990234375, 0.045564
197.0, 0.019086
197.10009765625, 0.017223
197.199951171875, 0.032657
197.300048828125, 0.02667
197.39990234375, 0.015981
197.5, 0.019529
197.60009765625, 0.029908
197.699951171875, 0.01026
197.800048828125, 0.018598
197.89990234375, 0.031992
198.0, 0.028754
198.10009765625, 0.027912
198.199951171875, 0.042681
198.300048828125, 0.006046
198.39990234375, 0.018864
198.5, 0.005958
198.60009765625, -0.000252
198.699951171875, 0.021969
198.800048828125, 0.021702
198.89990234375, 0.024896
199.0, 0.051596
199.10009765625, 0.032657
199.199951171875, 0.029863
199.300048828125, 0.033544
199.39990234375, 0.020239
199.5, 0.019174
199.60009765625, 0.023964
199.699951171875, 0.030041
199.800048828125, 0.015626
199.89990234375, 0.029774
200.0, 0.017844
200.10009765625, 0.031815
200.199951171875, 0.011945
200.300048828125, 0.046939
200.39990234375, 0.029109
200.5, 0.035141
200.60009765625, 0.017666
200.699951171875, 0.046939
200.800048828125, 0.028887
200.89990234375, 0.01536
201.0, 0.038423
201.10009765625, 0.047471
201.199951171875, 0.031903
201.300048828125, 0.025517
201.39990234375, 0.017179
201.5, 0.00924
201.60009765625, 0.044322
201.699951171875, 0.026847
201.800048828125, 0.045608
201.89990234375, 0.05368
202.0, 0.021969
202.10009765625, 0.005248
202.199951171875, 0.006712
202.300048828125, 0.032524
202.39990234375, 0.020727
202.5, 0.00884
202.60009765625, 0.027069
202.699951171875, 0.049023
202.800048828125, 0.020505
202.89990234375, 0.02321
203.0, 0.010526
203.10009765625, 0.013453
203.199951171875, 0.017179
203.300048828125, 0.016735
203.39990234375, 0.011723
203.5, 0.022279
203.60009765625, 0.022412
203.699951171875, 0.035585
203.800048828125, 0.028577
203.89990234375, 0.039754
204.0, 0.044677
204.10009765625, 0.036294
204.199951171875, 0.034786
204.300048828125, 0.010925
204.39990234375, 0.043967
204.5, 0.022723
204.60009765625, 0.056607
204.699951171875, 0.011812
204.800048828125, 0.010304
204.89990234375, -0.000385
205.0, 0.026936
205.10009765625, 0.026581
205.199951171875, 0.0068
205.300048828125, 0.027823
205.39990234375, 0.030395
205.5, 0.044233
205.60009765625, 0.001922
205.699951171875, 0.032436
205.800048828125, 0.007466
205.89990234375, 0.017622
206.0, 0.014207
206.10009765625, 0.01057
206.199951171875, 0.023743
206.300048828125, 0.048047
206.39990234375, 0.020239
206.5, 0.03248
206.60009765625, 0.025827
206.699951171875, 0.025561
206.800048828125, -0.002602
206.89990234375, 0.026714
207.0, 0.024896
207.10009765625, 0.021037
207.199951171875, 0.024541
207.300048828125, 0.012211
207.39990234375, 0.035895
207.5, 0.030928
207.60009765625, 0.021436
207.699951171875, 0.019973
207.800048828125, 0.007643
207.89990234375, 0.041882
208.0, 0.019795
208.10009765625, 0.014917
208.199951171875, -0.003578
208.300048828125, 0.03758
208.39990234375, 0.014606
208.5, 0.014739
208.60009765625, 0.020993
208.699951171875, 0.008885
208.800048828125, 0.024142
208.89990234375, 0.025561
209.0, 0.016558
209.10009765625, 0.022811
209.199951171875, 0.013852
209.300048828125, 0.01984
209.39990234375, 0.029908
209.5, 0.04033
209.60009765625, 0.027468
209.699951171875, 0.050664
209.800048828125, 0.022368
209.89990234375, 0.009506
210.0, 0.004583
210.10009765625, 0.026005
210.199951171875, 0.030573
210.300048828125, 0.019928
210.39990234375, 0.031815
210.5, -0.002647
210.60009765625, 0.00782
210.699951171875, 0.024541
210.800048828125, 0.026005
210.89990234375, 0.034564
211.0, 0.023876
211.10009765625, 0.023743
211.199951171875, 0.007643
211.300048828125, 0.006756
211.39990234375, 0.022856
211.5, 0.040729
211.60009765625, 0.00578
211.699951171875, -0.013956
211.800048828125, 0.024364
211.89990234375, 0.008219
212.0, 0.032524
212.10009765625, 0.006534
212.199951171875, 0.021924
212.300048828125, 0.018864
212.39990234375, 0.047249
212.5, 0.008574
212.60009765625, 0.018287
212.699951171875, 0.025783
212.800048828125, 0.041439
212.89990234375, 0.03523
213.0, 0.036294
213.10009765625, 0.019485
213.199951171875, 0.020904
213.300048828125, 0.033944
213.39990234375, 0.022057
213.5, 0.034698
213.60009765625, 0.019086
213.699951171875, 0.008441
213.800048828125, 0.021481
213.89990234375, 0.018066
214.0, 0.012344
214.10009765625, 0.011235
214.199951171875, 0.045652
214.300048828125, 0.037137
214.39990234375, 0.053059
214.5, 0.026936
214.60009765625, 0.040951
214.699951171875, 0.039221
214.800048828125, -0.000429
214.89990234375, 0.023033
215.0, -0.006949
215.10009765625, 0.021436
215.199951171875, 0.017666
215.300048828125, 0.04002
215.39990234375, 0.003208
215.5, 0.011768
215.60009765625, 0.018642
215.699951171875, 0.017267
215.800048828125, 0.011812
215.89990234375, 0.014473
216.0, 0.030617
216.10009765625, 0.033589
216.199951171875, 0.000192
216.300048828125, 0.004405
216.39990234375, 0.018553
216.5, 0.03625
216.60009765625, 0.016957
216.699951171875, 0.035318
216.800048828125, 0.021481
216.89990234375, 0.024186
217.0, 0.028089
217.10009765625, 0.00649
217.199951171875, 0.026182
217.300048828125, 0.041129
217.39990234375, 0.016469
217.5, 0.042548
217.60009765625, 0.064236
217.699951171875, 0.027246
217.800048828125, 0.033323
217.89990234375, 0.01709
218.0, -0.006727
218.10009765625, 0.012921
218.199951171875, 0.000369
218.300048828125, 0.018332
218.39990234375, 0.030839
218.5, 0.010437
218.60009765625, 0.019396
218.699951171875, 0.048491
218.800048828125, 0.048225
218.89990234375, 0.027291
219.0, 0.025118
219.10009765625, 0.0335
219.199951171875, 0.030972
219.300048828125, 0.034698
219.39990234375, 0.02596
219.5, 0.048801
219.60009765625, 0.030617
219.699951171875, 0.018908
219.800048828125, 0.018243
219.89990234375, -0.008679
220.0, 0.028799
220.10009765625, 0.040685
220.199951171875, 0.027202
220.300048828125, 0.016912
220.39990234375, 0.021303
220.5, 0.005248
220.60009765625, 0.02086
220.699951171875, 0.018775
220.800048828125, 0.016247
220.89990234375, 0.049555
221.0, 0.034343
221.10009765625, 0.022545
221.199951171875, 0.04206
221.300048828125, 0.043568
221.39990234375, 0.034564
221.5, 0.038556
221.60009765625, 0.018864
221.699951171875, 0.037891
221.800048828125, -0.00553
221.89990234375, -0.000429
222.0, 0.03146
222.10009765625, 0.021037
222.199951171875, 0.016691
222.300048828125, 0.011147
222.39990234375, 0.008131
222.5, 0.030351
222.60009765625, 0.010526
222.699951171875, 0.046495
222.800048828125, 0.03177
222.89990234375, 0.006357
223.0, 0.016425
223.10009765625, -0.000385
223.199951171875, 0.024364
223.300048828125, 0.015671
223.39990234375, 0.001301
223.5, 0.003651
223.60009765625, -0.015642
223.699951171875, 0.043169
223.800048828125, 0.022989
223.89990234375, 0.010925
224.0, 0.016558
224.10009765625, 0.024186
224.199951171875, 0.014917
224.300048828125, 0.013009
224.39990234375, -0.006594
224.5, 0.013187
224.60009765625, 0.028666
224.699951171875, -0.002735
224.800048828125, 0.015892
224.89990234375, 0.028843
225.0, 0.016957
225.10009765625, 0.028133
225.199951171875, 0.03319
225.300048828125, 0.046185
225.39990234375, 0.001345
225.5, 0.029641
225.60009765625, 0.008441
225.699951171875, 0.020993
225.800048828125, 0.012256
225.89990234375, 0.006357
226.0, -0.001006
226.10009765625, 0.018864
226.199951171875, 0.041306
226.300048828125, 0.037226
226.39990234375, 0.022634
226.5, 0.04818
226.60009765625, 0.024896
226.699951171875, 0.017933
226.800048828125, 0.033722
226.89990234375, 0.033722
227.0, 0.05093
227.10009765625, 0.02463
227.199951171875, 0.000458
227.300048828125, 0.040463
227.39990234375, 0.015404
227.5, 0.040774
227.60009765625, -0.006771
227.699951171875, 0.017711
227.800048828125, 0.034742
227.89990234375, 0.035318
228.0, -0.009033
228.10009765625, 0.015804
228.199951171875, 0.040108
228.300048828125, 0.030262
228.39990234375, 0.012344
228.5, 0.011324
228.60009765625, 0.007732
228.699951171875, 0.040995
228.800048828125, 0.028533
228.89990234375, 0.023343
229.0, 0.045298
229.10009765625, 0.027468
229.199951171875, 0.028932
229.300048828125, -0.004909
229.39990234375, 0.022545
229.5, 0.016513
229.60009765625, 0.021658
229.699951171875, 0.044233
229.800048828125, 0.017445
229.89990234375, -0.001316
230.0, 0.03421
230.10009765625, 0.033766
230.199951171875, 0.03625
230.300048828125, 0.026093
230.39990234375, 0.022501
230.5, 0.023743
230.60009765625, 0.00272
230.699951171875, 0.007244
230.800048828125, -0.00859
230.89990234375, 0.029686
231.0, 0.034298
231.10009765625, 0.011812
231.199951171875, -0.003489
231.300048828125, 0.019662
231.39990234375, 0.019662
231.5, 0.045785
231.60009765625, 0.020993
231.699951171875, 0.033278
231.800048828125, 0.016691
231.89990234375, 0.041217
232.0, 0.011989
232.10009765625, 0.018066
232.199951171875, 0.010393
232.300048828125, 0.026093
232.39990234375, 0.026803
232.5, 0.007554
232.60009765625, 0.019174
232.699951171875, 0.034298
232.800048828125, 0.027246
232.89990234375, 0.019884
233.0, 0.019618
233.10009765625, 0.018199
233.199951171875, -0.002336
233.300048828125, 0.012522
233.39990234375, 0.001655
233.5, 0.037004
233.60009765625, 0.035451
233.699951171875, 0.027069
233.800048828125, 0.022723
233.89990234375, 0.03656
234.0, 0.019041
234.10009765625, 0.045253
234.199951171875, 0.002055
234.300048828125, 0.014207
234.39990234375, 0.000946
234.5, 0.035496
234.60009765625, 0.009461
234.699951171875, 0.018376
234.800048828125, 0.049023
234.89990234375, 0.029819
235.0, 0.029508
235.10009765625, -0.011916
235.199951171875, 0.031415
235.300048828125, 0.026226
235.39990234375, -0.003844
235.5, 0.028843
235.60009765625, 0.028887
235.699951171875, -0.003977
235.800048828125, 0.030795
235.89990234375, 0.009506
236.0, 0.02423
236.10009765625, 0.00445
236.199951171875, 0.039665
236.300048828125, 0.042326
236.39990234375, 0.028133
236.5, 0.019884
236.60009765625, 0.037004
236.699951171875, 0.011723
236.800048828125, 0.012876
236.89990234375, 0.002587
237.0, 0.030085
237.10009765625, 0.016114
237.199951171875, 0.038778
237.300048828125, 0.027069
237.39990234375, 0.013852
237.5, 0.029154
237.60009765625, -0.012315
237.699951171875, 0.009107
237.800048828125, 0.020682
237.89990234375, 0.024408
238.0, 0.029154
238.10009765625, 0.032613
238.199951171875, 0.026847
238.300048828125, -0.007747
238.39990234375, 0.02463
238.5, 0.01536
238.60009765625, 0.014517
238.699951171875, 0.03829
238.800048828125, 0.053547
238.89990234375, 0.01465
239.0, 0.022634
239.10009765625, 0.02463
239.199951171875, 0.030218
239.300048828125, 0.03829
239.39990234375, -0.002114
239.5, 0.016602
239.60009765625, 0.037403
239.699951171875, 0.037314
239.800048828125, 0.017711
239.89990234375, 0.026492
240.0, 0.012743
240.10009765625, 0.035673
240.199951171875, 0.020727
240.300048828125, 0.010127
240.39990234375, 0.036915
240.5, 0.033677
240.60009765625, 0.0284
240.699951171875, 0.004405
240.800048828125, 0.021126
240.89990234375, 0.026537
241.0, 0.02188
241.10009765625, 0.038645
241.199951171875, 0.023477
241.300048828125, 0.013231
241.39990234375, 0.030883
241.5, 0.035363
241.60009765625, 0.012699
241.699951171875, 0.039354
241.800048828125, 0.03146
241.89990234375, 0.021259
242.0, -0.005618
242.10009765625, 0.013763
242.199951171875, 0.025472
242.300048828125, 0.028222
242.39990234375, 0.031327
242.5, 0.023743
242.60009765625, 0.022013
242.699951171875, 0.049955
242.800048828125, 0.031194
242.89990234375, 0.04481
243.0, 0.030174
243.10009765625, 0.011856
243.199951171875, 0.02698
243.300048828125, 0.038467
243.39990234375, 0.036427
243.5, 0.035185
243.60009765625, 0.032436
243.699951171875, 0.016912
243.800048828125, 0.018598
243.89990234375, 0.044411
244.0, 0.035274
244.10009765625, 0.021259
244.199951171875, 0.020461
244.300048828125, 0.01811
244.39990234375, 0.026404
244.5, 0.023964
244.60009765625, 0.018287
244.699951171875, 0.027291
244.800048828125, 0.024896
244.89990234375, 0.015404
245.0, 0.034653
245.10009765625, 0.012566
245.199951171875, 0.022678
245.300048828125, 0.003296
245.39990234375, 0.0441
245.5, 0.038911
245.60009765625, 0.027646
245.699951171875, 0.009861
245.800048828125, 0.036117
245.89990234375, 0.031859
246.0, 0.026803
246.10009765625, 0.01363
246.199951171875, 0.054345
246.300048828125, 0.040774
246.39990234375, 0.023299
246.5, 0.026936
246.60009765625, 0.027291
246.699951171875, 0.025073
246.800048828125, 0.040375
246.89990234375, 0.033145
247.0, 0.021037
247.10009765625, -0.012759
247.199951171875, 0.023743
247.300048828125, 0.032923
247.39990234375, 0.044499
247.5, 0.027867
247.60009765625, 0.035585
247.699951171875, 0.004627
247.800048828125, 0.024851
247.89990234375, 0.024364
248.0, 0.02942
248.10009765625, 0.014961
248.199951171875, 0.037802
248.300048828125, 0.019662
248.39990234375, 0.011324
248.5, 0.054168
248.60009765625, 0.0174
248.699951171875, 0.03146
248.800048828125, 0.026138
248.89990234375, 0.019574
249.0, 0.019574
249.10009765625, 0.027734
249.199951171875, 0.035806
249.300048828125, 0.033766
249.39990234375, 0.00201
249.5, 0.031371
249.60009765625, 0.025472
249.699951171875, 0.020993
249.800048828125, 0.03279
249.89990234375, 0.037048
250.0, 0.007199
250.10009765625, 0.025029
250.199951171875, 0.02565
250.300048828125, 0.02596
250.39990234375, 0.017179
250.5, 0.030617
250.60009765625, 0.019485
250.699951171875, 0.025073
250.800048828125, 0.02973
250.89990234375, 0.007288
251.0, 0.021924
251.10009765625, 0.030085
251.199951171875, 0.012655
251.300048828125, 0.03146
251.39990234375, 0.009107
251.5, 0.020283
251.60009765625, 0.014961
251.699951171875, 0.028887
251.800048828125, 0.02902
251.89990234375, 0.025073
252.0, 0.024674
252.10009765625, 0.010703
252.199951171875, 0.020815
252.300048828125, 0.024186
252.39990234375, 0.024186
252.5, 0.035895
252.60009765625, 0.021303
252.699951171875, 0.007865
252.800048828125, 0.026049
252.89990234375, -0.001981
253.0, 0.029553
253.10009765625, 0.028178
253.199951171875, 0.046894
253.300048828125, 0.023477
253.39990234375, 0.018908
253.5, 0.029198
253.60009765625, 0.017666
253.699951171875, 0.016646
253.800048828125, 0.02973
253.89990234375, 0.03044
254.0, 0.033855
254.10009765625, 0.0068
254.199951171875, 0.00374
254.300048828125, 0.003518
254.39990234375, 0.022412
254.5, 0.025206
254.60009765625, 0.029331
254.699951171875, 0.013808
254.800048828125, 0.040108
254.89990234375, 0.055986
255.0, 0.038778
255.10009765625, 0.016469
255.199951171875, -0.000562
255.300048828125, 0.010969
255.39990234375, 0.029952
255.5, 0.022545
255.60009765625, 0.040197
255.699951171875, 0.023122
255.800048828125, 0.028577
255.89990234375, 0.025073
256.0, 0.037093
256.10009765625, 0.007155
256.199951171875, 0.031282
256.300048828125, 0.021702
256.39990234375, 0.03319
256.5, 0.044943
256.60009765625, 0.02117
256.699951171875, 0.029109
256.800048828125, 0.040995
256.89990234375, 0.030928
257.0, 0.035008
257.10009765625, 0.015626
257.199951171875, 0.012655
257.300048828125, 0.018775
257.39990234375, 5.9e-05
257.5, 0.028621
257.60009765625, 0.005558
257.699951171875, 0.011546
257.800048828125, 0.01913
257.89990234375, 0.028266
258.0, 0.020106
258.10009765625, 0.020638
258.199951171875, 0.022057
258.300048828125, 0.017445
258.39990234375, 0.030129
258.5, 0.019662
258.60009765625, 0.032569
258.699951171875, 0.01403
258.800048828125, 0.016158
258.89990234375, 0.037713
259.0, 0.026271
259.10009765625, 0.034653
259.199951171875, 0.03319
259.300048828125, 0.001301
259.39990234375, 0.020993
259.5, 0.035008
259.60009765625, 0.022723
259.699951171875, 0.02392
259.800048828125, 0.036383
259.89990234375, 0.019263
260.0, 0.022589
260.10009765625, 0.009195
260.199951171875, 0.027158
260.300048828125, 0.017179
260.39990234375, 0.030218
260.5, 0.028
260.60009765625, 0.019574
260.699951171875, 0.017045
260.800048828125, 0.0123
260.89990234375, 0.019707
261.0, 0.022368
261.10009765625, 0.034609
261.199951171875, 0.014828
261.300048828125, 0.018509
261.39990234375, 0.022279
261.5, 0.046983
261.60009765625, 0.035629
261.699951171875, 0.017267
261.800048828125, 0.032036
261.89990234375, 0.039354
262.0, 0.017977
262.10009765625, 0.024541
262.199951171875, 0.037625
262.300048828125, 0.030661
262.39990234375, 0.036028
262.5, 0.001301
262.60009765625, 0.021924
262.699951171875, 0.009772
262.800048828125, 0.041129
262.89990234375, 0.015538
263.0, 0.032524
263.10009765625, 0.026847
263.199951171875, 0.021525
263.300048828125, 0.020328
263.39990234375, 0.027424
263.5, 0.020505
263.60009765625, 0.026759
263.699951171875, 0.023432
263.800048828125, 0.017179
263.89990234375, 0.018642
264.0, 0.025694
264.10009765625, 0.031061
264.199951171875, 0.049067
264.300048828125, 0.028133
264.39990234375, 0.041306
264.5, 0.014872
264.60009765625, 0.048668
264.699951171875, 0.039177
264.800048828125, 0.015404
264.89990234375, 0.030795
265.0, 0.035274
265.10009765625, 0.017799
265.199951171875, 0.016158
265.300048828125, 0.016336
265.39990234375, 0.015538
265.5, 0.036782
265.60009765625, 0.024319
265.699951171875, 0.026936
265.800048828125, 0.029952
265.89990234375, 0.042947
266.0, 0.040463
266.10009765625, 0.014118
266.199951171875, 0.023122
266.300048828125, 0.028799
266.39990234375, 0.009018
266.5, 0.001744
266.60009765625, 0.037492
266.699951171875, 0.028133
266.800048828125, 0.007421
266.89990234375, 0.016824
267.0, 0.040197
267.10009765625, 0.029952
267.199951171875, 0.026936
267.300048828125, 0.01984
267.39990234375, 0.014207
267.5, 0.032214
267.60009765625, 0.045741
267.699951171875, 0.040286
267.800048828125, 0.023077
267.89990234375, 0.052926
268.0, 0.037713
268.10009765625, 0.027424
268.199951171875, 0.014917
268.300048828125, 0.0386
268.39990234375, 0.024142
268.5, 0.020505
268.60009765625, 0.038334
268.699951171875, 0.010659
268.800048828125, 0.020017
268.89990234375, 0.025738
269.0, 0.002232
269.10009765625, 0.029774
269.199951171875, 0.021392
269.300048828125, 0.019086
269.39990234375, 0.034742
269.5, 0.031637
269.60009765625, 0.032169
269.699951171875, 0.027246
269.800048828125, 0.02117
269.89990234375, 0.006046
270.0, 0.019041
270.10009765625, 0.025118
270.199951171875, 0.043524
270.300048828125, 0.025916
270.39990234375, 0.039621
270.5, -0.001937
270.60009765625, 0.008885
270.699951171875, 0.017622
270.800048828125, 0.021702
270.89990234375, 0.033145
271.0, 0.01536
271.10009765625, 0.019662
271.199951171875, 0.035585
271.300048828125, 0.035718
271.39990234375, 0.010969
271.5, 0.010881
271.60009765625, 0.011058
271.699951171875, -0.003179
271.800048828125, 0.012344
271.89990234375, 0.036782
272.0, 0.018243
272.10009765625, 0.013453
272.199951171875, 0.016558
272.300048828125, 0.009683
272.39990234375, 0.029464
272.5, 0.038068
272.60009765625, 0.025605
272.699951171875, 0.028488
272.800048828125, 0.04277
272.89990234375, 0.027912
273.0, 0.019884
273.10009765625, 0.05674
273.199951171875, 0.046273
273.300048828125, 0.018243
273.39990234375, 0.052438
273.5, 0.059091
273.60009765625, 0.045785
273.699951171875, 0.027557
273.800048828125, 0.008663
273.89990234375, 0.004272
274.0, 0.043524
274.10009765625, 0.04858
274.199951171875, 0.026226
274.300048828125, 0.003341
274.39990234375, 0.02392
274.5, 0.051596
274.60009765625, 0.020727
274.699951171875, 0.021924
274.800048828125, 0.025472
274.89990234375, 0.038734
275.0, 0.0229
275.10009765625, 0.018376
275.199951171875, 0.022545
275.300048828125, 0.00853
275.39990234375, 0.005292
275.5, 0.025472
275.60009765625, 0.027202
275.699951171875, 0.030883
275.800048828125, 0.032214
275.89990234375, 0.004893
276.0, 0.011324
276.10009765625, -0.003179
276.199951171875, 0.017045
276.300048828125, 0.014251
276.39990234375, 0.007643
276.5, 0.035141
276.60009765625, 0.035984
276.699951171875, 0.01465
276.800048828125, 0.021392
276.89990234375, 0.010127
277.0, 0.024851
277.10009765625, 0.017533
277.199951171875, 0.034476
277.300048828125, 0.014074
277.39990234375, 0.019662
277.5, 0.018154
277.60009765625, 0.020948
277.699951171875, 0.022856
277.800048828125, 0.046451
277.89990234375, -0.003489
278.0, 0.042282
278.10009765625, 0.046096
278.199951171875, 0.011546
278.300048828125, 0.016824
278.39990234375, 0.028799
278.5, 0.048535
278.60009765625, 0.025295
278.699951171875, 0.031726
278.800048828125, 0.032169
278.89990234375, 0.030041
279.0, 0.027513
279.10009765625, 0.037846
279.199951171875, 0.031282
279.300048828125, 0.006179
279.39990234375, 0.022368
279.5, 0.046717
279.60009765625, 0.030573
279.699951171875, 0.01944
279.800048828125, 0.032081
279.89990234375, 0.037403
280.0, 0.06153
280.10009765625, 0.044943
280.199951171875, 0.03758
280.300048828125, 0.048136
280.39990234375, 0.029908
280.5, 0.033145
280.60009765625, -0.002469
280.699951171875, 0.016824
280.800048828125, 0.03044
280.89990234375, 0.013808
281.0, 0.030129
281.10009765625, 0.034742
281.199951171875, 0.039399
281.300048828125, 0.031238
281.39990234375, 0.041616
281.5, 0.024364
281.60009765625, 0.01465
281.699951171875, 0.038556
281.800048828125, 0.003962
281.89990234375, 0.030928
282.0, 0.033323
282.10009765625, 0.01434
282.199951171875, 0.039133
282.300048828125, 0.02973
282.39990234375, 0.025783
282.5, 0.022323
282.60009765625, 0.011502
282.699951171875, 0.019884
282.800048828125, 0.016912
282.89990234375, 0.004627
283.0, 0.001611
283.10009765625, 0.03798
283.199951171875, 0.019795
283.300048828125, 0.040774
283.39990234375, 0.059135
283.5, 0.021924
283.60009765625, 0.021791
283.699951171875, 0.006445
283.800048828125, 0.024674
283.89990234375, 0.023787
284.0, 0.033855
284.10009765625, 0.037891
284.199951171875, 0.021037
284.300048828125, 0.0441
284.39990234375, 0.024984
284.5, 0.035629
284.60009765625, 0.044411
284.699951171875, 0.021747
284.800048828125, 0.019485
284.89990234375, -0.001006
285.0, 0.037403
285.10009765625, 0.02494
285.199951171875, 0.005647
285.300048828125, 0.006667
285.39990234375, 0.023876
285.5, 0.021259
285.60009765625, 0.02015
285.699951171875, 0.024097
285.800048828125, 0.018332
285.89990234375, 0.007998
286.0, 0.026226
286.10009765625, 0.013719
286.199951171875, 0.011235
286.300048828125, 0.0174
286.39990234375, 0.050487
286.5, 0.012211
286.60009765625, 0.039354
286.699951171875, 0.014163
286.800048828125, 0.022856
286.89990234375, 0.039354
287.0, 0.058869
287.10009765625, 0.031105
287.199951171875, 0.026182
287.300048828125, 0.001744
287.39990234375, 0.033944
287.5, 0.014739
287.60009765625, 0.024097
287.699951171875, 0.007466
287.800048828125, 0.017445
287.89990234375, 0.05266
288.0, 0.014384
288.10009765625, 0.024364
288.199951171875, 0.022634
288.300048828125, 0.053414
288.39990234375, 0.046983
288.5, 0.007643
288.60009765625, 0.011635
288.699951171875, 0.006312
288.800048828125, 0.018775
288.89990234375, 0.01638
289.0, 0.023698
289.10009765625, 0.034121
289.199951171875, 0.033544
289.300048828125, 0.024319
289.39990234375, 0.022767
289.5, 0.037447
289.60009765625, 0.009949
289.699951171875, -0.003312
289.800048828125, 0.015316
289.89990234375, 0.035629
290.0, 0.035762
290.10009765625, 0.025206
290.199951171875, 0.021702
290.300048828125, 0.044233
290.39990234375, 0.018243
290.5, 0.023964
290.60009765625, 0.017356
290.699951171875, 0.023831
290.800048828125, 0.032702
290.89990234375, 0.02973
291.0, 0.010215
291.10009765625, 0.011324
291.199951171875, 0.041173
291.300048828125, 0.015271
291.39990234375, 0.026625
291.5, 0.010748
291.60009765625, 0.017312
291.699951171875, 0.028577
291.800048828125, 0.023743
291.89990234375, 0.035407
292.0, 0.026492
292.10009765625, 0.054434
292.199951171875, 0.035363
292.300048828125, 0.01505
292.39990234375, 0.045963
292.5, 0.009861
292.60009765625, 0.016025
292.699951171875, -0.007437
292.800048828125, 0.021126
292.89990234375, 0.012876
293.0, -0.007481
293.10009765625, 0.027379
293.199951171875, 0.037447
293.300048828125, 0.021303
293.39990234375, 0.018997
293.5, 0.019795
293.60009765625, -0.001538
293.699951171875, 0.033456
293.800048828125, 0.024851
293.89990234375, 0.045209
294.0, 0.064324
294.10009765625, 0.045386
294.199951171875, 0.054212
294.300048828125, 0.019618
294.39990234375, 0.021348
294.5, 0.028621
294.60009765625, 0.01465
294.699951171875, 0.025827
294.800048828125, 0.025384
294.89990234375, 0.046406
295.0, 0.024541
295.10009765625, 0.02188
295.199951171875, 0.02596
295.300048828125, 0.026138
295.39990234375, 0.018598
295.5, 0.023565
295.60009765625, 0.041306
295.699951171875, 0.020594
295.800048828125, 0.024674
295.89990234375, 0.015892
296.0, 0.004183
296.10009765625, 0.003119
296.199951171875, 0.029819
296.300048828125, -0.010009
296.39990234375, 0.012876
296.5, -0.005086
296.60009765625, 0.009816
296.699951171875, 0.031859
296.800048828125, 0.044189
296.89990234375, 0.028311
297.0, 0.029641
297.10009765625, 0.023166
297.199951171875, 0.042459
297.300048828125, 0.01403
297.39990234375, 0.039177
297.5, 0.037403
297.60009765625, 0.013852
297.699951171875, 0.020815
297.800048828125, -0.002203
297.89990234375, 0.030041
298.0, 0.055898
298.10009765625, 0.01607
298.199951171875, 0.017711
298.300048828125, 0.036516
298.39990234375, 0.016114
298.5, 0.020283
298.60009765625, 0.031948
298.699951171875, 0.029908
298.800048828125, 0.035052
298.89990234375, 0.003075
299.0, 0.034831
299.10009765625, 0.019174
299.199951171875, 0.023698
299.300048828125, 0.026759
299.39990234375, 0.045697
299.5, 0.025561
299.60009765625, 0.013409
299.699951171875, 0.043701
299.800048828125, 0.027113
299.89990234375, 0.017312
300.0, 0.020682
300.10009765625, 0.022811
300.199951171875, 0.013985
300.300048828125, 0.038734
300.39990234375, 0.026625
300.5, 0.024009
300.60009765625, 0.021037
300.699951171875, 0.001212
300.800048828125, 0.045076
300.89990234375, 0.023299
301.0, 0.035141
301.10009765625, 0.001389
301.199951171875, 0.057982
301.300048828125, 0.017711
301.39990234375, 0.032214
301.5, 0.037226
301.60009765625, 0.030041
301.699951171875, 0.02769
301.800048828125, 0.020461
301.89990234375, 0.021481
302.0, 0.013054
302.10009765625, 0.024763
302.199951171875, 0.017799
302.300048828125, -0.001272
302.39990234375, 0.019928
302.5, 0.013276
302.60009765625, 0.021791
302.699951171875, 0.012078
302.800048828125, 0.046672
302.89990234375, 0.029287
303.0, 0.040641
303.10009765625, 0.022634
303.199951171875, 0.01842
303.300048828125, 0.043657
303.39990234375, 0.008929
303.5, 0.004804
303.60009765625, 0.024142
303.699951171875, 0.039088
303.800048828125, 0.021436
303.89990234375, 0.014961
304.0, 0.001788
304.10009765625, 0.012743
304.199951171875, 0.033101
304.300048828125, 0.040596
304.39990234375, 0.020682
304.5, 0.009772
304.60009765625, 0.02769
304.699951171875, 0.035363
304.800048828125, 0.025428
304.89990234375, 0.026404
305.0, 0.048003
305.10009765625, 0.040774
305.199951171875, 0.00782
305.300048828125, 0.022545
305.39990234375, 0.035097
305.5, 0.012832
305.60009765625, 0.007732
305.699951171875, 0.016425
305.800048828125, 0.02667
305.89990234375, 0.05918
306.0, 0.020638
306.10009765625, -0.003135
306.199951171875, 0.021259
306.300048828125, 0.044854
306.39990234375, 0.024851
306.5, -0.013735
306.60009765625, 0.031815
306.699951171875, 0.03523
306.800048828125, 0.054966
306.89990234375, 0.01128
307.0, 0.055587
307.10009765625, 0.037314
307.199951171875, 0.055454
307.300048828125, 0.00476
307.39990234375, 0.005337
307.5, 0.010836
307.60009765625, 0.026093
307.699951171875, 0.014517
307.800048828125, 0.032746
307.89990234375, 0.02942
308.0, 0.007953
308.10009765625, 0.003296
308.199951171875, 0.03381
308.300048828125, 0.026404
308.39990234375, -0.003312
308.5, 0.041528
308.60009765625, 0.023964
308.699951171875, 0.00099
308.800048828125, 0.032125
308.89990234375, 0.023166
309.0, 0.01984
309.10009765625, 0.02565
309.199951171875, 0.020549
309.300048828125, 0.049511
309.39990234375, 0.025029
309.5, 0.04379
309.60009765625, 0.028222
309.699951171875, 0.025783
309.800048828125, 0.00649
309.89990234375, 0.001478
310.0, 0.020549
310.10009765625, 0.036605
310.199951171875, 0.019751
310.300048828125, 0.007288
310.39990234375, 0.010481
310.5, 0.031149
310.60009765625, 0.007466
310.699951171875, 0.02565
310.800048828125, 0.039266
310.89990234375, 0.014517
311.0, 0.028621
311.10009765625, 0.008397
311.199951171875, 0.045209
311.300048828125, 0.03656
311.39990234375, -0.004022
311.5, 0.009861
311.60009765625, 0.007155
311.699951171875, 0.033722
311.800048828125, -0.003312
311.89990234375, -0.010807
312.0, 0.046451
312.10009765625, 0.032613
312.199951171875, 0.020106
312.300048828125, 0.042858
312.39990234375, 0.013453
312.5, 0.017533
312.60009765625, -0.002514
312.699951171875, 0.006712
312.800048828125, 0.023964
312.89990234375, 0.014473
313.0, 0.031948
313.10009765625, 0.017179
313.199951171875, 0.026448
313.300048828125, 0.010304
313.39990234375, 0.031504
313.5, 0.004849
313.60009765625, 0.023787
313.699951171875, 0.046539
313.800048828125, 0.022634
313.89990234375, 0.03044
314.0, 0.033944
314.10009765625, 0.030795
314.199951171875, 0.027734
314.300048828125, 0.016158
314.39990234375, 0.002276
314.5, 0.02973
314.60009765625, 0.038911
314.699951171875, 0.015937
314.800048828125, 0.019263
314.89990234375, 0.012743
315.0, 0.015892
315.10009765625, 0.008353
315.199951171875, 0.029287
315.300048828125, 0.034964
315.39990234375, 0.025339
315.5, 0.013941
315.60009765625, 0.024718
315.699951171875, 0.033855
315.800048828125, 0.043834
315.89990234375, 0.040552
316.0, 0.01607
316.10009765625, 0.022279
316.199951171875, 0.017933
316.300048828125, 0.032923
316.39990234375, 0.050132
316.5, 0.020638
316.60009765625, 0.006268
316.699951171875, 0.020682
316.800048828125, 0.026936
316.89990234375, 0.04512
317.0, 0.019485
317.10009765625, 0.025118
317.199951171875, 0.030883
317.300048828125, 0.020682
317.39990234375, 0.033056
317.5, 0.04033
317.60009765625, 0.004228
317.699951171875, 0.044189
317.800048828125, 0.019618
317.89990234375, 0.004716
318.0, 0.018465
318.10009765625, 0.027468
318.199951171875, 0.022412
318.300048828125, 0.022723
318.39990234375, 0.023122
318.5, 0.038201
318.60009765625, 0.05368
318.699951171875, 0.013542
318.800048828125, 0.007155
318.89990234375, 0.028133
319.0, 0.011679
319.10009765625, 0.054168
319.199951171875, 0.039709
319.300048828125, 0.024319
319.39990234375, 0.0335
319.5, 0.020638
319.60009765625, 0.016558
319.699951171875, 0.034875
319.800048828125, 0.034698
319.89990234375, 0.020372
320.0, 0.026049
320.10009765625, 0.027069
320.199951171875, 0.027912
320.300048828125, 0.024364
320.39990234375, 0.022412
320.5, 0.019618
320.60009765625, 0.018332
320.699951171875, 0.026138
320.800048828125, 0.024053
320.89990234375, 0.008663
321.0, 0.027424
321.10009765625, 0.010969
321.199951171875, 0.024009
321.300048828125, -0.007614
321.39990234375, 0.021791
321.5, 0.011102
321.60009765625, 0.007776
321.699951171875, -0.00034
321.800048828125, -0.014755
321.89990234375, 0.008707
322.0, 0.017312
322.10009765625, 0.005558
322.199951171875, 0.018066
322.300048828125, 0.016247
322.39990234375, 0.000369
322.5, 0.027424
322.60009765625, 0.026182
322.699951171875, 0.013897
322.800048828125, 0.000901
322.89990234375, 0.011989
323.0, 0.003829
323.10009765625, -0.012715
323.199951171875, 0.029774
323.300048828125, 0.030262
323.39990234375, 0.028222
323.5, 0.015183
323.60009765625, 0.031948
323.699951171875, 0.024408
323.800048828125, 0.032879
323.89990234375, 0.037935
324.0, 0.001035
324.10009765625, 0.027335
324.199951171875, 0.012921
324.300048828125, 0.046362
324.39990234375, 0.023743
324.5, 0.012876
324.60009765625, -0.004953
324.699951171875, 0.001655
324.800048828125, 0.027202
324.89990234375, 0.01882
325.0, 0.017533
325.10009765625, 0.011723
325.199951171875, 0.02871
325.300048828125, 0.040862
325.39990234375, 0.033544
325.5, 0.015715
325.60009765625, 0.037891
325.699951171875, 0.013719
325.800048828125, -0.000651
325.89990234375, 0.027379
326.0, 0.029819
326.10009765625, 0.014872
326.199951171875, 0.030174
326.300048828125, 0.020328
326.39990234375, 0.011679
326.5, 0.01434
326.60009765625, 0.054345
326.699951171875, 0.033677
326.800048828125, 0.02361
326.89990234375, -0.000296
327.0, 0.016868
327.10009765625, 0.007865
327.199951171875, 0.017622
327.300048828125, 0.004405
327.39990234375, 0.028178
327.5, 0.041262
327.60009765625, 0.027069
327.699951171875, 0.015937
327.800048828125, 0.016735
327.89990234375, 0.027424
328.0, 0.014961
328.10009765625, 0.022944
328.199951171875, -0.013912
328.300048828125, 0.006978
328.39990234375, 0.014473
328.5, 0.044544
328.60009765625, 0.030839
328.699951171875, 0.026448
328.800048828125, 0.003518
328.89990234375, 0.012743
329.0, 0.006667
329.10009765625, 0.016114
329.199951171875, 0.036472
329.300048828125, 0.034343
329.39990234375, 0.001212
329.5, 0.011191
329.60009765625, 0.022589
329.699951171875, 0.024718
329.800048828125, 0.046539
329.89990234375, 0.035806
330.0, 0.038867
330.10009765625, 0.016513
330.199951171875, 0.032835
330.300048828125, 0.020061
330.39990234375, 0.02015
330.5, 0.028311
330.60009765625, 0.029597
330.699951171875, 0.009905
330.800048828125, 0.016247
330.89990234375, 0.018553
331.0, 0.024408
331.10009765625, 0.013586
331.199951171875, 0.033456
331.300048828125, 0.038734
331.39990234375, 0.040108
331.5, 0.027956
331.60009765625, 0.023743
331.699951171875, 0.040818
331.800048828125, 0.076433
331.89990234375, 0.025428
332.0, 0.019928
332.10009765625, 0.028621
332.199951171875, 0.031504
332.300048828125, 0.015138
332.39990234375, 0.038734
332.5, 0.019352
332.60009765625, 0.013009
332.699951171875, 0.038955
332.800048828125, 0.013009
332.89990234375, 0.025073
333.0, 0.017799
333.10009765625, 0.041661
333.199951171875, 0.006135
333.300048828125, 0.02902
333.39990234375, 0.000325
333.5, 0.018287
333.60009765625, 0.027424
333.699951171875, 0.031238
333.800048828125, 0.020815
333.89990234375, 0.027557
334.0, 0.023743
334.10009765625, 0.054833
334.199951171875, 0.035097
334.300048828125, 0.008973
334.39990234375, 0.033234
334.5, 0.0284
334.60009765625, 0.033367
334.699951171875, 0.025694
334.800048828125, 0.027513
334.89990234375, 0.003341
335.0, 0.030218
335.10009765625, 0.018465
335.199951171875, 0.012522
335.300048828125, 0.005514
335.39990234375, 0.026625
335.5, 0.026138
335.60009765625, 0.035318
335.699951171875, 0.022368
335.800048828125, 0.024319
335.89990234375, 0.022856
336.0, 0.035895
336.10009765625, 0.007155
336.199951171875, 0.002942
336.300048828125, 0.046894
336.39990234375, 0.058647
336.5, 0.036161
336.60009765625, 0.017933
336.699951171875, 0.016824
336.800048828125, 0.008663
336.89990234375, 0.002365
337.0, -0.006904
337.10009765625, 0.028222
337.199951171875, -0.00136
337.300048828125, -0.000961
337.39990234375, 0.037359
337.5, 0.020549
337.60009765625, 0.010215
337.699951171875, 0.029952
337.800048828125, -0.008723
337.89990234375, 0.009373
338.0, 0.040286
338.10009765625, 0.048846
338.199951171875, 0.004849
338.300048828125, 0.018376
338.39990234375, -0.007304
338.5, 0.0386
338.60009765625, 0.028444
338.699951171875, 0.024452
338.800048828125, 0.015759
338.89990234375, 0.016025
339.0, 0.024142
339.10009765625, 0.047293
339.199951171875, 0.038068
339.300048828125, 0.0123
339.39990234375, 0.020416
339.5, 0.023122
339.60009765625, 0.014118
339.699951171875, 0.038467
339.800048828125, 0.005026
339.89990234375, 0.014961
340.0, 0.023299
340.10009765625, 0.014695
340.199951171875, 0.032968
340.300048828125, -0.006017
340.39990234375, 0.02902
340.5, 0.020461
340.60009765625, 0.017622
340.699951171875, 0.020461
340.800048828125, 0.020682
340.89990234375, 0.010171
341.0, 0.042326
341.10009765625, 0.018953
341.199951171875, 0.008308
341.300048828125, -0.000518
341.39990234375, 0.008663
341.5, 0.007599
341.60009765625, 0.005647
341.699951171875, 0.009018
341.800048828125, 0.035895
341.89990234375, 0.026315
342.0, 0.015538
342.10009765625, 0.038512
342.199951171875, 0.007953
342.300048828125, 0.016735
342.39990234375, 0.006445
342.5, 0.027823
342.60009765625, 0.026182
342.699951171875, 0.010127
342.800048828125, 0.03523
342.89990234375, -0.001094
343.0, 0.025339
343.10009765625, 0.025206
343.199951171875, 0.024497
343.300048828125, 0.025073
343.39990234375, 0.022412
343.5, 0.019307
343.60009765625, 0.013276
343.699951171875, 0.064458
343.800048828125, 0.013276
343.89990234375, 0.028843
344.0, 0.01842
344.10009765625, 0.032125
344.199951171875, 0.037137
344.300048828125, 0.042548
344.39990234375, 0.014517
344.5, 0.042503
344.60009765625, 0.023654
344.699951171875, 0.008486
344.800048828125, 0.030395
344.89990234375, 0.033589
345.0, 0.031149
345.10009765625, 0.037403
345.199951171875, 0.020594
345.300048828125, 0.02188
345.39990234375, 0.054922
345.5, 0.027912
345.60009765625, 0.034653
345.699951171875, 0.01811
345.800048828125, 0.005115
345.89990234375, 0.046539
346.0, 0.024497
346.10009765625, -0.002159
346.199951171875, 0.010703
346.300048828125, -0.01134
346.39990234375, 0.029287
346.5, 0.017755
346.60009765625, 0.015626
346.699951171875, -0.01338
346.800048828125, 0.033145
346.89990234375, 0.015848
347.0, 0.023033
347.10009765625, 0.017755
347.199951171875, 0.013941
347.300048828125, 0.024186
347.39990234375, 0.036028
347.5, 0.021259
347.60009765625, 0.040153
347.699951171875, 0.044898
347.800048828125, 0.050487
347.89990234375, 0.012788
348.0, 0.02596
348.10009765625, 0.026803
348.199951171875, 0.037802
348.300048828125, 0.035318
348.39990234375, 0.005691
348.5, 0.048801
348.60009765625, 0.017134
348.699951171875, 0.034343
348.800048828125, 0.035185
348.89990234375, 0.046761
349.0, 0.023787
349.10009765625, 0.03931
349.199951171875, 0.030395
349.300048828125, 0.045741
349.39990234375, 0.013009
349.5, 0.005159
349.60009765625, 0.014695
349.699951171875, 0.017489
349.800048828125, 0.001655
349.89990234375, -0.001981
350.0, 0.034387
350.10009765625, 0.039221
350.199951171875, 0.004006
350.300048828125, 0.001478
350.39990234375, 0.018021
350.5, 0.019662
350.60009765625, 0.020638
350.699951171875, 0.035141
350.800048828125, 0.044943
350.89990234375, 0.019795
351.0, -0.013823
351.10009765625, 0.009861
351.199951171875, 0.035585
351.300048828125, 0.009062
351.39990234375, 0.02219
351.5, 0.006933
351.60009765625, -0.005308
351.699951171875, -0.001937
351.800048828125, 0.03656
351.89990234375, 0.038113
352.0, 0.030928
352.10009765625, 0.041217
352.199951171875, 0.035806
352.300048828125, 0.041395
352.39990234375, 0.0017
352.5, 0.029819
352.60009765625, 0.030573
352.699951171875, 0.041084
352.800048828125, 0.013542
352.89990234375, 0.033456
353.0, 0.015715
353.10009765625, 0.027912
353.199951171875, 0.017711
353.300048828125, 0.009949
353.39990234375, 0.038734
353.5, 0.020682
353.60009765625, 0.02188
353.699951171875, 0.008308
353.800048828125, 0.00649
353.89990234375, 0.005691
354.0, -0.007171
354.10009765625, 0.030307
354.199951171875, -0.005352
354.300048828125, 0.022634
354.39990234375, 0.008397
354.5, 0.043213
354.60009765625, 0.035008
354.699951171875, 0.034564
354.800048828125, 0.022989
354.89990234375, 0.026892
355.0, 0.015183
355.10009765625, 0.013897
355.199951171875, 0.032702
355.300048828125, 0.032968
355.39990234375, 0.033988
355.5, 0.031327
355.60009765625, 0.024896
355.699951171875, -0.00961
355.800048828125, -0.003179
355.89990234375, 0.016247
356.0, 0.018243
356.10009765625, 0.035939
356.199951171875, 0.009284
356.300048828125, 0.017489
356.39990234375, 0.001212
356.5, 0.021969
356.60009765625, 0.020416
356.699951171875, 0.033766
356.800048828125, 0.017933
356.89990234375, 0.026005
357.0, 0.02117
357.10009765625, 0.0174
357.199951171875, 0.016824
357.300048828125, 0.033056
357.39990234375, 0.032923
357.5, 0.012566
357.60009765625, 0.032081
357.699951171875, 0.036339
357.800048828125, 0.029553
357.89990234375, 0.001744
358.0, -0.00513
358.10009765625, 0.024585
358.199951171875, 0.012921
358.300048828125, 0.014074
358.39990234375, 0.040064
358.5, 0.038734
358.60009765625, 0.035008
358.699951171875, -0.004199
358.800048828125, 0.027379
358.89990234375, 0.035673
359.0, 0.055277
359.10009765625, 0.019041
359.199951171875, 0.012876
359.300048828125, 0.021924
359.39990234375, 0.001611
359.5, 0.029597
359.60009765625, 0.042326
359.699951171875, 0.00955
359.800048828125, -0.002381
359.89990234375, 0.023876
360.0, 0.03146
360.10009765625, 0.034165
360.199951171875, 0.017356
360.300048828125, 0.027867
360.39990234375, 0.032835
360.5, 0.018243
360.60009765625, 0.001212
360.699951171875, 0.021436
360.800048828125, 0.03177
360.89990234375, 0.030129
361.0, 0.027113
361.10009765625, 0.026936
361.199951171875, 0.017533
361.300048828125, 0.029819
361.39990234375, 0.032214
361.5, 0.003962
361.60009765625, 0.051196
361.699951171875, 0.028799
361.800048828125, 0.016203
361.89990234375, 0.041572
362.0, 0.042193
362.10009765625, 0.009639
362.199951171875, 0.050886
362.300048828125, 0.041262
362.39990234375, 0.008441
362.5, 0.028533
362.60009765625, 0.052261
362.699951171875, 0.042725
362.800048828125, 0.010038
362.89990234375, 0.039266
363.0, 0.023964
363.10009765625, 0.002055
363.199951171875, 0.030839
363.300048828125, 0.031637
363.39990234375, 0.047914
363.5, 0.033323
363.60009765625, 0.032036
363.699951171875, 0.034919
363.800048828125, 0.02494
363.89990234375, 0.002498
364.0, -0.020742
364.10009765625, 0.051596
364.199951171875, 0.017312
364.300048828125, 0.00955
364.39990234375, 0.012699
364.5, -0.002292
364.60009765625, 0.013054
364.699951171875, 0.019396
364.800048828125, 0.016292
364.89990234375, 0.017445
365.0, 0.018154
365.10009765625, 0.036649
365.199951171875, 0.039754
365.300048828125, 0.017223
365.39990234375, 0.002986
365.5, 0.015227
365.60009765625, 0.0174
365.699951171875, 0.006046
365.800048828125, 0.027867
365.89990234375, -0.018037
366.0, 0.029331
366.10009765625, 0.052394
366.199951171875, 0.041217
366.300048828125, 0.016824
366.39990234375, 0.034609
366.5, 0.006179
366.60009765625, 0.030573
366.699951171875, 0.01465
366.800048828125, 0.002853
366.89990234375, 0.028533
367.0, 0.031371
367.10009765625, 0.000502
367.199951171875, 0.014784
367.300048828125, 0.024275
367.39990234375, 0.021614
367.5, -0.014976
367.60009765625, 0.020505
367.699951171875, 0.019973
367.800048828125, 0.037093
367.89990234375, 0.026404
368.0, 0.008397
368.10009765625, 0.027513
368.199951171875, 0.033056
368.300048828125, 0.026759
368.39990234375, 0.027823
368.5, 0.014872
368.60009765625, 0.012921
368.699951171875, 0.034165
368.800048828125, 0.01913
368.89990234375, 0.022634
369.0, 0.021259
369.10009765625, 0.019795
369.199951171875, 0.062284
369.300048828125, 0.021215
369.39990234375, 0.039887
369.5, 0.020505
369.60009765625, 0.014207
369.699951171875, 0.019174
369.800048828125, 0.001478
369.89990234375, 0.019884
370.0, 0.001212
370.10009765625, 0.013276
370.199951171875, 0.02117
370.300048828125, 0.037447
370.39990234375, 0.004982
370.5, 0.034298
370.60009765625, 0.014251
370.699951171875, 0.015538
370.800048828125, 0.019795
370.89990234375, 0.02086
371.0, 0.021702
371.10009765625, 0.053724
371.199951171875, 0.033012
371.300048828125, 0.01607
371.39990234375, 0.022057
371.5, 0.016292
371.60009765625, 0.028311
371.699951171875, 0.033722
371.800048828125, 0.049378
371.89990234375, 0.0386
372.0, 0.018908
372.10009765625, 0.012167
372.199951171875, 0.029287
372.300048828125, 0.038113
372.39990234375, 0.029287
372.5, 0.017666
372.60009765625, 0.022279
372.699951171875, 0.02015
372.800048828125, 0.022456
372.89990234375, 0.060155
373.0, 0.036117
373.10009765625, 0.037447
373.199951171875, 0.016469
373.300048828125, -3e-05
373.39990234375, 0.014606
373.5, 0.011413
373.60009765625, 0.037935
373.699951171875, 0.035673
373.800048828125, 0.050354
373.89990234375, 0.008131
374.0, 0.003163
374.10009765625, 0.022412
374.199951171875, 0.038423
374.300048828125, 0.027601
374.39990234375, 0.006268
374.5, 0.019174
374.60009765625, 0.040729
374.699951171875, 0.024275
374.800048828125, 0.006933
374.89990234375, 0.034476
375.0, 0.005736
375.10009765625, 0.019928
375.199951171875, 0.028533
375.300048828125, 0.005381
375.39990234375, 0.02423
375.5, 0.024097
375.60009765625, 0.020372
375.699951171875, 0.004006
375.800048828125, 0.015005
375.89990234375, 0.035585
376.0, 0.008175
376.10009765625, 0.027113
376.199951171875, 0.007687
376.300048828125, 0.028045
376.39990234375, 0.033323
376.5, 0.024452
376.60009765625, 0.021525
376.699951171875, 0.024452
376.800048828125, 0.046939
376.89990234375, 0.039133
377.0, 0.059978
377.10009765625, 0.019574
377.199951171875, 0.040596
377.300048828125, -0.002469
377.39990234375, 0.019795
377.5, 0.02942
377.60009765625, 0.042903
377.699951171875, 0.016247
377.800048828125, 0.039931
377.89990234375, 0.035673
378.0, 0.020372
378.10009765625, 0.007909
378.199951171875, 0.039133
378.300048828125, -0.011428
378.39990234375, 0.014961
378.5, 0.003873
378.60009765625, 0.00782
378.699951171875, 0.030262
378.800048828125, 0.0284
378.89990234375, 0.044322
379.0, 0.006401
379.10009765625, 0.002986
379.199951171875, 0.004893
379.300048828125, 0.021215
379.39990234375, 0.018908
379.5, -0.009078
379.60009765625, 0.040685
379.699951171875, 0.013364
379.800048828125, 0.01811
379.89990234375, 0.031637
380.0, 0.023787
380.10009765625, 0.02698
380.199951171875, -0.017859
380.300048828125, 0.011635
380.39990234375, 0.037004
380.5, 0.012122
380.60009765625, 0.038201
380.699951171875, -0.00105
380.800048828125, 0.019618
380.89990234375, 0.021747
381.0, 0.02117
381.10009765625, 0.023521
381.199951171875, 0.035629
381.300048828125, 0.015538
381.39990234375, 0.019041
381.5, 0.012433
381.60009765625, -0.008013
381.699951171875, 0.012211
381.800048828125, 0.056474
381.89990234375, 0.032036
382.0, 0.062595
382.10009765625, 0.022634
382.199951171875, 0.022678
382.300048828125, -0.002425
382.39990234375, 0.032968
382.5, 0.0284
382.60009765625, 0.019973
382.699951171875, 0.030174
382.800048828125, 0.013719
382.89990234375, 0.035141
383.0, 0.01607
383.10009765625, 0.034343
383.199951171875, 0.012699
383.300048828125, 0.020727
383.39990234375, 0.00751
383.5, 0.012655
383.60009765625, 0.019795
383.699951171875, 0.022989
383.800048828125, 0.060155
383.89990234375, 0.008131
384.0, 0.013719
384.10009765625, 0.026625
384.199951171875, 0.007687
384.300048828125, 0.017622
384.39990234375, 0.006179
384.5, 0.017001
384.60009765625, 0.016957
384.699951171875, 0.016912
384.800048828125, 0.026359
384.89990234375, 0.019884
385.0, 0.027379
385.10009765625, 0.04858
385.199951171875, 0.037181
385.300048828125, 0.030307
385.39990234375, 0.022013
385.5, -0.001804
385.60009765625, 0.015316
385.699951171875, -0.001937
385.800048828125, 0.015937
385.89990234375, 0.033367
386.0, 0.025783
386.10009765625, 0.006933
386.199951171875, 0.00303
386.300048828125, 0.023876
386.39990234375, 0.001478
386.5, 0.037137
386.60009765625, 0.039443
386.699951171875, 0.026093
386.800048828125, 0.029996
386.89990234375, 0.014828
387.0, 0.022235
387.10009765625, 0.000813
387.199951171875, 0.028621
387.300048828125, 0.037093
387.39990234375, 0.031593
387.5, 0.015848
387.60009765625, 0.034431
387.699951171875, 0.01536
387.800048828125, 0.009417
387.89990234375, 0.020815
388.0, 0.020549
388.10009765625, 0.015138
388.199951171875, 0.022634
388.300048828125, 0.031992
388.39990234375, -0.005352
388.5, 0.020194
388.60009765625, 0.017001
388.699951171875, 0.001611
388.800048828125, 0.016957
388.89990234375, 0.014429
389.0, -0.002159
389.10009765625, 0.015759
389.199951171875, 0.025517
389.300048828125, -0.015553
389.39990234375, 0.029686
389.5, 0.032524
389.60009765625, 0.033367
389.699951171875, 0.037802
389.800048828125, 0.00374
389.89990234375, 0.000147
390.0, 0.054611
390.10009765625, 0.031859
390.199951171875, 0.030484
390.300048828125, 0.023432
390.39990234375, 0.000768
390.5, -0.000917
390.60009765625, 0.014074
390.699951171875, 0.023122
390.800048828125, 0.011235
390.89990234375, 0.032303
391.0, 0.010792
391.10009765625, 0.041173
391.199951171875, 0.015227
391.300048828125, 0.034875
391.39990234375, 0.036871
391.5, 0.014784
391.60009765625, 0.010659
391.699951171875, 0.002099
391.800048828125, 0.010038
391.89990234375, 0.019086
392.0, 0.022811
392.10009765625, 0.009816
392.199951171875, 0.04889
392.300048828125, 0.020239
392.39990234375, 0.007066
392.5, 0.008219
392.60009765625, 0.029287
392.699951171875, 0.035984
392.800048828125, 0.02769
392.89990234375, 0.022146
393.0, 0.032125
393.10009765625, 0.04135
393.199951171875, 0.01944
393.300048828125, 0.012034
393.39990234375, 0.039354
393.5, 0.02494
393.60009765625, -0.002203
393.699951171875, 0.009772
393.800048828125, 0.032879
393.89990234375, 0.031061
394.0, 0.029464
394.10009765625, 0.016114
394.199951171875, 0.042193
394.300048828125, 0.023033
394.39990234375, 0.031149
394.5, 0.029242
394.60009765625, -0.000784
394.699951171875, 0.021126
394.800048828125, 0.008929
394.89990234375, 0.013231
395.0, 0.011368
395.10009765625, 0.005691
395.199951171875, 0.018731
395.300048828125, 0.01638
395.39990234375, 0.033677
395.5, 0.035851
395.60009765625, 0.043346
395.699951171875, 0.031726
395.800048828125, 0.009639
395.89990234375, 0.020017
396.0, 0.013586
396.10009765625, 0.036028
396.199951171875, 0.023166
396.300048828125, 0.008752
396.39990234375, 0.017179
396.5, 0.031948
396.60009765625, 0.017711
396.699951171875, 0.00547
396.800048828125, 0.003917
396.89990234375, 0.015449
397.0, 0.021969
397.10009765625, 0.05062
397.199951171875, 0.037004
397.300048828125, 0.001345
397.39990234375, 0.043213
397.5, 0.046761
397.60009765625, -0.005929
397.699951171875, 0.026492
397.800048828125, 0.019618
397.89990234375, 0.008353
398.0, 0.027113
398.10009765625, 0.015981
398.199951171875, 0.025073
398.300048828125, 0.005071
398.39990234375, 0.010171
398.5, 0.031194
398.60009765625, 0.023698
398.699951171875, 0.029464
398.800048828125, 0.030883
398.89990234375, 0.022589
399.0, 0.007687
399.10009765625, 0.026847
399.199951171875, 0.002986
399.300048828125, 0.023787
399.39990234375, 0.064413
399.5, 0.042326
399.60009765625, 0.003119
399.699951171875, 0.014429
399.800048828125, 0.010703
399.89990234375, 0.019041
400.0, 0.027424
400.10009765625, 0.009949
400.199951171875, 0.023388
400.300048828125, 0.005603
400.39990234375, 0.01403
400.5, 0.031149
400.60009765625, -0.000651
400.699951171875, 0.035895
400.800048828125, 0.032968
400.89990234375, 0.024674
401.0, 0.014828
401.10009765625, 0.03656
401.199951171875, 0.006889
401.300048828125, 0.052616
401.39990234375, -0.00584
401.5, 0.03381
401.60009765625, 0.001212
401.699951171875, 0.035629
401.800048828125, 0.008707
401.89990234375, 0.02769
402.0, 0.049644
402.10009765625, 0.051773
402.199951171875, 0.019307
402.300048828125, 0.008441
402.39990234375, -0.00136
402.5, -0.004066
402.60009765625, 0.023964
402.699951171875, -0.003889
402.800048828125, 0.010393
402.89990234375, 0.022678
403.0, 0.009062
403.10009765625, 0.047338
403.199951171875, -0.002824
403.300048828125, 0.006179
403.39990234375, 0.010038
403.5, 0.026049
403.60009765625, 0.027779
403.699951171875, -0.010985
403.800048828125, 0.024674
403.89990234375, 0.008175
404.0, 0.010659
404.10009765625, 0.021481
404.199951171875, 0.04002
404.300048828125, 0.018199
404.39990234375, 0.024009
404.5, 0.044455
404.60009765625, 0.03656
404.699951171875, 0.03421
404.800048828125, 0.012921
404.89990234375, 0.02392
405.0, 0.032036
405.10009765625, 0.006845
405.199951171875, 0.027291
405.300048828125, -0.003445
405.39990234375, -0.003933
405.5, 0.01944
405.60009765625, 0.012256
405.699951171875, -0.000562
405.800048828125, 0.001522
405.89990234375, 0.047249
406.0, 0.024452
406.10009765625, 0.019307
406.199951171875, 0.038334
406.300048828125, 0.022102
406.39990234375, 0.041882
406.5, 0.021348
406.60009765625, 0.006845
406.699951171875, 0.014296
406.800048828125, 0.007421
406.89990234375, 0.03177
407.0, 0.01842
407.10009765625, 0.019928
407.199951171875, 0.01057
407.300048828125, 0.023122
407.39990234375, 0.010481
407.5, 0.018243
407.60009765625, 0.010836
407.699951171875, 0.022057
407.800048828125, 0.031371
407.89990234375, 0.045785
408.0, 0.013187
408.10009765625, -0.00615
408.199951171875, 0.05439
408.300048828125, 0.044144
408.39990234375, 0.037625
408.5, 0.006357
408.60009765625, 0.033988
408.699951171875, 0.034786
408.800048828125, 0.003563
408.89990234375, 0.020682
409.0, 0.060688
409.10009765625, 0.024497
409.199951171875, 0.009284
409.300048828125, -0.004332
409.39990234375, 0.029109
409.5, 0.025827
409.60009765625, 0.054656
409.699951171875, 0.059889
409.800048828125, 0.048713
409.89990234375, 0.040862
410.0, 0.017223
410.10009765625, 0.015937
410.199951171875, 0.055898
410.300048828125, 0.02361
410.39990234375, 0.002542
410.5, 0.023565
410.60009765625, 0.012078
410.699951171875, -0.01644
410.800048828125, 0.034786
410.89990234375, 0.027202
411.0, 0.008219
411.10009765625, 0.011102
411.199951171875, 0.001966
411.300048828125, 0.009594
411.39990234375, 0.001035
411.5, 0.006623
411.60009765625, 0.025251
411.699951171875, 0.028976
411.800048828125, 0.022678
411.89990234375, 0.03075
412.0, 0.016735
412.10009765625, -0.000784
412.199951171875, 0.020461
412.300048828125, -0.00074
412.39990234375, -0.009965
412.5, 0.03727
412.60009765625, 0.028666
412.699951171875, 0.001744
412.800048828125, 0.020682
412.89990234375, 0.036693
413.0, 0.024763
413.10009765625, 0.009994
413.199951171875, 0.011546
413.300048828125, 1.4e-05
413.39990234375, 0.03798
413.5, 0.023654
413.60009765625, 0.010038
413.699951171875, 0.027912
413.800048828125, 0.031371
413.89990234375, 0.019174
414.0, 0.026759
414.10009765625, 0.032702
414.199951171875, 0.028
414.300048828125, 0.012876
414.39990234375, 0.025738
414.5, 0.046983
414.60009765625, 0.037314
414.699951171875, 0.028488
414.800048828125, 0.010703
414.89990234375, 0.015227
415.0, 0.038955
415.10009765625, 0.025073
415.199951171875, 0.017666
415.300048828125, 0.027823
415.39990234375, 0.027379
415.5, 0.037536
415.60009765625, 0.023166
415.699951171875, 0.030972
415.800048828125, 0.010526
415.89990234375, 0.015271
416.0, -0.000252
416.10009765625, 0.041084
416.199951171875, 0.039044
416.300048828125, -0.007925
416.39990234375, 0.01536
416.5, -0.002868
416.60009765625, -0.001449
416.699951171875, 0.021569
416.800048828125, 0.027734
416.89990234375, 0.024851
417.0, 0.021702
417.10009765625, 0.019618
417.199951171875, 0.040951
417.300048828125, -0.017194
417.39990234375, 0.007466
417.5, 0.050575
417.60009765625, 0.012921
417.699951171875, 0.021481
417.800048828125, -0.001405
417.89990234375, 0.013897
418.0, 0.00374
418.10009765625, 0.035851
418.199951171875, 0.017179
418.300048828125, 0.018642
418.39990234375, 0.01057
418.5, 0.030972
418.60009765625, 0.015626
418.699951171875, 0.033944
418.800048828125, 0.018199
418.89990234375, 0.013098
419.0, 0.017445
419.10009765625, 0.021791
419.199951171875, 0.023122
419.300048828125, 0.008042
419.39990234375, 0.036028
419.5, 0.039399
419.60009765625, 0.039266
419.699951171875, 0.023432
419.800048828125, 0.006312
419.89990234375, -0.000473
420.0, 0.018598
420.10009765625, 0.025472
420.199951171875, 0.020328
420.300048828125, 0.028754
420.39990234375, 0.026492
420.5, 0.01984
420.60009765625, 0.046628
420.699951171875, 0.041572
420.800048828125, 0.035939
420.89990234375, 0.039
421.0, 0.018021
421.10009765625, 0.028
421.199951171875, 0.029553
421.300048828125, 0.023521
421.39990234375, 0.021348
421.5, 0.04277
421.60009765625, 0.029154
421.699951171875, 0.052882
421.800048828125, 0.051285
421.89990234375, 0.034476
422.0, 0.020505
422.10009765625, 0.028133
422.199951171875, 0.012211
422.300048828125, 0.039221
422.39990234375, 0.033234
422.5, 0.020283
422.60009765625, -0.012981
422.699951171875, 0.026271
422.800048828125, 0.042016
422.89990234375, 0.053458
423.0, 0.033988
423.10009765625, 0.008086
423.199951171875, 0.01709
423.300048828125, 0.01882
423.39990234375, 0.024097
423.5, 0.002986
423.60009765625, -0.00513
423.699951171875, 0.0496
423.800048828125, 0.060022
423.89990234375, 0.014429
424.0, 0.045165
424.10009765625, 0.021082
424.199951171875, 0.04135
424.300048828125, 0.030795
424.39990234375, 0.021525
424.5, 0.002055
424.60009765625, 0.012566
424.699951171875, 0.018775
424.800048828125, 0.035984
424.89990234375, 0.009905
425.0, 0.016247
425.10009765625, 0.024896
425.199951171875, 0.009461
425.300048828125, 0.037492
425.39990234375, 0.04308
425.5, 0.022279
425.60009765625, 0.019574
425.699951171875, 0.011856
425.800048828125, 0.018021
425.89990234375, 0.047914
426.0, 0.016735
426.10009765625, 0.00853
426.199951171875, 0.027779
426.300048828125, 0.034387
426.39990234375, 0.024097
426.5, 0.03177
426.60009765625, 0.003784
426.699951171875, 0.021392
426.800048828125, -0.006417
426.89990234375, 0.024896
427.0, 0.044322
427.10009765625, 0.001788
427.199951171875, 0.010614
427.300048828125, 0.037137
427.39990234375, 0.023698
427.5, 0.019529
427.60009765625, 0.017045
427.699951171875, 0.023964
427.800048828125, 0.030706
427.89990234375, 0.032923
428.0, 0.023831
428.10009765625, 0.021481
428.199951171875, 0.022767
428.300048828125, 0.010481
428.39990234375, 0.008131
428.5, 0.033855
428.60009765625, 0.010304
428.699951171875, 0.040286
428.800048828125, 0.023964
428.89990234375, 0.030839
429.0, 0.016114
429.10009765625, 0.017134
429.199951171875, 0.020372
429.300048828125, 0.04512
429.39990234375, 0.034564
429.5, 0.039
429.60009765625, 0.015892
429.699951171875, 0.000458
429.800048828125, 0.028133
429.89990234375, 0.01363
430.0, 0.044277
430.10009765625, 0.032125
430.199951171875, 0.039399
430.300048828125, 0.053237
430.39990234375, 0.002542
430.5, -0.000252
430.60009765625, 0.00884
430.699951171875, 0.033855
430.800048828125, 0.011502
430.89990234375, 0.017356
431.0, 0.012655
431.10009765625, 0.039443
431.199951171875, 0.016646
431.300048828125, 0.012477
431.39990234375, -3e-05
431.5, -0.013602
431.60009765625, 0.026847
431.699951171875, 0.019751
431.800048828125, 0.024275
431.89990234375, 0.027025
432.0, 0.039665
432.10009765625, 0.023033
432.199951171875, 0.046539
432.300048828125, 0.04991
432.39990234375, -0.001449
432.5, 0.014606
432.60009765625, 0.028045
432.699951171875, 0.056474
432.800048828125, 0.009861
432.89990234375, 0.004804
433.0, 0.021835
433.10009765625, -0.000207
433.199951171875, 0.003873
433.300048828125, 0.001522
433.39990234375, 0.016336
433.5, 0.010703
433.60009765625, 0.041528
433.699951171875, 0.020328
433.800048828125, 0.049777
433.89990234375, 0.040375
434.0, 0.016558
434.10009765625, 0.023432
434.199951171875, 0.018376
434.300048828125, 0.030617
434.39990234375, 0.02973
434.5, 0.024541
434.60009765625, 0.06703
434.699951171875, 0.023964
434.800048828125, 0.016513
434.89990234375, 0.073372
435.0, 0.033677
435.10009765625, 0.01536
435.199951171875, 0.007599
435.300048828125, 0.0284
435.39990234375, 0.018066
435.5, 0.004716
435.60009765625, 0.052483
435.699951171875, 0.065478
435.800048828125, 0.036826
435.89990234375, 0.030972
436.0, 0.020682
436.10009765625, -0.006328
436.199951171875, 0.023521
436.300048828125, 0.004583
436.39990234375, 0.029508
436.5, 0.006224
436.60009765625, 0.02188
436.699951171875, 0.020061
436.800048828125, 0.05164
436.89990234375, 0.034121
437.0, 0.023033
437.10009765625, 0.035318
437.199951171875, 0.037226
437.300048828125, 0.010304
437.39990234375, 0.036871
437.5, 0.031948
437.60009765625, 0.04339
437.699951171875, 0.029597
437.800048828125, 0.011368
437.89990234375, 0.015227
438.0, 0.009594
438.10009765625, 0.00068
438.199951171875, 0.034653
438.300048828125, 0.020106
438.39990234375, 0.037093
438.5, 0.029464
438.60009765625, 0.020194
438.699951171875, 0.014695
438.800048828125, 0.026537
438.89990234375, 0.018864
439.0, 0.02973
439.10009765625, 0.026492
439.199951171875, 0.029908
439.300048828125, 0.004849
439.39990234375, 0.012699
439.5, 0.042636
439.60009765625, -0.011428
439.699951171875, 0.024896
439.800048828125, 0.032879
439.89990234375, 0.021348
440.0, 0.022501
440.10009765625, 0.023743
440.199951171875, 0.01159
440.300048828125, 0.003163
440.39990234375, 0.013364
440.5, 0.038068
440.60009765625, 0.03319
440.699951171875, 0.015892
440.800048828125, 0.008219
440.89990234375, 0.038911
441.0, 0.024319
441.10009765625, 0.058914
441.199951171875, 0.017622
441.300048828125, 0.032657
441.39990234375, 0.051684
441.5, 0.046273
441.60009765625, 0.018598
441.699951171875, 0.035939
441.800048828125, 0.021348
441.89990234375, 0.018332
442.0, 0.011147
442.10009765625, 0.040641
442.199951171875, 0.005913
442.300048828125, 0.054035
442.39990234375, 0.026005
442.5, 0.024585
442.60009765625, 0.030972
442.699951171875, 0.027468
442.800048828125, 0.024585
442.89990234375, 0.01984
443.0, 0.004538
443.10009765625, 0.027424
443.199951171875, 0.030573
443.300048828125, 0.024541
443.39990234375, 0.016203
443.5, 0.026625
443.60009765625, 0.043524
443.699951171875, 0.036072
443.800048828125, 0.015981
443.89990234375, 0.034786
444.0, 0.0386
444.10009765625, 0.031726
444.199951171875, 0.013409
444.300048828125, 0.034077
444.39990234375, 0.004849
444.5, 0.025517
444.60009765625, 0.032391
444.699951171875, 0.011546
444.800048828125, 0.003873
444.89990234375, 0.008973
445.0, 0.025738
445.10009765625, 0.022102
445.199951171875, 0.01363
445.300048828125, 0.028178
445.39990234375, 0.019618
445.5, 0.054567
445.60009765625, 0.027734
445.699951171875, 0.020505
445.800048828125, 0.034165
445.89990234375, 0.008929
446.0, 0.043568
446.10009765625, 0.016203
446.199951171875, 0.01159
446.300048828125, 0.025339
446.39990234375, 0.022634
446.5, 0.027202
446.60009765625, 0.030573
446.699951171875, 0.023831
446.800048828125, 0.025827
446.89990234375, 0.013897
447.0, 0.013231
447.10009765625, 0.029508
447.199951171875, 0.02117
447.300048828125, 0.009151
447.39990234375, 0.005514
447.5, 0.022279
447.60009765625, -0.004022
447.699951171875, -0.004509
447.800048828125, 0.023299
447.89990234375, 0.019219
448.0, 0.026182
448.10009765625, 0.019662
448.199951171875, 0.029331
448.300048828125, 0.006224
448.39990234375, 0.041173
448.5, 0.031238
448.60009765625, 0.018687
448.699951171875, 0.056607
448.800048828125, 0.01465
448.89990234375, 0.030528
449.0, 0.01363
449.10009765625, 0.041395
449.199951171875, 0.040907
449.300048828125, 0.030795
449.39990234375, 0.024452
449.5, 0.030972
449.60009765625, 0.023831
449.699951171875, 0.024541
449.800048828125, 0.028754
449.89990234375, 0.02219
450.0, 0.006312
450.10009765625, 0.018509
450.199951171875, 0.021303
450.300048828125, 0.036871
450.39990234375, 0.03452
450.5, 0.015094
450.60009765625, 0.00405
450.699951171875, 0.03248
450.800048828125, 0.0174
450.89990234375, 0.005248
451.0, 0.010127
451.10009765625, 0.025872
451.199951171875, 0.038334
451.300048828125, 0.018199
451.39990234375, 0.022811
451.5, 0.000946
451.60009765625, 0.010526
451.699951171875, 0.011102
451.800048828125, 0.036072
451.89990234375, 0.03075
452.0, 0.013719
452.10009765625, 0.011147
452.199951171875, 0.041794
452.300048828125, 0.016513
452.39990234375, 0.033367
452.5, 0.031105
452.60009765625, 0.044898
452.699951171875, 0.025118
452.800048828125, 0.035274
452.89990234375, 0.025827
453.0, 0.027291
453.10009765625, 0.004006
453.199951171875, 0.002676
453.300048828125, -0.007304
453.39990234375, 0.026537
453.5, 0.017533
453.60009765625, 0.034298
453.699951171875, 0.017045
453.800048828125, 0.012566
453.89990234375, 0.03452
454.0, 0.032746
454.10009765625, 0.010614
454.199951171875, 0.020594
454.300048828125, 0.032436
454.39990234375, 0.028932
454.5, 0.020993
454.60009765625, 0.004849
454.699951171875, -0.003268
454.800048828125, 0.017489
454.89990234375, 0.037314
455.0, 0.006179
455.10009765625, 0.032702
455.199951171875, 0.029952
455.300048828125, 0.022856
455.39990234375, 0.029375
455.5, 0.013009
455.60009765625, 0.038024
455.699951171875, 0.005425
455.800048828125, 0.013143
455.89990234375, 0.02596
456.0, 0.027734
456.10009765625, 0.041971
456.199951171875, 0.025872
456.300048828125, 0.030661
456.39990234375, 0.020727
456.5, -0.004598
456.60009765625, 0.045475
456.699951171875, 0.039177
456.800048828125, 0.007421
456.89990234375, 0.018553
457.0, 0.01363
457.10009765625, 0.029154
457.199951171875, 0.007022
457.300048828125, 0.018243
457.39990234375, 0.027246
457.5, 0.031061
457.60009765625, 0.023388
457.699951171875, 0.046229
457.800048828125, 0.02769
457.89990234375, 0.03075
458.0, 0.006623
458.10009765625, 0.006889
458.199951171875, 0.018864
458.300048828125, 0.021215
458.39990234375, 0.030218
458.5, 0.038689
458.60009765625, 0.055321
458.699951171875, 0.000414
458.800048828125, 0.034032
458.89990234375, 0.023787
459.0, 0.057184
459.10009765625, 0.023876
459.199951171875, 0.001478
459.300048828125, 0.021702
459.39990234375, 0.022944
459.5, 0.017001
459.60009765625, 0.010881
459.699951171875, 0.041838
459.800048828125, 0.042503
459.89990234375, 0.032702
460.0, 0.043213
460.10009765625, 0.039354
460.199951171875, -0.006106
460.300048828125, 0.006623
460.39990234375, 0.017533
460.5, 0.035673
460.60009765625, 0.021082
460.699951171875, -0.020476
460.800048828125, 0.051019
460.89990234375, 0.014473
461.0, 0.018243
461.10009765625, 0.006224
461.199951171875, 0.025162
461.300048828125, 0.009461
461.39990234375, 0.007554
461.5, 0.032613
461.60009765625, 0.016025
461.699951171875, 0.041439
461.800048828125, 0.016957
461.89990234375, 0.006845
462.0, 0.03248
462.10009765625, 0.044499
462.199951171875, 0.007732
462.300048828125, 0.041794
462.39990234375, 0.016158
462.5, 0.04756
462.60009765625, 0.026714
462.699951171875, 0.026803
462.800048828125, 0.023521
462.89990234375, 0.045165
463.0, 0.011856
463.10009765625, 0.04033
463.199951171875, 0.033766
463.300048828125, -0.001449
463.39990234375, 0.000236
463.5, -0.002248
463.60009765625, 0.004006
463.699951171875, 0.038157
463.800048828125, 0.022412
463.89990234375, 0.033899
464.0, 0.024097
464.10009765625, 0.007155
464.199951171875, 0.029597
464.300048828125, 0.020727
464.39990234375, 0.044011
464.5, 0.039798
464.60009765625, -0.003445
464.699951171875, 0.017001
464.800048828125, 0.03554
464.89990234375, 0.050442
465.0, 0.014118
465.10009765625, -0.005086
465.199951171875, 0.007599
465.300048828125, 0.01536
465.39990234375, 0.057184
465.5, 0.021835
465.60009765625, 0.039798
465.699951171875, 0.023255
465.800048828125, 0.024275
465.89990234375, 0.005958
466.0, 0.017533
466.10009765625, 0.003474
466.199951171875, 0.029774
466.300048828125, 0.020549
466.39990234375, 0.034343
466.5, 0.038157
466.60009765625, 0.015493
466.699951171875, 0.012655
466.800048828125, 0.005913
466.89990234375, 0.027867
467.0, 0.024497
467.10009765625, 0.041528
467.199951171875, 0.038822
467.300048828125, 0.015227
467.39990234375, 0.041971
467.5, 0.047914
467.60009765625, 0.043657
467.699951171875, 0.005913
467.800048828125, 0.035629
467.89990234375, 0.031948
468.0, 0.025605
468.10009765625, 0.024718
468.199951171875, 0.025251
468.300048828125, 0.048757
468.39990234375, 0.040108
468.5, 0.059268
468.60009765625, 0.012122
468.699951171875, 0.021791
468.800048828125, 0.01363
468.89990234375, 0.010614
469.0, 0.022456
469.10009765625, -0.010231
469.199951171875, 0.019485
469.300048828125, 0.028577
469.39990234375, 0.039088
469.5, 0.03625
469.60009765625, 0.006889
469.699951171875, 0.026359
469.800048828125, 0.034121
469.89990234375, 0.031282
470.0, 0.033101
470.10009765625, 0.018687
470.199951171875, 0.012699
470.300048828125, 0.056519
470.39990234375, 0.032036
470.5, 0.030839
470.60009765625, 0.023166
470.699951171875, 0.068183
470.800048828125, 0.021126
470.89990234375, 0.048535
471.0, 0.017666
471.10009765625, 0.000192
471.199951171875, 0.029863
471.300048828125, 0.039665
471.39990234375, 0.028488
471.5, 0.015449
471.60009765625, 0.044544
471.699951171875, 0.031061
471.800048828125, 0.02698
471.89990234375, 0.021481
472.0, 0.024275
472.10009765625, -0.000917
472.199951171875, 0.020993
472.300048828125, 0.011989
472.39990234375, 0.036959
472.5, 0.012389
472.60009765625, 0.045253
472.699951171875, 0.036871
472.800048828125, 0.041217
472.89990234375, 0.036427
473.0, 0.018465
473.10009765625, 0.044544
473.199951171875, 0.005603
473.300048828125, 0.046584
473.39990234375, 0.021126
473.5, 0.021436
473.60009765625, -0.002558
473.699951171875, 0.010348
473.800048828125, 0.012389
473.89990234375, 0.026049
474.0, 0.038024
474.10009765625, 0.018687
474.199951171875, 0.012256
474.300048828125, 0.031061
474.39990234375, 0.025428
474.5, 0.01434
474.60009765625, 0.024541
474.699951171875, -0.008812
474.800048828125, 0.048092
474.89990234375, 0.012743
475.0, 0.022767
475.10009765625, 0.01434
475.199951171875, 0.006179
475.300048828125, 0.024142
475.39990234375, 0.01434
475.5, 0.027823
475.60009765625, 0.003341
475.699951171875, 0.020727
475.800048828125, 0.016425
475.89990234375, 0.035939
476.0, 0.018598
476.10009765625, 0.025694
476.199951171875, 0.037359
476.300048828125, 0.019795
476.39990234375, 0.016158
476.5, 0.025162
476.60009765625, 0.024585
476.699951171875, 0.034431
476.800048828125, 0.014828
476.89990234375, 0.034298
477.0, 0.01638
477.10009765625, 0.035052
477.199951171875, 0.055942
477.300048828125, 0.007022
477.39990234375, -0.003046
477.5, 0.020061
477.60009765625, 0.033722
477.699951171875, 0.022368
477.800048828125, 0.014784
477.89990234375, 0.029641
478.0, 0.034875
478.10009765625, 0.021037
478.199951171875, 0.008264
478.300048828125, 0.024851
478.39990234375, 0.054789
478.5, 0.032258
478.60009765625, 0.013719
478.699951171875, 0.005824
478.800048828125, 0.033456
478.89990234375, 0.042503
479.0, 0.03656
479.10009765625, 0.041749
479.199951171875, 0.01709
479.300048828125, 0.020815
479.39990234375, 0.017489
479.5, 0.030484
479.60009765625, 0.016824
479.699951171875, 0.042415
479.800048828125, 0.000724
479.89990234375, 0.052926
480.0, 0.035673
480.10009765625, 0.005558
480.199951171875, 0.000946
480.300048828125, 0.049688
480.39990234375, 0.027291
480.5, -0.004066
480.60009765625, 0.019618
480.699951171875, 0.026714
480.800048828125, 0.025872
480.89990234375, 0.025738
481.0, 0.012876
481.10009765625, 0.00884
481.199951171875, 0.009816
481.300048828125, -0.013424
481.39990234375, 0.015892
481.5, 0.007066
481.60009765625, 0.022634
481.699951171875, 0.016114
481.800048828125, 0.027601
481.89990234375, 0.012876
482.0, 0.032923
482.10009765625, 0.006667
482.199951171875, 0.017578
482.300048828125, 0.029331
482.39990234375, -0.001627
482.5, -0.022472
482.60009765625, 0.047781
482.699951171875, 0.007111
482.800048828125, 0.020727
482.89990234375, 0.020106
483.0, 0.046007
483.10009765625, 0.026936
483.199951171875, 0.002631
483.300048828125, 0.002897
483.39990234375, 0.029242
483.5, -0.002203
483.60009765625, 0.038068
483.699951171875, 0.030484
483.800048828125, 0.010215
483.89990234375, -0.006505
484.0, 0.0386
484.10009765625, 0.033278
484.199951171875, 0.026581
484.300048828125, 0.021791
484.39990234375, 0.022634
484.5, 0.009594
484.60009765625, 0.021747
484.699951171875, 0.036959
484.800048828125, 0.01057
484.89990234375, 0.005204
485.0, 0.013675
485.10009765625, 0.005071
485.199951171875, 0.027424
485.300048828125, 0.029287
485.39990234375, 0.019174
485.5, 0.01811
485.60009765625, 0.043657
485.699951171875, 0.050975
485.800048828125, 0.03381
485.89990234375, 0.02596
486.0, 0.033766
486.10009765625, 0.029198
486.199951171875, 0.001256
486.300048828125, 0.036294
486.39990234375, 0.011856
486.5, -0.004421
486.60009765625, 0.012832
486.699951171875, 0.020771
486.800048828125, 0.010082
486.89990234375, 0.018332
487.0, 0.044189
487.10009765625, -0.018037
487.199951171875, 0.038955
487.300048828125, 0.020904
487.39990234375, 0.052216
487.5, 0.038556
487.60009765625, 0.019618
487.699951171875, 0.009284
487.800048828125, 0.000768
487.89990234375, 0.03758
488.0, 0.011679
488.10009765625, 0.032081
488.199951171875, -0.015597
488.300048828125, 0.004272
488.39990234375, 0.043923
488.5, 0.01128
488.60009765625, 0.017267
488.699951171875, 0.020328
488.800048828125, 0.010614
488.89990234375, -0.016351
489.0, 0.024497
489.10009765625, 0.050842
489.199951171875, 0.029952
489.300048828125, 0.01638
489.39990234375, 0.011989
489.5, 0.023033
489.60009765625, 0.02361
489.699951171875, 0.016336
489.800048828125, 0.018553
489.89990234375, 0.044011
490.0, 0.036871
490.10009765625, 0.045431
490.199951171875, 0.03625
490.300048828125, 0.026271
490.39990234375, 0.017489
490.5, 0.015449
490.60009765625, 0.004183
490.699951171875, 0.034698
490.800048828125, 0.0229
490.89990234375, 0.035762
491.0, 0.019219
491.10009765625, 0.014606
491.199951171875, 0.028976
491.300048828125, 0.01913
491.39990234375, 0.033899
491.5, 0.008441
491.60009765625, -0.000651
491.699951171875, 0.010792
491.800048828125, 0.022678
491.89990234375, -0.004687
492.0, 0.022501
492.10009765625, 0.006578
492.199951171875, 0.021259
492.300048828125, 0.025295
492.39990234375, 0.005558
492.5, 0.025694
492.60009765625, 0.010526
492.699951171875, 0.013453
492.800048828125, 0.012699
492.89990234375, 0.02871
493.0, 0.00782
493.10009765625, 0.029242
493.199951171875, 0.028976
493.300048828125, 0.028
493.39990234375, 0.018864
493.5, 0.029109
493.60009765625, 0.011147
493.699951171875, -0.007259
493.800048828125, 0.023255
493.89990234375, 0.024364
494.0, -0.009876
494.10009765625, -0.007215
494.199951171875, 0.003917
494.300048828125, 0.01465
494.39990234375, 0.013497
494.5, 0.017445
494.60009765625, 0.015271
494.699951171875, 0.020194
494.800048828125, 0.022235
494.89990234375, 0.038778
495.0, -0.0038
495.10009765625, 0.020594
495.199951171875, 0.01363
495.300048828125, 0.009905
495.39990234375, 0.021791
495.5, 0.044987
495.60009765625, 0.04716
495.699951171875, 0.02086
495.800048828125, 0.006401
495.89990234375, 0.036693
496.0, 0.020549
496.10009765625, 0.011413
496.199951171875, 0.014118
496.300048828125, -0.006106
496.39990234375, 0.030262
496.5, 0.04716
496.60009765625, 0.021525
496.699951171875, -0.007126
496.800048828125, 0.010437
496.89990234375, -0.007038
497.0, 0.015715
497.10009765625, 0.029464
497.199951171875, 0.013985
497.300048828125, 0.02565
497.39990234375, 0.025073
497.5, 0.024452
497.60009765625, 0.016513
497.699951171875, 0.022589
497.800048828125, 0.007732
497.89990234375, 0.056519
498.0, 0.022235
498.10009765625, 0.015138
498.199951171875, 0.012389
498.300048828125, 0.026049
498.39990234375, 0.007022
498.5, 0.015005
498.60009765625, -0.00105
498.699951171875, 0.027335
498.800048828125, 0.008175
498.89990234375, 0.023698
499.0, 0.030307
499.10009765625, 0.025295
499.199951171875, 0.00547
499.300048828125, 0.011413
499.39990234375, 0.013409
499.5, 0.021215
499.60009765625, 0.011324
499.699951171875, 0.036339
499.800048828125, 0.020638
499.89990234375, 0.000369
500.0, -0.004022
500.10009765625, 0.03656
500.199951171875, 0.018553
500.300048828125, 0.037093
500.39990234375, -0.000429
500.5, 0.032879
500.60009765625, 0.021924
500.699951171875, 0.02219
500.800048828125, 0.01026
500.89990234375, 0.022013
501.0, 0.037137
501.10009765625, 0.01026
501.199951171875, 0.007776
501.300048828125, 0.021303
501.39990234375, 0.027113
501.5, 0.012256
501.60009765625, 0.017666
501.699951171875, 0.040419
501.800048828125, 0.042503
501.89990234375, 0.03279
502.0, 0.013231
502.10009765625, 0.017489
502.199951171875, 0.021569
502.300048828125, 0.029331
502.39990234375, 0.031992
502.5, 0.02902
502.60009765625, 0.015937
502.699951171875, 0.027734
502.800048828125, 0.000502
502.89990234375, 0.020771
503.0, 0.0174
503.10009765625, 0.044499
503.199951171875, 0.043967
503.300048828125, 0.022545
503.39990234375, 0.007332
503.5, 0.007554
503.60009765625, 0.043435
503.699951171875, 0.034476
503.800048828125, 0.044898
503.89990234375, 0.016513
504.0, 0.00374
504.10009765625, 0.003829
504.199951171875, 0.012477
504.300048828125, 0.041882
504.39990234375, 0.029508
504.5, 0.044943
504.60009765625, 0.029819
504.699951171875, 0.018243
504.800048828125, 0.008175
504.89990234375, 0.042282
505.0, 0.010748
505.10009765625, 0.015227
505.199951171875, 0.033456
505.300048828125, 0.015759
505.39990234375, 0.021348
505.5, 0.019529
505.60009765625, 0.026492
505.699951171875, 0.028133
505.800048828125, 0.028754
505.89990234375, 0.026138
506.0, 0.001123
506.10009765625, 0.011856
506.199951171875, 0.011014
506.300048828125, 0.022501
506.39990234375, 0.034786
506.5, 0.01944
506.60009765625, 0.002986
506.699951171875, 0.009639
506.800048828125, 0.051374
506.89990234375, 0.023299
507.0, 0.03248
507.10009765625, 0.037536
507.199951171875, 0.044011
507.300048828125, 0.020106
507.39990234375, 0.030661
507.5, 0.036383
507.60009765625, 0.017134
507.699951171875, 0.001212
507.800048828125, 0.007998
507.89990234375, 0.020682
508.0, 0.005558
508.10009765625, 0.015183
508.199951171875, -0.009566
508.300048828125, 0.019618
508.39990234375, 0.033278
508.5, 0.033456
508.60009765625, 0.011058
508.699951171875, 0.040241
508.800048828125, 0.041572
508.89990234375, -0.000429
509.0, 0.005159
509.10009765625, 0.026138
509.199951171875, 0.016957
509.300048828125, 0.040907
509.39990234375, 0.026714
509.5, 0.026581
509.60009765625, 0.021614
509.699951171875, 0.002809
509.800048828125, 0.038246
509.89990234375, 0.021037
510.0, -0.0038
510.10009765625, 0.04481
510.199951171875, 0.015005
510.300048828125, 0.03381
510.39990234375, 0.002365
510.5, 0.000635
510.60009765625, 0.051817
510.699951171875, 0.021569
510.800048828125, 0.047382
510.89990234375, 0.056252
511.0, 0.026005
511.10009765625, 0.00955
511.199951171875, 0.03656
511.300048828125, 0.030041
511.39990234375, 0.041794
511.5, 0.019574
511.60009765625, 0.015937
511.699951171875, 0.016868
511.800048828125, 0.041439
511.89990234375, 0.013409
512.0, 0.034698
512.10009765625, 0.016336
512.199951171875, 0.002631
512.300048828125, -0.01613
512.39990234375, 0.002143
512.5, 0.028311
512.60009765625, 0.008353
512.699951171875, 0.025428
512.800048828125, 0.051551
512.89990234375, 0.041705
513.0, 0.021614
513.10009765625, 0.029553
513.199951171875, 0.024984
513.300048828125, 0.030484
513.39990234375, 0.027379
513.5, 0.017489
513.60009765625, 0.016735
513.699951171875, 0.001256
513.800048828125, 0.017489
513.89990234375, 0.003518
514.0, 0.013985
514.10009765625, 0.028222
514.199951171875, 0.020461
514.300048828125, 0.010969
514.39990234375, 0.04858
514.5, 0.041794
514.60009765625, -0.009743
514.699951171875, 0.037137
514.800048828125, 0.030528
514.89990234375, 0.003518
515.0, 0.049555
515.10009765625, 0.023698
515.199951171875, 0.029154
515.300048828125, 0.038246
515.39990234375, 0.017179
515.5, 0.041616
515.60009765625, 0.033722
515.699951171875, 0.032347
515.800048828125, -0.012803
515.89990234375, 0.019529
516.0, 0.020682
516.10009765625, 0.024497
516.199951171875, 0.049067
516.300048828125, 0.024275
516.39990234375, 0.041705
516.5, 0.002143
516.60009765625, 0.035673
516.699951171875, 0.024319
516.800048828125, 0.028932
516.89990234375, 0.031637
517.0, 0.014828
517.10009765625, 0.028976
517.199951171875, 0.036117
517.300048828125, 0.019086
517.39990234375, 0.035673
517.5, 0.012167
517.60009765625, 0.027025
517.699951171875, 0.013497
517.800048828125, -0.000695
517.89990234375, -0.000607
518.0, 0.034077
518.10009765625, 0.006401
518.199951171875, 0.026759
518.300048828125, 0.011679
518.39990234375, -0.017638
518.5, 0.037403
518.60009765625, 0.052837
518.699951171875, 0.034077
518.800048828125, 0.042725
518.89990234375, 0.021126
519.0, 0.022501
519.10009765625, 0.032347
519.199951171875, 0.016735
519.300048828125, 0.039088
519.39990234375, 0.039709
519.5, 0.017001
519.60009765625, 0.006845
519.699951171875, 0.016292
519.800048828125, 0.040995
519.89990234375, 0.018553
520.0, 0.004228
520.10009765625, 0.010481
520.199951171875, 0.020061
520.300048828125, 0.003252
520.39990234375, 0.020948
520.5, 0.010969
520.60009765625, 0.00068
520.699951171875, 0.032569
520.800048828125, 0.033766
520.89990234375, 0.02361
521.0, 0.009861
521.10009765625, 0.015759
521.199951171875, 0.028178
521.300048828125, 0.006002
521.39990234375, 0.027468
521.5, 0.024452
521.60009765625, 0.036472
521.699951171875, 0.019884
521.800048828125, 0.01607
521.89990234375, 0.024763
522.0, 0.019973
522.10009765625, 0.051108
522.199951171875, 0.003696
522.300048828125, 0.021392
522.39990234375, 0.044189
522.5, 0.012034
522.60009765625, 0.03279
522.699951171875, 0.018066
522.800048828125, 0.013985
522.89990234375, 0.005736
523.0, -0.002114
523.10009765625, 0.025783
523.199951171875, 0.009417
523.300048828125, 0.025206
523.39990234375, 0.01638
523.5, 0.020194
523.60009765625, 0.026759
523.699951171875, 0.010836
523.800048828125, 0.017001
523.89990234375, 0.016646
524.0, 0.024364
524.10009765625, 0.010393
524.199951171875, 0.022589
524.300048828125, 0.028178
524.39990234375, 0.021747
524.5, 0.026803
524.60009765625, 0.025561
524.699951171875, 0.033367
524.800048828125, 0.034476
524.89990234375, 0.037802
525.0, 0.018021
525.10009765625, -0.012537
525.199951171875, 0.028488
525.300048828125, 0.018154
525.39990234375, 0.045076
525.5, 0.048491
525.60009765625, 0.023033
525.699951171875, 0.005292
525.800048828125, 0.001833
525.89990234375, 0.004583
526.0, 0.035629
526.10009765625, 0.014473
526.199951171875, 0.055011
526.300048828125, 0.036693
526.39990234375, 0.018154
526.5, 0.028976
526.60009765625, 0.023964
526.699951171875, 0.00853
526.800048828125, 0.032613
526.89990234375, 0.019662
527.0, 0.045564
527.10009765625, 0.019219
527.199951171875, 0.031637
527.300048828125, 0.007776
527.39990234375, 0.027646
527.5, 0.035718
527.60009765625, 0.033944
527.699951171875, 0.023166
527.800048828125, 0.020727
527.89990234375, 0.022589
528.0, -0.007304
528.10009765625, 0.002587
528.199951171875, 0.01913
528.300048828125, 0.010526
528.39990234375, 0.00751
528.5, 0.016912
528.60009765625, 0.004982
528.699951171875, 0.0123
528.800048828125, 0.043745
528.89990234375, 0.007022
529.0, 0.030484
529.10009765625, 0.015138
529.199951171875, 0.021924
529.300048828125, 0.033589
529.39990234375, 0.042503
529.5, 0.007643
529.60009765625, 0.037137
529.699951171875, 0.025517
529.800048828125, 0.032214
529.89990234375, 0.009018
530.0, 0.02423
530.10009765625, 0.021303
530.199951171875, 0.033988
530.300048828125, 0.009594
530.39990234375, 0.034742
530.5, 0.02423
530.60009765625, 0.04308
530.699951171875, 0.034653
530.800048828125, 0.039709
530.89990234375, 0.038024
531.0, 0.005736
531.10009765625, 0.036959
531.199951171875, 0.024585
531.300048828125, 0.045298
531.39990234375, 0.005381
531.5, 0.013542
531.60009765625, 0.020771
531.699951171875, 0.023255
531.800048828125, 0.025118
531.89990234375, 0.027335
532.0, 0.035806
532.10009765625, 0.013719
532.199951171875, 0.046007
532.300048828125, 0.006002
532.39990234375, 0.027646
532.5, 0.009018
532.60009765625, 0.002055
532.699951171875, 0.007155
532.800048828125, 0.01842
532.89990234375, 0.015715
533.0, 0.019884
533.10009765625, 0.019618
533.199951171875, 0.011502
533.300048828125, -0.004509
533.39990234375, 0.021303
533.5, 0.013897
533.60009765625, 0.012965
533.699951171875, -0.000119
533.800048828125, 0.011945
533.89990234375, 0.012477
534.0, -0.015198
534.10009765625, 0.020461
534.199951171875, 0.008796
534.300048828125, 0.013054
534.39990234375, 0.012655
534.5, -0.005042
534.60009765625, 0.033722
534.699951171875, 0.039842
534.800048828125, 0.009018
534.89990234375, 0.003474
535.0, 0.000724
535.10009765625, 0.036605
535.199951171875, -0.003667
535.300048828125, 0.019973
535.39990234375, 0.017977
535.5, 0.024186
535.60009765625, -0.01267
535.699951171875, 0.004671
535.800048828125, 0.009018
535.89990234375, 0.036871
536.0, 0.016824
536.10009765625, 0.02565
536.199951171875, 0.006091
536.300048828125, 0.017045
536.39990234375, 0.012921
536.5, 0.015538
536.60009765625, 0.032968
536.699951171875, 0.014207
536.800048828125, 0.017179
536.89990234375, 0.036693
537.0, 0.011147
537.10009765625, 0.012965
537.199951171875, 0.01403
537.300048828125, 0.014872
537.39990234375, 0.035451
537.5, 0.009107
537.60009765625, 0.028666
537.699951171875, 0.016425
537.800048828125, 0.028932
537.89990234375, 0.015671
538.0, 0.027025
538.10009765625, 0.028045
538.199951171875, 0.00751
538.300048828125, 0.012477
538.39990234375, 0.026537
538.5, 0.031105
538.60009765625, 0.042193
538.699951171875, 0.037846
538.800048828125, 0.023166
538.89990234375, -0.000119
539.0, 0.021126
539.10009765625, 0.011102
539.199951171875, 0.02769
539.300048828125, 0.035008
539.39990234375, 0.013098
539.5, 0.00547
539.60009765625, -0.00074
539.699951171875, 0.013497
539.800048828125, 0.037713
539.89990234375, 0.010304
540.0, 0.018509
540.10009765625, 0.0068
540.199951171875, 0.025827
540.300048828125, 0.028799
540.39990234375, 0.044011
540.5, 0.035451
540.60009765625, 0.033988
540.699951171875, 0.014296
540.800048828125, 0.012477
540.89990234375, 0.044455
541.0, 0.03554
541.10009765625, 0.041528
541.199951171875, 0.0335
541.300048828125, 0.029508
541.39990234375, 0.035052
541.5, 0.022412
541.60009765625, 0.010703
541.699951171875, 0.020993
541.800048828125, -0.002381
541.89990234375, 0.033944
542.0, 0.024497
542.10009765625, 0.021614
542.199951171875, 0.02565
542.300048828125, 0.016868
542.39990234375, -0.018037
542.5, 0.017489
542.60009765625, -0.01644
542.699951171875, 0.026847
542.800048828125, 0.012965
542.89990234375, 0.038157
543.0, 0.023477
543.10009765625, 0.012921
543.199951171875, -0.008767
543.300048828125, 0.025251
543.39990234375, 0.025827
543.5, 0.000547
543.60009765625, 0.03625
543.699951171875, 0.035363
543.800048828125, 0.006002
543.89990234375, 0.04379
544.0, 0.01465
544.10009765625, 0.033677
544.199951171875, 0.020771
544.300048828125, 0.040995
544.39990234375, 0.031282
544.5, 0.001567
544.60009765625, 0.006357
544.699951171875, 0.025251
544.800048828125, 0.026803
544.89990234375, 0.039133
545.0, 0.007776
545.10009765625, 0.004937
545.199951171875, 0.046806
545.300048828125, 0.005913
545.39990234375, 0.000325
545.5, 0.039842
545.60009765625, -0.025754
545.699951171875, 0.015759
545.800048828125, 0.008086
545.89990234375, 0.025428
546.0, 0.025605
546.10009765625, 0.006091
546.199951171875, 0.044144
546.300048828125, -0.018879
546.39990234375, 0.02463
546.5, 0.028089
546.60009765625, 0.010215
546.699951171875, 0.034165
546.800048828125, 0.016158
546.89990234375, -0.000695
547.0, -7.4e-05
547.10009765625, -0.004687
547.199951171875, 0.014384
547.300048828125, 0.038822
547.39990234375, 0.046318
547.5, 0.028178
547.60009765625, 0.02942
547.699951171875, 0.027601
547.800048828125, 0.007643
547.89990234375, -0.005796
548.0, 0.025783
548.10009765625, 0.028533
548.199951171875, 0.043036
548.300048828125, 0.023565
548.39990234375, 0.009816
548.5, -0.002469
548.60009765625, 0.015848
548.699951171875, 0.013276
548.800048828125, 0.016824
548.89990234375, 0.026404
549.0, 0.010393
549.10009765625, 0.009151
549.199951171875, 0.002188
549.300048828125, 0.004006
549.39990234375, -0.003135
549.5, 0.004627
549.60009765625, -0.000607
549.699951171875, 0.022013
549.800048828125, 0.034919
549.89990234375, 0.034742
550.0, 0.028843
550.10009765625, 0.024408
550.199951171875, 0.020993
550.300048828125, -0.003268
550.39990234375, 0.041705
550.5, 0.016425
550.60009765625, 0.008752
550.699951171875, 0.042459
550.800048828125, 0.023964
550.89990234375, 0.01607
551.0, 0.032036
551.10009765625, 0.040197
551.199951171875, 0.014163
551.300048828125, 0.041616
551.39990234375, 0.019662
551.5, 0.010925
551.60009765625, 0.014251
551.699951171875, 0.032214
551.800048828125, 0.01944
551.89990234375, 0.014296
552.0, 0.019529
552.10009765625, 0.010348
552.199951171875, 0.017977
552.300048828125, -0.017238
552.39990234375, 0.035407
552.5, 0.022013
552.60009765625, 0.027468
552.699951171875, 0.015271
552.800048828125, 0.034698
552.89990234375, 0.011147
553.0, 0.018864
553.10009765625, -0.003711
553.199951171875, 0.002188
553.300048828125, 0.005071
553.39990234375, 0.037314
553.5, 0.013586
553.60009765625, 0.026759
553.699951171875, 0.007288
553.800048828125, 0.018908
553.89990234375, 0.023166
554.0, 0.017312
554.10009765625, 0.010393
554.199951171875, 0.004627
554.300048828125, 0.052926
554.39990234375, 0.018154
554.5, 0.032569
554.60009765625, 0.014784
554.699951171875, 0.032968
554.800048828125, 0.03177
554.89990234375, 0.022412
555.0, 0.027202
555.10009765625, 0.023477
555.199951171875, 0.012167
555.300048828125, 0.015183
555.39990234375, 0.020061
555.5, 0.007909
555.60009765625, 0.024763
555.699951171875, 0.017356
555.800048828125, 0.024763
555.89990234375, 0.002454
556.0, 0.015715
556.10009765625, 0.044322
556.199951171875, 0.003296
556.300048828125, 0.000458
556.39990234375, 0.01261
556.5, 0.035762
556.60009765625, 0.03758
556.699951171875, 0.009639
556.800048828125, 0.026581
556.89990234375, 0.036959
557.0, 0.042991
557.10009765625, 0.031238
557.199951171875, 0.037802
557.300048828125, 0.022146
557.39990234375, 0.028089
557.5, 0.026892
557.60009765625, 0.013098
557.699951171875, 0.009107
557.800048828125, -0.01369
557.89990234375, 0.023166
558.0, 0.009994
558.10009765625, 0.019707
558.199951171875, 0.028666
558.300048828125, 0.016868
558.39990234375, 0.028444
558.5, 0.013231
558.60009765625, 0.025738
558.699951171875, 0.026315
558.800048828125, 0.015404
558.89990234375, 0.039665
559.0, 0.039044
559.10009765625, 0.053059
559.199951171875, 0.02015
559.300048828125, 0.00374
559.39990234375, 0.026182
559.5, 0.031371
559.60009765625, 0.018243
559.699951171875, 0.031371
559.800048828125, 0.010393
559.89990234375, 0.00782
560.0, 0.01882
560.10009765625, 0.022456
560.199951171875, -0.014134
560.300048828125, 0.016735
560.39990234375, 0.014606
560.5, 0.00201
560.60009765625, 0.020372
560.699951171875, 0.012832
560.800048828125, 0.01026
560.89990234375, 0.032436
561.0, 0.034431
561.10009765625, 0.012566
561.199951171875, 0.020283
561.300048828125, -0.000562
561.39990234375, 0.022235
561.5, 0.006445
561.60009765625, -0.033649
561.699951171875, 0.025073
561.800048828125, 0.017045
561.89990234375, 0.011635
562.0, 0.001168
562.10009765625, 0.002676
562.199951171875, 0.044233
562.300048828125, 0.025206
562.39990234375, 0.029198
562.5, 0.033012
562.60009765625, 0.026492
562.699951171875, 0.004627
562.800048828125, 0.015538
562.89990234375, 0.030307
563.0, 0.02015
563.10009765625, 0.024053
563.199951171875, 0.029774
563.300048828125, 0.018021
563.39990234375, 0.029464
563.5, 0.026448
563.60009765625, 0.020638
563.699951171875, 0.049733
563.800048828125, 0.022767
563.89990234375, 0.014961
564.0, -0.000961
564.10009765625, 0.024541
564.199951171875, 0.031415
564.300048828125, -0.008634
564.39990234375, 0.040552
564.5, 0.030307
564.60009765625, 0.033722
564.699951171875, 0.03279
564.800048828125, 0.024186
564.89990234375, 0.027956
565.0, 0.017312
565.10009765625, 0.020505
565.199951171875, 0.004494
565.300048828125, 0.010304
565.39990234375, 0.019263
565.5, 0.025251
565.60009765625, 0.02321
565.699951171875, 0.022235
565.800048828125, 0.014872
565.89990234375, 0.008752
566.0, 0.045386
566.10009765625, 0.00853
566.199951171875, 0.012965
566.300048828125, 0.031016
566.39990234375, 0.027335
566.5, 0.00751
566.60009765625, 0.008397
566.699951171875, 0.022279
566.800048828125, 0.020638
566.89990234375, 0.0174
567.0, 0.002542
567.10009765625, 0.020061
567.199951171875, 0.044455
567.300048828125, 0.037713
567.39990234375, 0.035407
567.5, -0.00859
567.60009765625, 0.074836
567.699951171875, 0.038645
567.800048828125, 0.029242
567.89990234375, 0.014739
568.0, 0.04787
568.10009765625, 0.048801
568.199951171875, 0.02902
568.300048828125, 0.028577
568.39990234375, 0.010082
568.5, 0.004494
568.60009765625, 0.030262
568.699951171875, 0.005071
568.800048828125, 0.019751
568.89990234375, 0.01465
569.0, 0.004405
569.10009765625, 0.001301
569.199951171875, 0.012743
569.300048828125, 0.025694
569.39990234375, 0.029597
569.5, 0.002409
569.60009765625, 0.045475
569.699951171875, 0.015671
569.800048828125, 0.022323
569.89990234375, 0.02667
570.0, 0.04756
570.10009765625, 0.017844
570.199951171875, 0.009905
570.300048828125, 0.02015
570.39990234375, 0.029154
570.5, 0.026315
570.60009765625, 0.007421
570.699951171875, 0.023876
570.800048828125, 0.005026
570.89990234375, 0.028621
571.0, 0.019884
571.10009765625, 0.012167
571.199951171875, 0.023432
571.300048828125, 0.014473
571.39990234375, 0.009506
571.5, 0.022944
571.60009765625, 0.016292
571.699951171875, 0.052083
571.800048828125, 0.02423
571.89990234375, 0.026005
572.0, 0.03421
572.10009765625, 0.018642
572.199951171875, 0.005292
572.300048828125, 0.007421
572.39990234375, 0.031593
572.5, -0.003312
572.60009765625, 0.025295
572.699951171875, 0.003429
572.800048828125, 0.018642
572.89990234375, 0.036605
573.0, 0.018332
573.10009765625, 0.021747
573.199951171875, 0.015316
573.300048828125, -0.002381
573.39990234375, 0.007155
573.5, 0.049112
573.60009765625, 0.04379
573.699951171875, 0.009417
573.800048828125, 0.016292
573.89990234375, -0.002602
574.0, 0.03625
574.10009765625, 0.017223
574.199951171875, 0.023787
574.300048828125, 0.018021
574.39990234375, 0.035141
574.5, 0.032391
574.60009765625, 0.018687
574.699951171875, 0.00272
574.800048828125, 0.037137
574.89990234375, 0.01882
575.0, 0.025428
575.10009765625, -3e-05
575.199951171875, 0.0068
575.300048828125, 0.033988
575.39990234375, 0.019707
575.5, 0.051551
575.60009765625, 0.019041
575.699951171875, 0.026581
575.800048828125, 0.019884
575.89990234375, 0.023477
576.0, 0.029553
576.10009765625, 0.007421
576.199951171875, 0.027956
576.300048828125, 0.0386
576.39990234375, 0.035097
576.5, 0.039266
576.60009765625, 0.041528
576.699951171875, -0.012715
576.800048828125, 0.02902
576.89990234375, 0.02769
577.0, 0.023876
577.10009765625, 0.039044
577.199951171875, -0.000695
577.300048828125, 0.004627
577.39990234375, 0.046806
577.5, 0.031549
577.60009765625, 0.055765
577.699951171875, 0.023964
577.800048828125, 0.019396
577.89990234375, 0.045031
578.0, 0.041395
578.10009765625, 0.027513
578.199951171875, 0.028621
578.300048828125, 0.041439
578.39990234375, 0.020682
578.5, 0.044455
578.60009765625, 0.020904
578.699951171875, 0.034786
578.800048828125, 0.01026
578.89990234375, 0.028178
579.0, 0.033988
579.10009765625, 0.020505
579.199951171875, 0.035762
579.300048828125, 0.040951
579.39990234375, 0.057184
579.5, 0.023299
579.60009765625, 0.030129
579.699951171875, 0.041217
579.800048828125, 0.039221
579.89990234375, -0.011074
580.0, 0.034564
580.10009765625, 0.017622
580.199951171875, 0.026138
580.300048828125, 0.010393
580.39990234375, 0.012078
580.5, 0.003829
580.60009765625, 0.008175
580.699951171875, 0.017045
580.800048828125, 0.025339
580.89990234375, 0.018199
581.0, 0.009683
581.10009765625, 0.032258
581.199951171875, 0.043967
581.300048828125, 0.032746
581.39990234375, 0.013542
581.5, 0.051374
581.60009765625, 0.030085
581.699951171875, 0.033101
581.800048828125, 0.021215
581.89990234375, 0.031682
582.0, 0.034919
582.10009765625, 0.028178
582.199951171875, 0.012566
582.300048828125, 0.031815
582.39990234375, 0.00955
582.5, 0.030307
582.60009765625, 0.01026
582.699951171875, 0.024009
582.800048828125, 0.001212
582.89990234375, 0.008441
583.0, 0.024718
583.10009765625, 0.030972
583.199951171875, 0.039842
583.300048828125, 0.033012
583.39990234375, 0.037093
583.5, 0.025827
583.60009765625, 0.0123
583.699951171875, 0.007111
583.800048828125, 0.000635
583.89990234375, 0.01159
584.0, 0.024984
584.10009765625, 0.038556
584.199951171875, 0.025872
584.300048828125, 0.030129
584.39990234375, 0.034165
584.5, 0.017578
584.60009765625, 0.036959
584.699951171875, 0.022811
584.800048828125, 0.00649
584.89990234375, 0.031948
585.0, 0.021658
585.10009765625, 0.001522
585.199951171875, -0.003046
585.300048828125, 0.024364
585.39990234375, 0.028222
585.5, 0.031637
585.60009765625, 0.006845
585.699951171875, 0.053237
585.800048828125, 0.005913
585.89990234375, -0.003179
586.0, 0.033101
586.10009765625, 0.02565
586.199951171875, 0.029774
586.300048828125, 0.018021
586.39990234375, 0.02463
586.5, -0.00553
586.60009765625, 0.015316
586.699951171875, 0.001611
586.800048828125, 0.017666
586.89990234375, 0.021082
587.0, 0.035895
587.10009765625, 0.003829
587.199951171875, 0.018509
587.300048828125, -0.00074
587.39990234375, 0.044366
587.5, 0.030928
587.60009765625, 0.024585
587.699951171875, 0.013852
587.800048828125, 0.029331
587.89990234375, 0.019618
588.0, 0.049866
588.10009765625, 0.017001
588.199951171875, 0.02361
588.300048828125, 0.007998
588.39990234375, 0.045253
588.5, 0.03727
588.60009765625, 0.016868
588.699951171875, 0.013054
588.800048828125, 0.015183
588.89990234375, 0.030661
589.0, 0.01944
589.10009765625, 0.029952
589.199951171875, 0.006845
589.300048828125, 0.024009
589.39990234375, 0.0386
589.5, 0.005071
589.60009765625, 0.019086
589.699951171875, 0.016114
589.800048828125, 0.027379
589.89990234375, 0.033145
590.0, 0.008397
590.10009765625, 0.02321
590.199951171875, 0.016646
590.300048828125, 0.01984
590.39990234375, 0.003163
590.5, 0.035851
590.60009765625, 0.023255
590.699951171875, 0.055232
590.800048828125, 0.044898
590.89990234375, 0.02667
591.0, 0.012921
591.10009765625, 0.0229
591.199951171875, 0.017267
591.300048828125, 0.0017
591.39990234375, 0.01913
591.5, 0.022057
591.60009765625, 0.031903
591.699951171875, 0.019352
591.800048828125, 0.033234
591.89990234375, 0.035451
592.0, 0.039754
592.10009765625, 0.027202
592.199951171875, 0.005292
592.300048828125, 0.053813
592.39990234375, 0.0174
592.5, 0.007865
592.60009765625, 0.048757
592.699951171875, 0.03829
592.800048828125, 0.018908
592.89990234375, 0.007687
593.0, 0.010348
593.10009765625, 0.032036
593.199951171875, 0.023876
593.300048828125, 0.01434
593.39990234375, 0.013453
593.5, 0.020461
593.60009765625, 0.010526
593.699951171875, 0.014429
593.800048828125, -0.003046
593.89990234375, 0.02392
594.0, 0.036472
594.10009765625, 0.053414
594.199951171875, 0.023166
594.300048828125, 0.022102
594.39990234375, 0.011502
594.5, 0.017844
594.60009765625, 0.020948
594.699951171875, 0.019751
594.800048828125, 0.029508
594.89990234375, 0.036028
595.0, 0.008973
595.10009765625, 0.013542
595.199951171875, 0.001434
595.300048828125, 0.026847
595.39990234375, 0.034653
595.5, 0.003208
595.60009765625, 0.036649
595.699951171875, 0.011901
595.800048828125, 0.019263
595.89990234375, 0.014606
596.0, 0.013542
596.10009765625, 0.027823
596.199951171875, 0.003784
596.300048828125, 0.018465
596.39990234375, 0.015804
596.5, 0.01261
596.60009765625, 0.036826
596.699951171875, 0.016513
596.800048828125, 0.021126
596.89990234375, 0.038024
597.0, -0.004022
597.10009765625, 0.029109
597.199951171875, -0.001893
597.300048828125, 0.023432
597.39990234375, 0.015449
597.5, 0.014828
597.60009765625, 0.014251
597.699951171875, 0.025561
597.800048828125, 0.032968
597.89990234375, 0.012034
598.0, -0.010142
598.10009765625, -0.002026
598.199951171875, 0.033633
598.300048828125, 0.022634
598.39990234375, -0.003489
598.5, 0.027424
598.60009765625, 0.028577
598.699951171875, 0.048713
598.800048828125, 0.005292
598.89990234375, 0.005603
599.0, 0.034032
599.10009765625, 0.017888
599.199951171875, 0.033411
599.300048828125, 0.01536
599.39990234375, 0.032036
599.5, 0.041528
599.60009765625, 0.049245
599.699951171875, 0.026226
599.800048828125, 0.039621
599.89990234375, 0.016336
600.0, 0.037093
600.10009765625, 0.065655
600.199951171875, 0.04787
600.300048828125, 0.021303
600.39990234375, 0.021392
600.5, 0.027912
600.60009765625, 0.039621
600.699951171875, 0.048713
600.800048828125, 0.028045
600.89990234375, 0.014606
601.0, 0.041528
601.10009765625, 0.032835
601.199951171875, 0.008663
601.300048828125, 0.000724
601.39990234375, 0.031061
601.5, 0.035407
601.60009765625, 0.027912
601.699951171875, 0.043967
601.800048828125, 0.02463
601.89990234375, 0.008973
602.0, 0.016203
602.10009765625, 0.025118
602.199951171875, 0.009639
602.300048828125, 0.018997
602.39990234375, 0.026049
602.5, 0.003784
602.60009765625, 0.001168
602.699951171875, 0.028488
602.800048828125, 0.03931
602.89990234375, 0.028533
603.0, -0.010009
603.10009765625, 0.000813
603.199951171875, 0.023432
603.300048828125, 0.030928
603.39990234375, 0.023698
603.5, 0.025384
603.60009765625, -0.00074
603.699951171875, 0.047426
603.800048828125, 0.026182
603.89990234375, 0.001522
604.0, 0.012344
604.10009765625, 0.014739
604.199951171875, 0.008707
604.300048828125, 0.027867
604.39990234375, 0.032214
604.5, -0.011961
604.60009765625, 0.021835
604.699951171875, 0.01944
604.800048828125, 0.046584
604.89990234375, 0.031726
605.0, 0.017977
605.10009765625, 0.02219
605.199951171875, 0.031238
605.300048828125, 0.00578
605.39990234375, 0.003962
605.5, 0.016336
605.60009765625, 0.045431
605.699951171875, -0.001183
605.800048828125, 0.005514
605.89990234375, 0.015981
606.0, 0.025916
606.10009765625, 0.030617
606.199951171875, 0.025118
606.300048828125, 0.006179
606.39990234375, 0.000281
606.5, 0.009195
606.60009765625, 0.004139
606.699951171875, 0.027468
606.800048828125, 0.031637
606.89990234375, 0.021259
607.0, 0.020416
607.10009765625, 0.013897
607.199951171875, 0.014917
607.300048828125, 0.031149
607.39990234375, 0.032214
607.5, 0.025295
607.60009765625, 0.032036
607.699951171875, 0.018332
607.800048828125, 0.002232
607.89990234375, 0.032169
608.0, 0.029686
608.10009765625, 0.023166
608.199951171875, 0.027601
608.300048828125, 0.0386
608.39990234375, 0.023521
608.5, 0.020904
608.60009765625, 0.011058
608.699951171875, 0.060244
608.800048828125, 0.005292
608.89990234375, 0.037137
609.0, 0.031149
609.10009765625, -0.006594
609.199951171875, 0.015582
609.300048828125, 0.035008
609.39990234375, 0.009373
609.5, 0.013675
609.60009765625, 0.031593
609.699951171875, 0.04308
609.800048828125, 0.022057
609.89990234375, -0.021097
610.0, 0.017933
610.10009765625, 0.014296
610.199951171875, 0.02698
610.300048828125, -0.005308
610.39990234375, 0.022944
610.5, 0.031726
610.60009765625, 0.016824
610.699951171875, 0.014384
610.800048828125, 0.002631
610.89990234375, 0.039887
611.0, 0.035984
611.10009765625, 0.031682
611.199951171875, 0.022723
611.300048828125, 0.036072
611.39990234375, 0.004671
611.5, 0.019219
611.60009765625, 0.021525
611.699951171875, 0.010526
611.800048828125, 0.008973
611.89990234375, 0.000813
612.0, 0.053192
612.10009765625, 0.020061
612.199951171875, 0.000236
612.300048828125, 0.032746
612.39990234375, 0.02361
612.5, 0.020106
612.60009765625, 0.024984
612.699951171875, 0.013675
612.800048828125, 0.001833
612.89990234375, 0.044056
613.0, 0.049866
613.10009765625, 0.009816
613.199951171875, 0.017179
613.300048828125, 0.026404
613.39990234375, 0.027025
613.5, 0.009639
613.60009765625, 0.012167
613.699951171875, 0.014296
613.800048828125, 0.02494
613.89990234375, 0.04991
614.0, 0.017711
614.10009765625, 0.003075
614.199951171875, 0.010437
614.300048828125, 0.029331
614.39990234375, 0.042636
614.5, -0.010807
614.60009765625, 0.031061
614.699951171875, 0.033589
614.800048828125, 0.022811
614.89990234375, 0.013276
615.0, 0.025738
615.10009765625, 0.01403
615.199951171875, 0.006091
615.300048828125, 0.019928
615.39990234375, 0.025517
615.5, 0.024718
615.60009765625, 0.002942
615.699951171875, 0.01332
615.800048828125, 0.020594
615.89990234375, -0.008191
616.0, 0.002942
616.10009765625, 0.015271
616.199951171875, 0.012122
616.300048828125, 0.010127
616.39990234375, 0.037004
616.5, 0.031149
616.60009765625, 0.019174
616.699951171875, 0.031149
616.800048828125, 0.00955
616.89990234375, 0.036028
617.0, 0.018997
617.10009765625, 0.028178
617.199951171875, 0.020461
617.300048828125, 0.005824
617.39990234375, 0.021436
617.5, 0.014163
617.60009765625, 0.023521
617.699951171875, 0.023077
617.800048828125, 0.004183
617.89990234375, 0.028843
618.0, 0.031238
618.10009765625, -0.005751
618.199951171875, 0.022013
618.300048828125, 0.025694
618.39990234375, 0.022456
618.5, -0.001582
618.60009765625, 0.025472
618.699951171875, 0.026226
618.800048828125, 0.02494
618.89990234375, 0.009107
619.0, 0.020416
619.10009765625, 0.005603
619.199951171875, -0.003933
619.300048828125, 0.019795
619.39990234375, 0.048003
619.5, 0.016513
619.60009765625, 0.024009
619.699951171875, 0.021702
619.800048828125, 0.009018
619.89990234375, 0.036339
620.0, 0.006623
620.10009765625, -0.009122
620.199951171875, 0.024053
620.300048828125, -0.011384
620.39990234375, -0.001494
620.5, 0.022723
620.60009765625, 0.02219
620.699951171875, 0.050975
620.800048828125, 0.029198
620.89990234375, 0.005558
621.0, 0.022678
621.10009765625, 0.016247
621.199951171875, 0.040463
621.300048828125, 0.025206
621.39990234375, 0.033677
621.5, 0.013985
621.60009765625, 0.013542
621.699951171875, 0.020594
621.800048828125, -0.004554
621.89990234375, 0.017711
622.0, 0.043036
622.10009765625, 0.017977
622.199951171875, 0.032524
622.300048828125, 0.012256
622.39990234375, 0.026847
622.5, 0.018908
622.60009765625, 0.032702
622.699951171875, 0.026581
622.800048828125, 0.013187
622.89990234375, 0.02188
623.0, 0.009284
623.10009765625, 0.004804
623.199951171875, -0.002425
623.300048828125, 0.007554
623.39990234375, 0.01363
623.5, 0.023831
623.60009765625, -0.010142
623.699951171875, -0.006017
623.800048828125, -0.002026
623.89990234375, -0.011828
624.0, 0.01332
624.10009765625, 0.005603
624.199951171875, 0.02188
624.300048828125, 0.018287
624.39990234375, 0.009772
624.5, 0.020549
624.60009765625, 0.032657
624.699951171875, 0.034476
624.800048828125, 0.016558
624.89990234375, 0.040064
625.0, 0.028
625.10009765625, -0.003578
625.199951171875, 0.020328
625.300048828125, 0.027956
625.39990234375, -0.016618
625.5, 0.023388
625.60009765625, 0.003962
625.699951171875, 0.009594
625.800048828125, 0.021481
625.89990234375, 0.022456
626.0, 0.017134
626.10009765625, 0.01811
626.199951171875, 0.011723
626.300048828125, 0.051862
626.39990234375, 0.048447
626.5, 0.020239
626.60009765625, 0.033633
626.699951171875, 0.029287
626.800048828125, 0.028133
626.89990234375, 0.015404
627.0, 0.010348
627.10009765625, -0.019323
627.199951171875, -0.015642
627.300048828125, -0.009521
627.39990234375, 0.008486
627.5, 0.033855
627.60009765625, 0.016292
627.699951171875, 0.043479
627.800048828125, 0.019973
627.89990234375, 0.040951
628.0, 0.035984
628.10009765625, 0.024142
628.199951171875, 0.006135
628.300048828125, -0.006993
628.39990234375, 0.031726
628.5, 0.02392
628.60009765625, 0.011235
628.699951171875, 0.040729
628.800048828125, 0.021348
628.89990234375, 0.019219
629.0, -0.004243
629.10009765625, 0.02086
629.199951171875, 0.049289
629.300048828125, 0.016868
629.39990234375, 0.01607
629.5, 0.026936
629.60009765625, 0.031238
629.699951171875, 0.020815
629.800048828125, 0.062018
629.89990234375, 0.023299
630.0, 0.016336
630.10009765625, 0.030262
630.199951171875, 0.005337
630.300048828125, 0.020328
630.39990234375, 0.015848
630.5, 0.041395
630.60009765625, 0.025073
630.699951171875, 0.002809
630.800048828125, 0.019485
630.89990234375, 0.005159
631.0, 0.011989
631.10009765625, -0.006195
631.199951171875, 0.033278
631.300048828125, 0.021392
631.39990234375, 0.027246
631.5, 0.021215
631.60009765625, 0.030706
631.699951171875, 0.033589
631.800048828125, 0.014074
631.89990234375, 0.015404
632.0, 0.036693
632.10009765625, 0.027956
632.199951171875, 0.038822
632.300048828125, 0.027113
632.39990234375, -0.005973
632.5, 0.028533
632.60009765625, 0.040596
632.699951171875, 0.019174
632.800048828125, 0.033056
632.89990234375, 0.016912
633.0, 0.021525
633.10009765625, 0.033145
633.199951171875, 0.024142
633.300048828125, 0.007466
633.39990234375, 0.056164
633.5, 0.010836
633.60009765625, 0.017933
633.699951171875, 0.01607
633.800048828125, 0.029198
633.89990234375, 0.019574
634.0, 0.02902
634.10009765625, 0.018953
634.199951171875, 0.038955
634.300048828125, 0.017755
634.39990234375, 0.042282
634.5, 0.056341
634.60009765625, 0.028045
634.699951171875, 0.021835
634.800048828125, 0.033456
634.89990234375, 0.026448
635.0, 0.036205
635.10009765625, 0.026759
635.199951171875, 0.044277
635.300048828125, 0.040729
635.39990234375, 0.040108
635.5, 0.014118
635.60009765625, 0.019574
635.699951171875, 0.047382
635.800048828125, 0.007909
635.89990234375, 0.015848
636.0, 0.039487
636.10009765625, 0.058692
636.199951171875, 0.034964
636.300048828125, 0.035318
636.39990234375, 0.038024
636.5, 0.035496
636.60009765625, 0.007421
636.699951171875, 0.026936
636.800048828125, 0.009107
636.89990234375, 0.00405
637.0, 0.022856
637.10009765625, 0.005514
637.199951171875, 0.011812
637.300048828125, 0.017977
637.39990234375, 0.017799
637.5, 0.030218
637.60009765625, -0.006771
637.699951171875, 0.020461
637.800048828125, 0.013763
637.89990234375, 0.02596
638.0, 0.031593
638.10009765625, 0.029508
638.199951171875, 0.000547
638.300048828125, 0.011901
638.39990234375, 0.025738
638.5, 0.032923
638.60009765625, 0.017711
638.699951171875, 0.024319
638.800048828125, 0.008929
638.89990234375, 0.024851
639.0, 0.03319
639.10009765625, 0.020993
639.199951171875, 0.004272
639.300048828125, 0.015671
639.39990234375, 0.024009
639.5, 0.016247
639.60009765625, 0.014917
639.699951171875, 0.038689
639.800048828125, 0.003341
639.89990234375, 0.049378
640.0, 0.028666
640.10009765625, 0.033012
640.199951171875, 0.038512
640.300048828125, 0.023122
640.39990234375, 0.022545
640.5, 0.027823
640.60009765625, 0.027734
640.699951171875, 0.025251
640.800048828125, 0.015804
640.89990234375, 0.01403
641.0, 0.038512
641.10009765625, 0.042903
641.199951171875, 0.020505
641.300048828125, 0.026847
641.39990234375, 0.008219
641.5, 0.028266
641.60009765625, 0.009727
641.699951171875, 0.017844
641.800048828125, 0.017755
641.89990234375, 0.008308
642.0, 0.020283
642.10009765625, 0.011546
642.199951171875, 0.026714
642.300048828125, 0.04583
642.39990234375, -0.00074
642.5, -0.000873
642.60009765625, 0.005691
642.699951171875, -0.002159
642.800048828125, 0.020594
642.89990234375, 0.01057
643.0, 0.03798
643.10009765625, 0.020727
643.199951171875, -0.00553
643.300048828125, 0.044411
643.39990234375, -0.000695
643.5, 0.035008
643.60009765625, 0.02565
643.699951171875, 0.039532
643.800048828125, 0.045076
643.89990234375, 0.029198
644.0, 0.028178
644.10009765625, 0.019928
644.199951171875, 0.026226
644.300048828125, -0.003755
644.39990234375, 0.033367
644.5, 0.04716
644.60009765625, -0.001804
644.699951171875, 0.041395
644.800048828125, 0.014606
644.89990234375, 0.022102
645.0, 0.043878
645.10009765625, 0.018066
645.199951171875, -0.008501
645.300048828125, 0.009195
645.39990234375, 0.00924
645.5, 0.043524
645.60009765625, 0.019263
645.699951171875, 0.017179
645.800048828125, 0.023033
645.89990234375, 0.022723
646.0, 0.048447
646.10009765625, 0.012832
646.199951171875, 0.031504
646.300048828125, 0.01842
646.39990234375, 0.042149
646.5, 0.018908
646.60009765625, 0.015538
646.699951171875, 0.015892
646.800048828125, 0.021481
646.89990234375, 0.037935
647.0, 0.0174
647.10009765625, 0.038512
647.199951171875, 0.015449
647.300048828125, 0.02463
647.39990234375, 0.02361
647.5, 0.029198
647.60009765625, 0.028133
647.699951171875, 0.009861
647.800048828125, 0.030041
647.89990234375, 0.026182
648.0, 0.024097
648.10009765625, 0.022235
648.199951171875, 0.033145
648.300048828125, 0.030041
648.39990234375, 0.009861
648.5, 0.008663
648.60009765625, 0.011235
648.699951171875, 0.01811
648.800048828125, 0.031815
648.89990234375, 0.033722
649.0, 0.049112
649.10009765625, 0.033899
649.199951171875, 0.052616
649.300048828125, 0.025561
649.39990234375, 0.00853
649.5, 0.017799
649.60009765625, 0.021126
649.699951171875, 0.044277
649.800048828125, 0.046495
649.89990234375, 0.019485
650.0, 0.013054
650.10009765625, 0.009905
650.199951171875, 0.00751
650.300048828125, -0.000651
650.39990234375, 0.011014
650.5, 0.031061
650.60009765625, 0.015981
650.699951171875, 0.032347
650.800048828125, 0.001478
650.89990234375, 0.0068
651.0, 0.026581
651.10009765625, 0.020815
651.199951171875, -0.004731
651.300048828125, 0.027025
651.39990234375, 0.006002
651.5, 0.057583
651.60009765625, 0.02494
651.699951171875, 0.03279
651.800048828125, 0.018598
651.89990234375, 0.021791
652.0, 0.024497
652.10009765625, 0.013054
652.199951171875, 0.036915
652.300048828125, 0.013009
652.39990234375, 0.019618
652.5, 0.011324
652.60009765625, 0.042548
652.699951171875, 0.017799
652.800048828125, 0.022856
652.89990234375, 0.053325
653.0, 0.0068
653.10009765625, 0.034121
653.199951171875, 0.026492
653.300048828125, 0.020106
653.39990234375, 0.027335
653.5, 0.019263
653.60009765625, 0.015892
653.699951171875, 0.045963
653.800048828125, 0.003651
653.89990234375, 0.01128
654.0, 0.016824
654.10009765625, 0.034653
654.199951171875, 0.042282
654.300048828125, 0.005292
654.39990234375, 0.012211
654.5, -0.011606
654.60009765625, 0.029686
654.699951171875, 0.032169
654.800048828125, 0.039
654.89990234375, 0.034875
655.0, 0.006445
655.10009765625, 0.041661
655.199951171875, 0.02015
655.300048828125, 0.0017
655.39990234375, 0.02769
655.5, 0.015848
655.60009765625, 0.005026
655.699951171875, 0.024674
655.800048828125, 0.027646
655.89990234375, 0.015005
656.0, -0.003268
656.10009765625, 0.027202
656.199951171875, 0.024097
656.300048828125, 0.026936
656.39990234375, 0.015404
656.5, 0.026847
656.60009765625, 0.045741
656.699951171875, 0.01536
656.800048828125, -0.008146
656.89990234375, 0.017356
657.0, 0.009727
657.10009765625, 0.021658
657.199951171875, 0.015094
657.300048828125, 0.040241
657.39990234375, 0.017223
657.5, 0.014384
657.60009765625, 0.008707
657.699951171875, 0.019174
657.800048828125, 0.01465
657.89990234375, 0.047027
658.0, 0.001966
658.10009765625, 0.006578
658.199951171875, 0.028887
658.300048828125, 0.02463
658.39990234375, 0.0017
658.5, 0.024053
658.60009765625, 0.02219
658.699951171875, 0.013586
658.800048828125, 0.030307
658.89990234375, 0.02596
659.0, 0.023521
659.10009765625, 0.021481
659.199951171875, -0.000873
659.300048828125, 0.042149
659.39990234375, 0.03177
659.5, 0.024408
659.60009765625, 0.028266
659.699951171875, 0.024763
659.800048828125, 0.012477
659.89990234375, 0.037713
660.0, 0.006889
660.10009765625, 0.022368
660.199951171875, -0.002868
660.300048828125, 0.04818
660.39990234375, -0.009299
660.5, 0.03248
660.60009765625, 0.022013
660.699951171875, 0.026271
660.800048828125, 0.018953
660.89990234375, 0.06326
661.0, 0.049245
661.10009765625, 0.019662
661.199951171875, 0.026625
661.300048828125, 0.043657
661.39990234375, 0.022856
661.5, 0.012876
661.60009765625, 0.023654
661.699951171875, 0.051241
661.800048828125, 0.010748
661.89990234375, 0.016292
662.0, 0.04237
662.10009765625, 0.010526
662.199951171875, 0.042858
662.300048828125, 0.045519
662.39990234375, 0.047338
662.5, 0.009639
662.60009765625, 0.004272
662.699951171875, 0.017844
662.800048828125, 0.040685
662.89990234375, 0.041129
663.0, 0.029154
663.10009765625, 0.05195
663.199951171875, 0.017267
663.300048828125, 0.044366
663.39990234375, 0.02596
663.5, 0.049422
663.60009765625, 0.036472
663.699951171875, 0.053503
663.800048828125, 0.024275
663.89990234375, 0.044987
664.0, 0.044411
664.10009765625, 0.033145
664.199951171875, 0.024186
664.300048828125, 0.048979
664.39990234375, 0.03656
664.5, 0.027779
664.60009765625, 0.01709
664.699951171875, 0.025162
664.800048828125, 0.021259
664.89990234375, 0.014429
665.0, 0.015493
665.10009765625, 0.010171
665.199951171875, 0.014739
665.300048828125, 0.010082
665.39990234375, 0.051817
665.5, 0.028799
665.60009765625, 0.035185
665.699951171875, 0.003607
665.800048828125, 0.029065
665.89990234375, 0.014384
666.0, 0.036649
666.10009765625, 0.011989
666.199951171875, 0.006357
666.300048828125, 0.034964
666.39990234375, 0.003563
666.5, 0.014739
666.60009765625, 0.030484
666.699951171875, -0.028859
666.800048828125, 0.017933
666.89990234375, 0.035274
667.0, 0.028
667.10009765625, 0.048314
667.199951171875, 0.011368
667.300048828125, 0.023033
667.39990234375, -0.011473
667.5, 0.023831
667.60009765625, 0.016469
667.699951171875, 0.016957
667.800048828125, 0.011723
667.89990234375, 0.030262
668.0, 0.017533
668.10009765625, 0.024142
668.199951171875, 0.014384
668.300048828125, -0.015686
668.39990234375, 0.038024
668.5, 0.0335
668.60009765625, 0.020061
668.699951171875, -0.005485
668.800048828125, -0.001449
668.89990234375, 0.027646
669.0, 0.02361
669.10009765625, 0.040419
669.199951171875, 0.021215
669.300048828125, 0.029065
669.39990234375, 0.012078
669.5, 0.016558
669.60009765625, 0.000192
669.699951171875, 0.01261
669.800048828125, 0.029109
669.89990234375, -0.003002
670.0, 0.02321
670.10009765625, 0.001522
670.199951171875, -0.001627
670.300048828125, 0.021791
670.39990234375, 0.056386
670.5, 0.02392
670.60009765625, 0.021215
670.699951171875, 0.014695
670.800048828125, -0.00859
670.89990234375, 0.021481
671.0, 0.013763
671.10009765625, 0.020061
671.199951171875, 0.011413
671.300048828125, 0.029819
671.39990234375, 0.031815
671.5, 0.043257
671.60009765625, 0.026581
671.699951171875, 0.001079
671.800048828125, 0.023964
671.89990234375, 0.031859
672.0, 0.001877
672.10009765625, 0.022856
672.199951171875, 0.023122
672.300048828125, 0.034431
672.39990234375, 0.012433
672.5, 0.039975
672.60009765625, 0.02667
672.699951171875, 0.033323
672.800048828125, 0.020239
672.89990234375, 0.016469
673.0, 0.012433
673.10009765625, 0.022456
673.199951171875, 0.003474
673.300048828125, 0.025783
673.39990234375, 0.01465
673.5, 0.026404
673.60009765625, 0.021436
673.699951171875, -0.003622
673.800048828125, 0.019662
673.89990234375, 0.02667
674.0, 0.029242
674.10009765625, 0.028488
674.199951171875, 0.034742
674.300048828125, 0.021969
674.39990234375, 0.035895
674.5, 0.022102
674.60009765625, 0.017977
674.699951171875, 0.035451
674.800048828125, 0.036738
674.89990234375, 0.030174
675.0, 0.020682
675.10009765625, -0.00309
675.199951171875, 0.028666
675.300048828125, 0.027291
675.39990234375, 0.013808
675.5, 0.061708
675.60009765625, 0.011191
675.699951171875, 0.010881
675.800048828125, 0.011901
675.89990234375, -0.00309
676.0, 0.014473
676.10009765625, 0.031194
676.199951171875, 0.025295
676.300048828125, 0.041173
676.39990234375, -0.00136
676.5, 0.021126
676.60009765625, 0.033722
676.699951171875, 0.025517
676.800048828125, 0.03452
676.89990234375, 0.059446
677.0, 0.024408
677.10009765625, 0.029952
677.199951171875, 0.04858
677.300048828125, 0.009328
677.39990234375, 0.046096
677.5, 0.016735
677.60009765625, 0.022456
677.699951171875, 0.034254
677.800048828125, 0.018465
677.89990234375, 0.002454
678.0, 0.007466
678.10009765625, 0.025339
678.199951171875, 0.035052
678.300048828125, 0.055809
678.39990234375, 0.02698
678.5, 0.025517
678.60009765625, 0.019928
678.699951171875, 0.02392
678.800048828125, 0.021658
678.89990234375, 0.029996
679.0, 0.018465
679.10009765625, 0.023388
679.199951171875, 0.022634
679.300048828125, 0.029154
679.39990234375, 0.016957
679.5, 0.012344
679.60009765625, 0.050842
679.699951171875, 0.035141
679.800048828125, 0.017001
679.89990234375, 0.024319
680.0, 0.005026
680.10009765625, 0.014118
680.199951171875, 0.00649
680.300048828125, 0.039221
680.39990234375, 0.026271
680.5, 0.036738
680.60009765625, 0.009994
680.699951171875, -0.002381
680.800048828125, 0.025339
680.89990234375, 0.027246
681.0, 0.012743
681.10009765625, 0.005381
681.199951171875, 0.032169
681.300048828125, 0.024408
681.39990234375, 0.040951
681.5, 0.023964
681.60009765625, 0.056519
681.699951171875, 0.019928
681.800048828125, 0.031016
681.89990234375, 0.032036
682.0, 0.00853
682.10009765625, 0.025872
682.199951171875, 0.021126
682.300048828125, 0.024851
682.39990234375, 0.027557
682.5, 0.015005
682.60009765625, 0.029597
682.699951171875, 0.02361
682.800048828125, 0.024142
682.89990234375, 0.027513
683.0, 0.008042
683.10009765625, 0.049112
683.199951171875, 0.023077
683.300048828125, 0.025118
683.39990234375, 0.043124
683.5, 0.032347
683.60009765625, 0.013054
683.699951171875, 0.012034
683.800048828125, 0.024097
683.89990234375, 0.019973
684.0, 0.015138
684.10009765625, 0.031371
684.199951171875, 0.033899
684.300048828125, 0.039975
684.39990234375, 0.00068
684.5, 0.02117
684.60009765625, 0.018687
684.699951171875, 0.03279
684.800048828125, -3e-05
684.89990234375, 0.029508
685.0, 0.013143
685.10009765625, 0.019219
685.199951171875, 0.037447
685.300048828125, 0.007953
685.39990234375, 0.035851
685.5, 0.032036
685.60009765625, 0.032036
685.699951171875, 0.035806
685.800048828125, 0.015316
685.89990234375, 0.044277
686.0, 0.00099
686.10009765625, 0.01842
686.199951171875, 0.018332
686.300048828125, -0.006195
686.39990234375, 0.027468
686.5, 0.017578
686.60009765625, 0.024585
686.699951171875, 0.039354
686.800048828125, 0.032258
686.89990234375, 0.032746
687.0, 0.018332
687.10009765625, -0.007082
687.199951171875, 0.038512
687.300048828125, 0.015671
687.39990234375, 0.005026
687.5, 0.027823
687.60009765625, 0.039354
687.699951171875, 0.016247
687.800048828125, 0.032613
687.89990234375, 0.014163
688.0, 0.026315
688.10009765625, 0.048314
688.199951171875, 0.029774
688.300048828125, 0.03554
688.39990234375, 0.006179
688.5, -0.020033
688.60009765625, 0.00782
688.699951171875, 0.031859
688.800048828125, 0.005824
688.89990234375, 0.039621
689.0, 0.030262
689.10009765625, 0.034476
689.199951171875, 0.028976
689.300048828125, 0.02188
689.39990234375, 0.016425
689.5, -0.002602
689.60009765625, 0.020638
689.699951171875, 0.019086
689.800048828125, 0.02321
689.89990234375, 0.041528
690.0, 0.007554
690.10009765625, 0.040774
690.199951171875, 0.042326
690.300048828125, 0.015449
690.39990234375, 0.035185
690.5, 0.040375
690.60009765625, 0.015449
690.699951171875, 0.012921
690.800048828125, 0.024142
690.89990234375, -0.001183
691.0, 0.028045
691.10009765625, 0.033899
691.199951171875, -0.003312
691.300048828125, 0.031593
691.39990234375, 0.026537
691.5, 0.027158
691.60009765625, 0.011679
691.699951171875, 0.015892
691.800048828125, 0.019973
691.89990234375, 0.007199
692.0, 0.001522
692.10009765625, 0.01709
692.199951171875, 0.016203
692.300048828125, 0.041217
692.39990234375, 0.005824
692.5, 0.049777
692.60009765625, 0.011812
692.699951171875, 0.024408
692.800048828125, 0.008973
692.89990234375, 0.030262
693.0, -0.02052
693.10009765625, 0.016868
693.199951171875, 0.014606
693.300048828125, 0.00853
693.39990234375, 0.036427
693.5, 0.029287
693.60009765625, 0.028089
693.699951171875, 0.027158
693.800048828125, 0.03931
693.89990234375, 0.030174
694.0, 0.007332
694.10009765625, 0.049201
694.199951171875, 0.024142
694.300048828125, 0.053237
694.39990234375, 0.025384
694.5, 0.005514
694.60009765625, 0.009062
694.699951171875, 0.016558
694.800048828125, -0.006505
694.89990234375, 0.049067
695.0, 0.037137
695.10009765625, 0.024541
695.199951171875, 0.034165
695.300048828125, 0.042991
695.39990234375, 0.023521
695.5, 0.059535
695.60009765625, 0.015937
695.699951171875, 0.009639
695.800048828125, 0.028266
695.89990234375, 0.016425
696.0, 0.042548
696.10009765625, -0.002203
696.199951171875, -0.005397
696.300048828125, 0.005026
696.39990234375, 0.012699
696.5, 0.017134
696.60009765625, 0.025206
696.699951171875, 0.02973
696.800048828125, 0.034786
696.89990234375, 0.023299
697.0, 0.017622
697.10009765625, 0.015005
697.199951171875, 0.010082
697.300048828125, 0.029952
697.39990234375, 0.014251
697.5, 0.014961
697.60009765625, 0.00405
697.699951171875, 0.006623
697.800048828125, -0.000163
697.89990234375, 0.013453
698.0, 0.015227
698.10009765625, 0.026049
698.199951171875, 0.033633
698.300048828125, 0.008219
698.39990234375, 0.039887
698.5, 0.02321
698.60009765625, 0.03829
698.699951171875, 0.015404
698.800048828125, 0.037758
698.89990234375, 0.065167
699.0, 0.030839
699.10009765625, 0.038157
699.199951171875, 0.020461
699.300048828125, 0.027956
699.39990234375, 0.046672
699.5, 0.026892
699.60009765625, 0.030395
699.699951171875, 0.033589
699.800048828125, 0.018908
699.89990234375, -0.006417
700.0, 0.043346
700.10009765625, 0.042104
700.199951171875, 0.027867
700.300048828125, 0.023698
700.39990234375, 0.016646
700.5, 0.016292
700.60009765625, 0.023477
700.699951171875, 0.022102
700.800048828125, 0.003563
700.89990234375, 0.019795
701.0, 0.013808
701.10009765625, 0.006578
701.199951171875, 0.031859
701.300048828125, 0.007199
701.39990234375, 0.028621
701.5, 0.032169
701.60009765625, 0.011989
701.699951171875, 0.010127
701.800048828125, 0.053547
701.89990234375, 0.04033
702.0, 0.043834
702.10009765625, 0.003829
702.199951171875, -0.008501
702.300048828125, 0.021392
702.39990234375, 0.016779
702.5, 0.023654
702.60009765625, 0.023521
702.699951171875, 0.017312
702.800048828125, 0.027113
702.89990234375, 0.012078
703.0, -0.004731
703.10009765625, 0.035851
703.199951171875, 0.032835
703.300048828125, 0.01261
703.39990234375, 0.033633
703.5, 0.021747
703.60009765625, 0.039621
703.699951171875, 0.048358
703.800048828125, 0.019884
703.89990234375, -0.003977
704.0, 0.032524
704.10009765625, 0.011191
704.199951171875, 0.035141
704.300048828125, 0.055898
704.39990234375, 0.058204
704.5, -0.020387
704.60009765625, 0.011413
704.699951171875, 0.028621
704.800048828125, 0.022279
704.89990234375, 0.047426
705.0, 0.026936
705.10009765625, 0.01709
705.199951171875, 0.022412
705.300048828125, 0.012965
705.39990234375, 0.015759
705.5, 0.043302
705.60009765625, 0.032702
705.699951171875, 0.003873
705.800048828125, 0.020904
705.89990234375, 0.029065
706.0, 0.038423
706.10009765625, 0.039887
706.199951171875, 0.022146
706.300048828125, 0.005514
706.39990234375, 0.010437
706.5, 0.012832
706.60009765625, 0.015981
706.699951171875, 0.026759
706.800048828125, 0.001434
706.89990234375, 0.042016
707.0, 0.031948
707.10009765625, 0.041129
707.199951171875, 0.014296
707.300048828125, 0.047471
707.39990234375, 0.031238
707.5, 0.042237
707.60009765625, 0.035318
707.699951171875, 0.024851
707.800048828125, 0.022456
707.89990234375, 0.026404
708.0, 0.01465
708.10009765625, 0.023565
708.199951171875, 0.009461
708.300048828125, 0.014296
708.39990234375, 0.007865
708.5, 0.013054
708.60009765625, -0.003711
708.699951171875, 0.015715
708.800048828125, 0.040419
708.89990234375, 0.059845
709.0, 0.022102
709.10009765625, 0.026049
709.199951171875, 0.007155
709.300048828125, 0.013054
709.39990234375, 0.014961
709.5, 0.009905
709.60009765625, 0.025827
709.699951171875, 0.009151
709.800048828125, -0.002248
709.89990234375, 0.028089
710.0, 0.044233
710.10009765625, 0.012344
710.199951171875, 0.042326
710.300048828125, 0.013763
710.39990234375, 0.02015
710.5, 0.035008
710.60009765625, 0.013763
710.699951171875, 0.004849
710.800048828125, 0.019662
710.89990234375, 0.032081
711.0, 0.015538
711.10009765625, 0.046584
711.199951171875, 0.055365
711.300048828125, 0.043036
711.39990234375, 0.027734
711.5, 0.029508
711.60009765625, 0.02117
711.699951171875, 0.039044
711.800048828125, 0.044366
711.89990234375, 0.036472
712.0, 0.027069
712.10009765625, 0.031726
712.199951171875, 0.017755
712.300048828125, 0.02423
712.39990234375, -0.007747
712.5, 0.024053
712.60009765625, 0.043257
712.699951171875, 0.024585
712.800048828125, 0.02769
712.89990234375, 0.017844
713.0, 0.022723
713.10009765625, 0.013497
713.199951171875, 0.020328
713.300048828125, 0.02423
713.39990234375, 0.022412
713.5, 0.0284
713.60009765625, 0.014251
713.699951171875, 0.023033
713.800048828125, 0.009772
713.89990234375, 0.005514
714.0, 0.038645
714.10009765625, 0.025605
714.199951171875, 0.016425
714.300048828125, 0.017045
714.39990234375, 0.014429
714.5, 0.014118
714.60009765625, 0.025827
714.699951171875, 0.022545
714.800048828125, 0.028089
714.89990234375, 0.013675
715.0, 0.028266
715.10009765625, -0.005086
715.199951171875, 0.003163
715.300048828125, 0.01505
715.39990234375, 0.03044
715.5, 0.019662
715.60009765625, 0.04756
715.699951171875, 0.021747
715.800048828125, 0.0335
715.89990234375, 0.046894
716.0, 0.003341
716.10009765625, 0.03279
716.199951171875, 0.028621
716.300048828125, 0.041528
716.39990234375, 0.023077
716.5, 0.011413
716.60009765625, 0.010481
716.699951171875, -0.012759
716.800048828125, 0.02596
716.89990234375, 0.032702
717.0, 0.02973
717.10009765625, 0.018553
717.199951171875, 0.056785
717.300048828125, 0.029375
717.39990234375, 0.025605
717.5, 0.023964
717.60009765625, 0.018332
717.699951171875, 0.004405
717.800048828125, 0.007155
717.89990234375, 0.019485
718.0, 0.027113
718.10009765625, 0.016912
718.199951171875, 0.001478
718.300048828125, 0.005736
718.39990234375, 0.011901
718.5, 0.014606
718.60009765625, 0.037359
718.699951171875, 0.024364
718.800048828125, 0.0386
718.89990234375, 0.02392
719.0, 0.020239
719.10009765625, -0.000828
719.199951171875, 0.037314
719.300048828125, 0.015138
719.39990234375, 0.019662
719.5, 0.003917
719.60009765625, 0.035451
719.699951171875, 0.017578
719.800048828125, 0.007865
719.89990234375, 0.024142
720.0, 0.039576
720.10009765625, 0.043479
720.199951171875, 0.008973
720.300048828125, 0.011324
720.39990234375, 0.02015
720.5, 0.013497
720.60009765625, 0.014251
720.699951171875, 0.025339
720.800048828125, 0.013098
720.89990234375, 0.014695
721.0, -0.003401
721.10009765625, 0.016247
721.199951171875, 0.040685
721.300048828125, 0.027912
721.39990234375, 0.036117
721.5, 0.029641
721.60009765625, 0.032702
721.699951171875, 0.022501
721.800048828125, 0.014828
721.89990234375, 0.007687
722.0, 0.014872
722.10009765625, 0.009861
722.199951171875, 0.018021
722.300048828125, 0.002676
722.39990234375, 0.024275
722.5, 0.020239
722.60009765625, 0.011457
722.699951171875, 0.01332
722.800048828125, -0.014533
722.89990234375, 0.024186
723.0, 0.035629
723.10009765625, 0.027779
723.199951171875, 0.018908
723.300048828125, 0.008131
723.39990234375, 0.021215
723.5, 0.029819
723.60009765625, 0.018199
723.699951171875, 0.002276
723.800048828125, 0.01638
723.89990234375, 0.031194
724.0, 0.023743
724.10009765625, 0.032746
724.199951171875, 0.031504
724.300048828125, 0.009328
724.39990234375, 0.015671
724.5, -0.00074
724.60009765625, 0.050132
724.699951171875, 0.001966
724.800048828125, 0.006667
724.89990234375, 0.043257
725.0, -0.006461
725.10009765625, 0.00924
725.199951171875, -0.002558
725.300048828125, 0.016602
725.39990234375, 0.039754
725.5, 0.039532
725.60009765625, 0.016336
725.699951171875, 0.030573
725.800048828125, 0.00374
725.89990234375, 0.012965
726.0, 0.025517
726.10009765625, 0.028577
726.199951171875, 0.030795
726.300048828125, 0.032879
726.39990234375, 0.031194
726.5, 0.013453
726.60009765625, 0.050531
726.699951171875, 0.010925
726.800048828125, 0.030706
726.89990234375, 0.02942
727.0, 0.026892
727.10009765625, 0.016957
727.199951171875, 0.01403
727.300048828125, 0.018997
727.39990234375, 0.036959
727.5, 0.048668
727.60009765625, 0.046539
727.699951171875, 0.021969
727.800048828125, 0.007155
727.89990234375, 0.042814
728.0, 0.049201
728.10009765625, 0.021969
728.199951171875, 0.013808
728.300048828125, 0.038024
728.39990234375, 0.011502
728.5, 0.027513
728.60009765625, 0.051418
728.699951171875, 0.023122
728.800048828125, 0.013719
728.89990234375, 0.017001
729.0, 0.021835
729.10009765625, 0.001833
729.199951171875, 0.015227
729.300048828125, 0.003563
729.39990234375, 0.022723
729.5, 0.017179
729.60009765625, 0.017312
729.699951171875, 0.052882
729.800048828125, 0.029952
729.89990234375, 0.029287
730.0, 0.027823
730.10009765625, 0.01363
730.199951171875, -0.000163
730.300048828125, 0.035629
730.39990234375, 0.031327
730.5, 0.032613
730.60009765625, 0.038955
730.699951171875, 0.015981
730.800048828125, 0.038955
730.89990234375, 0.017179
731.0, 0.014384
731.10009765625, 0.016646
731.199951171875, 0.016868
731.300048828125, 0.012344
731.39990234375, 0.020904
731.5, 0.025827
731.60009765625, -0.00553
731.699951171875, 0.018199
731.800048828125, 0.01128
731.89990234375, 0.021303
732.0, 0.013586
732.10009765625, 0.0174
732.199951171875, 0.01811
732.300048828125, 0.033012
732.39990234375, 0.022501
732.5, 0.017134
732.60009765625, 0.035141
732.699951171875, -0.006461
732.800048828125, 0.012522
732.89990234375, 0.009151
733.0, 0.032125
733.10009765625, 0.046894
733.199951171875, 0.01159
733.300048828125, 0.019041
733.39990234375, 0.006357
733.5, 0.046229
733.60009765625, 0.014562
733.699951171875, 0.007332
733.800048828125, 0.016602
733.89990234375, 0.032214
734.0, 0.036693
734.10009765625, 0.034165
734.199951171875, 0.028266
734.300048828125, 0.034609
734.39990234375, 0.036826
734.5, 0.015538
734.60009765625, 0.032214
734.699951171875, 0.046939
734.800048828125, 0.019574
734.89990234375, 0.045697
735.0, 0.031859
735.10009765625, 0.034964
735.199951171875, 0.015271
735.300048828125, 0.026182
735.39990234375, 0.037935
735.5, 0.01638
735.60009765625, 0.006534
735.699951171875, 0.007199
735.800048828125, 0.028577
735.89990234375, 0.023477
736.0, 0.036472
736.10009765625, 0.046717
736.199951171875, 0.023654
736.300048828125, 0.024585
736.39990234375, 0.036871
736.5, 0.026005
736.60009765625, 0.048225
736.699951171875, 0.011768
736.800048828125, 0.027379
736.89990234375, 0.022501
737.0, 0.026537
737.10009765625, 0.026005
737.199951171875, 0.028754
737.300048828125, 0.037314
737.39990234375, 0.012344
737.5, 0.048801
737.60009765625, 0.015626
737.699951171875, 0.015582
737.800048828125, 0.023388
737.89990234375, 0.029863
738.0, 0.010437
738.10009765625, 0.03452
738.199951171875, 0.014695
738.300048828125, -0.013069
738.39990234375, 0.027113
738.5, 0.025162
738.60009765625, 0.046007
738.699951171875, 0.0229
738.800048828125, 0.037935
738.89990234375, 0.044499
739.0, 0.037403
739.10009765625, 0.012566
739.199951171875, 0.032613
739.300048828125, 0.017179
739.39990234375, 0.023964
739.5, 0.016646
739.60009765625, 0.050753
739.699951171875, 0.025162
739.800048828125, 0.02015
739.89990234375, 0.030883
740.0, 0.03044
740.10009765625, 0.002188
740.199951171875, 0.031194
740.300048828125, 0.018775
740.39990234375, 0.016114
740.5, -0.00482
740.60009765625, 0.020416
740.699951171875, -0.011561
740.800048828125, 0.004272
740.89990234375, 0.026049
741.0, 0.036959
741.10009765625, 0.02463
741.199951171875, 0.019884
741.300048828125, 0.020948
741.39990234375, 0.015183
741.5, 0.026049
741.60009765625, 0.024718
741.699951171875, 0.042858
741.800048828125, 0.055809
741.89990234375, 0.023876
742.0, 0.029774
742.10009765625, 0.00884
742.199951171875, -0.003489
742.300048828125, 0.006534
742.39990234375, 0.016114
742.5, 0.034964
742.60009765625, 0.042016
742.699951171875, 0.011502
742.800048828125, 0.022323
742.89990234375, 0.043967
743.0, 0.037492
743.10009765625, 0.01505
743.199951171875, 0.045209
743.300048828125, 0.05541
743.39990234375, 0.033234
743.5, 0.043257
743.60009765625, 0.030395
743.699951171875, 0.031238
743.800048828125, 0.032169
743.89990234375, 0.02361
744.0, 0.038467
744.10009765625, 0.023565
744.199951171875, 0.029464
744.300048828125, 0.015227
744.39990234375, 0.035939
744.5, 0.025827
744.60009765625, 0.018731
744.699951171875, 0.02219
744.800048828125, 0.005647
744.89990234375, 0.046362
745.0, 0.02667
745.10009765625, 0.007776
745.199951171875, 0.038645
745.300048828125, 0.005869
745.39990234375, 0.031238
745.5, 0.026093
745.60009765625, 0.028533
745.699951171875, 0.020682
745.800048828125, 0.028
745.89990234375, 0.030972
746.0, 0.020017
746.10009765625, 0.031016
746.199951171875, 0.015538
746.300048828125, 0.009018
746.39990234375, 0.018199
746.5, 0.03829
746.60009765625, 0.035496
746.699951171875, 0.036294
746.800048828125, -0.006195
746.89990234375, 0.029375
747.0, 0.049777
747.10009765625, 0.02494
747.199951171875, 0.031504
747.300048828125, 0.034564
747.39990234375, 0.058293
747.5, 0.046229
747.60009765625, 0.024319
747.699951171875, 0.023521
747.800048828125, 0.025162
747.89990234375, -0.004997
748.0, 0.011635
748.10009765625, 0.019041
748.199951171875, 0.045874
748.300048828125, 0.008441
748.39990234375, 0.018287
748.5, 0.044277
748.60009765625, 0.0335
748.699951171875, 0.017933
748.800048828125, 0.026049
748.89990234375, 0.03727
749.0, 0.011945
749.10009765625, 0.050309
749.199951171875, 0.015937
749.300048828125, 0.011324
749.39990234375, 0.035185
749.5, 0.044189
749.60009765625, 0.042104
749.699951171875, 0.035052
749.800048828125, 0.051773
749.89990234375, 0.03625
750.0, 0.038379
750.10009765625, 0.037447
750.199951171875, 0.032835
750.300048828125, 0.049999
750.39990234375, 0.062639
750.5, 0.020638
750.60009765625, 0.049156
750.699951171875, 0.049201
750.800048828125, 0.042016
750.89990234375, 0.035585
751.0, 0.013364
751.10009765625, 0.0174
751.199951171875, 0.031726
751.300048828125, 0.037669
751.39990234375, 0.017533
751.5, 0.028355
751.60009765625, 0.026448
751.699951171875, 0.005204
751.800048828125, 0.009284
751.89990234375, 0.018731
752.0, 0.010703
752.10009765625, 0.032036
752.199951171875, 0.035806
752.300048828125, 0.029331
752.39990234375, 0.020771
752.5, 0.013719
752.60009765625, 0.034077
752.699951171875, 0.04991
752.800048828125, 0.021259
752.89990234375, 0.01882
753.0, 0.040241
753.10009765625, 0.006002
753.199951171875, 0.046362
753.300048828125, 0.013719
753.39990234375, 0.030528
753.5, 0.025872
753.60009765625, 0.049156
753.699951171875, 0.034564
753.800048828125, 0.034431
753.89990234375, 0.038379
754.0, 0.032879
754.10009765625, 0.033544
754.199951171875, 0.037137
754.300048828125, 0.031327
754.39990234375, 0.048047
754.5, 0.051108
754.60009765625, 0.039177
754.699951171875, 0.035585
754.800048828125, 0.037758
754.89990234375, 0.026537
755.0, 0.006623
755.10009765625, 0.03758
755.199951171875, 0.034387
755.300048828125, 0.036516
755.39990234375, 0.029508
755.5, 0.054789
755.60009765625, 0.034786
755.699951171875, 0.033367
755.800048828125, 0.031549
755.89990234375, 0.036915
756.0, 0.026581
756.10009765625, 0.01607
756.199951171875, 0.028311
756.300048828125, -0.003667
756.39990234375, 0.019973
756.5, 0.016957
756.60009765625, 0.006978
756.699951171875, 0.016247
756.800048828125, 0.04818
756.89990234375, 0.021436
757.0, 0.020771
757.10009765625, 0.000724
757.199951171875, 0.028
757.300048828125, 0.010792
757.39990234375, 0.013143
757.5, 0.008441
757.60009765625, 0.035274
757.699951171875, 0.011413
757.800048828125, 0.033411
757.89990234375, -0.003002
758.0, 0.045874
758.10009765625, 0.016646
758.199951171875, 0.004272
758.300048828125, 0.004361
758.39990234375, 0.035939
758.5, 0.001833
758.60009765625, 0.017356
758.699951171875, 0.019751
758.800048828125, 0.023654
758.89990234375, 0.026093
759.0, 0.022235
759.10009765625, 0.037093
759.199951171875, 0.000281
759.300048828125, 0.027335
759.39990234375, 0.030972
759.5, 0.027734
759.60009765625, 0.020017
759.699951171875, 0.037403
759.800048828125, -0.004066
759.89990234375, 0.025162
760.0, 5.9e-05
760.10009765625, 0.024585
760.199951171875, 0.038645
760.300048828125, 0.049555
760.39990234375, 0.023166
760.5, 0.022767
760.60009765625, 0.018465
760.699951171875, 0.056075
760.800048828125, 0.020549
760.89990234375, 0.017489
761.0, -0.004155
761.10009765625, 0.031903
761.199951171875, 0.026625
761.300048828125, 0.024142
761.39990234375, 0.024275
761.5, 0.012743
761.60009765625, 0.023565
761.699951171875, 0.045519
761.800048828125, 0.042016
761.89990234375, 0.011679
762.0, 0.005425
762.10009765625, 0.008929
762.199951171875, 0.037713
762.300048828125, -0.011783
762.39990234375, -0.005663
762.5, 0.015892
762.60009765625, 0.001434
762.699951171875, 0.004183
762.800048828125, 0.025872
762.89990234375, 0.001168
763.0, 0.013675
763.10009765625, 0.043612
763.199951171875, 0.014473
763.300048828125, 0.023964
763.39990234375, 0.046273
763.5, -0.000518
763.60009765625, 0.01261
763.699951171875, 0.012389
763.800048828125, 0.002188
763.89990234375, 0.031238
764.0, -0.005219
764.10009765625, 0.021702
764.199951171875, 0.027025
764.300048828125, 0.016247
764.39990234375, 0.016513
764.5, 0.025605
764.60009765625, 0.015582
764.699951171875, 0.023787
764.800048828125, 0.010748
764.89990234375, 0.026803
765.0, 0.024984
765.10009765625, -0.001139
765.199951171875, 0.029331
765.300048828125, 0.001833
765.39990234375, 0.059357
765.5, 0.010703
765.60009765625, 0.032746
765.699951171875, 0.008574
765.800048828125, 0.052616
765.89990234375, 0.001833
766.0, 0.011989
766.10009765625, 0.029908
766.199951171875, 0.031682
766.300048828125, 0.020549
766.39990234375, 0.035451
766.5, 0.009905
766.60009765625, 0.027335
766.699951171875, 0.04033
766.800048828125, 0.04614
766.89990234375, 0.035097
767.0, 0.011945
767.10009765625, 0.014251
767.199951171875, 0.029908
767.300048828125, 0.007421
767.39990234375, 0.017489
767.5, 0.03248
767.60009765625, 0.036738
767.699951171875, 0.021436
767.800048828125, 0.042149
767.89990234375, 0.018332
768.0, 0.036472
768.10009765625, 1.4e-05
768.199951171875, -0.001405
768.300048828125, 0.025384
768.39990234375, 0.012034
768.5, 0.037447
768.60009765625, 0.043213
768.699951171875, 0.025872
768.800048828125, 0.020194
768.89990234375, 0.039221
769.0, 0.006091
769.10009765625, 0.02015
769.199951171875, 0.032036
769.300048828125, 0.045608
769.39990234375, 0.041483
769.5, 0.046096
769.60009765625, 0.015094
769.699951171875, 0.011901
769.800048828125, 0.023033
769.89990234375, -0.009078
770.0, -0.000607
770.10009765625, 0.04277
770.199951171875, 0.032391
770.300048828125, 0.031726
770.39990234375, 0.042903
770.5, 0.013497
770.60009765625, 0.034786
770.699951171875, 0.024763
770.800048828125, 0.025783
770.89990234375, 0.01811
771.0, 0.008042
771.10009765625, 0.04339
771.199951171875, 0.0174
771.300048828125, 0.039399
771.39990234375, 0.022501
771.5, 0.010437
771.60009765625, 0.010082
771.699951171875, 0.011856
771.800048828125, 0.005026
771.89990234375, 0.014517
772.0, 0.028621
772.10009765625, 0.031815
772.199951171875, 0.024452
772.300048828125, 0.046273
772.39990234375, 0.019884
772.5, 0.052616
772.60009765625, 0.017533
772.699951171875, 0.029198
772.800048828125, 0.029287
772.89990234375, 0.019352
773.0, 0.020416
773.10009765625, 0.06428
773.199951171875, 0.022057
773.300048828125, 0.022102
773.39990234375, 0.007155
773.5, 0.053636
773.60009765625, 0.007022
773.699951171875, 0.018775
773.800048828125, -0.005441
773.89990234375, 0.019795
774.0, 0.019529
774.10009765625, 0.007155
774.199951171875, 0.009905
774.300048828125, 0.01882
774.39990234375, 0.021303
774.5, 0.014784
774.60009765625, 0.029819
774.699951171875, 0.005248
774.800048828125, 0.013187
774.89990234375, 0.029198
775.0, 0.008707
775.10009765625, 0.026226
775.199951171875, 0.027468
775.300048828125, 0.027912
775.39990234375, 0.014074
775.5, 0.015804
775.60009765625, -0.008368
775.699951171875, 0.020638
775.800048828125, 0.013586
775.89990234375, 0.033899
776.0, 0.011147
776.10009765625, 0.025206
776.199951171875, 0.047293
776.300048828125, 0.014739
776.39990234375, 0.040995
776.5, 0.018021
776.60009765625, 0.030395
776.699951171875, 0.01913
776.800048828125, 0.022456
776.89990234375, 0.029287
777.0, 0.022678
777.10009765625, 0.006268
777.199951171875, 0.033677
777.300048828125, 0.031194
777.39990234375, 0.02086
777.5, 0.040375
777.60009765625, 0.027291
777.699951171875, 0.015493
777.800048828125, 0.002188
777.89990234375, 0.021969
778.0, 0.026093
778.10009765625, 0.031593
778.199951171875, 0.019751
778.300048828125, 0.008086
778.39990234375, 0.026581
778.5, 0.038024
778.60009765625, 0.00272
778.699951171875, 0.021259
778.800048828125, 0.027912
778.89990234375, 0.014384
779.0, 0.011635
779.10009765625, 0.01811
779.199951171875, 0.03421
779.300048828125, 0.009905
779.39990234375, 0.034343
779.5, 0.002276
779.60009765625, 0.024984
779.699951171875, 0.036605
779.800048828125, 0.018953
779.89990234375, 0.028355
780.0, 0.038379
780.10009765625, -0.006904
780.199951171875, 0.021126
780.300048828125, 0.041572
780.39990234375, 0.041129
780.5, 0.035141
780.60009765625, 0.010659
780.699951171875, -0.001316
780.800048828125, 0.014207
780.89990234375, 0.016602
781.0, 0.001035
781.10009765625, 0.015538
781.199951171875, 0.028178
781.300048828125, 0.016824
781.39990234375, 0.02117
781.5, 0.007643
781.60009765625, 0.014074
781.699951171875, 0.044011
781.800048828125, 0.035895
781.89990234375, 0.018642
782.0, -0.012094
782.10009765625, 0.009905
782.199951171875, 0.013897
782.300048828125, 0.03625
782.39990234375, 0.006578
782.5, 0.007111
782.60009765625, 0.007066
782.699951171875, 0.016203
782.800048828125, 0.017001
782.89990234375, 0.04033
783.0, 0.018642
783.10009765625, 0.008752
783.199951171875, 0.019751
783.300048828125, -0.004776
783.39990234375, 0.019352
783.5, 0.014296
783.60009765625, 0.025472
783.699951171875, 0.027823
783.800048828125, 0.009018
783.89990234375, 0.037359
784.0, 0.028843
784.10009765625, 0.017223
784.199951171875, 0.011191
784.300048828125, 0.039709
784.39990234375, 0.029508
784.5, 0.041129
784.60009765625, 0.015271
784.699951171875, 0.052438
784.800048828125, 0.038423
784.89990234375, 0.030262
785.0, 0.024763
785.10009765625, 0.021392
785.199951171875, 0.007332
785.300048828125, 0.054966
785.39990234375, 0.008973
785.5, 0.001478
785.60009765625, 0.047116
785.699951171875, 0.031682
785.800048828125, 0.002454
785.89990234375, 0.03381
786.0, 0.027734
786.10009765625, 0.049201
786.199951171875, 0.031371
786.300048828125, 0.024585
786.39990234375, 0.000547
786.5, 0.015138
786.60009765625, 0.033367
786.699951171875, 0.020239
786.800048828125, 0.04858
786.89990234375, 0.025295
787.0, 0.032169
787.10009765625, 0.034165
787.199951171875, 0.028533
787.300048828125, 0.002099
787.39990234375, 0.017622
787.5, 0.013941
787.60009765625, 0.02392
787.699951171875, 0.012034
787.800048828125, 0.034476
787.89990234375, 0.042149
788.0, 0.026847
788.10009765625, 0.041749
788.199951171875, 0.009018
788.300048828125, 0.031859
788.39990234375, 0.022013
788.5, 0.029242
788.60009765625, 0.009639
788.699951171875, 0.015892
788.800048828125, 0.007332
788.89990234375, 0.026537
789.0, 0.032125
789.10009765625, 0.026271
789.199951171875, 0.017888
789.300048828125, 0.031194
789.39990234375, 0.002631
789.5, 0.020505
789.60009765625, 0.036028
789.699951171875, 0.036605
789.800048828125, 0.017312
789.89990234375, 0.035895
790.0, 0.01913
790.10009765625, 0.011457
790.199951171875, 0.020106
790.300048828125, 0.028222
790.39990234375, 0.006889
790.5, 0.02463
790.60009765625, 0.028222
790.699951171875, 0.011413
790.800048828125, 0.008131
790.89990234375, 0.022856
791.0, 0.014517
791.10009765625, 0.046806
791.199951171875, 0.008308
791.300048828125, 0.04339
791.39990234375, 0.039709
791.5, 0.012522
791.60009765625, 0.005514
791.699951171875, 0.020061
791.800048828125, 0.021569
791.89990234375, 0.025295
792.0, 0.018908
792.10009765625, 0.00068
792.199951171875, 0.010703
792.300048828125, 0.008885
792.39990234375, 0.028666
792.5, 0.011546
792.60009765625, 0.003518
792.699951171875, 0.026448
792.800048828125, 0.017666
792.89990234375, 0.035895
793.0, 0.029508
793.10009765625, 0.005736
793.199951171875, 0.011058
793.300048828125, 0.033899
793.39990234375, 0.026138
793.5, 0.042193
793.60009765625, 0.042991
793.699951171875, 0.047693
793.800048828125, 0.034964
793.89990234375, 0.021215
794.0, -0.017416
794.10009765625, 0.009018
794.199951171875, 0.015005
794.300048828125, 0.00751
794.39990234375, 0.031016
794.5, 0.015493
794.60009765625, 0.028533
794.699951171875, 0.030351
794.800048828125, 0.027202
794.89990234375, 0.021037
795.0, 0.020993
795.10009765625, 0.015937
795.199951171875, 0.029242
795.300048828125, 0.037447
795.39990234375, 0.006046
795.5, 0.013763
795.60009765625, 0.028266
795.699951171875, 0.025872
795.800048828125, 0.045741
795.89990234375, 0.018997
796.0, -0.01032
796.10009765625, 0.035984
796.199951171875, 0.018199
796.300048828125, 0.029686
796.39990234375, 0.023388
796.5, 0.013453
796.60009765625, 0.035673
796.699951171875, 0.005337
796.800048828125, 0.003607
796.89990234375, -0.00136
797.0, 0.05093
797.10009765625, 0.030174
797.199951171875, 0.02361
797.300048828125, 0.037093
797.39990234375, 0.016779
797.5, 0.037625
797.60009765625, 0.021481
797.699951171875, 0.003784
797.800048828125, 0.026404
797.89990234375, 0.031238
798.0, 0.035585
798.10009765625, 0.038157
798.199951171875, 0.044277
798.300048828125, 0.036383
798.39990234375, -0.013956
798.5, 0.030041
798.60009765625, 0.023743
798.699951171875, 0.031682
798.800048828125, 0.017711
798.89990234375, 0.037093
799.0, -0.00278
799.10009765625, 0.024896
799.199951171875, 0.018997
799.300048828125, -0.013202
799.39990234375, 0.038024
799.5, 0.010614
799.60009765625, 0.001256
799.699951171875, 0.022944
799.800048828125, 0.034077
799.89990234375, 0.024497
800.0, 0.029508
800.10009765625, -0.012759
800.199951171875, 0.007332
800.300048828125, 0.033012
800.39990234375, 0.039399
800.5, 0.005736
800.60009765625, -0.011162
800.699951171875, 0.017134
800.800048828125, -0.003223
800.89990234375, 0.007953
801.0, 0.014473
801.10009765625, 0.043923
801.199951171875, 0.035806
801.300048828125, 0.015316
801.39990234375, 0.030085
801.5, 0.033145
801.60009765625, 0.037403
801.699951171875, 0.029109
801.800048828125, 0.009994
801.89990234375, 0.004006
802.0, 0.037536
802.10009765625, 0.010614
802.199951171875, 0.018332
802.300048828125, 0.018775
802.39990234375, 0.014251
802.5, 0.022634
802.60009765625, 0.045209
802.699951171875, 0.024275
802.800048828125, 0.005381
802.89990234375, 0.037004
803.0, 0.014074
803.10009765625, 0.022944
803.199951171875, 0.039842
803.300048828125, 0.006268
803.39990234375, 0.048447
803.5, 0.018287
803.60009765625, 0.004006
803.699951171875, 0.030795
803.800048828125, 0.00649
803.89990234375, 0.002188
804.0, 0.027912
804.10009765625, 0.029464
804.199951171875, 0.018598
804.300048828125, 0.013719
804.39990234375, 0.017356
804.5, 0.006889
804.60009765625, 0.01984
804.699951171875, 0.051817
804.800048828125, 0.029952
804.89990234375, 0.024674
805.0, 0.021569
805.10009765625, 0.017267
805.199951171875, 0.00445
805.300048828125, -0.007481
805.39990234375, 0.021702
805.5, -0.00278
805.60009765625, 0.046628
805.699951171875, 0.008175
805.800048828125, 0.005159
805.89990234375, 0.001478
806.0, 0.013941
806.10009765625, 0.03044
806.199951171875, 0.012167
806.300048828125, 0.015981
806.39990234375, 0.017134
806.5, 0.04135
806.60009765625, 0.051329
806.699951171875, 0.028887
806.800048828125, 0.000591
806.89990234375, 0.024984
807.0, 0.035363
807.10009765625, 0.025428
807.199951171875, 0.015671
807.300048828125, 0.026803
807.39990234375, 0.029154
807.5, 0.018908
807.60009765625, 0.021569
807.699951171875, 0.03931
807.800048828125, 0.011901
807.89990234375, 0.013364
808.0, 0.009816
808.10009765625, 0.013985
808.199951171875, -0.010541
808.300048828125, 0.013719
808.39990234375, 0.021969
808.5, 0.026448
808.60009765625, 0.035762
808.699951171875, 0.051108
808.800048828125, 0.024497
808.89990234375, 0.063437
809.0, 0.025251
809.10009765625, 0.021348
809.199951171875, 0.014961
809.300048828125, 0.009151
809.39990234375, 0.047072
809.5, 0.006268
809.60009765625, 0.031593
809.699951171875, 0.028089
809.800048828125, 0.036117
809.89990234375, 0.023831
810.0, 0.010082
810.10009765625, 0.024053
810.199951171875, 0.03931
810.300048828125, 0.012211
810.39990234375, 0.031238
810.5, 0.013098
810.60009765625, 0.027335
810.699951171875, 0.009107
810.800048828125, 0.003917
810.89990234375, 0.030883
811.0, 0.020372
811.10009765625, -0.005663
811.199951171875, 0.050575
811.300048828125, 0.015449
811.39990234375, 0.002853
811.5, 0.015005
811.60009765625, 0.011324
811.699951171875, 0.022456
811.800048828125, 0.012699
811.89990234375, 0.020638
812.0, 0.000414
812.10009765625, 0.009107
812.199951171875, 0.019307
812.300048828125, 0.023432
812.39990234375, 0.022589
812.5, 0.038822
812.60009765625, 0.006224
812.699951171875, 0.052172
812.800048828125, 0.023964
812.89990234375, 0.024364
813.0, 0.030218
813.10009765625, -0.00992
813.199951171875, 0.009195
813.300048828125, 0.007421
813.39990234375, 0.008397
813.5, 0.024896
813.60009765625, 0.021658
813.699951171875, 0.028932
813.800048828125, 0.018553
813.89990234375, 0.01984
814.0, 0.022545
814.10009765625, 0.008929
814.199951171875, 0.025694
814.300048828125, 0.033899
814.39990234375, 0.010748
814.5, 0.047648
814.60009765625, 0.042326
814.699951171875, 0.06122
814.800048828125, 0.037314
814.89990234375, 0.031726
815.0, 0.027468
815.10009765625, 0.025517
815.199951171875, 0.001212
815.300048828125, 0.012078
815.39990234375, 0.039842
815.5, 0.050708
815.60009765625, 0.02667
815.699951171875, 0.017711
815.800048828125, 0.007466
815.89990234375, 0.041173
816.0, 0.033101
816.10009765625, 0.028666
816.199951171875, 0.039487
816.300048828125, 0.021791
816.39990234375, 0.051152
816.5, 0.048757
816.60009765625, 0.024497
816.699951171875, 0.031504
816.800048828125, 0.008264
816.89990234375, 0.036427
817.0, -0.008235
817.10009765625, 0.037758
817.199951171875, 0.011368
817.300048828125, 0.026226
817.39990234375, 0.022723
817.5, 0.031238
817.60009765625, 0.02392
817.699951171875, 0.02321
817.800048828125, 0.021348
817.89990234375, 0.046939
818.0, 0.020106
818.10009765625, 0.007776
818.199951171875, 0.01159
818.300048828125, 0.027779
818.39990234375, 0.03931
818.5, 0.023299
818.60009765625, 0.033278
818.699951171875, 0.019574
818.800048828125, 0.02902
818.89990234375, 0.012211
819.0, 0.012655
819.10009765625, 0.003429
819.199951171875, 0.041129
819.300048828125, 0.013364
819.39990234375, 0.015404
819.5, 0.015626
819.60009765625, 0.01434
819.699951171875, 0.00578
819.800048828125, 0.032081
819.89990234375, 0.007732
820.0, 0.020328
820.10009765625, 0.020904
820.199951171875, -0.000473
820.300048828125, 0.045608
820.39990234375, 0.040286
820.5, 0.015538
820.60009765625, 0.031016
820.699951171875, 0.023565
820.800048828125, 0.000635
820.89990234375, 0.001389
821.0, 0.035318
821.10009765625, 0.019396
821.199951171875, 0.013675
821.300048828125, 0.018598
821.39990234375, 0.020106
821.5, 0.02392
821.60009765625, 0.032081
821.699951171875, -0.003268
821.800048828125, 0.028355
821.89990234375, 0.027158
822.0, 0.006046
822.10009765625, 0.022279
822.199951171875, -0.000119
822.300048828125, 0.001833
822.39990234375, 0.027158
822.5, 0.020061
822.60009765625, -0.006372
822.699951171875, 0.026093
822.800048828125, 0.032613
822.89990234375, 0.020328
823.0, -0.00207
823.10009765625, 0.035673
823.199951171875, 0.015937
823.300048828125, 0.009506
823.39990234375, 0.040552
823.5, 0.035673
823.60009765625, 0.014163
823.699951171875, 0.020328
823.800048828125, 0.013187
823.89990234375, 0.030041
824.0, 0.021436
824.10009765625, 0.013808
824.199951171875, 0.026847
824.300048828125, 0.02494
824.39990234375, -0.00309
824.5, 0.01984
824.60009765625, 0.036782
824.699951171875, -0.003844
824.800048828125, 0.035939
824.89990234375, 0.047737
825.0, 0.026492
825.10009765625, 0.033944
825.199951171875, 0.015404
825.300048828125, 0.000236
825.39990234375, 0.025029
825.5, 0.043169
825.60009765625, 0.037802
825.699951171875, 0.027379
825.800048828125, 0.036028
825.89990234375, 0.02015
826.0, -0.004022
826.10009765625, 0.00272
826.199951171875, 0.000103
826.300048828125, 0.020594
826.39990234375, 0.020549
826.5, 0.021215
826.60009765625, 0.033234
826.699951171875, 0.010082
826.800048828125, 0.026138
826.89990234375, 0.013098
827.0, 0.017666
827.10009765625, 0.011768
827.199951171875, 0.025206
827.300048828125, 0.039443
827.39990234375, 0.021569
827.5, 0.036294
827.60009765625, 0.02698
827.699951171875, 0.039443
827.800048828125, 0.03044
827.89990234375, 0.007066
828.0, 0.005026
828.10009765625, 0.037891
828.199951171875, 0.018775
828.300048828125, 0.010526
828.39990234375, 0.0386
828.5, 0.016646
828.60009765625, 0.028178
828.699951171875, 0.016425
828.800048828125, 0.014429
828.89990234375, 0.043479
829.0, 0.032036
829.10009765625, 0.017711
829.199951171875, 0.009949
829.300048828125, 0.009107
829.39990234375, 0.027734
829.5, 0.034387
829.60009765625, 0.012743
829.699951171875, 0.033589
829.800048828125, 0.019086
829.89990234375, 0.028311
830.0, 0.015538
830.10009765625, 0.014784
830.199951171875, 0.012034
830.300048828125, 0.007421
830.39990234375, 0.03829
830.5, 0.043612
830.60009765625, 0.020239
830.699951171875, 0.019174
830.800048828125, 0.012034
830.89990234375, 0.009683
831.0, 0.034964
831.10009765625, 0.033145
831.199951171875, 0.026625
831.300048828125, 0.035851
831.39990234375, 0.046362
831.5, 0.022146
831.60009765625, -0.020254
831.699951171875, 0.022545
831.800048828125, -0.00136
831.89990234375, 0.007066
832.0, 0.012344
832.10009765625, 0.002764
832.199951171875, 0.034165
832.300048828125, 0.026271
832.39990234375, 0.018864
832.5, 0.023743
832.60009765625, 0.029641
832.699951171875, 0.058293
832.800048828125, 0.028577
832.89990234375, 0.024275
833.0, 0.023166
833.10009765625, 0.045076
833.199951171875, 0.041572
833.300048828125, 0.022235
833.39990234375, 0.030307
833.5, 0.045785
833.60009765625, 0.04104
833.699951171875, -0.001671
833.800048828125, 0.03554
833.89990234375, 0.019219
834.0, 0.044233
834.10009765625, 0.008086
834.199951171875, 0.014961
834.300048828125, 0.043967
834.39990234375, 0.028843
834.5, 0.012699
834.60009765625, 0.026182
834.699951171875, 0.004272
834.800048828125, -0.006195
834.89990234375, 0.066054
835.0, 0.02392
835.10009765625, 0.042725
835.199951171875, 0.059401
835.300048828125, 0.032657
835.39990234375, 0.037226
835.5, 0.023299
835.60009765625, 0.065478
835.699951171875, 0.020194
835.800048828125, 0.034077
835.89990234375, 0.021569
836.0, 0.037403
836.10009765625, 0.001434
836.199951171875, 0.057406
836.300048828125, 0.008308
836.39990234375, 0.02423
836.5, 0.049023
836.60009765625, 0.025384
836.699951171875, -0.015065
836.800048828125, 0.018598
836.89990234375, 0.013941
837.0, 0.015848
837.10009765625, 0.045963
837.199951171875, 0.028311
837.300048828125, 0.009284
837.39990234375, 0.041483
837.5, 0.004893
837.60009765625, 0.014917
837.699951171875, 0.021259
837.800048828125, 0.033544
837.89990234375, 0.048846
838.0, 0.000325
838.10009765625, 0.031948
838.199951171875, 0.023255
838.300048828125, 0.029198
838.39990234375, 0.031016
838.5, -0.005929
838.60009765625, -0.000296
838.699951171875, 0.041262
838.800048828125, 0.033944
838.89990234375, 0.019396
839.0, 0.037802
839.10009765625, 0.036605
839.199951171875, 0.051729
839.300048828125, 0.038246
839.39990234375, 0.017933
839.5, 0.010969
839.60009765625, 0.026892
839.699951171875, 0.023166
839.800048828125, 0.015671
839.89990234375, 0.004671
840.0, 0.028754
840.10009765625, 0.032746
840.199951171875, 0.002276
840.300048828125, 0.031504
840.39990234375, 0.008086
840.5, 0.047072
840.60009765625, -0.005618
840.699951171875, 0.022235
840.800048828125, 0.025428
840.89990234375, 0.025029
841.0, 0.026005
841.10009765625, 0.005603
841.199951171875, 0.022678
841.300048828125, 0.030395
841.39990234375, 0.014074
841.5, 0.03421
841.60009765625, 0.025295
841.699951171875, 0.022057
841.800048828125, 0.030883
841.89990234375, 0.037137
842.0, 0.029109
842.10009765625, 0.031948
842.199951171875, 0.043834
842.300048828125, 0.064369
842.39990234375, 0.035984
842.5, 0.02973
842.60009765625, 0.018775
842.699951171875, 0.042681
842.800048828125, 0.017134
842.89990234375, -0.005441
843.0, 0.04206
843.10009765625, 0.008219
843.199951171875, 0.03146
843.300048828125, 0.020461
843.39990234375, 0.014784
843.5, 0.017001
843.60009765625, 0.022811
843.699951171875, 0.036738
843.800048828125, 0.016691
843.89990234375, 0.031105
844.0, 0.011014
844.10009765625, 0.02973
844.199951171875, 0.043923
844.300048828125, 0.023299
844.39990234375, 0.035806
844.5, 0.034742
844.60009765625, -0.001582
844.699951171875, 0.001301
844.800048828125, 0.017445
844.89990234375, 0.018154
845.0, 0.007288
845.10009765625, 0.016957
845.199951171875, 0.014207
845.300048828125, 0.010127
845.39990234375, 0.031948
845.5, -0.002558
845.60009765625, 0.001877
845.699951171875, 0.017977
845.800048828125, 0.014074
845.89990234375, 0.029641
846.0, 0.038423
846.10009765625, 0.044677
846.199951171875, 0.027601
846.300048828125, 0.026492
846.39990234375, 0.028089
846.5, 0.032391
846.60009765625, 0.02117
846.699951171875, 0.010881
846.800048828125, 0.007776
846.89990234375, -0.007215
847.0, 0.015671
847.10009765625, 0.013054
847.199951171875, 0.018376
847.300048828125, 0.013143
847.39990234375, 0.022412
847.5, 0.008264
847.60009765625, 0.013542
847.699951171875, 0.007199
847.800048828125, -0.006904
847.89990234375, 0.045741
848.0, 0.030129
848.10009765625, 0.032125
848.199951171875, 0.035984
848.300048828125, 0.002676
848.39990234375, 0.014251
848.5, 0.007466
848.60009765625, 0.012078
848.699951171875, 0.020904
848.800048828125, 0.013941
848.89990234375, 0.019485
849.0, 0.013897
849.10009765625, -0.003667
849.199951171875, 0.017001
849.300048828125, 0.023166
849.39990234375, 0.033589
849.5, -0.008146
849.60009765625, 0.012433
849.699951171875, 0.019307
849.800048828125, 0.023255
849.89990234375, 0.027424
850.0, 0.041084
850.10009765625, 0.022279
850.199951171875, -0.000473
850.300048828125, 0.029863
850.39990234375, 0.044144
850.5, 0.016779
850.60009765625, 0.022412
850.699951171875, 0.027557
850.800048828125, 0.009861
850.89990234375, -0.000562
851.0, 0.003341
851.10009765625, 0.016868
851.199951171875, 0.012921
851.300048828125, 0.044854
851.39990234375, 0.036605
851.5, 0.027291
851.60009765625, 0.015404
851.699951171875, 0.003474
851.800048828125, -0.001405
851.89990234375, 0.018154
852.0, 0.060821
852.10009765625, 0.012788
852.199951171875, 0.01913
852.300048828125, 0.01944
852.39990234375, 0.035585
852.5, -0.008634
852.60009765625, 0.0174
852.699951171875, 0.025738
852.800048828125, 0.034964
852.89990234375, 0.018199
853.0, 0.017711
853.10009765625, 0.041838
853.199951171875, 0.031016
853.300048828125, 0.014872
853.39990234375, 0.00955
853.5, 0.020416
853.60009765625, 0.01984
853.699951171875, 0.024009
853.800048828125, 0.017312
853.89990234375, 0.007909
854.0, -0.004421
854.10009765625, 0.025605
854.199951171875, 0.021259
854.300048828125, 0.033323
854.39990234375, -0.010497
854.5, 0.00751
854.60009765625, 0.005736
854.699951171875, 0.0123
854.800048828125, 0.008042
854.89990234375, 0.028843
855.0, 0.027025
855.10009765625, 0.007554
855.199951171875, 0.029641
855.300048828125, 0.029242
855.39990234375, 0.037536
855.5, 0.014562
855.60009765625, -0.000518
855.699951171875, 0.027468
855.800048828125, 0.003385
855.89990234375, 0.017533
856.0, 0.033944
856.10009765625, 0.02942
856.199951171875, 0.015005
856.300048828125, 0.00884
856.39990234375, 0.028178
856.5, 0.024763
856.60009765625, 0.035762
856.699951171875, 0.028666
856.800048828125, 0.033411
856.89990234375, -0.005707
857.0, 0.033367
857.10009765625, 0.039266
857.199951171875, 0.011324
857.300048828125, 0.007288
857.39990234375, 0.008441
857.5, 0.039354
857.60009765625, 0.060954
857.699951171875, 0.022989
857.800048828125, 0.032258
857.89990234375, 0.020771
858.0, 0.051773
858.10009765625, -0.001094
858.199951171875, -0.001937
858.300048828125, 0.014429
858.39990234375, 0.009727
858.5, 0.017799
858.60009765625, 0.0068
858.699951171875, 0.019352
858.800048828125, 0.022723
858.89990234375, 0.022456
859.0, 0.045253
859.10009765625, 0.012433
859.199951171875, 0.021126
859.300048828125, 0.048447
859.39990234375, 0.037669
859.5, 0.045963
859.60009765625, 0.010038
859.699951171875, 0.005603
859.800048828125, -0.014888
859.89990234375, 0.026847
860.0, 0.01026
860.10009765625, 0.032657
860.199951171875, 0.000813
860.300048828125, 0.010925
860.39990234375, 0.020682
860.5, 0.009683
860.60009765625, 0.00751
860.699951171875, -0.002248
860.800048828125, 0.016425
860.89990234375, 0.045519
861.0, 0.013586
861.10009765625, 0.032303
861.199951171875, 0.032258
861.300048828125, 0.047426
861.39990234375, 0.036072
861.5, 0.019751
861.60009765625, 0.016779
861.699951171875, 0.042681
861.800048828125, 0.022235
861.89990234375, 0.005071
862.0, 0.019396
862.10009765625, 0.029508
862.199951171875, 0.05235
862.300048828125, 0.024053
862.39990234375, 0.049644
862.5, 0.020682
862.60009765625, 0.025295
862.699951171875, 0.038822
862.800048828125, 0.039931
862.89990234375, 0.028887
863.0, 0.026093
863.10009765625, 0.044499
863.199951171875, 0.028
863.300048828125, 0.032347
863.39990234375, 0.033456
863.5, 0.01536
863.60009765625, 0.034653
863.699951171875, 0.036072
863.800048828125, 0.030573
863.89990234375, 0.028089
864.0, 0.027158
864.10009765625, 0.028
864.199951171875, 0.027069
864.300048828125, 0.013852
864.39990234375, 0.050354
864.5, 0.019352
864.60009765625, 0.024984
864.699951171875, 0.027646
864.800048828125, 0.010171
864.89990234375, -0.02327
865.0, 0.023831
865.10009765625, 0.022501
865.199951171875, 0.017445
865.300048828125, 0.042947
865.39990234375, 0.008663
865.5, 0.01607
865.60009765625, -0.012981
865.699951171875, 0.023299
865.800048828125, 0.02596
865.89990234375, 0.01363
866.0, 0.038246
866.10009765625, 0.019529
866.199951171875, 0.041794
866.300048828125, 0.028178
866.39990234375, 0.045519
866.5, 0.018154
866.60009765625, 0.015449
866.699951171875, 0.025428
866.800048828125, 0.036516
866.89990234375, 0.009594
867.0, 0.049688
867.10009765625, 0.039266
867.199951171875, -0.012049
867.300048828125, 0.031726
867.39990234375, 0.014118
867.5, 0.021702
867.60009765625, 0.024408
867.699951171875, 0.030928
867.800048828125, 0.003518
867.89990234375, 0.010748
868.0, 0.017755
868.10009765625, 0.037093
868.199951171875, 0.016025
868.300048828125, 0.034786
868.39990234375, 0.008175
868.5, 0.042814
868.60009765625, 0.035407
868.699951171875, 0.027601
868.800048828125, 0.014207
868.89990234375, 0.012211
869.0, 0.036339
869.10009765625, 0.016957
869.199951171875, 0.018687
869.300048828125, 0.026226
869.39990234375, 0.016957
869.5, 0.019174
869.60009765625, 0.001788
869.699951171875, 0.040995
869.800048828125, 0.028
869.89990234375, 0.038334
870.0, -0.001316
870.10009765625, 0.015671
870.199951171875, 0.008885
870.300048828125, 0.028577
870.39990234375, 0.026847
870.5, 0.013852
870.60009765625, 0.023521
870.699951171875, 0.022102
870.800048828125, 0.036205
870.89990234375, 0.036205
871.0, 0.041882
871.10009765625, 0.014828
871.199951171875, 0.03146
871.300048828125, 0.025827
871.39990234375, 0.006578
871.5, 0.048136
871.60009765625, 0.011102
871.699951171875, 0.010526
871.800048828125, 0.004804
871.89990234375, 0.010171
872.0, 0.01607
872.10009765625, 0.031105
872.199951171875, 0.033944
872.300048828125, 0.043745
872.39990234375, 0.016602
872.5, 0.051773
872.60009765625, 0.018376
872.699951171875, 0.02219
872.800048828125, 0.014961
872.89990234375, 0.032968
873.0, 0.03931
873.10009765625, 0.01403
873.199951171875, 0.000369
873.300048828125, 0.019618
873.39990234375, 0.041217
873.5, 0.039576
873.60009765625, 0.007332
873.699951171875, 0.030661
873.800048828125, 0.015449
873.89990234375, 0.028932
874.0, 0.035984
874.10009765625, 0.054745
874.199951171875, 0.041483
874.300048828125, 0.016558
874.39990234375, 0.015759
874.5, 0.01944
874.60009765625, 0.022989
874.699951171875, 0.021969
874.800048828125, 0.020283
874.89990234375, 0.022323
875.0, 0.042503
875.10009765625, 0.040153
875.199951171875, 0.028355
875.300048828125, 0.040995
875.39990234375, 0.046273
875.5, 0.010925
875.60009765625, 0.03248
875.699951171875, 0.029287
875.800048828125, 0.011546
875.89990234375, 0.013143
876.0, 0.019618
876.10009765625, 0.030573
876.199951171875, -0.009033
876.300048828125, 0.012743
876.39990234375, 0.04339
876.5, 0.035806
876.60009765625, -0.000207
876.699951171875, 0.02942
876.800048828125, 0.008885
876.89990234375, -0.0089
877.0, 0.020771
877.10009765625, 0.038911
877.199951171875, 0.029198
877.300048828125, 0.023964
877.39990234375, 0.035851
877.5, 0.02769
877.60009765625, 0.021658
877.699951171875, 0.007909
877.800048828125, 0.032524
877.89990234375, 0.030395
878.0, 0.025029
878.10009765625, 0.041616
878.199951171875, 0.027335
878.300048828125, 0.031327
878.39990234375, 0.04512
878.5, -0.011606
878.60009765625, 0.022634
878.699951171875, 0.012034
878.800048828125, 0.045919
878.89990234375, 0.034476
879.0, 0.031061
879.10009765625, 0.022102
879.199951171875, 0.039177
879.300048828125, 0.027513
879.39990234375, 0.001168
879.5, 0.005691
879.60009765625, 0.041572
879.699951171875, 0.042237
879.800048828125, 0.02769
879.89990234375, 0.052837
880.0, 0.035363
880.10009765625, 0.035274
880.199951171875, 0.025384
880.300048828125, 0.061353
880.39990234375, 0.027513
880.5, 0.014473
880.60009765625, 0.039665
880.699951171875, 0.025872
880.800048828125, 0.001345
880.89990234375, 0.005248
881.0, 0.028488
881.10009765625, 0.034032
881.199951171875, 0.009816
881.300048828125, 0.017223
881.39990234375, 0.041838
881.5, 0.025339
881.60009765625, 0.043302
881.699951171875, -0.000207
881.800048828125, 0.027069
881.89990234375, 0.031371
882.0, 0.000369
882.10009765625, 0.016336
882.199951171875, 0.024807
882.300048828125, 0.014207
882.39990234375, 0.013098
882.5, 0.023432
882.60009765625, 0.020948
882.699951171875, 0.018997
882.800048828125, 0.001079
882.89990234375, 0.017533
883.0, 0.037181
883.10009765625, 0.015848
883.199951171875, 0.017223
883.300048828125, 0.01128
883.39990234375, 0.004804
883.5, 0.009151
883.60009765625, 0.013763
883.699951171875, 0.028222
883.800048828125, 0.014384
883.89990234375, 0.032214
884.0, 0.035363
884.10009765625, 0.018021
884.199951171875, 0.023033
884.300048828125, 0.026448
884.39990234375, 0.016292
884.5, 0.026847
884.60009765625, 0.015538
884.699951171875, 0.02769
884.800048828125, 0.023876
884.89990234375, 0.016824
885.0, 0.040463
885.10009765625, 0.025872
885.199951171875, 0.043036
885.300048828125, 0.049511
885.39990234375, 0.026359
885.5, 0.022146
885.60009765625, 0.027379
885.699951171875, 0.035008
885.800048828125, 0.016203
885.89990234375, 0.037846
886.0, 0.020549
886.10009765625, 0.015759
886.199951171875, 0.034564
886.300048828125, 0.008929
886.39990234375, 0.041838
886.5, 0.036161
886.60009765625, 0.053192
886.699951171875, 0.030528
886.800048828125, 0.030085
886.89990234375, 0.04237
887.0, 0.012876
887.10009765625, 0.025029
887.199951171875, 0.035274
887.300048828125, 0.034343
887.39990234375, 0.041306
887.5, 0.027424
887.60009765625, 0.034431
887.699951171875, 0.012876
887.800048828125, 0.000946
887.89990234375, 0.013143
888.0, 0.023299
888.10009765625, 0.042947
888.199951171875, 0.02361
888.300048828125, 0.0386
888.39990234375, 0.039576
888.5, 0.036782
888.60009765625, 0.011413
888.699951171875, 0.001522
888.800048828125, -0.003445
888.89990234375, 0.013808
889.0, 0.0229
889.10009765625, 0.018598
889.199951171875, 0.018287
889.300048828125, -0.003622
889.39990234375, 0.025029
889.5, 0.02188
889.60009765625, 0.031903
889.699951171875, 0.014163
889.800048828125, 0.027335
889.89990234375, 0.031903
890.0, 0.021037
890.10009765625, 0.023964
890.199951171875, 0.030129
890.300048828125, -0.00278
890.39990234375, 0.025517
890.5, 0.0386
890.60009765625, 0.022412
890.699951171875, -0.000207
890.800048828125, 0.033855
890.89990234375, 0.009018
891.0, 0.028533
891.10009765625, 0.01128
891.199951171875, 0.024364
891.300048828125, 0.052128
891.39990234375, 0.015671
891.5, 0.036161
891.60009765625, 0.006312
891.699951171875, 0.067074
891.800048828125, 0.028045
891.89990234375, 0.001922
892.0, 0.036072
892.10009765625, 0.033012
892.199951171875, 0.02361
892.300048828125, 0.009905
892.39990234375, 0.035895
892.5, 0.032436
892.60009765625, 0.005115
892.699951171875, 0.011058
892.800048828125, 0.034919
892.89990234375, 0.019884
893.0, 0.027025
893.10009765625, 0.010348
893.199951171875, 0.002764
893.300048828125, 0.02902
893.39990234375, 0.046894
893.5, 0.031637
893.60009765625, 0.042636
893.699951171875, 0.020549
893.800048828125, 0.011723
893.89990234375, 0.010393
894.0, 0.025384
894.10009765625, 0.02015
894.199951171875, 0.016824
894.300048828125, 0.015316
894.39990234375, -0.006683
894.5, 0.031282
894.60009765625, 0.042149
894.699951171875, 0.022146
894.800048828125, 0.017134
894.89990234375, 0.004538
895.0, 0.005381
895.10009765625, 0.01332
895.199951171875, 0.028
895.300048828125, 0.031726
895.39990234375, 0.032169
895.5, 0.048358
895.60009765625, 0.028
895.699951171875, 0.011723
895.800048828125, 0.002542
895.89990234375, -0.0144
896.0, 0.01984
896.10009765625, 0.043302
896.199951171875, 0.030484
896.300048828125, 0.046894
896.39990234375, 0.032569
896.5, 0.035895
896.60009765625, 0.043479
896.699951171875, 0.004228
896.800048828125, 0.037181
896.89990234375, -0.012404
897.0, 0.040197
897.10009765625, 0.019086
897.199951171875, 0.022456
897.300048828125, 0.00099
897.39990234375, 0.019928
897.5, 0.028178
897.60009765625, 0.011723
897.699951171875, 0.035363
897.800048828125, 0.032258
897.89990234375, 0.025206
898.0, 0.018243
898.10009765625, 0.000724
898.199951171875, 0.025605
898.300048828125, 0.030262
898.39990234375, 0.039665
898.5, 0.001079
898.60009765625, 0.027867
898.699951171875, 0.009506
898.800048828125, 0.05368
898.89990234375, 0.026005
899.0, 0.024319
899.10009765625, 0.020416
899.199951171875, 0.007332
899.300048828125, 0.01403
899.39990234375, 0.026138
899.5, 0.001567
899.60009765625, -0.012759
899.699951171875, 0.008175
899.800048828125, 0.00405
899.89990234375, 0.004317
900.0, 0.049112
900.10009765625, 0.022767
900.199951171875, 0.019707
900.300048828125, 0.013542
900.39990234375, 0.036339
900.5, 0.008796
900.60009765625, 0.011901
900.699951171875, 0.02117
900.800048828125, 0.046007
900.89990234375, 0.034298
901.0, 0.025916
901.10009765625, 0.020638
901.199951171875, 0.019219
901.300048828125, 0.02973
901.39990234375, 0.033944
901.5, 0.015892
901.60009765625, 0.036339
901.699951171875, 0.006224
901.800048828125, 0.027379
901.89990234375, 0.02596
902.0, 0.0335
902.10009765625, 0.044411
902.199951171875, 0.009284
902.300048828125, 0.026404
902.39990234375, 0.015449
902.5, 0.019307
902.60009765625, 0.041483
902.699951171875, 0.024186
902.800048828125, 0.01984
902.89990234375, 0.024053
903.0, 0.012699
903.10009765625, 0.02423
903.199951171875, 0.011679
903.300048828125, 0.034964
903.39990234375, 0.014961
903.5, 0.045608
903.60009765625, 0.016469
903.699951171875, -0.013513
903.800048828125, 0.024053
903.89990234375, 0.002055
904.0, 0.013054
904.10009765625, 0.026759
904.199951171875, 0.019219
904.300048828125, 0.007776
904.39990234375, 0.03075
904.5, 0.035585
904.60009765625, 0.059889
904.699951171875, 0.029908
904.800048828125, 0.008574
904.89990234375, 0.005647
905.0, 0.033544
905.10009765625, 0.063349
905.199951171875, 0.026005
905.300048828125, 0.016646
905.39990234375, 0.028577
905.5, 0.024541
905.60009765625, 0.005115
905.699951171875, 0.012921
905.800048828125, -0.001006
905.89990234375, 0.047249
906.0, 0.014074
906.10009765625, 0.018553
906.199951171875, 0.014961
906.300048828125, 0.046717
906.39990234375, 0.02871
906.5, 0.022501
906.60009765625, 0.005204
906.699951171875, 0.003075
906.800048828125, 0.045963
906.89990234375, 0.028488
907.0, 0.058869
907.10009765625, 0.023432
907.199951171875, 0.011635
907.300048828125, 0.012389
907.39990234375, 0.0229
907.5, 0.018953
907.60009765625, 0.011856
907.699951171875, 0.031371
907.800048828125, 0.029908
907.89990234375, 0.029109
908.0, 0.015005
908.10009765625, 0.044366
908.199951171875, 0.044854
908.300048828125, 0.021525
908.39990234375, -0.008368
908.5, 0.013276
908.60009765625, 0.017666
908.699951171875, 0.022013
908.800048828125, 0.023388
908.89990234375, 0.025073
909.0, 0.016114
909.10009765625, 0.052305
909.199951171875, 0.030661
909.300048828125, 0.020017
909.39990234375, 0.020638
909.5, 0.051462
909.60009765625, 0.00476
909.699951171875, 0.007377
909.800048828125, 0.02565
909.89990234375, 0.014606
910.0, 0.035939
910.10009765625, 0.012122
910.199951171875, 0.01913
910.300048828125, 0.030129
910.39990234375, 0.038024
910.5, 0.011014
910.60009765625, 0.021348
910.699951171875, 0.031637
910.800048828125, 0.009373
910.89990234375, 0.032524
911.0, 0.035363
911.10009765625, 0.040862
911.199951171875, 0.015493
911.300048828125, 0.01434
911.39990234375, 0.030174
911.5, 0.009461
911.60009765625, -0.008812
911.699951171875, 0.011014
911.800048828125, 0.019529
911.89990234375, 0.005026
912.0, 0.012965
912.10009765625, 0.0441
912.199951171875, 0.028222
912.300048828125, 0.025073
912.39990234375, 0.034077
912.5, 0.011191
912.60009765625, 0.0547
912.699951171875, 0.01536
912.800048828125, 0.028311
912.89990234375, 0.017001
913.0, 0.02667
913.10009765625, 0.016957
913.199951171875, 0.027513
913.300048828125, 0.04002
913.39990234375, 0.014296
913.5, 0.010481
913.60009765625, 0.02463
913.699951171875, 0.018465
913.800048828125, 0.022545
913.89990234375, 0.041483
914.0, 0.041439
914.10009765625, 0.010127
914.199951171875, 0.016691
914.300048828125, 0.011723
914.39990234375, 0.037403
914.5, 0.030307
914.60009765625, -0.001272
914.699951171875, 0.004183
914.800048828125, 0.037536
914.89990234375, 0.012965
915.0, 0.026847
915.10009765625, 0.022456
915.199951171875, 0.012921
915.300048828125, 0.027734
915.39990234375, 0.02494
915.5, 0.052926
915.60009765625, 0.019795
915.699951171875, 0.033367
915.800048828125, 0.019396
915.89990234375, 0.008175
916.0, 0.02015
916.10009765625, 0.018997
916.199951171875, 0.038867
916.300048828125, 0.046052
916.39990234375, 0.042636
916.5, 0.045475
916.60009765625, 0.010748
916.699951171875, 0.022456
916.800048828125, 0.025384
916.89990234375, 0.009018
917.0, 0.005869
917.10009765625, 0.014695
917.199951171875, 0.025295
917.300048828125, 0.021969
917.39990234375, 0.014695
917.5, 0.007421
917.60009765625, -0.020831
917.699951171875, 0.006312
917.800048828125, 0.014784
917.89990234375, 0.046539
918.0, 0.052704
918.10009765625, 0.006401
918.199951171875, 0.026714
918.300048828125, 0.012788
918.39990234375, 0.035984
918.5, 0.036605
918.60009765625, 0.022678
918.699951171875, 0.050487
918.800048828125, 0.034165
918.89990234375, 0.04206
919.0, 0.017977
919.10009765625, -0.010497
919.199951171875, 0.015626
919.300048828125, 0.036427
919.39990234375, 0.047515
919.5, 0.035496
919.60009765625, 0.020505
919.699951171875, 0.025738
919.800048828125, 0.033056
919.89990234375, 0.044455
920.0, 0.019928
920.10009765625, 0.002099
920.199951171875, 0.025872
920.300048828125, 0.01536
920.39990234375, 0.007288
920.5, 0.013098
920.60009765625, 0.025339
920.699951171875, 0.041838
920.800048828125, 0.015626
920.89990234375, 0.026093
921.0, 0.01403
921.10009765625, 0.014917
921.199951171875, 0.024585
921.300048828125, 0.012743
921.39990234375, 0.029109
921.5, 0.020771
921.60009765625, 0.016158
921.699951171875, 0.015094
921.800048828125, 0.006224
921.89990234375, 0.012655
922.0, 0.004716
922.10009765625, 0.015094
922.199951171875, 0.011502
922.300048828125, 0.023299
922.39990234375, 0.006667
922.5, 0.031682
922.60009765625, 0.008796
922.699951171875, 0.018021
922.800048828125, 0.023654
922.89990234375, 0.038645
923.0, 0.018775
923.10009765625, 0.03075
923.199951171875, -0.00584
923.300048828125, 0.014207
923.39990234375, 0.019263
923.5, 0.03075
923.60009765625, 0.041616
923.699951171875, 0.027335
923.800048828125, 0.053458
923.89990234375, 0.025118
924.0, 0.01332
924.10009765625, 0.021037
924.199951171875, 0.024896
924.300048828125, 0.01128
924.39990234375, 0.001301
924.5, 0.038423
924.60009765625, 0.028222
924.699951171875, 0.031415
924.800048828125, 0.035939
924.89990234375, 0.044056
925.0, 0.025472
925.10009765625, 0.044411
925.199951171875, 0.006667
925.300048828125, 0.010171
925.39990234375, 0.026448
925.5, 0.005691
925.60009765625, 0.018465
925.699951171875, 0.031016
925.800048828125, 0.032258
925.89990234375, 0.012965
926.0, 0.024807
926.10009765625, 0.027202
926.199951171875, -0.009743
926.300048828125, 0.035185
926.39990234375, 0.057627
926.5, 0.026049
926.60009765625, 0.02423
926.699951171875, 0.018642
926.800048828125, 0.014296
926.89990234375, -0.002425
927.0, 0.033633
927.10009765625, -0.005796
927.199951171875, 0.011014
927.300048828125, -0.007792
927.39990234375, 0.005071
927.5, 0.020505
927.60009765625, 0.016735
927.699951171875, 0.025738
927.800048828125, 0.014961
927.89990234375, 0.025073
928.0, 0.021791
928.10009765625, 0.007111
928.199951171875, 0.017312
928.300048828125, 0.012876
928.39990234375, 0.013586
928.5, -0.009433
928.60009765625, 0.024674
928.699951171875, 0.039088
928.800048828125, 0.018376
928.89990234375, 0.011147
929.0, 0.028089
929.10009765625, 0.015449
929.199951171875, 0.017888
929.300048828125, 0.02667
929.39990234375, -0.003046
929.5, 0.021525
929.60009765625, 0.01159
929.699951171875, 0.005691
929.800048828125, 0.000857
929.89990234375, 0.016114
930.0, 0.030041
930.10009765625, 0.031549
930.199951171875, 0.028976
930.300048828125, 0.056208
930.39990234375, 0.050531
930.5, 0.037181
930.60009765625, 0.026625
930.699951171875, -0.004953
930.800048828125, 0.01709
930.89990234375, 0.018287
931.0, 0.039532
931.10009765625, 0.069425
931.199951171875, 0.023565
931.300048828125, 0.009018
931.39990234375, 0.013675
931.5, 0.00751
931.60009765625, 0.01842
931.699951171875, 0.026581
931.800048828125, 0.017622
931.89990234375, -0.000961
932.0, 0.032835
932.10009765625, 0.023521
932.199951171875, 0.022767
932.300048828125, 0.030129
932.39990234375, 0.03279
932.5, 0.033145
932.60009765625, 0.026537
932.699951171875, 0.000236
932.800048828125, 0.004361
932.89990234375, 0.026315
933.0, 0.03452
933.10009765625, 0.006889
933.199951171875, 0.013187
933.300048828125, 0.015937
933.39990234375, -0.002514
933.5, 0.028311
933.60009765625, 0.010038
933.699951171875, 0.008796
933.800048828125, 0.008308
933.89990234375, 0.02667
934.0, 0.008796
934.10009765625, 0.012743
934.199951171875, 0.016824
934.300048828125, -0.011074
934.39990234375, 0.034032
934.5, -0.008856
934.60009765625, 0.01465
934.699951171875, 0.0174
934.800048828125, 0.049023
934.89990234375, 0.008885
935.0, 0.030883
935.10009765625, 0.018908
935.199951171875, 0.020771
935.300048828125, 0.023255
935.39990234375, 0.016957
935.5, 0.015804
935.60009765625, 0.026049
935.699951171875, 0.029908
935.800048828125, 0.010215
935.89990234375, 0.022368
936.0, 0.019307
936.10009765625, 0.027601
936.199951171875, 0.017888
936.300048828125, 0.021924
936.39990234375, 0.012743
936.5, 0.02117
936.60009765625, 0.040241
936.699951171875, 0.010082
936.800048828125, 0.031061
936.89990234375, 0.002853
937.0, 0.005558
937.10009765625, 0.007643
937.199951171875, 0.04512
937.300048828125, 0.023255
937.39990234375, 0.020993
937.5, 0.044144
937.60009765625, 0.042459
937.699951171875, 0.054257
937.800048828125, 0.019618
937.89990234375, 0.007466
938.0, 0.052793
938.10009765625, 0.04002
938.199951171875, 0.040862
938.300048828125, 0.007111
938.39990234375, 0.033677
938.5, 0.02565
938.60009765625, 0.033056
938.699951171875, 0.019396
938.800048828125, 0.005869
938.89990234375, 0.01709
939.0, 0.025162
939.10009765625, 0.025916
939.199951171875, 0.002409
939.300048828125, 0.001788
939.39990234375, 0.01403
939.5, 0.025783
939.60009765625, 0.011014
939.699951171875, 0.004583
939.800048828125, 0.028311
939.89990234375, 0.046451
940.0, 0.033101
940.10009765625, 0.011989
940.199951171875, 0.000103
940.300048828125, 0.041616
940.39990234375, 0.009905
940.5, -0.003268
940.60009765625, 0.031371
940.699951171875, 0.01709
940.800048828125, 0.030174
940.89990234375, 0.040375
941.0, 0.015227
941.10009765625, 0.022545
941.199951171875, -0.004155
941.300048828125, 0.017356
941.39990234375, 0.03625
941.5, 0.02392
941.60009765625, -0.001671
941.699951171875, 0.041483
941.800048828125, 0.017888
941.89990234375, 0.015404
942.0, 0.015449
942.10009765625, 0.013054
942.199951171875, 0.021747
942.300048828125, 0.015316
942.39990234375, 0.018199
942.5, 0.034121
942.60009765625, 0.004228
942.699951171875, 0.029109
942.800048828125, 0.032968
942.89990234375, 0.019352
943.0, 0.012832
943.10009765625, 0.00924
943.199951171875, 0.025738
943.300048828125, 0.034786
943.39990234375, 0.015449
943.5, 0.030528
943.60009765625, 0.017134
943.699951171875, 0.026581
943.800048828125, 0.030041
943.89990234375, 0.042326
944.0, 0.011856
944.10009765625, 0.025118
944.199951171875, 0.012655
944.300048828125, 0.04991
944.39990234375, 0.018509
944.5, 0.021348
944.60009765625, 0.034609
944.699951171875, 0.018687
944.800048828125, 0.018553
944.89990234375, 0.01403
945.0, 0.008973
945.10009765625, 0.016824
945.199951171875, -0.002469
945.300048828125, 0.019041
945.39990234375, 0.003873
945.5, 0.017933
945.60009765625, 0.045165
945.699951171875, 0.044011
945.800048828125, 0.017134
945.89990234375, 0.031726
946.0, 0.026936
946.10009765625, 0.006179
946.199951171875, 0.011768
946.300048828125, 0.049511
946.39990234375, 0.0441
946.5, 0.009905
946.60009765625, 0.023521
946.699951171875, 0.013941
946.800048828125, 0.017489
946.89990234375, 0.015271
947.0, 0.032169
947.10009765625, 0.045298
947.199951171875, 0.020771
947.300048828125, 0.013985
947.39990234375, 0.034387
947.5, 0.019973
947.60009765625, 0.001434
947.699951171875, 0.026049
947.800048828125, 0.026714
947.89990234375, -0.001006
948.0, 0.00201
948.10009765625, 0.029242
948.199951171875, 0.009151
948.300048828125, 0.025118
948.39990234375, 0.021303
948.5, 0.010614
948.60009765625, 0.017755
948.699951171875, 0.032169
948.800048828125, 0.021037
948.89990234375, 0.032569
949.0, 0.007554
949.10009765625, 0.036028
949.199951171875, 0.044677
949.300048828125, 0.027734
949.39990234375, 0.028887
949.5, 0.017179
949.60009765625, 0.025605
949.699951171875, 0.014384
949.800048828125, 0.020461
949.89990234375, 0.007199
950.0, 0.040286
950.10009765625, 0.01882
950.199951171875, 0.006179
950.300048828125, 0.028266
950.39990234375, 0.01984
950.5, 0.004671
950.60009765625, 0.026759
950.699951171875, 0.02973
950.800048828125, 0.013985
950.89990234375, -0.004509
951.0, 0.005071
951.10009765625, 0.023299
951.199951171875, 0.012389
951.300048828125, 0.016868
951.39990234375, 0.017179
951.5, 0.011457
951.60009765625, 0.023122
951.699951171875, 0.013187
951.800048828125, 0.026492
951.89990234375, 0.026581
952.0, -0.008723
952.10009765625, 0.006002
952.199951171875, 0.01842
952.300048828125, 0.017844
952.39990234375, 0.011147
952.5, -0.004953
952.60009765625, 0.027779
952.699951171875, 0.031504
952.800048828125, 0.036339
952.89990234375, 0.010437
953.0, 0.02942
953.10009765625, 0.028799
953.199951171875, 0.019574
953.300048828125, 0.009195
953.39990234375, 0.011235
953.5, 0.037935
953.60009765625, 0.013852
953.699951171875, 0.00924
953.800048828125, 0.011235
953.89990234375, 0.020594
954.0, 0.033589
954.10009765625, 0.021436
954.199951171875, 0.011502
954.300048828125, 0.018687
954.39990234375, -0.005929
954.5, -0.013779
954.60009765625, -0.00207
954.699951171875, 0.003075
954.800048828125, 0.009195
954.89990234375, 0.02902
955.0, 0.016336
955.10009765625, 0.023388
955.199951171875, 0.048713
955.300048828125, 0.041439
955.39990234375, 0.03523
955.5, 0.031815
955.60009765625, 0.02667
955.699951171875, 0.031815
955.800048828125, 0.029553
955.89990234375, 0.020194
956.0, -0.001227
956.10009765625, 0.025073
956.199951171875, 0.03523
956.300048828125, 0.026492
956.39990234375, 0.023654
956.5, -7.4e-05
956.60009765625, 0.017533
956.699951171875, 0.036649
956.800048828125, 0.027823
956.89990234375, 0.037935
957.0, 0.027246
957.10009765625, 0.023166
957.199951171875, 0.012522
957.300048828125, 0.021614
957.39990234375, 0.037891
957.5, 0.035984
957.60009765625, -0.005308
957.699951171875, 0.04002
957.800048828125, 0.023033
957.89990234375, 0.023831
958.0, 0.03829
958.10009765625, 0.028266
958.199951171875, 0.046007
958.300048828125, 0.03146
958.39990234375, 0.024319
958.5, -0.013557
958.60009765625, 0.017666
958.699951171875, 0.03044
958.800048828125, 0.050842
958.89990234375, 0.041262
959.0, 0.01709
959.10009765625, -0.001227
959.199951171875, 0.031282
959.300048828125, 0.020372
959.39990234375, 0.02596
959.5, 0.026182
959.60009765625, 0.02494
959.699951171875, 0.027956
959.800048828125, 0.006357
959.89990234375, 0.022013
960.0, 0.028932
960.10009765625, 0.011856
960.199951171875, 0.037625
960.300048828125, 0.033899
960.39990234375, 0.021747
960.5, 0.031282
960.60009765625, 0.040286
960.699951171875, 0.023343
960.800048828125, 0.014695
960.89990234375, 0.026492
961.0, 0.002232
961.10009765625, 0.035984
961.199951171875, 0.018997
961.300048828125, 0.005425
961.39990234375, 0.00782
961.5, 0.018864
961.60009765625, 0.033056
961.699951171875, 0.022013
961.800048828125, 0.037226
961.89990234375, 0.027291
962.0, 0.017179
962.10009765625, 0.034298
962.199951171875, 0.029952
962.300048828125, 0.03829
962.39990234375, 0.022102
962.5, 0.020815
962.60009765625, 0.001567
962.699951171875, 0.022545
962.800048828125, 0.01465
962.89990234375, 0.02361
963.0, 0.031726
963.10009765625, 0.024984
963.199951171875, 0.013542
963.300048828125, 0.020549
963.39990234375, 0.012122
963.5, 0.039576
963.60009765625, 0.031593
963.699951171875, 0.032036
963.800048828125, 0.013231
963.89990234375, 0.020061
964.0, 0.005558
964.10009765625, 0.008796
964.199951171875, 0.00303
964.300048828125, 0.022456
964.39990234375, 0.007909
964.5, -0.001316
964.60009765625, 0.011679
964.699951171875, 0.109962
964.800048828125, 0.491743
964.89990234375, 0.931003
965.0, 1.313359
965.10009765625, 1.573704
965.199951171875, 1.851347
965.300048828125, 2.109119
965.39990234375, 2.350082
965.5, 2.623068
965.60009765625, 2.96431
965.699951171875, 3.315222
965.800048828125, 3.515825
965.89990234375, 3.613709
966.0, 3.808325
966.10009765625, 4.05084
966.199951171875, 4.219111
966.300048828125, 4.294465
966.39990234375, 4.380729
966.5, 4.473291
966.60009765625, 4.551971
966.699951171875, 4.559023
966.800048828125, 4.601645
966.89990234375, 4.600891
967.0, 4.578493
967.10009765625, 4.548955
967.199951171875, 4.559821
967.300048828125, 4.550463
967.39990234375, 4.507087
967.5, 4.473114
967.60009765625, 4.414392
967.699951171875, 4.353364
967.800048828125, 4.296993
967.89990234375, 4.209753
968.0, 4.105837
968.10009765625, 4.056783
968.199951171875, 4.033987
968.300048828125, 4.126327
968.39990234375, 4.247674
968.5, 4.362899
968.60009765625, 4.454974
968.699951171875, 4.572196
968.800048828125, 4.648747
968.89990234375, 4.723657
969.0, 4.797769
969.10009765625, 4.890907
969.199951171875, 4.934372
969.300048828125, 4.9687
969.39990234375, 5.024717
969.5, 5.061085
969.60009765625, 5.073548
969.699951171875, 5.103131
969.800048828125, 5.142604
969.89990234375, 5.131028
970.0, 5.158171
970.10009765625, 5.135241
970.199951171875, 5.161631
970.300048828125, 5.138213
970.39990234375, 5.173207
970.5, 5.171299
970.60009765625, 5.151696
970.699951171875, 5.164957
970.800048828125, 5.123488
970.89990234375, 5.145132
971.0, 5.135685
971.10009765625, 5.113376
971.199951171875, 5.164159
971.300048828125, 5.157639
971.39990234375, 5.13839
971.5, 5.122424
971.60009765625, 5.092664
971.699951171875, 5.08131
971.800048828125, 5.094172
971.89990234375, 5.106635
972.0, 5.093728
972.10009765625, 5.062771
972.199951171875, 5.071197
972.300048828125, 5.090402
972.39990234375, 5.042901
972.5, 5.049687
972.60009765625, 5.048711
972.699951171875, 5.057936
972.800048828125, 5.034341
972.89990234375, 5.068536
973.0, 5.01425
973.10009765625, 4.998904
973.199951171875, 5.039575
973.300048828125, 4.997618
973.39990234375, 5.004581
973.5, 5.007952
973.60009765625, 4.989235
973.699951171875, 4.980498
973.800048828125, 4.957479
973.89990234375, 4.933663
974.0, 4.921288
974.10009765625, 4.940626
974.199951171875, 4.922264
974.300048828125, 4.901818
974.39990234375, 4.890242
974.5, 4.905366
974.60009765625, 4.958633
974.699951171875, 4.883989
974.800048828125, 4.796793
974.89990234375, 4.561241
975.0, 4.24244
975.10009765625, 3.863144
975.199951171875, 3.458034
975.300048828125, 2.993671
975.39990234375, 2.542569
975.5, 2.113732
975.60009765625, 1.634954
975.699951171875, 1.096435
975.800048828125, 0.076965
975.89990234375, -0.025355
976.0, -0.040567
976.10009765625, -0.038926
976.199951171875, -0.036177
976.300048828125, -0.049305
976.39990234375, -0.046644
976.5, -0.060437
976.60009765625, -0.042652
976.699951171875, 0.003341
976.800048828125, -0.017948
976.89990234375, -0.037374
977.0, -0.023137
977.10009765625, -0.005352
977.199951171875, -0.017815
977.300048828125, 0.000458
977.39990234375, 0.016602
977.5, -0.015198
977.60009765625, 0.008663
977.699951171875, 0.019795
977.800048828125, 0.03523
977.89990234375, 0.027646
978.0, 0.030129
978.10009765625, 0.032169
978.199951171875, -0.004066
978.300048828125, 0.006667
978.39990234375, 0.023964
978.5, 0.031105
978.60009765625, 0.019219
978.699951171875, -0.00482
978.800048828125, 0.00884
978.89990234375, 0.026315
979.0, -0.003002
979.10009765625, 0.041705
979.199951171875, 0.027291
979.300048828125, 0.004494
979.39990234375, 0.011546
979.5, -0.002248
979.60009765625, 0.021481
979.699951171875, 0.023787
979.800048828125, 0.008086
979.89990234375, 0.019352
980.0, 0.007332
980.10009765625, 0.02667
980.199951171875, 0.016247
980.300048828125, 0.032569
980.39990234375, 0.030307
980.5, 0.003518
980.60009765625, 0.033367
980.699951171875, 0.020815
980.800048828125, 0.015316
980.89990234375, 0.045519
981.0, 0.001922
981.10009765625, 0.035984
981.199951171875, 0.018642
981.300048828125, 0.032303
981.39990234375, 0.012788
981.5, 0.010437
981.60009765625, 0.028887
981.699951171875, 0.013143
981.800048828125, 0.021835
981.89990234375, 0.007998
982.0, 0.01811
982.10009765625, 0.030041
982.199951171875, -0.005973
982.300048828125, 0.030617
982.39990234375, 0.031016
982.5, -0.008191
982.60009765625, 0.025694
982.699951171875, 0.035052
982.800048828125, 0.017755
982.89990234375, 0.033677
983.0, -0.002292
983.10009765625, 0.019928
983.199951171875, 0.040153
983.300048828125, 0.027823
983.39990234375, 0.028089
983.5, 0.016292
983.60009765625, 0.017799
983.699951171875, 0.017533
983.800048828125, 0.016735
983.89990234375, 0.02698
984.0, 0.018243
984.10009765625, 0.011989
984.199951171875, 0.011014
984.300048828125, 0.009639
984.39990234375, 0.026581
984.5, 0.03044
984.60009765625, 0.028577
984.699951171875, 0.02942
984.800048828125, 0.009994
984.89990234375, 0.045031
985.0, 0.027468
985.10009765625, 0.014429
985.199951171875, 0.002232
985.300048828125, 0.026226
985.39990234375, 0.012122
985.5, 0.016114
985.60009765625, 0.050043
985.699951171875, 0.002365
985.800048828125, 0.019263
985.89990234375, 0.01536
986.0, 0.025206
986.10009765625, 0.012389
986.199951171875, 0.008175
986.300048828125, 0.020549
986.39990234375, 0.025472
986.5, 0.017223
986.60009765625, 0.015626
986.699951171875, 0.01811
986.800048828125, 0.005603
986.89990234375, 0.004183
987.0, 0.028887
987.10009765625, 0.0229
987.199951171875, 0.019174
987.300048828125, 0.015538
987.39990234375, 0.015183
987.5, 0.018332
987.60009765625, 0.042592
987.699951171875, 0.042991
987.800048828125, 0.027202
987.89990234375, 0.011723
988.0, 0.026537
988.10009765625, 0.01332
988.199951171875, 0.006357
988.300048828125, 0.012655
988.39990234375, 0.029863
988.5, 0.05164
988.60009765625, 0.029508
988.699951171875, -0.002868
988.800048828125, -0.0038
988.89990234375, 0.028
989.0, 0.020283
989.10009765625, 0.011812
989.199951171875, 0.010127
989.300048828125, 0.033278
989.39990234375, 0.022279
989.5, 0.034698
989.60009765625, 0.015626
989.699951171875, 0.045076
989.800048828125, 0.035939
989.89990234375, 0.027246
990.0, 0.021969
990.10009765625, 0.005691
990.199951171875, 0.040419
990.300048828125, 0.028222
990.39990234375, 0.009772
990.5, 0.030617
990.60009765625, 0.012788
990.699951171875, 0.026271
990.800048828125, 0.006135
990.89990234375, 0.004849
991.0, 0.020727
991.10009765625, 0.030351
991.199951171875, 0.036472
991.300048828125, 0.026492
991.39990234375, 0.012167
991.5, 0.033855
991.60009765625, 0.001478
991.699951171875, 0.022102
991.800048828125, 0.014384
991.89990234375, 0.011147
992.0, 0.034476
992.10009765625, 0.029198
992.199951171875, 0.000857
992.300048828125, 0.049023
992.39990234375, 0.027557
992.5, 0.019618
992.60009765625, 0.042282
992.699951171875, 0.017001
992.800048828125, 0.02698
992.89990234375, 0.027734
993.0, 0.0123
993.10009765625, 0.029597
993.199951171875, 0.030262
993.300048828125, -0.009033
993.39990234375, -0.003889
993.5, 0.044943
993.60009765625, 0.020948
993.699951171875, 0.02361
993.800048828125, 0.021969
993.89990234375, 0.009062
994.0, 0.014961
994.10009765625, 0.021614
994.199951171875, 0.021037
994.300048828125, 0.011014
994.39990234375, 0.01332
994.5, 0.007998
994.60009765625, 0.039443
994.699951171875, 0.009905
994.800048828125, 0.070489
994.89990234375, 0.04277
995.0, 0.014251
995.10009765625, 0.014828
995.199951171875, 0.007421
995.300048828125, -0.004155
995.39990234375, 0.023122
995.5, 0.030041
995.60009765625, 0.024541
995.699951171875, 0.00476
995.800048828125, 0.01057
995.89990234375, 0.03798
996.0, 0.002276
996.10009765625, 0.04104
996.199951171875, 0.018997
996.300048828125, 0.025783
996.39990234375, 0.03554
996.5, 0.020106
996.60009765625, 0.026226
996.699951171875, 0.034032
996.800048828125, 0.016558
996.89990234375, 0.023077
997.0, 0.026537
997.10009765625, 0.024053
997.199951171875, 0.021569
997.300048828125, 0.035318
997.39990234375, 0.041084
997.5, 0.027646
997.60009765625, 0.029686
997.699951171875, 0.005204
997.800048828125, -0.002026
997.89990234375, 0.005159
998.0, 0.028045
998.10009765625, -0.002868
998.199951171875, 0.001345
998.300048828125, -0.004731
998.39990234375, 0.032569
998.5, 0.039621
998.60009765625, 0.04002
998.699951171875, 0.032746
998.800048828125, 0.009861
998.89990234375, 0.001301
999.0, 0.016114
999.10009765625, 0.007865
999.199951171875, 0.011768
999.300048828125, 0.026892
999.39990234375, 0.012522
999.5, 0.032436
999.60009765625, 0.039798
999.699951171875, 0.026581
999.800048828125, 0.007687
999.89990234375, 0.012122
1000.0, 0.005381
1000.10009765625, 0.026271
1000.199951171875, 0.045608
1000.300048828125, 0.013586
1000.39990234375, 0.026537
1000.5, 0.019174
1000.60009765625, 0.02392
1000.699951171875, 0.014739
1000.800048828125, 0.047072
1000.89990234375, 0.038423
1001.0, 0.012078
1001.10009765625, 0.005603
1001.199951171875, 0.043967
1001.300048828125, 0.046096
1001.39990234375, 0.030262
1001.5, 0.015892
1001.60009765625, 0.019086
1001.699951171875, 0.014517
1001.800048828125, 0.01434
1001.89990234375, 0.018775
1002.0, 0.015227
1002.10009765625, 0.018687
1002.199951171875, 0.025384
1002.300048828125, 0.009328
1002.39990234375, 0.022501
1002.5, 0.025428
1002.60009765625, 0.017755
1002.699951171875, 0.017445
1002.800048828125, 0.028355
1002.89990234375, 0.019618
1003.0, 0.025428
1003.10009765625, 0.022412
1003.199951171875, 0.036294
1003.300048828125, 0.040197
1003.39990234375, 0.019574
1003.5, 0.034698
1003.60009765625, 0.022102
1003.699951171875, 0.028976
1003.800048828125, -0.015775
1003.89990234375, 0.030972
1004.0, 0.028754
1004.10009765625, 0.034254
1004.199951171875, 0.022456
1004.300048828125, 0.014606
1004.39990234375, 0.001966
1004.5, 0.023876
1004.60009765625, 0.01709
1004.699951171875, -0.002735
1004.800048828125, 0.01505
1004.89990234375, 0.036959
1005.0, 0.001168
1005.10009765625, 0.019041
1005.199951171875, 0.003119
1005.300048828125, 0.046007
1005.39990234375, 0.01709
1005.5, 0.01465
1005.60009765625, 0.026759
1005.699951171875, 0.034431
1005.800048828125, 0.016425
1005.89990234375, 0.013941
1006.0, 0.000724
1006.10009765625, 0.018908
1006.199951171875, 0.001212
1006.300048828125, 0.017001
1006.39990234375, 0.027912
1006.5, 0.013009
1006.60009765625, 0.047693
1006.699951171875, 0.047072
1006.800048828125, -0.015908
1006.89990234375, 0.009639
1007.0, 0.01261
1007.10009765625, -0.009566
1007.199951171875, 0.015538
1007.300048828125, 0.022678
1007.39990234375, 0.019263
1007.5, 0.019618
1007.60009765625, 0.039798
1007.699951171875, 0.006667
1007.800048828125, 0.007288
1007.89990234375, 0.023477
1008.0, 0.02321
1008.10009765625, 0.02361
1008.199951171875, 0.009949
1008.300048828125, 0.00649
1008.39990234375, 0.020727
1008.5, 0.008663
1008.60009765625, 0.01913
1008.699951171875, 0.000591
1008.800048828125, -0.001449
1008.89990234375, 0.01638
1009.0, -0.00278
1009.10009765625, 0.037004
1009.199951171875, 0.012211
1009.300048828125, 0.030706
1009.39990234375, 0.009994
1009.5, -0.005263
1009.60009765625, 0.001522
1009.699951171875, 0.010082
1009.800048828125, 0.01842
1009.89990234375, 0.004849
1010.0, 0.033544
1010.10009765625, 0.016868
1010.199951171875, 0.012655
1010.300048828125, 0.017533
1010.39990234375, 0.0174
1010.5, 0.029242
1010.60009765625, 0.020017
1010.699951171875, 0.031061
1010.800048828125, 0.024186
1010.89990234375, 0.057273
1011.0, 0.005381
1011.10009765625, 0.02565
1011.199951171875, 0.004361
1011.300048828125, 0.021392
1011.39990234375, 0.039887
1011.5, 0.005071
1011.60009765625, 0.035274
1011.699951171875, 0.029065
1011.800048828125, 0.018287
1011.89990234375, 0.019662
1012.0, 0.034343
1012.10009765625, 0.015937
1012.199951171875, 0.012788
1012.300048828125, 0.020904
1012.39990234375, 0.011235
1012.5, 0.022146
1012.60009765625, 0.035141
1012.699951171875, 0.003385
1012.800048828125, 0.045342
1012.89990234375, 0.035451
1013.0, 0.004937
1013.10009765625, 0.000635
1013.199951171875, 0.028133
1013.300048828125, -0.010586
1013.39990234375, 0.040951
1013.5, 0.026182
1013.60009765625, 0.035984
1013.699951171875, 0.02942
1013.800048828125, 0.022412
1013.89990234375, 0.018908
1014.0, -0.018924
1014.10009765625, 0.020682
1014.199951171875, 0.01363
1014.300048828125, -0.004155
1014.39990234375, 0.013143
1014.5, 0.010836
1014.60009765625, 0.003474
1014.699951171875, -0.009965
1014.800048828125, 0.010304
1014.89990234375, 0.00955
1015.0, 0.002099
1015.10009765625, -0.0089
1015.199951171875, -0.006461
1015.300048828125, 0.04206
1015.39990234375, -0.002602
1015.5, 0.031859
1015.60009765625, -0.006683
1015.699951171875, 0.013808
1015.800048828125, 0.022102
1015.89990234375, 0.001922
1016.0, 0.030395
1016.10009765625, 0.024009
1016.199951171875, 0.028133
1016.300048828125, 0.030883
1016.39990234375, 0.026404
1016.5, 0.014384
1016.60009765625, 0.008929
1016.699951171875, 0.036826
1016.800048828125, 0.039487
1016.89990234375, 0.036028
1017.0, -0.004598
1017.10009765625, 0.017223
1017.199951171875, 0.037713
1017.300048828125, 0.003784
1017.39990234375, 0.005691
1017.5, 0.009772
1017.60009765625, 0.039177
1017.699951171875, 0.011945
1017.800048828125, 0.012433
1017.89990234375, 0.023743
1018.0, 0.017578
1018.10009765625, 0.022634
1018.199951171875, -0.003622
1018.300048828125, 0.010703
1018.39990234375, 0.015582
1018.5, 0.000813
1018.60009765625, 0.035141
1018.699951171875, 0.049555
1018.800048828125, 0.023876
1018.89990234375, 0.020771
1019.0, 0.024364
1019.10009765625, -0.003135
1019.199951171875, 0.000768
1019.300048828125, 0.020682
1019.39990234375, 0.01261
1019.5, 0.040508
1019.60009765625, -0.005618
1019.699951171875, -0.023714
1019.800048828125, 0.006578
1019.89990234375, 0.017533
1020.0, 0.012788
1020.10009765625, 0.036649
1020.199951171875, -0.013868
1020.300048828125, 0.008308
1020.39990234375, 0.010038
1020.5, 0.030661
1020.60009765625, 0.023388
1020.699951171875, 0.032923
1020.800048828125, 0.018953
1020.89990234375, 0.036915
1021.0, 0.012832
1021.10009765625, 0.038467
1021.199951171875, 0.002853
1021.300048828125, 0.000724
1021.39990234375, 0.019485
1021.5, 0.037935
1021.60009765625, -0.009477
1021.699951171875, 0.031815
1021.800048828125, -0.009078
1021.89990234375, 0.008308
1022.0, 0.022634
1022.10009765625, 0.038955
1022.199951171875, 0.004183
1022.300048828125, 0.016646
1022.39990234375, -0.001937
1022.5, 0.00303
1022.60009765625, 0.02463
1022.699951171875, 0.007953
1022.800048828125, 0.017134
1022.89990234375, -0.007703
1023.0, -0.006239
1023.10009765625, 0.011723
1023.199951171875, 0.015804
1023.300048828125, -0.008989
1023.39990234375, 0.012566
1023.5, 0.033544
1023.60009765625, 0.012167
1023.699951171875, 0.012522
1023.800048828125, 0.005514
1023.89990234375, 0.01363
1024.0, 0.033234
1024.10009765625, 0.024319
1024.199951171875, 0.031948
1024.300048828125, 0.008441
1024.39990234375, 0.016558
1024.5, 0.012167
1024.60009765625, 0.005691
1024.699951171875, 0.030129
1024.800048828125, 0.03656
1024.89990234375, 0.013453
1025.0, 0.00374
1025.10009765625, 0.025206
1025.199951171875, 0.029464
1025.300048828125, -0.010497
1025.39990234375, 0.013985
1025.5, 0.011635
1025.60009765625, 0.007466
1025.699951171875, 0.024452
1025.800048828125, 0.021082
1025.89990234375, 0.026892
1026.0, 0.021525
1026.10009765625, 0.042548
1026.199951171875, 0.020727
1026.300048828125, 0.015538
1026.39990234375, 0.015981
1026.5, 0.006933
1026.60009765625, 0.023033
1026.699951171875, 0.029287
1026.800048828125, 0.033323
1026.89990234375, 0.034298
1027.0, 0.020771
1027.10009765625, 0.019219
1027.199951171875, 0.034121
1027.300048828125, 0.006623
1027.39990234375, 0.01057
1027.5, -0.012049
1027.60009765625, 0.021969
1027.699951171875, 0.042903
1027.800048828125, -0.007215
1027.89990234375, 0.021791
1028.0, 0.017356
1028.10009765625, 0.003429
1028.199951171875, -0.004776
1028.300048828125, 0.03798
1028.39990234375, 0.024807
1028.5, 0.030129
1028.60009765625, 0.028045
1028.699951171875, 0.005204
1028.800048828125, 0.017622
1028.89990234375, 0.008929
1029.0, -0.005884
1029.10009765625, 0.010481
1029.199951171875, -0.005707
1029.300048828125, 0.029553
1029.39990234375, 0.001877
1029.5, 0.014207
1029.60009765625, 0.020328
1029.699951171875, 0.053902
1029.800048828125, 0.039487
1029.89990234375, 0.002897
1030.0, 0.013897
1030.10009765625, 0.014695
1030.199951171875, -0.005707
1030.300048828125, 0.006978
1030.39990234375, 0.016824
1030.5, 0.001345
1030.60009765625, 0.011191
1030.699951171875, 0.028266
1030.800048828125, 0.039266
1030.89990234375, 0.018553
1031.0, 0.02596
1031.10009765625, 0.012477
1031.199951171875, 0.048269
1031.300048828125, 0.011546
1031.39990234375, 0.03554
1031.5, -0.029213
1031.60009765625, -0.002425
1031.699951171875, -0.004288
1031.800048828125, -0.020254
1031.89990234375, 0.005381
1032.0, -0.000961
1032.10009765625, 0.019662
1032.199951171875, 0.022235
1032.300048828125, -0.00136
1032.39990234375, 0.011413
1032.5, 0.03554
1032.60009765625, 0.020283
1032.699951171875, 0.039931
1032.800048828125, 0.021259
1032.89990234375, 0.005159
1033.0, 0.007155
1033.10009765625, 0.005691
1033.199951171875, 0.009949
1033.300048828125, 0.015005
1033.39990234375, 0.017622
1033.5, 0.037625
1033.60009765625, 0.020904
1033.699951171875, 0.008308
1033.800048828125, 0.021126
1033.89990234375, 0.012655
1034.0, 0.005248
1034.10009765625, 0.020594
1034.199951171875, 0.045652
1034.300048828125, 0.031016
1034.39990234375, 0.003607
1034.5, 0.009195
1034.60009765625, 0.012655
1034.699951171875, 0.021525
1034.800048828125, 0.045608
1034.89990234375, 0.002631
1035.0, -0.00136
1035.10009765625, 0.033056
1035.199951171875, 0.017001
1035.300048828125, 0.02463
1035.39990234375, 0.014207
1035.5, -0.015376
1035.60009765625, -0.014976
1035.699951171875, 0.018509
1035.800048828125, 0.028754
1035.89990234375, 0.039842
1036.0, 0.005913
1036.10009765625, -0.00482
1036.199951171875, 0.016779
1036.300048828125, -0.008279
1036.39990234375, 0.021614
1036.5, 0.006312
1036.60009765625, 0.004317
1036.699951171875, 0.01944
1036.800048828125, 0.009417
1036.89990234375, 0.037713
1037.0, 0.028488
1037.10009765625, 0.006623
1037.199951171875, 0.049821
1037.300048828125, 0.014384
1037.39990234375, 0.000591
1037.5, 0.009417
1037.60009765625, -0.003312
1037.699951171875, 0.012256
1037.800048828125, 0.002055
1037.89990234375, 0.03075
1038.0, -0.026597
1038.10009765625, -0.001494
1038.199951171875, 0.013409
1038.300048828125, -0.008368
1038.39990234375, -0.001893
1038.5, -0.006993
1038.60009765625, -0.009832
1038.699951171875, -0.013424
1038.800048828125, 0.028666
1038.89990234375, 0.024674
1039.0, -0.003401
1039.10009765625, 0.006312
1039.199951171875, -0.010009
1039.300048828125, -0.008235
1039.39990234375, 0.023743
1039.5, 0.000547
1039.60009765625, 0.018021
1039.699951171875, 0.012034
1039.800048828125, 0.007332
1039.89990234375, 0.047205
1040.0, 0.019574
1040.10009765625, 0.03421
1040.199951171875, -0.007348
1040.300048828125, -0.00105
1040.39990234375, 0.00578
1040.5, 0.042991
1040.60009765625, 0.024541
1040.699951171875, 0.020505
1040.800048828125, 0.018199
1040.89990234375, 0.015271
1041.0, 0.015227
1041.10009765625, 0.020948
1041.199951171875, 0.001522
1041.300048828125, -0.002735
1041.39990234375, -0.006417
1041.5, 0.041661
1041.60009765625, 0.000458
1041.699951171875, 0.024851
1041.800048828125, 0.015626
1041.89990234375, 0.034875
1042.0, 0.004893
1042.10009765625, 0.01128
1042.199951171875, -0.007082
1042.300048828125, -0.007126
1042.39990234375, 0.033056
1042.5, 0.000325
1042.60009765625, 0.028754
1042.699951171875, 0.003784
1042.800048828125, 0.004494
1042.89990234375, -0.00074
1043.0, -0.005086
1043.10009765625, 0.019662
1043.199951171875, 0.01159
1043.300048828125, -0.016751
1043.39990234375, 0.016025
1043.5, 0.0229
1043.60009765625, 0.024364
1043.699951171875, 0.002764
1043.800048828125, 0.032303
1043.89990234375, 0.013409
1044.0, 0.009994
1044.10009765625, 0.01709
1044.199951171875, 0.011058
1044.300048828125, 0.02219
1044.39990234375, 0.025162
1044.5, 0.023743
1044.60009765625, -0.003977
1044.699951171875, 0.004139
1044.800048828125, 0.019352
1044.89990234375, 0.031682
1045.0, 0.027513
1045.10009765625, 0.002986
1045.199951171875, 0.004183
1045.300048828125, 0.017045
1045.39990234375, -0.000429
1045.5, 0.006712
1045.60009765625, 0.004361
1045.699951171875, 0.002055
1045.800048828125, -0.000296
1045.89990234375, 0.014562
1046.0, 0.022767
1046.10009765625, 0.019086
1046.199951171875, 0.012566
1046.300048828125, 0.003163
1046.39990234375, 0.001256
1046.5, 0.020948
1046.60009765625, 0.018021
1046.699951171875, 0.030085
1046.800048828125, 0.044056
1046.89990234375, 0.029863
1047.0, 0.002897
1047.10009765625, 0.009639
1047.199951171875, 0.028355
1047.300048828125, 0.015937
1047.39990234375, 0.023432
1047.5, 0.001478
1047.60009765625, 0.001567
1047.699951171875, 0.000724
1047.800048828125, -0.002647
1047.89990234375, 0.032391
1048.0, 0.021525
1048.10009765625, 0.009328
1048.199951171875, 0.038467
1048.300048828125, 0.015937
1048.39990234375, 0.001079
1048.5, 0.021481
1048.60009765625, 0.024275
1048.699951171875, 0.013763
1048.800048828125, 0.018287
1048.89990234375, 0.015715
1049.0, -0.007658
1049.10009765625, 0.013586
1049.199951171875, 0.015582
1049.300048828125, 0.016824
1049.39990234375, 0.017001
1049.5, -0.005485
1049.60009765625, -0.010807
1049.699951171875, -0.008058
1049.800048828125, 0.004183
1049.89990234375, 0.009683
1050.0, 0.03381
1050.10009765625, -0.016174
1050.199951171875, 0.014562
1050.300048828125, -0.006239
1050.39990234375, 0.004405
1050.5, -0.039947
1050.60009765625, -0.042297
1050.699951171875, -0.004953
1050.800048828125, -0.021541
1050.89990234375, 0.020993
1051.0, 0.01332
1051.10009765625, -0.057155
1051.199951171875, -0.045402
1051.300048828125, -0.012803
1051.39990234375, -0.010142
1051.5, -0.003933
1051.60009765625, 0.00547
1051.699951171875, -0.061812
1051.800048828125, -0.015065
1051.89990234375, -0.06536
1052.0, -0.034757
1052.10009765625, 0.016646
1052.199951171875, -0.007082
1052.300048828125, -0.009965
1052.39990234375, 0.00099
1052.5, 5.9e-05
1052.60009765625, 0.014917
1052.699951171875, 0.070844
1052.800048828125, -0.004554
1052.89990234375, 0.01465
1053.0, 0.027823
1053.10009765625, 0.012788
1053.199951171875, 0.031149
1053.300048828125, 0.034653
1053.39990234375, 0.032036
1053.5, 0.00751
1053.60009765625, -0.000385
1053.699951171875, 0.013985
1053.800048828125, 0.00374
1053.89990234375, 0.021614
1054.0, -0.006328
1054.10009765625, 0.006933
1054.199951171875, 0.009328
1054.300048828125, 0.015671
1054.39990234375, 0.009018
1054.5, 0.007288
1054.60009765625, 0.020948
1054.699951171875, 0.028887
1054.800048828125, 0.014384
1054.89990234375, 0.03248
1055.0, 0.022501
1055.10009765625, 0.018021
1055.199951171875, 0.016824
1055.300048828125, -0.025177
1055.39990234375, 0.014074
1055.5, 0.012389
1055.60009765625, 0.018953
1055.699951171875, -0.00309
1055.800048828125, 0.02361
1055.89990234375, 0.051862
1056.0, 0.026049
1056.10009765625, 0.029508
1056.199951171875, 0.034298
1056.300048828125, 5.9e-05
1056.39990234375, -0.026774
1056.5, -0.000961
1056.60009765625, 0.005913
1056.699951171875, -0.011295
1056.800048828125, 0.004627
1056.89990234375, 0.011901
1057.0, 0.032923
1057.10009765625, -0.002824
1057.199951171875, 0.015626
1057.300048828125, 0.017223
1057.39990234375, 0.014251
1057.5, 0.032968
1057.60009765625, 0.047027
1057.699951171875, 0.001478
1057.800048828125, 0.035629
1057.89990234375, 0.00853
1058.0, 0.016691
1058.10009765625, 0.023876
1058.199951171875, 0.021259
1058.300048828125, -0.000695
1058.39990234375, 0.023255
1058.5, 0.004671
1058.60009765625, 0.017622
1058.699951171875, 0.006002
1058.800048828125, 0.002055
1058.89990234375, 0.005514
1059.0, 0.013985
1059.10009765625, -0.004509
1059.199951171875, 0.037137
1059.300048828125, 0.022767
1059.39990234375, 0.019928
1059.5, 0.000147
1059.60009765625, 0.001522
1059.699951171875, 0.013897
1059.800048828125, -0.000917
1059.89990234375, -0.014622
1060.0, 0.01434
1060.10009765625, 0.013187
1060.199951171875, -0.003223
1060.300048828125, 0.02392
1060.39990234375, -0.007836
1060.5, 0.015449
1060.60009765625, 0.019574
1060.699951171875, 0.021924
1060.800048828125, -0.003711
1060.89990234375, 0.021082
1061.0, 0.028932
1061.10009765625, 0.025561
1061.199951171875, 0.031371
1061.300048828125, 0.005647
1061.39990234375, 0.021969
1061.5, 0.034875
1061.60009765625, 0.015715
1061.699951171875, 0.017267
1061.800048828125, 0.016292
1061.89990234375, -0.000163
1062.0, 0.018598
1062.10009765625, 0.007909
1062.199951171875, 0.028666
1062.300048828125, 0.031282
1062.39990234375, 0.017755
1062.5, 0.014296
1062.60009765625, 0.015981
1062.699951171875, 0.010038
1062.800048828125, 0.011235
1062.89990234375, 0.02565
1063.0, 0.052616
1063.10009765625, 0.013409
1063.199951171875, 0.009994
1063.300048828125, 0.036693
1063.39990234375, 0.042592
1063.5, 0.025162
1063.60009765625, 0.013542
1063.699951171875, 0.027513
1063.800048828125, 0.026714
1063.89990234375, 0.049156
1064.0, 0.007776
1064.10009765625, 0.032169
1064.199951171875, 0.039177
1064.300048828125, 0.024364
1064.39990234375, 0.030528
1064.5, 0.011768
1064.60009765625, 0.038911
1064.699951171875, 0.030706
1064.800048828125, 0.007732
1064.89990234375, 0.021481
1065.0, 0.029863
1065.10009765625, 0.025517
1065.199951171875, 0.036738
1065.300048828125, 0.033056
1065.39990234375, 0.056785
1065.5, 0.038068
1065.60009765625, 0.030307
1065.699951171875, 0.025827
1065.800048828125, 0.028887
1065.89990234375, 0.001922
1066.0, -0.023182
1066.10009765625, -0.000119
1066.199951171875, 0.017711
1066.300048828125, 0.001877
1066.39990234375, 0.022501
1066.5, 0.012876
1066.60009765625, 0.036915
1066.699951171875, 0.016646
1066.800048828125, -0.000961
1066.89990234375, 0.009373
1067.0, 0.003917
1067.10009765625, 0.035984
1067.199951171875, 0.00884
1067.300048828125, -0.007171
1067.39990234375, 0.027956
1067.5, 0.027557
1067.60009765625, 0.014739
1067.699951171875, 0.02463
1067.800048828125, 0.025073
1067.89990234375, 0.015094
1068.0, 0.039354
1068.10009765625, 0.016025
1068.199951171875, -0.004376
1068.300048828125, 0.03421
1068.39990234375, 0.029154
1068.5, 0.051507
1068.60009765625, 0.049688
1068.699951171875, 0.021791
1068.800048828125, 0.010171
1068.89990234375, -0.001893
1069.0, 0.002409
1069.10009765625, 0.027513
1069.199951171875, 0.00374
1069.300048828125, 0.024275
1069.39990234375, 0.032169
1069.5, 0.021924
1069.60009765625, 0.021436
1069.699951171875, -0.006683
1069.800048828125, -0.011207
1069.89990234375, 0.011901
1070.0, 0.025738
1070.10009765625, 0.023122
1070.199951171875, 0.004893
1070.300048828125, -0.00513
1070.39990234375, 0.007111
1070.5, 0.006135
1070.60009765625, 0.016602
1070.699951171875, 0.031726
1070.800048828125, 0.042503
1070.89990234375, 0.011058
1071.0, 0.015271
1071.10009765625, 0.037935
1071.199951171875, 0.002188
1071.300048828125, 0.040153
1071.39990234375, 0.051862
1071.5, 0.034653
1071.60009765625, 0.037403
1071.699951171875, 0.0017
1071.800048828125, 0.011635
1071.89990234375, -0.016085
1072.0, 0.00751
1072.10009765625, 0.035718
1072.199951171875, 0.028488
1072.300048828125, 0.011191
1072.39990234375, 0.026359
1072.5, 0.028799
1072.60009765625, 0.031682
1072.699951171875, 0.018687
1072.800048828125, 0.051019
1072.89990234375, 0.041971
1073.0, -0.000119
1073.10009765625, 0.014961
1073.199951171875, 0.019707
1073.300048828125, 0.001345
1073.39990234375, 0.004937
1073.5, 0.017489
1073.60009765625, 0.046584
1073.699951171875, 0.036117
1073.800048828125, 1.4e-05
1073.89990234375, 0.010437
1074.0, -0.007348
1074.10009765625, 0.027867
1074.199951171875, 0.03319
1074.300048828125, 0.038467
1074.39990234375, 0.020638
1074.5, 0.042415
1074.60009765625, 0.028976
1074.699951171875, 0.033589
1074.800048828125, 0.028266
1074.89990234375, 0.012344
1075.0, -0.002868
1075.10009765625, -0.001893
1075.199951171875, 0.036072
1075.300048828125, 0.018376
1075.39990234375, 0.021658
1075.5, -0.008634
1075.60009765625, 0.010748
1075.699951171875, 0.030041
1075.800048828125, 0.020993
1075.89990234375, 0.033722
1076.0, -0.002469
1076.10009765625, 0.013808
1076.199951171875, 0.017223
1076.300048828125, 0.010215
1076.39990234375, 0.007155
1076.5, 0.001833
1076.60009765625, -0.01032
1076.699951171875, -0.000429
1076.800048828125, 0.014695
1076.89990234375, 0.00649
1077.0, 0.028887
1077.10009765625, 0.03421
1077.199951171875, 0.031903
1077.300048828125, 0.018509
1077.39990234375, 0.035984
1077.5, 0.042104
1077.60009765625, 0.020948
1077.699951171875, 0.041749
1077.800048828125, 0.013852
1077.89990234375, 0.026049
1078.0, 0.028355
1078.10009765625, 0.021082
1078.199951171875, 0.002409
1078.300048828125, 0.028089
1078.39990234375, 0.02117
1078.5, 0.035008
1078.60009765625, 0.009417
1078.699951171875, 0.021037
1078.800048828125, 0.016957
1078.89990234375, -0.003711
1079.0, 0.009151
1079.10009765625, 0.014207
1079.199951171875, 0.037137
1079.300048828125, 0.014562
1079.39990234375, 0.02219
1079.5, 0.02361
1079.60009765625, 0.004139
1079.699951171875, 0.022944
1079.800048828125, 0.020328
1079.89990234375, 0.003962
1080.0, 0.031061
1080.10009765625, -0.000961
1080.199951171875, 0.009062
1080.300048828125, 0.011768
1080.39990234375, 0.029109
1080.5, 0.013852
1080.60009765625, 0.012389
1080.699951171875, 0.025872
1080.800048828125, -0.008324
1080.89990234375, 0.005913
1081.0, 0.005603
1081.10009765625, 0.030661
1081.199951171875, 0.027025
1081.300048828125, 0.030218
1081.39990234375, 0.018021
1081.5, 0.016425
1081.60009765625, 0.022634
1081.699951171875, 0.045165
1081.800048828125, 0.011102
1081.89990234375, 0.031637
1082.0, 0.028577
1082.10009765625, 0.052216
1082.199951171875, 0.024851
1082.300048828125, 0.030528
1082.39990234375, 0.017622
1082.5, 0.010082
1082.60009765625, 0.046007
1082.699951171875, 0.008796
1082.800048828125, 0.008353
1082.89990234375, 0.019041
1083.0, 0.020727
1083.10009765625, 0.019928
1083.199951171875, 0.05776
1083.300048828125, 0.024763
1083.39990234375, 0.023166
1083.5, 0.020771
1083.60009765625, 0.027557
1083.699951171875, 0.005159
1083.800048828125, 0.031371
1083.89990234375, 0.051418
1084.0, 0.028266
1084.10009765625, 0.02565
1084.199951171875, -0.028193
1084.300048828125, 0.02942
1084.39990234375, -0.009699
1084.5, 0.003429
1084.60009765625, 0.027513
1084.699951171875, 0.040641
1084.800048828125, 0.028799
1084.89990234375, 0.027956
1085.0, 0.020993
1085.10009765625, 0.015227
1085.199951171875, 0.022589
1085.300048828125, 0.045608
1085.39990234375, 0.046584
1085.5, 0.012832
1085.60009765625, 0.034653
1085.699951171875, 0.014296
1085.800048828125, 0.033234
1085.89990234375, 0.01913
1086.0, 0.007066
1086.10009765625, 0.032303
1086.199951171875, 0.020372
1086.300048828125, 0.023831
1086.39990234375, 0.02086
1086.5, 0.020194
1086.60009765625, 0.047781
1086.699951171875, 0.020594
1086.800048828125, 0.023654
1086.89990234375, 0.025827
1087.0, 0.023876
1087.10009765625, 0.01607
1087.199951171875, 0.008752
1087.300048828125, 0.038334
1087.39990234375, 0.016025
1087.5, 0.020638
1087.60009765625, 0.019928
1087.699951171875, 0.025738
1087.800048828125, 0.029287
1087.89990234375, 0.020638
1088.0, 0.044588
1088.10009765625, 0.0496
1088.199951171875, 0.003474
1088.300048828125, 0.027823
1088.39990234375, 0.030262
1088.5, 0.001966
1088.60009765625, 0.013364
1088.699951171875, 0.043701
1088.800048828125, 0.044721
1088.89990234375, 0.019219
1089.0, 0.020194
1089.10009765625, 0.027468
1089.199951171875, 0.047471
1089.300048828125, 0.000502
1089.39990234375, 0.020283
1089.5, 0.019707
1089.60009765625, 0.034786
1089.699951171875, 0.037891
1089.800048828125, 0.036605
1089.89990234375, 0.00955
1090.0, 0.031016
1090.10009765625, 0.02698
1090.199951171875, 0.015271
1090.300048828125, 0.038512
1090.39990234375, 0.02973
1090.5, 0.034964
1090.60009765625, 0.040951
1090.699951171875, 0.03829
1090.800048828125, -0.000562
1090.89990234375, 0.034165
1091.0, 0.020061
1091.10009765625, -0.000518
1091.199951171875, 5.9e-05
1091.300048828125, 0.013675
1091.39990234375, 0.018598
1091.5, 0.035895
1091.60009765625, 0.005026
1091.699951171875, 0.008353
1091.800048828125, 0.045652
1091.89990234375, 0.037891
1092.0, 0.032125
1092.10009765625, 0.027867
1092.199951171875, 0.007022
1092.300048828125, 0.01607
1092.39990234375, 0.027912
1092.5, 0.019396
1092.60009765625, 0.030218
1092.699951171875, 0.008973
1092.800048828125, 0.019662
1092.89990234375, 0.054523
1093.0, 0.016425
1093.10009765625, 0.020505
1093.199951171875, 0.016868
1093.300048828125, 0.0284
1093.39990234375, 0.01709
1093.5, 0.032702
1093.60009765625, 0.021791
1093.699951171875, 0.048269
1093.800048828125, 0.013808
1093.89990234375, 0.042903
1094.0, 0.0017
1094.10009765625, 0.019973
1094.199951171875, 0.044544
1094.300048828125, 0.023432
1094.39990234375, 0.009461
1094.5, 0.022767
1094.60009765625, 0.003163
1094.699951171875, 0.019973
1094.800048828125, 0.028178
1094.89990234375, -0.025488
1095.0, 0.043036
1095.10009765625, 0.041882
1095.199951171875, 0.024763
1095.300048828125, 0.048846
1095.39990234375, 0.026005
1095.5, 0.030351
1095.60009765625, 0.032879
1095.699951171875, -0.006904
1095.800048828125, 0.006312
1095.89990234375, 0.011413
1096.0, 0.025783
1096.10009765625, 0.016691
1096.199951171875, -0.016529
1096.300048828125, 0.008885
1096.39990234375, 0.00374
1096.5, 0.023122
1096.60009765625, 0.034609
1096.699951171875, 0.036028
1096.800048828125, 0.046495
1096.89990234375, 0.037226
1097.0, 0.033456
1097.10009765625, 0.022634
1097.199951171875, 0.024851
1097.300048828125, 0.016513
1097.39990234375, 0.022856
1097.5, 0.036117
1097.60009765625, 0.049733
1097.699951171875, 0.023122
1097.800048828125, 0.034165
1097.89990234375, 0.007643
1098.0, 0.021303
1098.10009765625, -0.006017
1098.199951171875, 0.009062
1098.300048828125, 0.012211
1098.39990234375, 0.007066
1098.5, 0.015005
1098.60009765625, 0.007998
1098.699951171875, 0.000901
1098.800048828125, 0.016425
1098.89990234375, 0.011413
1099.0, 0.049156
1099.10009765625, 0.032258
1099.199951171875, 0.023831
1099.300048828125, 0.023432
1099.39990234375, 0.011723
1099.5, 0.014828
1099.60009765625, 0.023343
1099.699951171875, 0.034653
1099.800048828125, 0.003873
1099.89990234375, 0.039621
1100.0, 0.000458
1100.10009765625, 0.026625
1100.199951171875, 0.027246
1100.300048828125, 0.010082
1100.39990234375, 0.029996
1100.5, 0.043612
1100.60009765625, -0.004243
1100.699951171875, 0.002365
1100.800048828125, 0.037891
1100.89990234375, 0.008219
1101.0, 0.032169
1101.10009765625, 0.018199
1101.199951171875, 0.010748
1101.300048828125, 0.027601
1101.39990234375, 0.017755
1101.5, 0.018953
1101.60009765625, 0.014739
1101.699951171875, 0.007288
1101.800048828125, 0.019574
1101.89990234375, 0.03554
1102.0, 0.040064
1102.10009765625, 0.011723
1102.199951171875, 0.024674
1102.300048828125, 0.005381
1102.39990234375, 0.013897
1102.5, 0.020283
1102.60009765625, 0.036516
1102.699951171875, 0.021481
1102.800048828125, 0.023255
1102.89990234375, 0.016824
1103.0, 0.005869
1103.10009765625, 0.005869
1103.199951171875, 0.0174
1103.300048828125, 0.040641
1103.39990234375, 0.049378
1103.5, 0.016336
1103.60009765625, 0.029952
1103.699951171875, 0.041661
1103.800048828125, 0.009195
1103.89990234375, 0.029774
1104.0, 0.017622
1104.10009765625, 0.032214
1104.199951171875, 0.011058
1104.300048828125, 0.019219
1104.39990234375, 0.044943
1104.5, 0.035141
1104.60009765625, 0.002365
1104.699951171875, -0.010098
1104.800048828125, 0.018553
1104.89990234375, 0.011502
1105.0, 0.022412
1105.10009765625, 0.031415
1105.199951171875, 0.037669
1105.300048828125, 0.013808
1105.39990234375, 0.017312
1105.5, 0.027513
1105.60009765625, 0.041217
1105.699951171875, 0.040641
1105.800048828125, 0.024851
1105.89990234375, 0.020461
1106.0, -0.008679
1106.10009765625, 0.018953
1106.199951171875, 0.023033
1106.300048828125, 0.011945
1106.39990234375, 0.025783
1106.5, 0.054345
1106.60009765625, 0.031948
1106.699951171875, -0.003223
1106.800048828125, 0.044277
1106.89990234375, 0.012211
1107.0, 0.009994
1107.10009765625, 0.010304
1107.199951171875, 0.010082
1107.300048828125, 0.050842
1107.39990234375, 0.02596
1107.5, 0.022856
1107.60009765625, 0.021481
1107.699951171875, 0.027823
1107.800048828125, 0.012034
1107.89990234375, 0.015626
1108.0, 0.034254
1108.10009765625, 0.041572
1108.199951171875, 0.033944
1108.300048828125, 0.040419
1108.39990234375, 0.02565
1108.5, 0.008175
1108.60009765625, 0.047604
1108.699951171875, 0.00303
1108.800048828125, 0.040596
1108.89990234375, 0.024541
1109.0, 0.010881
1109.10009765625, 0.062107
1109.199951171875, 0.042237
1109.300048828125, 0.017267
1109.39990234375, 0.030795
1109.5, 0.027557
1109.60009765625, 0.026759
1109.699951171875, 0.015271
1109.800048828125, 0.007776
1109.89990234375, 0.020416
1110.0, 0.030883
1110.10009765625, 0.010038
1110.199951171875, 0.0441
1110.300048828125, 0.048846
1110.39990234375, 0.018908
1110.5, 0.022767
1110.60009765625, 0.020061
1110.699951171875, 0.022767
1110.800048828125, 0.05164
1110.89990234375, 0.013098
1111.0, 0.021126
1111.10009765625, -0.000207
1111.199951171875, 0.017179
1111.300048828125, 0.016824
1111.39990234375, 0.026581
1111.5, 0.025251
1111.60009765625, 0.034431
1111.699951171875, 0.015671
1111.800048828125, 0.017755
1111.89990234375, -0.017105
1112.0, 0.026404
1112.10009765625, 0.030706
1112.199951171875, 0.025206
1112.300048828125, 0.012034
1112.39990234375, 0.046628
1112.5, 0.013409
1112.60009765625, 0.022456
1112.699951171875, 0.005115
1112.800048828125, 0.025783
1112.89990234375, 0.027113
1113.0, 0.01332
1113.10009765625, 0.015183
1113.199951171875, 0.002853
1113.300048828125, 0.015138
1113.39990234375, 0.020505
1113.5, 0.013231
1113.60009765625, 0.019973
1113.699951171875, 0.026404
1113.800048828125, 0.004804
1113.89990234375, 0.044322
1114.0, 0.019174
1114.10009765625, 0.05297
1114.199951171875, 0.007155
1114.300048828125, -0.037241
1114.39990234375, -0.02225
1114.5, 0.005824
1114.60009765625, 0.036693
1114.699951171875, 0.016469
1114.800048828125, 0.033722
1114.89990234375, 0.026359
1115.0, 0.030218
1115.10009765625, 0.043612
1115.199951171875, 0.028754
1115.300048828125, 0.003075
1115.39990234375, 0.025206
1115.5, 0.027956
1115.60009765625, 0.007155
1115.699951171875, 0.032569
1115.800048828125, 0.02188
1115.89990234375, 0.013719
1116.0, 0.040241
1116.10009765625, -0.00278
1116.199951171875, 0.024497
1116.300048828125, 0.011368
1116.39990234375, 0.04379
1116.5, 0.003696
1116.60009765625, 0.006933
1116.699951171875, 0.008175
1116.800048828125, 0.036161
1116.89990234375, 0.015759
1117.0, 0.031282
1117.10009765625, 0.025073
1117.199951171875, 0.021082
1117.300048828125, 0.025384
1117.39990234375, 0.04277
1117.5, 0.043878
1117.60009765625, -0.007792
1117.699951171875, 0.026492
1117.800048828125, 0.021835
1117.89990234375, 0.040419
1118.0, 0.039887
1118.10009765625, 0.019618
1118.199951171875, 0.026625
1118.300048828125, 0.038867
1118.39990234375, 0.011989
1118.5, 0.026537
1118.60009765625, -0.004909
1118.699951171875, 0.063482
1118.800048828125, 0.019041
1118.89990234375, 0.024763
1119.0, 0.019884
1119.10009765625, 0.037048
1119.199951171875, 0.029508
1119.300048828125, 0.020239
1119.39990234375, 0.018287
1119.5, 0.003341
1119.60009765625, 0.011723
1119.699951171875, 0.017799
1119.800048828125, 0.021702
1119.89990234375, 0.007332
1120.0, 0.029641
1120.10009765625, 0.01128
1120.199951171875, -0.003135
1120.300048828125, 0.016425
1120.39990234375, 0.032169
1120.5, 0.047293
1120.60009765625, 0.016912
1120.699951171875, 0.007332
1120.800048828125, 0.025384
1120.89990234375, 0.041084
1121.0, 0.0335
1121.10009765625, 0.031149
1121.199951171875, 0.039399
1121.300048828125, 0.01638
1121.39990234375, 0.027956
1121.5, 0.024763
1121.60009765625, 0.024097
1121.699951171875, 0.02188
1121.800048828125, 0.022013
1121.89990234375, 0.011679
1122.0, 0.009772
1122.10009765625, 0.042548
1122.199951171875, 0.02015
1122.300048828125, 0.011235
1122.39990234375, 0.023077
1122.5, 0.035673
1122.60009765625, 0.008175
1122.699951171875, 0.012788
1122.800048828125, 0.028045
1122.89990234375, 0.036649
1123.0, 0.029819
1123.10009765625, 0.025251
1123.199951171875, 0.011324
1123.300048828125, 0.044411
1123.39990234375, 0.005248
1123.5, 0.036339
1123.60009765625, 0.022944
1123.699951171875, 0.011945
1123.800048828125, -0.005219
1123.89990234375, 0.002897
1124.0, 0.011679
1124.10009765625, 0.036826
1124.199951171875, 0.008973
1124.300048828125, 0.026803
1124.39990234375, 0.033234
1124.5, 0.008353
1124.60009765625, 0.022589
1124.699951171875, 0.003208
1124.800048828125, 0.026182
1124.89990234375, 0.002055
1125.0, 0.024319
1125.10009765625, 0.030972
1125.199951171875, 0.060244
1125.300048828125, 0.022589
1125.39990234375, 0.019263
1125.5, 0.01505
1125.60009765625, 0.019263
1125.699951171875, 0.013852
1125.800048828125, 0.028976
1125.89990234375, 0.005603
1126.0, 0.024851
1126.10009765625, -0.003179
1126.199951171875, 0.022323
1126.300048828125, 0.043257
1126.39990234375, 0.022811
1126.5, 0.024807
1126.60009765625, 0.032081
1126.699951171875, 0.022412
1126.800048828125, 0.027956
1126.89990234375, 0.003784
1127.0, 0.039088
1127.10009765625, 0.043036
1127.199951171875, 0.019707
1127.300048828125, 0.0602
1127.39990234375, 0.025872
1127.5, 0.02973
1127.60009765625, 0.030928
1127.699951171875, 0.040375
1127.800048828125, 0.038689
1127.89990234375, 0.024364
1128.0, 0.031415
1128.10009765625, 0.028843
1128.199951171875, 0.030573
1128.300048828125, 0.020904
1128.39990234375, 0.015094
1128.5, 0.006091
1128.60009765625, 0.031282
1128.699951171875, 0.026492
1128.800048828125, 0.022235
1128.89990234375, 0.028311
1129.0, 0.031549
1129.10009765625, 0.048269
1129.199951171875, 0.013231
1129.300048828125, 0.016469
1129.39990234375, 0.040774
1129.5, -0.00136
1129.60009765625, 0.023166
1129.699951171875, 0.023077
1129.800048828125, 0.031282
1129.89990234375, 0.022102
1130.0, -0.005441
1130.10009765625, 0.014917
1130.199951171875, 0.014207
1130.300048828125, 0.018154
1130.39990234375, 0.017312
1130.5, -7.4e-05
1130.60009765625, 0.013409
1130.699951171875, 0.020904
1130.800048828125, 0.051729
1130.89990234375, 0.014473
1131.0, 0.01159
1131.10009765625, 0.036028
1131.199951171875, 0.018021
1131.300048828125, 0.029908
1131.39990234375, 0.05572
1131.5, 0.019086
1131.60009765625, 0.01057
1131.699951171875, 0.020283
1131.800048828125, 0.010304
1131.89990234375, 0.018465
1132.0, 0.039133
1132.10009765625, 0.032436
1132.199951171875, 0.019795
1132.300048828125, 0.027424
1132.39990234375, 0.009683
1132.5, 0.051773
1132.60009765625, 0.009461
1132.699951171875, 0.010127
1132.800048828125, 0.020328
1132.89990234375, 0.018953
1133.0, 0.007643
1133.10009765625, 0.044411
1133.199951171875, 0.021392
1133.300048828125, 0.038556
1133.39990234375, 0.014118
1133.5, 0.023166
1133.60009765625, 0.049112
1133.699951171875, 0.007155
1133.800048828125, 0.022678
1133.89990234375, 0.029331
1134.0, 0.015538
1134.10009765625, -0.002425
1134.199951171875, 0.029819
1134.300048828125, 0.024718
1134.39990234375, 0.024497
1134.5, 0.029508
1134.60009765625, 0.030928
1134.699951171875, 0.001212
1134.800048828125, 0.029597
1134.89990234375, 0.00751
1135.0, 0.016602
1135.10009765625, 0.025384
1135.199951171875, -0.006638
1135.300048828125, 0.013941
1135.39990234375, 0.017001
1135.5, -0.002026
1135.60009765625, 0.043701
1135.699951171875, 0.036826
1135.800048828125, 0.0335
1135.89990234375, 0.021392
1136.0, 0.002099
1136.10009765625, 0.01465
1136.199951171875, 0.022279
1136.300048828125, 0.022678
1136.39990234375, 0.040419
1136.5, 0.004317
1136.60009765625, 0.022456
1136.699951171875, 0.043257
1136.800048828125, 0.040508
1136.89990234375, -0.021097
1137.0, 0.032081
1137.10009765625, 0.044765
1137.199951171875, 0.019041
1137.300048828125, 0.02086
1137.39990234375, 0.02463
1137.5, 0.002587
1137.60009765625, 0.019928
1137.699951171875, 0.027601
1137.800048828125, 0.040641
1137.89990234375, 0.02596
1138.0, -0.000784
1138.10009765625, 0.006845
1138.199951171875, 0.022811
1138.300048828125, 0.021348
1138.39990234375, 0.047693
1138.5, 0.016691
1138.60009765625, 0.014517
1138.699951171875, 0.009727
1138.800048828125, 0.037359
1138.89990234375, 0.029863
1139.0, 0.035629
1139.10009765625, 0.049777
1139.199951171875, 0.023166
1139.300048828125, 0.04716
1139.39990234375, 0.026093
1139.5, 0.013763
1139.60009765625, 0.01882
1139.699951171875, 0.01811
1139.800048828125, 0.024497
1139.89990234375, 0.026448
1140.0, 0.035008
1140.10009765625, 0.009461
1140.199951171875, 0.021791
1140.300048828125, 0.041705
1140.39990234375, 0.029287
1140.5, 0.059401
1140.60009765625, -0.000207
1140.699951171875, 0.025605
1140.800048828125, 0.052749
1140.89990234375, 0.013852
1141.0, 0.02667
1141.10009765625, 0.048358
1141.199951171875, 0.041572
1141.300048828125, 0.021037
1141.39990234375, 0.016469
1141.5, 0.003829
1141.60009765625, 0.015671
1141.699951171875, 0.042725
1141.800048828125, 0.03523
1141.89990234375, 0.01332
1142.0, 0.04379
1142.10009765625, 0.017755
1142.199951171875, 0.031504
1142.300048828125, 0.027646
1142.39990234375, 0.037137
1142.5, 0.01026
1142.60009765625, 0.014429
1142.699951171875, 0.04716
1142.800048828125, 0.012743
1142.89990234375, 0.02494
1143.0, 0.045741
1143.10009765625, 0.01332
1143.199951171875, 0.0068
1143.300048828125, 0.012122
1143.39990234375, 0.020061
1143.5, 0.022944
1143.60009765625, 0.040862
1143.699951171875, 0.022456
1143.800048828125, 0.005337
1143.89990234375, 0.023964
1144.0, 0.052793
1144.10009765625, 0.013852
1144.199951171875, 0.051063
1144.300048828125, 0.021924
1144.39990234375, 0.033589
1144.5, 0.016469
1144.60009765625, 0.032391
1144.699951171875, 0.03727
1144.800048828125, 0.014473
1144.89990234375, 0.036693
1145.0, 0.033677
1145.10009765625, 0.050797
1145.199951171875, 0.025339
1145.300048828125, 0.022723
1145.39990234375, 0.018953
1145.5, 0.037226
1145.60009765625, 0.009639
1145.699951171875, 0.042415
1145.800048828125, 0.039532
1145.89990234375, 0.025339
1146.0, 0.011102
1146.10009765625, 0.020372
1146.199951171875, 0.000547
1146.300048828125, 0.022368
1146.39990234375, 0.047693
1146.5, 0.04756
1146.60009765625, 0.030528
1146.699951171875, 0.007332
1146.800048828125, 0.02219
1146.89990234375, 0.009417
1147.0, 0.001478
1147.10009765625, 0.028045
1147.199951171875, 0.036516
1147.300048828125, 0.01638
1147.39990234375, 0.026759
1147.5, 0.004893
1147.60009765625, 0.029553
1147.699951171875, 0.00405
1147.800048828125, 0.016558
1147.89990234375, 0.025162
1148.0, 0.008663
1148.10009765625, 0.017533
1148.199951171875, 0.042237
1148.300048828125, 0.033456
1148.39990234375, 0.023255
1148.5, 0.035052
1148.60009765625, 0.03452
1148.699951171875, 0.02871
1148.800048828125, 0.005869
1148.89990234375, 0.028887
1149.0, 0.043923
1149.10009765625, 0.013675
1149.199951171875, 0.017578
1149.300048828125, 0.025428
1149.39990234375, 0.030706
1149.5, -0.012404
1149.60009765625, 0.022723
1149.699951171875, 0.036959
1149.800048828125, 0.018332
1149.89990234375, 0.012921
1150.0, 0.023521
1150.10009765625, 0.015715
1150.199951171875, 0.034343
1150.300048828125, 0.018642
1150.39990234375, 0.003696
1150.5, 0.020106
1150.60009765625, 0.031815
1150.699951171875, 0.031859
1150.800048828125, 0.032524
1150.89990234375, 0.051729
1151.0, 0.023122
1151.10009765625, 0.036693
1151.199951171875, 0.040419
1151.300048828125, 0.016469
1151.39990234375, 0.036693
1151.5, 0.012078
1151.60009765625, 0.047426
1151.699951171875, 0.018243
1151.800048828125, 0.028799
1151.89990234375, 0.018287
1152.0, -0.001627
1152.10009765625, 0.009062
1152.199951171875, 0.029065
1152.300048828125, 0.045298
1152.39990234375, 0.019485
1152.5, 0.014562
1152.60009765625, 0.036072
1152.699951171875, -0.008412
1152.800048828125, 0.020416
1152.89990234375, 0.008929
1153.0, 0.005913
1153.10009765625, 0.011546
1153.199951171875, 0.026093
1153.300048828125, 0.029154
1153.39990234375, 0.0284
1153.5, 0.017977
1153.60009765625, 0.026492
1153.699951171875, 0.036028
1153.800048828125, 0.032524
1153.89990234375, 0.037226
1154.0, 0.052394
1154.10009765625, 0.015671
1154.199951171875, 0.050442
1154.300048828125, 0.015892
1154.39990234375, 0.03931
1154.5, 0.035141
1154.60009765625, 0.019485
1154.699951171875, 0.026537
1154.800048828125, 0.016425
1154.89990234375, 0.03248
1155.0, -0.013513
1155.10009765625, 0.042592
1155.199951171875, 0.029819
1155.300048828125, 0.022279
1155.39990234375, 0.029908
1155.5, 0.024896
1155.60009765625, 0.046406
1155.699951171875, 0.015848
1155.800048828125, -0.012803
1155.89990234375, -0.004731
1156.0, -0.003667
1156.10009765625, 0.02769
1156.199951171875, 0.026892
1156.300048828125, 0.037048
1156.39990234375, -0.002735
1156.5, 0.029597
1156.60009765625, 0.021747
1156.699951171875, 0.028754
1156.800048828125, 0.011191
1156.89990234375, 0.027158
1157.0, 0.035718
1157.10009765625, 0.025694
1157.199951171875, 0.013231
1157.300048828125, -0.002203
1157.39990234375, 0.005115
1157.5, 0.029908
1157.60009765625, 0.036028
1157.699951171875, 0.023299
1157.800048828125, 0.035052
1157.89990234375, 0.009373
1158.0, 0.034831
1158.10009765625, 0.035585
1158.199951171875, 0.011058
1158.300048828125, 0.040197
1158.39990234375, 0.011546
1158.5, 0.005514
1158.60009765625, 0.039
1158.699951171875, -0.012271
1158.800048828125, 0.027956
1158.89990234375, 0.020993
1159.0, 0.005292
1159.10009765625, 0.007244
1159.199951171875, 0.022678
1159.300048828125, 0.041749
1159.39990234375, 0.042415
1159.5, 0.048979
1159.60009765625, 0.017445
1159.699951171875, 0.044898
1159.800048828125, 0.017799
1159.89990234375, 0.01505
1160.0, 0.015538
1160.10009765625, 0.031371
1160.199951171875, 0.021436
1160.300048828125, 0.048801
1160.39990234375, 0.044144
1160.5, 0.033367
1160.60009765625, -0.006505
1160.699951171875, 0.051507
1160.800048828125, 0.033367
1160.89990234375, 0.016203
1161.0, 0.026803
1161.10009765625, 0.010659
1161.199951171875, 0.027025
1161.300048828125, 0.03044
1161.39990234375, 0.018332
1161.5, 0.039221
1161.60009765625, -0.006106
1161.699951171875, 0.002188
1161.800048828125, 0.008973
1161.89990234375, 0.029065
1162.0, 0.018598
1162.10009765625, 0.030883
1162.199951171875, 0.022323
1162.300048828125, 0.03319
1162.39990234375, 0.019928
1162.5, 0.035585
1162.60009765625, 0.017489
1162.699951171875, 0.036117
1162.800048828125, 0.003696
1162.89990234375, 0.029508
1163.0, 0.007199
1163.10009765625, 0.03177
1163.199951171875, 0.030528
1163.300048828125, 0.000946
1163.39990234375, 0.031637
1163.5, 0.018997
1163.60009765625, 0.051729
1163.699951171875, 0.021525
1163.800048828125, 0.040064
1163.89990234375, 0.028621
1164.0, 0.00476
1164.10009765625, 0.028754
1164.199951171875, 0.029464
1164.300048828125, 0.030307
1164.39990234375, -0.00136
1164.5, 0.010836
1164.60009765625, 0.016779
1164.699951171875, 0.03452
1164.800048828125, 0.035407
1164.89990234375, 0.006534
1165.0, 0.043657
1165.10009765625, 0.013143
1165.199951171875, 0.007643
1165.300048828125, 0.039044
1165.39990234375, 0.023166
1165.5, 0.02871
1165.60009765625, 0.015404
1165.699951171875, 0.018775
1165.800048828125, 0.035762
1165.89990234375, 0.027468
1166.0, 0.013586
1166.10009765625, 0.003518
1166.199951171875, -0.005663
1166.300048828125, 0.015626
1166.39990234375, 0.026226
1166.5, 0.003518
1166.60009765625, 0.00924
1166.699951171875, 0.008796
1166.800048828125, 0.021614
1166.89990234375, 0.011945
1167.0, 0.034077
1167.10009765625, 0.001035
1167.199951171875, 0.010215
1167.300048828125, 0.018997
1167.39990234375, 0.007732
1167.5, 0.029154
1167.60009765625, 0.033988
1167.699951171875, 0.025162
1167.800048828125, 0.044987
1167.89990234375, 0.030573
1168.0, 0.025073
1168.10009765625, -3e-05
1168.199951171875, 0.007776
1168.300048828125, 0.019307
1168.39990234375, 0.013098
1168.5, 0.044277
1168.60009765625, 0.027246
1168.699951171875, 0.010393
1168.800048828125, 0.024851
1168.89990234375, 0.022323
1169.0, 0.01159
1169.10009765625, 0.028799
1169.199951171875, 0.038379
1169.300048828125, 0.041882
1169.39990234375, 0.006091
1169.5, 0.025384
1169.60009765625, 0.014429
1169.699951171875, 0.007244
1169.800048828125, 0.026492
1169.89990234375, 0.024541
1170.0, 0.023521
1170.10009765625, 0.004893
1170.199951171875, 0.019751
1170.300048828125, 0.057716
1170.39990234375, 0.026182
1170.5, 0.007643
1170.60009765625, 0.000768
1170.699951171875, 0.022368
1170.800048828125, 0.017711
1170.89990234375, 0.017001
1171.0, 0.017711
1171.10009765625, 0.028266
1171.199951171875, 0.00405
1171.300048828125, 0.029996
1171.39990234375, 0.01026
1171.5, 0.019973
1171.60009765625, 0.009018
1171.699951171875, 0.034875
1171.800048828125, 0.033411
1171.89990234375, 0.019529
1172.0, 0.048713
1172.10009765625, 0.033633
1172.199951171875, 0.002631
1172.300048828125, 0.017223
1172.39990234375, 0.008973
1172.5, 0.020328
1172.60009765625, 0.027734
1172.699951171875, 0.003784
1172.800048828125, 0.024541
1172.89990234375, 0.01811
1173.0, 0.00924
1173.10009765625, 0.037181
1173.199951171875, 0.01882
1173.300048828125, 0.023964
1173.39990234375, 0.007466
1173.5, 0.020682
1173.60009765625, 0.033323
1173.699951171875, 0.023565
1173.800048828125, 0.034077
1173.89990234375, 0.016957
1174.0, 0.012788
1174.10009765625, 0.040862
1174.199951171875, -0.006062
1174.300048828125, -0.000429
1174.39990234375, 0.034032
1174.5, -0.005618
1174.60009765625, 0.003696
1174.699951171875, -0.003489
1174.800048828125, 0.009461
1174.89990234375, 0.020993
1175.0, 0.002587
1175.10009765625, -0.004554
1175.199951171875, 0.041794
1175.300048828125, 0.023876
1175.39990234375, 0.030573
1175.5, 0.008973
1175.60009765625, -0.001627
1175.699951171875, 0.024763
1175.800048828125, 0.021037
1175.89990234375, 0.022235
1176.0, 0.022235
1176.10009765625, 0.012965
1176.199951171875, 0.030706
1176.300048828125, 0.026581
1176.39990234375, 0.02361
1176.5, 0.01261
1176.60009765625, 0.032169
1176.699951171875, 0.033988
1176.800048828125, 0.004716
1176.89990234375, 0.036649
1177.0, 0.028488
1177.10009765625, 0.026892
1177.199951171875, 0.032391
1177.300048828125, 0.018376
1177.39990234375, 0.006845
1177.5, 0.033278
1177.60009765625, 0.00924
1177.699951171875, 0.009816
1177.800048828125, 0.025118
1177.89990234375, 0.010171
1178.0, 0.045253
1178.10009765625, 0.043524
1178.199951171875, 0.02219
1178.300048828125, 0.015937
1178.39990234375, -0.006638
1178.5, 0.020815
1178.60009765625, 0.026315
1178.699951171875, 0.044411
1178.800048828125, 0.03075
1178.89990234375, 0.025605
1179.0, 0.021215
1179.10009765625, 0.040241
1179.199951171875, 0.026492
1179.300048828125, 0.017001
1179.39990234375, 0.01984
1179.5, 0.018021
1179.60009765625, -0.002114
1179.699951171875, 0.000325
1179.800048828125, 0.02361
1179.89990234375, 0.017179
1180.0, 0.029641
1180.10009765625, 0.006623
1180.199951171875, 0.030218
1180.300048828125, 0.008973
1180.39990234375, 0.022013
1180.5, 0.031549
1180.60009765625, -0.000207
1180.699951171875, 0.00853
1180.800048828125, 0.002942
1180.89990234375, 0.034476
1181.0, 0.027823
1181.10009765625, 0.059002
1181.199951171875, 0.012389
1181.300048828125, 0.02902
1181.39990234375, 0.048358
1181.5, 0.032258
1181.60009765625, 0.020594
1181.699951171875, 0.023432
1181.800048828125, 0.021969
1181.89990234375, 0.012078
1182.0, 0.027601
1182.10009765625, 0.013187
1182.199951171875, -0.003268
1182.300048828125, 0.005913
1182.39990234375, 0.035318
1182.5, 0.017622
1182.60009765625, -0.01369
1182.699951171875, 0.013497
1182.800048828125, 0.042104
1182.89990234375, 0.0068
1183.0, 0.005824
1183.10009765625, 0.021702
1183.199951171875, 0.014828
1183.300048828125, 0.025251
1183.39990234375, 0.003873
1183.5, 0.02769
1183.60009765625, 0.046894
1183.699951171875, 0.041794
1183.800048828125, 0.005381
1183.89990234375, 0.028133
1184.0, 0.049733
1184.10009765625, 0.016025
1184.199951171875, -0.00176
1184.300048828125, 0.021436
1184.39990234375, 1.4e-05
1184.5, -0.006727
1184.60009765625, 0.007643
1184.699951171875, 0.010393
1184.800048828125, -0.007658
1184.89990234375, 0.022634
1185.0, 0.039532
1185.10009765625, 0.041572
1185.199951171875, 0.005958
1185.300048828125, 0.029819
1185.39990234375, 0.037403
1185.5, 0.0386
1185.60009765625, -0.006683
1185.699951171875, 0.03931
1185.800048828125, 0.042991
1185.89990234375, 0.022856
1186.0, -0.001316
1186.10009765625, 0.0068
1186.199951171875, 0.027779
1186.300048828125, 0.034564
1186.39990234375, 0.022811
1186.5, 0.005514
1186.60009765625, 0.025916
1186.699951171875, 0.035363
1186.800048828125, 0.022811
1186.89990234375, 0.033944
1187.0, 0.021525
1187.10009765625, 0.002764
1187.199951171875, 0.027246
1187.300048828125, 0.033056
1187.39990234375, 0.024142
1187.5, 0.01363
1187.60009765625, 0.038246
1187.699951171875, 0.0335
1187.800048828125, 0.023964
1187.89990234375, 0.018021
1188.0, 0.036782
1188.10009765625, 0.04308
1188.199951171875, 0.02494
1188.300048828125, 0.032746
1188.39990234375, 0.033411
1188.5, 0.049955
1188.60009765625, 0.018997
1188.699951171875, 0.01057
1188.800048828125, 0.009107
1188.89990234375, 0.009772
1189.0, 0.013897
1189.10009765625, 0.003163
1189.199951171875, -0.000473
1189.300048828125, -0.00176
1189.39990234375, 0.036161
1189.5, 0.011635
1189.60009765625, 0.027734
1189.699951171875, 0.021037
1189.800048828125, 0.028577
1189.89990234375, 0.024851
1190.0, 0.033633
1190.10009765625, 0.01607
1190.199951171875, 0.029863
1190.300048828125, 0.060732
1190.39990234375, 0.023432
1190.5, 0.013098
1190.60009765625, 0.024585
1190.699951171875, 0.006046
1190.800048828125, 0.036826
1190.89990234375, 0.017578
1191.0, -0.001627
1191.10009765625, 0.012876
1191.199951171875, 0.028533
1191.300048828125, 0.026226
1191.39990234375, 0.01638
1191.5, 0.029686
1191.60009765625, 0.016425
1191.699951171875, 0.010481
1191.800048828125, -0.002114
1191.89990234375, 0.031238
1192.0, 0.015138
1192.10009765625, 0.057805
1192.199951171875, 0.020416
1192.300048828125, 0.017312
1192.39990234375, 0.018287
1192.5, 0.036649
1192.60009765625, 0.029819
1192.699951171875, 0.028133
1192.800048828125, 0.019751
1192.89990234375, 0.006091
1193.0, 0.015138
1193.10009765625, 0.00853
1193.199951171875, 0.020017
1193.300048828125, 0.010925
1193.39990234375, 0.045519
1193.5, 0.0174
1193.60009765625, 0.031903
1193.699951171875, 0.014828
1193.800048828125, -0.006904
1193.89990234375, 0.021436
1194.0, 0.021702
1194.10009765625, 0.059579
1194.199951171875, 0.016114
1194.300048828125, 0.038955
1194.39990234375, 0.019973
1194.5, 0.003163
1194.60009765625, 0.024984
1194.699951171875, 0.03452
1194.800048828125, 0.011457
1194.89990234375, -0.00859
1195.0, 0.015848
1195.10009765625, 0.026226
1195.199951171875, 0.009506
1195.300048828125, 0.014473
1195.39990234375, -0.002691
1195.5, 0.029242
1195.60009765625, 0.020061
1195.699951171875, 0.021658
1195.800048828125, 0.010836
1195.89990234375, 0.018687
1196.0, 0.023743
1196.10009765625, 0.021348
1196.199951171875, 0.03625
1196.300048828125, 0.037226
1196.39990234375, 0.013497
1196.5, 0.005691
1196.60009765625, 0.010526
1196.699951171875, 0.029597
1196.800048828125, 0.011413
1196.89990234375, 0.010969
1197.0, 0.013985
1197.10009765625, 0.012167
1197.199951171875, -0.000207
1197.300048828125, 0.013364
1197.39990234375, 0.00578
1197.5, 5.9e-05
1197.60009765625, 0.000103
1197.699951171875, 0.044632
1197.800048828125, 0.019219
1197.89990234375, 0.023743
1198.0, 0.028444
1198.10009765625, 0.047693
1198.199951171875, 0.039754
1198.300048828125, 0.015449
1198.39990234375, 0.018021
1198.5, 0.016868
1198.60009765625, 0.0123
1198.699951171875, 0.021303
1198.800048828125, 0.012699
1198.89990234375, 0.058293
1199.0, 0.022989
1199.10009765625, 0.032968
1199.199951171875, 0.021525
1199.300048828125, 0.022146
1199.39990234375, 0.043124
1199.5, 0.027912
1199.60009765625, 0.031549
1199.699951171875, 0.025517
1199.800048828125, 0.021215
1199.89990234375, 0.028
1200.0, 0.035585
1200.10009765625, 0.01811
1200.199951171875, 0.021215
1200.300048828125, 0.039354
1200.39990234375, 0.007466
1200.5, 0.021747
1200.60009765625, 0.038467
1200.699951171875, 0.030617
1200.800048828125, -0.00074
1200.89990234375, -0.005929
1201.0, 0.022456
1201.10009765625, 0.031549
1201.199951171875, 0.027291
1201.300048828125, 0.02902
1201.39990234375, 0.023565
1201.5, 0.04512
1201.60009765625, 0.018332
1201.699951171875, 0.026404
1201.800048828125, 0.012477
1201.89990234375, 0.02361
1202.0, 0.039443
1202.10009765625, 0.029774
1202.199951171875, 0.036738
1202.300048828125, 0.000547
1202.39990234375, 0.01638
1202.5, -0.001937
1202.60009765625, 0.01913
1202.699951171875, 0.002631
1202.800048828125, 0.01159
1202.89990234375, 0.018332
1203.0, 0.018021
1203.10009765625, 0.003962
1203.199951171875, 0.016602
1203.300048828125, -0.003844
1203.39990234375, 0.032303
1203.5, 0.017267
1203.60009765625, 0.013675
1203.699951171875, 0.016602
1203.800048828125, 0.022944
1203.89990234375, 0.020815
1204.0, 0.04339
1204.10009765625, 0.016114
1204.199951171875, 0.021747
1204.300048828125, 0.022102
1204.39990234375, 0.021259
1204.5, 0.056962
1204.60009765625, 0.029553
1204.699951171875, -0.001272
1204.800048828125, 0.033367
1204.89990234375, 0.037226
1205.0, 0.014473
1205.10009765625, 0.03177
1205.199951171875, 0.037093
1205.300048828125, 1.4e-05
1205.39990234375, 0.033988
1205.5, 0.017489
1205.60009765625, 0.029154
1205.699951171875, 0.009816
1205.800048828125, 0.029641
1205.89990234375, 0.028178
1206.0, 0.030085
1206.10009765625, 0.007377
1206.199951171875, 0.040596
1206.300048828125, 0.033988
1206.39990234375, 0.01434
1206.5, 0.026226
1206.60009765625, 0.018066
1206.699951171875, 0.043346
1206.800048828125, 0.027202
1206.89990234375, 0.005647
1207.0, 0.022989
1207.10009765625, 0.039487
1207.199951171875, 0.04512
1207.300048828125, 0.022235
1207.39990234375, 0.033323
1207.5, 0.04787
1207.60009765625, 0.050088
1207.699951171875, 0.040641
1207.800048828125, 0.017312
1207.89990234375, 0.024851
1208.0, 0.032125
1208.10009765625, 0.029641
1208.199951171875, 0.032923
1208.300048828125, 0.012876
1208.39990234375, 0.008929
1208.5, 0.027956
1208.60009765625, 0.024807
1208.699951171875, 0.038955
1208.800048828125, 0.037314
1208.89990234375, 0.028
1209.0, 0.011191
1209.10009765625, 0.03554
1209.199951171875, 0.04206
1209.300048828125, -0.00309
1209.39990234375, 0.027646
1209.5, 0.038334
1209.60009765625, 0.018332
1209.699951171875, 0.010127
1209.800048828125, 0.043834
1209.89990234375, 0.021835
1210.0, 0.005026
1210.10009765625, 0.049555
1210.199951171875, 0.033411
1210.300048828125, 0.057627
1210.39990234375, 0.03075
1210.5, 0.019751
1210.60009765625, 0.017134
1210.699951171875, 0.02463
1210.800048828125, 0.035762
1210.89990234375, 0.03248
1211.0, 0.011679
1211.10009765625, 0.029952
1211.199951171875, 0.022989
1211.300048828125, 0.005115
1211.39990234375, 0.044455
1211.5, 0.028222
1211.60009765625, 0.041971
1211.699951171875, 0.022323
1211.800048828125, 0.015316
1211.89990234375, 0.034121
1212.0, 0.047382
1212.10009765625, 0.055853
1212.199951171875, 0.016469
1212.300048828125, 0.022589
1212.39990234375, 0.01811
1212.5, 0.027646
1212.60009765625, 0.040197
1212.699951171875, 0.019662
1212.800048828125, 0.027779
1212.89990234375, 0.018243
1213.0, 0.018199
1213.10009765625, 0.024275
1213.199951171875, 0.027867
1213.300048828125, 0.0017
1213.39990234375, 0.00782
1213.5, 0.03452
1213.60009765625, 0.024585
1213.699951171875, 0.033411
1213.800048828125, 0.026049
1213.89990234375, -0.004776
1214.0, 0.022589
1214.10009765625, 0.039044
1214.199951171875, 0.044144
1214.300048828125, 0.01811
1214.39990234375, 0.019618
1214.5, 0.010215
1214.60009765625, 0.039266
1214.699951171875, 0.008885
1214.800048828125, -0.00105
1214.89990234375, 0.023299
1215.0, 0.006445
1215.10009765625, 0.004671
1215.199951171875, 0.039754
1215.300048828125, 0.035673
1215.39990234375, 0.001434
1215.5, 0.008086
1215.60009765625, 0.027779
1215.699951171875, 0.050753
1215.800048828125, 0.048846
1215.89990234375, 0.031992
1216.0, 0.052172
1216.10009765625, 0.027335
1216.199951171875, 0.027113
1216.300048828125, 0.017933
1216.39990234375, 0.039709
1216.5, 0.01332
1216.60009765625, 0.014074
1216.699951171875, 0.010748
1216.800048828125, 0.032347
1216.89990234375, 0.041971
1217.0, 0.022102
1217.10009765625, 0.02902
1217.199951171875, 0.034343
1217.300048828125, 0.021392
1217.39990234375, 0.03319
1217.5, 0.012876
1217.60009765625, 0.01465
1217.699951171875, 0.032391
1217.800048828125, 0.025206
1217.89990234375, 0.014872
1218.0, -0.013291
1218.10009765625, 0.037935
1218.199951171875, 0.033589
1218.300048828125, 0.031105
1218.39990234375, 0.005558
1218.5, 0.038201
1218.60009765625, 0.014163
1218.699951171875, 0.000547
1218.800048828125, 0.016602
1218.89990234375, 0.017179
1219.0, 0.037758
1219.10009765625, 0.02871
1219.199951171875, 0.036161
1219.300048828125, 0.004183
1219.39990234375, 0.012034
1219.5, 0.049955
1219.60009765625, 0.023787
1219.699951171875, 0.035097
1219.800048828125, 0.026271
1219.89990234375, 0.042636
1220.0, 0.028488
1220.10009765625, 0.023343
1220.199951171875, 0.014207
1220.300048828125, 0.027424
1220.39990234375, -0.016041
1220.5, 0.032036
1220.60009765625, 0.023077
1220.699951171875, 0.021569
1220.800048828125, 0.044943
1220.89990234375, 0.010969
1221.0, -0.004155
1221.10009765625, 0.013897
1221.199951171875, 0.010082
1221.300048828125, -0.001094
1221.39990234375, 0.025916
1221.5, 0.018642
1221.60009765625, 0.034609
1221.699951171875, 0.042282
1221.800048828125, 0.003208
1221.89990234375, 0.020638
1222.0, 0.023477
1222.10009765625, 0.050531
1222.199951171875, 0.035363
1222.300048828125, -0.006505
1222.39990234375, 0.041927
1222.5, 0.030617
1222.60009765625, 0.014784
1222.699951171875, 0.025561
1222.800048828125, 0.028621
1222.89990234375, 0.02361
1223.0, 0.022235
1223.10009765625, 0.01638
1223.199951171875, 0.043568
1223.300048828125, 0.01842
1223.39990234375, 0.019352
1223.5, 0.024674
1223.60009765625, 0.034919
1223.699951171875, 0.028045
1223.800048828125, -0.005796
1223.89990234375, 0.019884
1224.0, -0.004332
1224.10009765625, 0.026448
1224.199951171875, 0.043878
1224.300048828125, 0.015626
1224.39990234375, 0.028887
1224.5, 0.030085
1224.60009765625, 0.025384
1224.699951171875, 0.02219
1224.800048828125, 0.012832
1224.89990234375, -0.00105
1225.0, -0.002469
1225.10009765625, 0.042016
1225.199951171875, 0.044189
1225.300048828125, 0.031149
1225.39990234375, 0.040729
1225.5, 0.035274
1225.60009765625, 0.014296
1225.699951171875, 0.014429
1225.800048828125, 0.016602
1225.89990234375, 0.039221
1226.0, 0.035496
1226.10009765625, 0.041528
1226.199951171875, 0.033589
1226.300048828125, 0.014384
1226.39990234375, 0.017223
1226.5, 0.052305
1226.60009765625, 0.026005
1226.699951171875, 0.003696
1226.800048828125, 0.031593
1226.89990234375, 0.025118
1227.0, 0.052438
1227.10009765625, 0.014828
1227.199951171875, 0.037447
1227.300048828125, 0.031682
1227.39990234375, 0.017489
1227.5, 0.016336
1227.60009765625, 0.035939
1227.699951171875, 0.031105
1227.800048828125, 0.011102
1227.89990234375, 0.014872
1228.0, 0.039532
1228.10009765625, 0.032036
1228.199951171875, 0.04135
1228.300048828125, 0.020328
1228.39990234375, 0.040552
1228.5, 0.010437
1228.60009765625, 0.013054
1228.699951171875, 0.028666
1228.800048828125, 0.005958
1228.89990234375, 0.017755
1229.0, 0.040419
1229.10009765625, 0.023255
1229.199951171875, 0.029198
1229.300048828125, 0.018908
1229.39990234375, 0.023565
1229.5, 0.008131
1229.60009765625, 0.049955
1229.699951171875, 0.017755
1229.800048828125, -0.000917
1229.89990234375, 0.022767
1230.0, 0.017666
1230.10009765625, 0.02942
1230.199951171875, 0.054168
1230.300048828125, 0.014473
1230.39990234375, 0.041794
1230.5, 0.028444
1230.60009765625, 0.019973
1230.699951171875, 0.033988
1230.800048828125, 0.031637
1230.89990234375, 0.031504
1231.0, 0.052128
1231.10009765625, 0.043568
1231.199951171875, 0.043479
1231.300048828125, 0.02463
1231.39990234375, 0.010703
1231.5, 0.023477
1231.60009765625, 0.035407
1231.699951171875, 0.044632
1231.800048828125, 0.016425
1231.89990234375, 0.016779
1232.0, -0.002691
1232.10009765625, 0.010215
1232.199951171875, 0.035318
1232.300048828125, 0.033145
1232.39990234375, 0.019574
1232.5, 0.024452
1232.60009765625, 0.010614
1232.699951171875, 0.022102
1232.800048828125, 0.005514
1232.89990234375, 0.030972
1233.0, 0.05541
1233.10009765625, 0.015626
1233.199951171875, 0.016602
1233.300048828125, 0.041838
1233.39990234375, 0.01434
1233.5, 0.019396
1233.60009765625, 0.024142
1233.699951171875, 0.020549
1233.800048828125, 0.021835
1233.89990234375, 0.023521
1234.0, 0.010481
1234.10009765625, 0.009373
1234.199951171875, 0.012211
1234.300048828125, 0.016868
1234.39990234375, 0.021658
1234.5, -0.004731
1234.60009765625, 0.04237
1234.699951171875, 0.019973
1234.800048828125, 0.0123
1234.89990234375, 0.029154
1235.0, 0.03075
1235.10009765625, 0.032169
1235.199951171875, 0.025073
1235.300048828125, 0.020106
1235.39990234375, 0.035363
1235.5, 0.008219
1235.60009765625, 0.035939
1235.699951171875, 0.009727
1235.800048828125, 0.005913
1235.89990234375, 0.036383
1236.0, 0.029198
1236.10009765625, -0.004598
1236.199951171875, 0.035052
1236.300048828125, 0.054878
1236.39990234375, 0.014074
1236.5, 0.013985
1236.60009765625, 0.006978
1236.699951171875, 0.01882
1236.800048828125, 0.016158
1236.89990234375, 0.029774
1237.0, 0.029908
1237.10009765625, 0.020239
1237.199951171875, 0.050975
1237.300048828125, 0.048624
1237.39990234375, 0.038556
1237.5, 0.028311
1237.60009765625, 0.0123
1237.699951171875, 0.021215
1237.800048828125, 0.022368
1237.89990234375, 0.025295
1238.0, 0.034742
1238.10009765625, 0.045031
1238.199951171875, 0.039754
1238.300048828125, 0.047604
1238.39990234375, 0.012078
1238.5, 0.025428
1238.60009765625, 0.02392
1238.699951171875, -0.003445
1238.800048828125, 0.049644
1238.89990234375, 0.025162
1239.0, 0.054567
1239.10009765625, 0.007288
1239.199951171875, 0.009994
1239.300048828125, 0.028976
1239.39990234375, 0.034609
1239.5, 0.012699
1239.60009765625, 0.025738
1239.699951171875, 0.022989
1239.800048828125, 0.022811
1239.89990234375, 0.045963
1240.0, 0.033677
1240.10009765625, 0.01984
1240.199951171875, 0.019973
1240.300048828125, 0.004272
1240.39990234375, 0.039576
1240.5, 0.01057
1240.60009765625, 0.003385
1240.699951171875, 0.019352
1240.800048828125, 0.004716
1240.89990234375, 0.025206
1241.0, 0.046628
1241.10009765625, -0.00136
1241.199951171875, -0.008058
1241.300048828125, 0.020106
1241.39990234375, 0.03279
1241.5, 0.027646
1241.60009765625, 0.017267
1241.699951171875, 0.020904
1241.800048828125, 0.03146
1241.89990234375, 0.010171
1242.0, 0.026315
1242.10009765625, 0.012344
1242.199951171875, 0.015848
1242.300048828125, 1.4e-05
1242.39990234375, 0.028887
1242.5, 0.052571
1242.60009765625, 0.015848
1242.699951171875, 0.019307
1242.800048828125, 0.035318
1242.89990234375, 0.028355
1243.0, 0.038822
1243.10009765625, 0.031903
1243.199951171875, 0.055632
1243.300048828125, 0.035629
1243.39990234375, 0.015493
1243.5, 0.040641
1243.60009765625, 0.031327
1243.699951171875, 0.034254
1243.800048828125, 0.037802
1243.89990234375, 0.020638
1244.0, 0.004671
1244.10009765625, 0.010836
1244.199951171875, 0.012699
1244.300048828125, 0.029242
1244.39990234375, 0.009816
1244.5, 0.017666
1244.60009765625, 0.042193
1244.699951171875, 0.028799
1244.800048828125, 0.010127
1244.89990234375, 0.005425
1245.0, 0.041129
1245.10009765625, 0.022368
1245.199951171875, 0.023698
1245.300048828125, 0.029065
1245.39990234375, 0.027379
1245.5, 0.033544
1245.60009765625, 0.014429
1245.699951171875, 0.028799
1245.800048828125, 0.015094
1245.89990234375, 0.022767
1246.0, -0.001538
1246.10009765625, 0.009195
1246.199951171875, 0.019352
1246.300048828125, 0.032436
1246.39990234375, 0.018687
1246.5, 0.006135
1246.60009765625, 0.02392
1246.699951171875, 0.013098
1246.800048828125, 0.032303
1246.89990234375, 0.038512
1247.0, 0.039354
1247.10009765625, 0.028045
1247.199951171875, 0.029287
1247.300048828125, 0.02015
1247.39990234375, 0.01984
1247.5, 0.042681
1247.60009765625, 0.020638
1247.699951171875, 0.003163
1247.800048828125, 0.011901
1247.89990234375, 0.062373
1248.0, 0.005071
1248.10009765625, 0.013143
1248.199951171875, 0.027557
1248.300048828125, 0.022856
1248.39990234375, 0.024807
1248.5, 0.023299
1248.60009765625, 0.013098
1248.699951171875, 0.008264
1248.800048828125, 0.017134
1248.89990234375, 0.042326
1249.0, 0.008397
1249.10009765625, -0.003578
1249.199951171875, 0.017578
1249.300048828125, 0.014784
1249.39990234375, 0.001389
1249.5, 0.03798
1249.60009765625, 0.017356
1249.699951171875, 0.011147
1249.800048828125, 0.009417
1249.89990234375, 0.0284
1250.0, 0.029154
1250.10009765625, 0.031238
1250.199951171875, 0.022412
1250.300048828125, 0.013143
1250.39990234375, 0.013409
1250.5, 0.009195
1250.60009765625, 0.015804
1250.699951171875, 0.037137
1250.800048828125, 0.044588
1250.89990234375, 0.029996
1251.0, 0.050487
1251.10009765625, 0.011679
1251.199951171875, 0.028089
1251.300048828125, 0.031549
1251.39990234375, 0.015715
1251.5, 0.031593
1251.60009765625, 0.04685
1251.699951171875, 0.017622
1251.800048828125, 0.024319
1251.89990234375, 0.038334
1252.0, 0.049511
1252.10009765625, 0.026404
1252.199951171875, 0.025206
1252.300048828125, 0.040241
1252.39990234375, 0.026847
1252.5, -0.011828
1252.60009765625, 0.028311
1252.699951171875, 0.018287
1252.800048828125, 0.004937
1252.89990234375, 0.035052
1253.0, 0.034609
1253.10009765625, 0.004937
1253.199951171875, 0.01984
1253.300048828125, 0.014251
1253.39990234375, -0.001715
1253.5, 0.014118
1253.60009765625, 0.011856
1253.699951171875, 0.013675
1253.800048828125, 0.039044
1253.89990234375, 0.016912
1254.0, 0.01261
1254.10009765625, 0.00924
1254.199951171875, 0.006756
1254.300048828125, 0.036782
1254.39990234375, 0.006756
1254.5, 0.009949
1254.60009765625, 0.029154
1254.699951171875, 0.052793
1254.800048828125, 0.04889
1254.89990234375, 0.008752
1255.0, 0.040552
1255.10009765625, 0.016868
1255.199951171875, 0.012256
1255.300048828125, 0.031194
1255.39990234375, 0.042725
1255.5, 0.039044
1255.60009765625, 0.001567
1255.699951171875, 0.012566
1255.800048828125, 0.010881
1255.89990234375, 0.02769
1256.0, 0.015759
1256.10009765625, 0.038423
1256.199951171875, 0.017799
1256.300048828125, 0.00955
1256.39990234375, 0.032347
1256.5, 0.05776
1256.60009765625, 0.008885
1256.699951171875, 0.016735
1256.800048828125, 0.046273
1256.89990234375, 0.02565
1257.0, 0.033589
1257.10009765625, 0.015715
1257.199951171875, 0.00955
1257.300048828125, 0.005691
1257.39990234375, 0.030706
1257.5, 0.013719
1257.60009765625, 0.022146
1257.699951171875, 0.00884
1257.800048828125, 0.05572
1257.89990234375, 0.015626
1258.0, 0.046894
1258.10009765625, 0.053769
1258.199951171875, 0.01332
1258.300048828125, 0.014517
1258.39990234375, 0.026892
1258.5, 0.033367
1258.60009765625, 0.028222
1258.699951171875, 0.044411
1258.800048828125, 0.042459
1258.89990234375, 0.019751
1259.0, 0.003075
1259.10009765625, 0.006357
1259.199951171875, -0.011783
1259.300048828125, 0.014562
1259.39990234375, 0.03758
1259.5, 0.012921
1259.60009765625, 0.005292
1259.699951171875, -0.002381
1259.800048828125, 0.01984
1259.89990234375, 0.022456
1260.0, 0.009373
1260.10009765625, 0.013054
1260.199951171875, 0.037181
1260.300048828125, 0.004982
1260.39990234375, 0.010792
1260.5, 0.011901
1260.60009765625, 0.004317
1260.699951171875, 0.031549
1260.800048828125, 0.021392
1260.89990234375, 0.020194
1261.0, 0.031637
1261.10009765625, 0.000192
1261.199951171875, 0.025605
1261.300048828125, 0.021924
1261.39990234375, 0.038778
1261.5, 0.016779
1261.60009765625, 0.040064
1261.699951171875, 0.045697
1261.800048828125, -0.001715
1261.89990234375, 0.026936
1262.0, -0.006284
1262.10009765625, 0.02769
1262.199951171875, 0.027646
1262.300048828125, 0.004405
1262.39990234375, 0.04614
1262.5, 0.04512
1262.60009765625, 0.041395
1262.699951171875, 0.037935
1262.800048828125, 0.016646
1262.89990234375, -0.000562
1263.0, 0.006534
1263.10009765625, -0.005086
1263.199951171875, 0.020948
1263.300048828125, 0.040375
1263.39990234375, 0.030041
1263.5, 0.015271
1263.60009765625, 0.059357
1263.699951171875, 0.008973
1263.800048828125, 0.060643
1263.89990234375, 0.019574
1264.0, 0.03625
1264.10009765625, 0.024984
1264.199951171875, 0.023743
1264.300048828125, 0.020106
1264.39990234375, 0.050708
1264.5, 0.023964
1264.60009765625, 0.015892
1264.699951171875, 0.005913
1264.800048828125, -0.007703
1264.89990234375, 0.020283
1265.0, 0.021969
1265.10009765625, 0.021259
1265.199951171875, 0.045253
1265.300048828125, -0.009521
1265.39990234375, 0.004849
1265.5, 0.025073
1265.60009765625, 0.011901
1265.699951171875, 0.01811
