Tag, Descricao, Modulo, Fase, Grandeza, IdSensor, Frequencia_Amostragem, Timestamp
M1IOCA1, I OPENING COIL A, 1, A, I, 1, 33333.0, 1749823303.2722323

tempos, dados
0.01953125, -0.087544
0.049560546875, -0.011275
0.07958984375, -0.004341
0.109619140625, 0.058061
0.139404296875, 0.023393
0.16943359375, -0.004341
0.199462890625, -0.018208
0.2294921875, -0.018208
0.259521484375, -0.045943
0.28955078125, -0.011275
0.319580078125, 0.044194
0.349609375, 0.071928
0.379638671875, -0.094478
0.409423828125, -0.018208
0.439453125, 0.148197
0.469482421875, 0.106596
0.49951171875, -0.087544
0.529541015625, -0.018208
0.5595703125, -0.094478
0.589599609375, 0.071928
0.61962890625, 0.03726
0.6494140625, -0.170747
0.679443359375, 0.127396
0.70947265625, 0.078861
0.739501953125, -0.115278
0.76953125, 0.071928
0.799560546875, -0.108345
0.82958984375, 0.051127
0.859619140625, 0.099662
0.8896484375, -0.066743
0.91943359375, 0.127396
0.949462890625, 0.085795
0.9794921875, -0.011275
1.009521484375, -0.066743
1.03955078125, -0.122212
1.069580078125, 0.13433
1.099609375, 0.189798
1.129638671875, 0.03726
1.159423828125, -0.17768
1.189453125, 0.016459
1.219482421875, 0.13433
1.24951171875, 0.078861
1.279541015625, 0.016459
1.3095703125, -0.08061
1.339599609375, -0.122212
1.36962890625, 0.03726
1.399658203125, 0.127396
1.429443359375, 0.002592
1.45947265625, -0.025142
1.489501953125, 0.051127
1.51953125, -0.073677
1.549560546875, 0.127396
1.57958984375, -0.08061
1.609619140625, -0.08061
1.6396484375, 0.03726
1.66943359375, -0.108345
1.699462890625, -0.136079
1.7294921875, 0.03726
1.759521484375, -0.08061
1.78955078125, -0.045943
1.819580078125, -0.025142
1.849609375, 0.009526
1.879638671875, -0.032076
1.909423828125, 0.071928
1.939453125, 0.030326
1.969482421875, 0.023393
1.99951171875, 0.044194
2.029541015625, 0.064994
2.0595703125, -0.018208
2.089599609375, 0.092728
2.11962890625, 0.058061
2.149658203125, 0.023393
2.179443359375, -0.052876
2.20947265625, 0.092728
2.239501953125, -0.018208
2.26953125, 0.064994
2.299560546875, 0.120463
2.32958984375, 0.023393
2.359619140625, 0.044194
2.3896484375, -0.087544
2.41943359375, -0.08061
2.449462890625, 0.099662
2.4794921875, -0.039009
2.509521484375, 0.03726
2.53955078125, -0.08061
2.569580078125, -0.045943
2.599609375, -0.039009
2.629638671875, 0.120463
2.65966796875, 0.127396
2.689453125, -0.025142
2.719482421875, 0.023393
2.74951171875, 0.030326
2.779541015625, -0.025142
2.8095703125, 0.009526
2.839599609375, 0.009526
2.86962890625, 0.085795
2.899658203125, -0.045943
2.929443359375, 0.058061
2.95947265625, -0.011275
2.989501953125, -0.073677
3.01953125, 0.030326
3.049560546875, 0.009526
3.07958984375, 0.023393
3.109619140625, -0.018208
3.1396484375, 0.002592
3.16943359375, -0.122212
3.199462890625, -0.032076
3.2294921875, -0.045943
3.259521484375, -0.032076
3.28955078125, -0.018208
3.319580078125, -0.184614
3.349609375, -0.094478
3.379638671875, -0.115278
3.40966796875, 0.002592
3.439453125, 0.016459
3.469482421875, 0.058061
3.49951171875, -0.108345
3.529541015625, -0.018208
3.5595703125, 0.085795
3.589599609375, 0.016459
3.61962890625, -0.08061
3.649658203125, -0.025142
3.679443359375, 0.058061
3.70947265625, 0.044194
3.739501953125, 0.078861
3.76953125, -0.101411
3.799560546875, 0.064994
3.82958984375, -0.025142
3.859619140625, -0.011275
3.8896484375, 0.085795
3.919677734375, 0.15513
3.949462890625, -0.045943
3.9794921875, -0.101411
4.009521484375, 0.051127
4.03955078125, -0.011275
4.069580078125, -0.08061
4.099609375, 0.016459
4.129638671875, -0.025142
4.15966796875, -0.018208
4.189453125, -0.08061
4.219482421875, -0.066743
4.24951171875, -0.08061
4.279541015625, -0.087544
4.3095703125, 0.148197
4.339599609375, 0.030326
4.36962890625, -0.122212
4.399658203125, 0.044194
4.4296875, -0.066743
4.45947265625, -0.143012
4.489501953125, -0.066743
4.51953125, 0.058061
4.549560546875, 0.162064
4.57958984375, -0.045943
4.609619140625, 0.030326
4.6396484375, 0.162064
4.669677734375, -0.011275
4.699462890625, -0.025142
4.7294921875, -0.011275
4.759521484375, -0.066743
4.78955078125, 0.023393
4.819580078125, -0.045943
4.849609375, 0.023393
4.879638671875, -0.115278
4.90966796875, 0.03726
4.939453125, -0.066743
4.969482421875, -0.004341
4.99951171875, 0.023393
5.029541015625, 0.009526
5.0595703125, -0.004341
5.089599609375, 0.030326
5.11962890625, 0.044194
5.149658203125, -0.018208
5.1796875, 0.002592
5.20947265625, -0.025142
5.239501953125, -0.094478
5.26953125, 0.113529
5.299560546875, -0.004341
5.32958984375, 0.058061
5.359619140625, -0.004341
5.3896484375, -0.184614
5.419677734375, 0.064994
5.449462890625, 0.044194
5.4794921875, -0.240082
5.509521484375, -0.018208
5.53955078125, 0.009526
5.569580078125, 0.064994
5.599609375, -0.039009
5.629638671875, -0.05981
5.65966796875, -0.018208
5.689697265625, 0.044194
5.719482421875, 0.03726
5.74951171875, 0.058061
5.779541015625, 0.030326
5.8095703125, 0.030326
5.839599609375, -0.004341
5.86962890625, 0.044194
5.899658203125, -0.087544
5.9296875, 0.03726
5.95947265625, -0.05981
5.989501953125, -0.108345
6.01953125, 0.009526
6.049560546875, -0.05981
6.07958984375, -0.094478
6.109619140625, 0.030326
6.1396484375, -0.066743
6.169677734375, -0.149946
6.19970703125, 0.058061
6.2294921875, -0.08061
6.259521484375, 0.078861
6.28955078125, 0.120463
6.319580078125, 0.051127
6.349609375, -0.018208
6.379638671875, -0.05981
6.40966796875, 0.051127
6.439697265625, -0.032076
6.469482421875, 0.03726
6.49951171875, 0.03726
6.529541015625, 0.016459
6.5595703125, 0.148197
6.589599609375, 0.071928
6.61962890625, -0.087544
6.649658203125, 0.016459
6.6796875, 0.016459
6.70947265625, -0.011275
6.739501953125, 0.03726
6.76953125, -0.025142
6.799560546875, 0.016459
6.82958984375, 0.03726
6.859619140625, 0.009526
6.8896484375, -0.004341
6.919677734375, 0.03726
6.94970703125, 0.016459
6.9794921875, -0.018208
7.009521484375, 0.002592
7.03955078125, 0.044194
7.069580078125, -0.045943
7.099609375, 0.023393
7.129638671875, 0.058061
7.15966796875, 0.099662
7.189697265625, -0.032076
7.219482421875, -0.045943
7.24951171875, 0.141263
7.279541015625, -0.129145
7.3095703125, 0.064994
7.339599609375, -0.15688
7.36962890625, -0.094478
7.399658203125, 0.03726
7.4296875, -0.087544
7.459716796875, 0.106596
7.489501953125, 0.023393
7.51953125, 0.009526
7.549560546875, 0.071928
7.57958984375, -0.045943
7.609619140625, 0.002592
7.6396484375, -0.05981
7.669677734375, -0.018208
7.69970703125, 0.071928
7.7294921875, 0.030326
7.759521484375, -0.05981
7.78955078125, 0.058061
7.819580078125, 0.030326
7.849609375, -0.025142
7.879638671875, -0.066743
7.90966796875, 0.023393
7.939697265625, -0.025142
7.969482421875, -0.087544
7.99951171875, 0.085795
8.029541015625, -0.045943
8.0595703125, 0.120463
8.089599609375, 0.092728
8.11962890625, -0.08061
8.149658203125, 0.002592
8.1796875, 0.141263
8.209716796875, 0.002592
8.239501953125, 0.064994
8.26953125, 0.009526
8.299560546875, -0.011275
8.32958984375, 0.030326
8.359619140625, -0.045943
8.3896484375, -0.052876
8.419677734375, -0.004341
8.44970703125, -0.066743
8.4794921875, 0.085795
8.509521484375, -0.004341
8.53955078125, -0.039009
8.569580078125, -0.08061
8.599609375, -0.025142
8.629638671875, 0.023393
8.65966796875, 0.051127
8.689697265625, -0.045943
8.7197265625, -0.087544
8.74951171875, 0.009526
8.779541015625, -0.045943
8.8095703125, -0.052876
8.839599609375, 0.078861
8.86962890625, -0.149946
8.899658203125, -0.108345
8.9296875, -0.045943
8.959716796875, 0.078861
8.989501953125, -0.122212
9.01953125, 0.051127
9.049560546875, 0.127396
9.07958984375, -0.045943
9.109619140625, 0.092728
9.1396484375, -0.108345
9.169677734375, -0.004341
9.19970703125, 0.106596
9.229736328125, 0.03726
9.259521484375, 0.016459
9.28955078125, 0.092728
9.319580078125, 0.03726
9.349609375, -0.032076
9.379638671875, -0.066743
9.40966796875, 0.085795
9.439697265625, -0.08061
9.4697265625, -0.066743
9.49951171875, -0.052876
9.529541015625, -0.032076
9.5595703125, -0.039009
9.589599609375, -0.011275
9.61962890625, -0.045943
9.649658203125, 0.009526
9.6796875, 0.002592
9.709716796875, -0.073677
9.739501953125, -0.018208
9.76953125, 0.030326
9.799560546875, -0.004341
9.82958984375, 0.064994
9.859619140625, 0.085795
9.8896484375, -0.004341
9.919677734375, -0.101411
9.94970703125, -0.115278
9.979736328125, 0.03726
10.009521484375, 0.064994
10.03955078125, 0.113529
10.069580078125, 0.064994
10.099609375, -0.163813
10.129638671875, -0.032076
10.15966796875, 0.044194
10.189697265625, 0.030326
10.2197265625, 0.058061
10.24951171875, -0.122212
10.279541015625, -0.018208
10.3095703125, 0.016459
10.339599609375, -0.025142
10.36962890625, 0.009526
10.399658203125, -0.018208
10.4296875, 0.064994
10.459716796875, 0.016459
10.48974609375, -0.018208
10.51953125, 0.058061
10.549560546875, 0.03726
10.57958984375, 0.03726
10.609619140625, 0.030326
10.6396484375, 0.044194
10.669677734375, 0.016459
10.69970703125, 0.016459
10.729736328125, -0.018208
10.759521484375, -0.025142
10.78955078125, -0.143012
10.819580078125, 0.071928
10.849609375, -0.032076
10.879638671875, -0.052876
10.90966796875, -0.039009
10.939697265625, 0.002592
10.9697265625, 0.002592
10.99951171875, 0.064994
11.029541015625, -0.08061
11.0595703125, 0.03726
11.089599609375, 0.13433
11.11962890625, 0.099662
11.149658203125, -0.025142
11.1796875, -0.039009
11.209716796875, 0.064994
11.23974609375, -0.045943
11.26953125, 0.127396
11.299560546875, -0.025142
11.32958984375, -0.163813
11.359619140625, 0.002592
11.3896484375, -0.087544
11.419677734375, 0.023393
11.44970703125, -0.108345
11.479736328125, -0.025142
11.509521484375, 0.106596
11.53955078125, -0.032076
11.569580078125, 0.071928
11.599609375, 0.058061
11.629638671875, -0.073677
11.65966796875, 0.044194
11.689697265625, 0.106596
11.7197265625, -0.08061
11.749755859375, -0.115278
11.779541015625, 0.078861
11.8095703125, 0.051127
11.839599609375, 0.141263
11.86962890625, 0.002592
11.899658203125, 0.085795
11.9296875, 0.03726
11.959716796875, 0.13433
11.98974609375, 0.058061
12.01953125, 0.016459
12.049560546875, 0.044194
12.07958984375, -0.05981
12.109619140625, 0.009526
12.1396484375, 0.058061
12.169677734375, -0.129145
12.19970703125, -0.025142
12.229736328125, 0.023393
12.259765625, 0.085795
12.28955078125, -0.073677
12.319580078125, 0.141263
12.349609375, 0.002592
12.379638671875, 0.058061
12.40966796875, 0.064994
12.439697265625, 0.078861
12.4697265625, -0.066743
12.499755859375, 0.009526
12.529541015625, -0.011275
12.5595703125, -0.087544
12.589599609375, -0.004341
12.61962890625, 0.064994
12.649658203125, 0.085795
12.6796875, -0.011275
12.709716796875, -0.066743
12.73974609375, -0.108345
12.76953125, 0.064994
12.799560546875, -0.045943
12.82958984375, -0.045943
12.859619140625, 0.016459
12.8896484375, -0.073677
12.919677734375, -0.08061
12.94970703125, -0.066743
12.979736328125, -0.115278
13.009765625, 0.058061
13.03955078125, 0.03726
13.069580078125, 0.071928
13.099609375, -0.15688
13.129638671875, -0.032076
13.15966796875, 0.071928
13.189697265625, -0.122212
13.2197265625, 0.106596
13.249755859375, 0.023393
13.279541015625, 0.016459
13.3095703125, 0.016459
13.339599609375, 0.071928
13.36962890625, -0.004341
13.399658203125, 0.085795
13.4296875, 0.009526
13.459716796875, -0.115278
13.48974609375, 0.113529
13.519775390625, -0.032076
13.549560546875, 0.002592
13.57958984375, -0.045943
13.609619140625, -0.039009
13.6396484375, -0.011275
13.669677734375, -0.052876
13.69970703125, 0.058061
13.729736328125, 0.085795
13.759765625, -0.05981
13.78955078125, 0.120463
13.819580078125, -0.045943
13.849609375, -0.011275
13.879638671875, -0.08061
13.90966796875, -0.143012
13.939697265625, 0.099662
13.9697265625, -0.011275
13.999755859375, 0.120463
14.02978515625, 0.002592
14.0595703125, -0.032076
14.089599609375, -0.039009
14.11962890625, 0.023393
14.149658203125, 0.13433
14.1796875, 0.009526
14.209716796875, 0.071928
14.23974609375, 0.127396
14.269775390625, -0.039009
14.299560546875, 0.078861
14.32958984375, -0.073677
14.359619140625, 0.03726
14.3896484375, -0.129145
14.419677734375, -0.05981
14.44970703125, -0.011275
14.479736328125, 0.03726
14.509765625, 0.03726
14.53955078125, -0.087544
14.569580078125, -0.045943
14.599609375, 0.051127
14.629638671875, 0.051127
14.65966796875, -0.052876
14.689697265625, -0.052876
14.7197265625, -0.025142
14.749755859375, -0.073677
14.77978515625, -0.17768
14.8095703125, -0.018208
14.839599609375, 0.051127
14.86962890625, 0.002592
14.899658203125, 0.044194
14.9296875, 0.009526
14.959716796875, -0.122212
14.98974609375, -0.004341
15.019775390625, -0.05981
15.049560546875, 0.016459
15.07958984375, 0.085795
15.109619140625, 0.099662
15.1396484375, 0.078861
15.169677734375, -0.05981
15.19970703125, 0.009526
15.229736328125, 0.016459
15.259765625, -0.004341
15.289794921875, 0.120463
15.319580078125, 0.03726
15.349609375, -0.094478
15.379638671875, -0.087544
15.40966796875, 0.023393
15.439697265625, 0.078861
15.4697265625, 0.016459
15.499755859375, -0.018208
15.52978515625, 0.085795
15.5595703125, -0.094478
15.589599609375, -0.149946
15.61962890625, -0.045943
15.649658203125, -0.066743
15.6796875, -0.073677
15.709716796875, -0.115278
15.73974609375, 0.016459
15.769775390625, 0.058061
15.799560546875, 0.078861
15.82958984375, -0.011275
15.859619140625, 0.03726
15.8896484375, 0.085795
15.919677734375, 0.002592
15.94970703125, 0.141263
15.979736328125, -0.025142
16.009765625, 0.058061
16.039794921875, 0.03726
16.069580078125, 0.092728
16.099609375, -0.122212
16.129638671875, 0.071928
16.15966796875, 0.092728
16.189697265625, 0.071928
16.2197265625, 0.064994
16.249755859375, 0.030326
16.27978515625, -0.011275
16.3095703125, -0.045943
16.339599609375, -0.039009
16.36962890625, 0.064994
16.399658203125, 0.023393
16.4296875, 0.064994
16.459716796875, -0.045943
16.48974609375, 0.092728
16.519775390625, -0.045943
16.5498046875, 0.099662
16.57958984375, 0.051127
16.609619140625, -0.011275
16.6396484375, -0.045943
16.669677734375, -0.045943
16.69970703125, 0.016459
16.729736328125, -0.052876
16.759765625, 0.044194
16.789794921875, 0.064994
16.819580078125, 0.002592
16.849609375, 0.058061
16.879638671875, 0.002592
16.90966796875, 0.058061
16.939697265625, -0.018208
16.9697265625, -0.011275
16.999755859375, -0.108345
17.02978515625, 0.030326
17.059814453125, 0.064994
17.089599609375, 0.016459
17.11962890625, -0.05981
17.149658203125, -0.032076
17.1796875, 0.016459
17.209716796875, -0.032076
17.23974609375, -0.045943
17.269775390625, 0.078861
17.2998046875, -0.045943
17.32958984375, 0.120463
17.359619140625, 0.03726
17.3896484375, -0.073677
17.419677734375, -0.108345
17.44970703125, -0.004341
17.479736328125, 0.016459
17.509765625, 0.009526
17.539794921875, 0.15513
17.569580078125, 0.099662
17.599609375, -0.066743
17.629638671875, 0.030326
17.65966796875, -0.066743
17.689697265625, 0.078861
17.7197265625, -0.073677
17.749755859375, 0.044194
17.77978515625, 0.113529
17.809814453125, -0.045943
17.839599609375, 0.002592
17.86962890625, 0.113529
17.899658203125, -0.004341
17.9296875, 0.051127
17.959716796875, 0.085795
17.98974609375, -0.011275
18.019775390625, 0.071928
18.0498046875, -0.087544
18.07958984375, 0.058061
18.109619140625, -0.052876
18.1396484375, -0.08061
18.169677734375, -0.115278
18.19970703125, 0.106596
18.229736328125, 0.127396
18.259765625, -0.052876
18.289794921875, -0.08061
18.31982421875, -0.018208
18.349609375, -0.032076
18.379638671875, 0.044194
18.40966796875, 0.023393
18.439697265625, -0.08061
18.4697265625, 0.099662
18.499755859375, 0.078861
18.52978515625, 0.044194
18.559814453125, -0.045943
18.589599609375, 0.002592
18.61962890625, -0.094478
18.649658203125, -0.004341
18.6796875, -0.011275
18.709716796875, 0.030326
18.73974609375, 0.15513
18.769775390625, 0.148197
18.7998046875, -0.018208
18.829833984375, 0.058061
18.859619140625, 0.071928
18.8896484375, -0.018208
18.919677734375, 0.085795
18.94970703125, -0.122212
18.979736328125, 0.002592
19.009765625, 0.15513
19.039794921875, 0.051127
19.06982421875, 0.051127
19.099609375, 0.03726
19.129638671875, -0.045943
19.15966796875, 0.058061
19.189697265625, -0.05981
19.2197265625, -0.066743
19.249755859375, -0.17768
19.27978515625, 0.051127
19.309814453125, 0.009526
19.339599609375, -0.094478
19.36962890625, -0.025142
19.399658203125, -0.025142
19.4296875, 0.064994
19.459716796875, 0.092728
19.48974609375, -0.108345
19.519775390625, 0.106596
19.5498046875, -0.08061
19.579833984375, -0.018208
19.609619140625, 0.071928
19.6396484375, 0.058061
19.669677734375, 0.051127
19.69970703125, -0.05981
19.729736328125, -0.066743
19.759765625, -0.032076
19.789794921875, 0.141263
19.81982421875, 0.023393
19.849609375, 0.120463
19.879638671875, 0.030326
19.90966796875, -0.094478
19.939697265625, -0.05981
19.9697265625, -0.032076
19.999755859375, 0.099662
20.02978515625, 0.030326
20.059814453125, 0.058061
20.08984375, 0.113529
20.11962890625, -0.018208
20.149658203125, 0.002592
20.1796875, 0.030326
20.209716796875, 0.106596
20.23974609375, 0.016459
20.269775390625, -0.045943
20.2998046875, -0.025142
20.329833984375, 0.058061
20.359619140625, 0.085795
20.3896484375, -0.108345
20.419677734375, 0.023393
20.44970703125, -0.129145
20.479736328125, 0.044194
20.509765625, -0.011275
20.539794921875, 0.127396
20.56982421875, -0.039009
20.599609375, -0.039009
20.629638671875, 0.071928
20.65966796875, -0.045943
20.689697265625, -0.018208
20.7197265625, -0.045943
20.749755859375, 0.009526
20.77978515625, -0.039009
20.809814453125, 0.099662
20.83984375, 0.078861
20.86962890625, 0.030326
20.899658203125, 0.023393
20.9296875, 0.030326
20.959716796875, 0.071928
20.98974609375, -0.066743
21.019775390625, 0.051127
21.0498046875, -0.052876
21.079833984375, 0.044194
21.109619140625, 0.023393
21.1396484375, -0.108345
21.169677734375, 0.016459
21.19970703125, 0.03726
21.229736328125, -0.101411
21.259765625, 0.058061
21.289794921875, -0.052876
21.31982421875, 0.03726
21.349853515625, -0.108345
21.379638671875, -0.05981
21.40966796875, -0.039009
21.439697265625, 0.113529
21.4697265625, 0.058061
21.499755859375, -0.032076
21.52978515625, 0.002592
21.559814453125, -0.039009
21.58984375, -0.025142
21.61962890625, 0.064994
21.649658203125, -0.018208
21.6796875, -0.08061
21.709716796875, -0.004341
21.73974609375, 0.009526
21.769775390625, 0.064994
21.7998046875, 0.030326
21.829833984375, -0.05981
21.85986328125, -0.05981
21.8896484375, -0.045943
21.919677734375, 0.051127
21.94970703125, 0.051127
21.979736328125, 0.009526
22.009765625, -0.045943
22.039794921875, 0.051127
22.06982421875, 0.044194
22.099853515625, -0.08061
22.129638671875, -0.122212
22.15966796875, -0.032076
22.189697265625, 0.030326
22.2197265625, -0.129145
22.249755859375, 0.002592
22.27978515625, -0.15688
22.309814453125, -0.025142
22.33984375, 0.03726
22.36962890625, -0.101411
22.399658203125, -0.073677
22.4296875, 0.099662
22.459716796875, -0.004341
22.48974609375, -0.011275
22.519775390625, 0.058061
22.5498046875, -0.073677
22.579833984375, 0.092728
22.60986328125, 0.002592
22.6396484375, 0.148197
22.669677734375, -0.032076
22.69970703125, 0.085795
22.729736328125, 0.113529
22.759765625, -0.039009
22.789794921875, 0.023393
22.81982421875, 0.016459
22.849853515625, 0.016459
22.879638671875, -0.004341
22.90966796875, 0.092728
22.939697265625, -0.025142
22.9697265625, -0.004341
22.999755859375, 0.092728
23.02978515625, -0.073677
23.059814453125, -0.004341
23.08984375, -0.094478
23.119873046875, -0.15688
23.149658203125, -0.039009
23.1796875, 0.030326
23.209716796875, 0.175931
23.23974609375, 0.044194
23.269775390625, 0.217532
23.2998046875, -0.032076
23.329833984375, -0.018208
23.35986328125, 0.058061
23.3896484375, -0.004341
23.419677734375, 0.044194
23.44970703125, -0.129145
23.479736328125, 0.051127
23.509765625, -0.066743
23.539794921875, 0.016459
23.56982421875, -0.136079
23.599853515625, 0.245267
23.629638671875, -0.045943
23.65966796875, 0.092728
23.689697265625, -0.045943
23.7197265625, 0.009526
23.749755859375, 0.120463
23.77978515625, -0.087544
23.809814453125, 0.113529
23.83984375, 0.058061
23.869873046875, 0.051127
23.899658203125, -0.032076
23.9296875, 0.141263
23.959716796875, -0.032076
23.98974609375, 0.078861
24.019775390625, 0.002592
24.0498046875, 0.009526
24.079833984375, -0.011275
24.10986328125, -0.011275
24.1396484375, -0.066743
24.169677734375, -0.101411
24.19970703125, 0.085795
24.229736328125, -0.018208
24.259765625, 0.092728
24.289794921875, 0.030326
24.31982421875, -0.039009
24.349853515625, 0.009526
24.3798828125, -0.045943
24.40966796875, -0.011275
24.439697265625, 0.009526
24.4697265625, 0.182865
24.499755859375, 0.023393
24.52978515625, -0.032076
24.559814453125, 0.051127
24.58984375, 0.078861
24.619873046875, 0.058061
24.649658203125, -0.073677
24.6796875, 0.071928
24.709716796875, 0.085795
24.73974609375, 0.030326
24.769775390625, 0.051127
24.7998046875, -0.066743
24.829833984375, -0.025142
24.85986328125, -0.011275
24.889892578125, 0.064994
24.919677734375, -0.129145
24.94970703125, -0.115278
24.979736328125, 0.03726
25.009765625, 0.002592
25.039794921875, -0.039009
25.06982421875, 0.085795
25.099853515625, 0.085795
25.1298828125, -0.045943
25.15966796875, -0.032076
25.189697265625, -0.05981
25.2197265625, 0.009526
25.249755859375, 0.016459
25.27978515625, 0.03726
25.309814453125, 0.03726
25.33984375, -0.066743
25.369873046875, -0.004341
25.399658203125, 0.064994
25.4296875, -0.045943
25.459716796875, 0.044194
25.48974609375, -0.122212
25.519775390625, -0.094478
25.5498046875, 0.023393
25.579833984375, -0.018208
25.60986328125, -0.073677
25.639892578125, 0.03726
25.669677734375, 0.051127
25.69970703125, -0.052876
25.729736328125, -0.05981
25.759765625, -0.17768
25.789794921875, -0.018208
25.81982421875, 0.009526
25.849853515625, -0.052876
25.8798828125, 0.085795
25.90966796875, -0.025142
25.939697265625, 0.023393
25.9697265625, 0.002592
25.999755859375, 0.030326
26.02978515625, -0.011275
26.059814453125, -0.122212
26.08984375, -0.018208
26.119873046875, -0.066743
26.14990234375, 0.120463
26.1796875, -0.004341
26.209716796875, 0.044194
26.23974609375, 0.162064
26.269775390625, -0.025142
26.2998046875, 0.085795
26.329833984375, -0.052876
26.35986328125, 0.023393
26.389892578125, -0.011275
26.419677734375, -0.05981
26.44970703125, 0.002592
26.479736328125, 0.148197
26.509765625, 0.092728
26.539794921875, 0.071928
26.56982421875, -0.018208
26.599853515625, -0.184614
26.6298828125, -0.073677
26.659912109375, -0.032076
26.689697265625, -0.018208
26.7197265625, 0.113529
26.749755859375, 0.051127
26.77978515625, 0.044194
26.809814453125, 0.023393
26.83984375, -0.15688
26.869873046875, -0.032076
26.89990234375, -0.018208
26.9296875, 0.051127
26.959716796875, -0.108345
26.98974609375, 0.064994
27.019775390625, 0.002592
27.0498046875, 0.023393
27.079833984375, -0.004341
27.10986328125, -0.170747
27.139892578125, 0.009526
27.169677734375, 0.106596
27.19970703125, -0.004341
27.229736328125, -0.018208
27.259765625, 0.13433
27.289794921875, -0.052876
27.31982421875, 0.064994
27.349853515625, 0.099662
27.3798828125, -0.011275
27.409912109375, -0.087544
27.439697265625, 0.030326
27.4697265625, 0.058061
27.499755859375, 0.210599
27.52978515625, -0.05981
27.559814453125, -0.039009
27.58984375, 0.064994
27.619873046875, -0.066743
27.64990234375, -0.052876
27.6796875, -0.039009
27.709716796875, 0.044194
27.73974609375, -0.08061
27.769775390625, -0.032076
27.7998046875, 0.085795
27.829833984375, -0.08061
27.85986328125, -0.066743
27.889892578125, 0.016459
27.919921875, 0.071928
27.94970703125, 0.009526
27.979736328125, 0.051127
28.009765625, -0.115278
28.039794921875, -0.025142
28.06982421875, 0.15513
28.099853515625, 0.051127
28.1298828125, 0.092728
28.159912109375, 0.051127
28.189697265625, 0.078861
28.2197265625, -0.136079
28.249755859375, 0.03726
28.27978515625, 0.099662
28.309814453125, 0.064994
28.33984375, 0.030326
28.369873046875, -0.039009
28.39990234375, 0.009526
28.4296875, 0.016459
28.459716796875, 0.182865
28.48974609375, 0.016459
28.519775390625, -0.226215
28.5498046875, 0.064994
28.579833984375, 0.13433
28.60986328125, -0.045943
28.639892578125, -0.011275
28.669921875, -0.149946
28.69970703125, -0.073677
28.729736328125, -0.052876
28.759765625, -0.018208
28.789794921875, 0.030326
28.81982421875, -0.087544
28.849853515625, 0.009526
28.8798828125, 0.071928
28.909912109375, -0.108345
28.939697265625, -0.052876
28.9697265625, 0.023393
28.999755859375, 0.051127
29.02978515625, 0.03726
29.059814453125, -0.066743
29.08984375, 0.002592
29.119873046875, 0.023393
29.14990234375, -0.004341
29.179931640625, -0.018208
29.209716796875, -0.025142
29.23974609375, 0.058061
29.269775390625, 0.002592
29.2998046875, 0.058061
29.329833984375, 0.030326
29.35986328125, -0.052876
29.389892578125, 0.051127
29.419921875, 0.044194
29.44970703125, 0.092728
29.479736328125, -0.052876
29.509765625, -0.025142
29.539794921875, -0.004341
29.56982421875, 0.016459
29.599853515625, -0.101411
29.6298828125, -0.011275
29.659912109375, -0.08061
29.68994140625, -0.011275
29.7197265625, 0.071928
29.749755859375, -0.05981
29.77978515625, -0.108345
29.809814453125, -0.05981
29.83984375, -0.129145
29.869873046875, -0.025142
29.89990234375, 0.016459
29.929931640625, 0.030326
29.959716796875, 0.016459
29.98974609375, 0.009526
30.019775390625, -0.073677
30.0498046875, 0.002592
30.079833984375, 0.113529
30.10986328125, -0.136079
30.139892578125, 0.030326
30.169921875, 0.009526
30.19970703125, 0.092728
30.229736328125, -0.018208
30.259765625, 0.009526
30.289794921875, -0.101411
30.31982421875, -0.045943
30.349853515625, 0.148197
30.3798828125, -0.094478
30.409912109375, 0.085795
30.43994140625, 0.030326
30.4697265625, -0.08061
30.499755859375, 0.085795
30.52978515625, -0.018208
30.559814453125, 0.058061
30.58984375, 0.044194
30.619873046875, 0.106596
30.64990234375, -0.039009
30.679931640625, -0.073677
30.709716796875, -0.066743
30.73974609375, -0.018208
30.769775390625, -0.039009
30.7998046875, 0.092728
30.829833984375, -0.101411
30.85986328125, 0.023393
30.889892578125, 0.03726
30.919921875, 0.058061
30.949951171875, -0.05981
30.979736328125, 0.009526
31.009765625, 0.009526
31.039794921875, 0.113529
31.06982421875, -0.073677
31.099853515625, 0.064994
31.1298828125, -0.05981
31.159912109375, -0.052876
31.18994140625, 0.071928
31.2197265625, -0.073677
31.249755859375, 0.113529
31.27978515625, 0.106596
31.309814453125, -0.08061
31.33984375, 0.085795
31.369873046875, 0.064994
31.39990234375, 0.175931
31.429931640625, 0.023393
31.459716796875, 0.106596
31.48974609375, -0.094478
31.519775390625, 0.023393
31.5498046875, 0.085795
31.579833984375, 0.009526
31.60986328125, -0.094478
31.639892578125, -0.05981
31.669921875, 0.044194
31.699951171875, 0.044194
31.729736328125, 0.064994
31.759765625, 0.03726
31.789794921875, -0.032076
31.81982421875, 0.023393
31.849853515625, 0.009526
31.8798828125, -0.101411
31.909912109375, 0.002592
31.93994140625, 0.009526
31.9697265625, -0.073677
31.999755859375, 0.064994
32.02978515625, 0.058061
32.059814453125, -0.004341
32.08984375, 0.051127
32.119873046875, 0.009526
32.14990234375, 0.002592
32.179931640625, -0.039009
32.2099609375, 0.023393
32.23974609375, 0.113529
32.269775390625, -0.05981
32.2998046875, -0.045943
32.329833984375, -0.004341
32.35986328125, -0.101411
32.389892578125, -0.087544
32.419921875, 0.009526
32.449951171875, 0.058061
32.479736328125, -0.032076
32.509765625, 0.03726
32.539794921875, -0.018208
32.56982421875, -0.052876
32.599853515625, -0.018208
32.6298828125, 0.03726
32.659912109375, -0.045943
32.68994140625, -0.004341
32.719970703125, 0.009526
32.749755859375, 0.071928
32.77978515625, 0.002592
32.809814453125, 0.064994
32.83984375, -0.004341
32.869873046875, 0.120463
32.89990234375, -0.184614
32.929931640625, 0.099662
32.9599609375, -0.032076
32.98974609375, -0.039009
33.019775390625, 0.099662
33.0498046875, 0.064994
33.079833984375, -0.039009
33.10986328125, -0.052876
33.139892578125, 0.030326
33.169921875, -0.143012
33.199951171875, -0.004341
33.229736328125, -0.018208
33.259765625, 0.217532
33.289794921875, 0.092728
33.31982421875, -0.032076
33.349853515625, -0.136079
33.3798828125, -0.066743
33.409912109375, -0.011275
33.43994140625, -0.039009
33.469970703125, -0.073677
33.499755859375, -0.066743
33.52978515625, -0.032076
33.559814453125, 0.051127
33.58984375, 0.030326
33.619873046875, 0.009526
33.64990234375, 0.023393
33.679931640625, 0.030326
33.7099609375, 0.030326
33.73974609375, 0.009526
33.769775390625, 0.03726
33.7998046875, -0.039009
33.829833984375, 0.009526
33.85986328125, 0.092728
33.889892578125, -0.018208
33.919921875, -0.011275
33.949951171875, -0.011275
33.97998046875, -0.004341
34.009765625, -0.122212
34.039794921875, -0.004341
34.06982421875, -0.039009
34.099853515625, 0.051127
34.1298828125, -0.004341
34.159912109375, 0.064994
34.18994140625, 0.009526
34.219970703125, -0.115278
34.249755859375, 0.044194
34.27978515625, -0.101411
34.309814453125, -0.032076
34.33984375, 0.141263
34.369873046875, -0.039009
34.39990234375, 0.002592
34.429931640625, 0.106596
34.4599609375, -0.073677
34.489990234375, 0.092728
34.519775390625, -0.108345
34.5498046875, 0.15513
34.579833984375, 0.023393
34.60986328125, -0.018208
34.639892578125, 0.009526
34.669921875, 0.009526
34.699951171875, -0.032076
34.72998046875, 0.002592
34.759765625, 0.078861
34.789794921875, -0.011275
34.81982421875, 0.058061
34.849853515625, -0.05981
34.8798828125, 0.106596
34.909912109375, 0.071928
34.93994140625, -0.025142
34.969970703125, 0.064994
34.999755859375, 0.162064
35.02978515625, 0.016459
35.059814453125, -0.087544
35.08984375, -0.094478
35.119873046875, -0.129145
35.14990234375, -0.087544
35.179931640625, -0.08061
35.2099609375, -0.136079
35.239990234375, 0.03726
35.269775390625, 0.016459
35.2998046875, -0.039009
35.329833984375, -0.011275
35.35986328125, -0.045943
35.389892578125, 0.03726
35.419921875, 0.064994
35.449951171875, -0.045943
35.47998046875, 0.092728
35.509765625, 0.016459
35.539794921875, 0.009526
35.56982421875, -0.17768
35.599853515625, 0.064994
35.6298828125, -0.087544
35.659912109375, 0.078861
35.68994140625, 0.051127
35.719970703125, 0.13433
35.75, -0.032076
35.77978515625, 0.064994
35.809814453125, -0.011275
35.83984375, 0.182865
35.869873046875, -0.011275
35.89990234375, 0.051127
35.929931640625, -0.018208
35.9599609375, -0.066743
35.989990234375, 0.092728
36.019775390625, -0.073677
36.0498046875, 0.002592
36.079833984375, 0.064994
36.10986328125, -0.149946
36.139892578125, 0.189798
36.169921875, 0.182865
36.199951171875, 0.092728
36.22998046875, -0.08061
36.259765625, -0.170747
36.289794921875, -0.018208
36.31982421875, -0.025142
36.349853515625, 0.15513
36.3798828125, 0.064994
36.409912109375, -0.004341
36.43994140625, 0.078861
36.469970703125, 0.106596
36.5, -0.15688
36.52978515625, -0.122212
36.559814453125, -0.025142
36.58984375, -0.004341
36.619873046875, -0.087544
36.64990234375, -0.039009
36.679931640625, 0.058061
36.7099609375, 0.064994
36.739990234375, 0.175931
36.769775390625, 0.051127
36.7998046875, 0.058061
36.829833984375, 0.106596
36.85986328125, 0.009526
36.889892578125, 0.071928
36.919921875, 0.162064
36.949951171875, 0.002592
36.97998046875, 0.023393
37.010009765625, -0.011275
37.039794921875, 0.15513
37.06982421875, 0.078861
37.099853515625, 0.002592
37.1298828125, 0.13433
37.159912109375, -0.045943
37.18994140625, 0.030326
37.219970703125, 0.023393
37.25, -0.101411
37.27978515625, 0.078861
37.309814453125, -0.018208
37.33984375, 0.106596
37.369873046875, 0.058061
37.39990234375, -0.025142
37.429931640625, 0.023393
37.4599609375, -0.101411
37.489990234375, 0.078861
37.52001953125, 0.030326
37.5498046875, -0.15688
37.579833984375, -0.004341
37.60986328125, 0.078861
37.639892578125, -0.052876
37.669921875, -0.094478
37.699951171875, 0.03726
37.72998046875, 0.071928
37.760009765625, 0.023393
37.789794921875, -0.108345
37.81982421875, 0.03726
37.849853515625, -0.052876
37.8798828125, -0.004341
37.909912109375, 0.016459
37.93994140625, -0.101411
37.969970703125, -0.073677
38.0, 0.058061
38.02978515625, 0.071928
38.059814453125, 0.002592
38.08984375, 0.009526
38.119873046875, 0.162064
38.14990234375, -0.191547
38.179931640625, 0.058061
38.2099609375, -0.073677
38.239990234375, -0.052876
38.27001953125, 0.002592
38.2998046875, -0.011275
38.329833984375, 0.196732
38.35986328125, -0.122212
38.389892578125, -0.129145
38.419921875, 0.051127
38.449951171875, 0.051127
38.47998046875, 0.023393
38.510009765625, -0.011275
38.539794921875, -0.066743
38.56982421875, 0.148197
38.599853515625, 0.071928
38.6298828125, 0.078861
38.659912109375, 0.127396
38.68994140625, 0.071928
38.719970703125, 0.03726
38.75, 0.044194
38.780029296875, 0.044194
38.809814453125, 0.044194
38.83984375, 0.016459
38.869873046875, 0.030326
38.89990234375, 0.078861
38.929931640625, 0.023393
38.9599609375, -0.004341
38.989990234375, -0.052876
39.02001953125, 0.113529
39.0498046875, -0.05981
39.079833984375, 0.148197
39.10986328125, 0.016459
39.139892578125, 0.030326
39.169921875, 0.044194
39.199951171875, 0.189798
39.22998046875, 0.002592
39.260009765625, 0.044194
39.289794921875, 0.106596
39.31982421875, 0.189798
39.349853515625, -0.045943
39.3798828125, 0.002592
39.409912109375, 0.002592
39.43994140625, -0.233149
39.469970703125, -0.08061
39.5, 0.113529
39.530029296875, 0.016459
39.559814453125, -0.073677
39.58984375, 0.113529
39.619873046875, 0.030326
39.64990234375, 0.058061
39.679931640625, 0.044194
39.7099609375, -0.073677
39.739990234375, -0.136079
39.77001953125, 0.023393
39.7998046875, -0.094478
39.829833984375, -0.011275
39.85986328125, 0.051127
39.889892578125, 0.030326
39.919921875, 0.141263
39.949951171875, -0.039009
39.97998046875, -0.025142
40.010009765625, -0.045943
40.0400390625, -0.08061
40.06982421875, 0.15513
40.099853515625, 0.002592
40.1298828125, 0.002592
40.159912109375, -0.05981
40.18994140625, 0.03726
40.219970703125, 0.016459
40.25, 0.030326
40.280029296875, 0.03726
40.309814453125, 0.127396
40.33984375, 0.009526
40.369873046875, -0.011275
40.39990234375, -0.087544
40.429931640625, 0.141263
40.4599609375, -0.011275
40.489990234375, 0.071928
40.52001953125, -0.129145
40.550048828125, 0.009526
40.579833984375, -0.066743
40.60986328125, 0.099662
40.639892578125, 0.016459
40.669921875, 0.092728
40.699951171875, 0.016459
40.72998046875, 0.141263
40.760009765625, 0.03726
40.7900390625, 0.058061
40.81982421875, 0.106596
40.849853515625, 0.064994
40.8798828125, 0.030326
40.909912109375, 0.078861
40.93994140625, 0.078861
40.969970703125, 0.023393
41.0, 0.03726
41.030029296875, -0.025142
41.059814453125, 0.099662
41.08984375, -0.066743
41.119873046875, 0.13433
41.14990234375, 0.058061
41.179931640625, 0.106596
41.2099609375, -0.011275
41.239990234375, -0.136079
41.27001953125, 0.078861
41.300048828125, 0.051127
41.329833984375, -0.073677
41.35986328125, -0.045943
41.389892578125, 0.009526
41.419921875, 0.071928
41.449951171875, -0.025142
41.47998046875, 0.03726
41.510009765625, 0.002592
41.5400390625, 0.023393
41.56982421875, 0.002592
41.599853515625, -0.184614
41.6298828125, 0.016459
41.659912109375, 0.078861
41.68994140625, -0.018208
41.719970703125, 0.113529
41.75, 0.016459
41.780029296875, -0.039009
41.81005859375, 0.058061
41.83984375, 0.044194
41.869873046875, 0.044194
41.89990234375, 0.182865
41.929931640625, -0.011275
41.9599609375, -0.004341
41.989990234375, 0.051127
42.02001953125, -0.045943
42.050048828125, -0.045943
42.079833984375, 0.002592
42.10986328125, 0.044194
42.139892578125, 0.2522
42.169921875, -0.05981
42.199951171875, -0.08061
42.22998046875, 0.196732
42.260009765625, 0.078861
42.2900390625, -0.011275
42.320068359375, -0.039009
42.349853515625, 0.030326
42.3798828125, -0.004341
42.409912109375, -0.052876
42.43994140625, 0.051127
42.469970703125, 0.078861
42.5, -0.087544
42.530029296875, -0.094478
42.56005859375, 0.058061
42.58984375, -0.011275
42.619873046875, 0.106596
42.64990234375, 0.044194
42.679931640625, 0.044194
42.7099609375, -0.101411
42.739990234375, -0.018208
42.77001953125, -0.052876
42.800048828125, 0.099662
42.829833984375, -0.039009
42.85986328125, 0.092728
42.889892578125, 0.106596
42.919921875, 0.120463
42.949951171875, -0.066743
42.97998046875, 0.078861
43.010009765625, 0.085795
43.0400390625, 0.002592
43.070068359375, 0.120463
43.099853515625, 0.085795
43.1298828125, 0.016459
43.159912109375, 0.092728
43.18994140625, 0.023393
43.219970703125, -0.08061
43.25, -0.004341
43.280029296875, -0.045943
43.31005859375, 0.009526
43.33984375, -0.025142
43.369873046875, -0.094478
43.39990234375, 0.085795
43.429931640625, 0.113529
43.4599609375, 0.064994
43.489990234375, 0.016459
43.52001953125, 0.016459
43.550048828125, -0.08061
43.580078125, -0.025142
43.60986328125, -0.032076
43.639892578125, 0.092728
43.669921875, -0.011275
43.699951171875, -0.025142
43.72998046875, -0.032076
43.760009765625, 0.085795
43.7900390625, 0.064994
43.820068359375, -0.073677
43.849853515625, 0.030326
43.8798828125, 0.064994
43.909912109375, -0.011275
43.93994140625, 0.092728
43.969970703125, -0.094478
44.0, 0.064994
44.030029296875, 0.078861
44.06005859375, -0.05981
44.08984375, 0.071928
44.119873046875, -0.018208
44.14990234375, -0.066743
44.179931640625, -0.011275
44.2099609375, -0.025142
44.239990234375, 0.141263
44.27001953125, -0.101411
44.300048828125, 0.009526
44.330078125, -0.032076
44.35986328125, -0.025142
44.389892578125, -0.101411
44.419921875, -0.039009
44.449951171875, 0.016459
44.47998046875, 0.030326
44.510009765625, -0.066743
44.5400390625, -0.025142
44.570068359375, 0.030326
44.599853515625, 0.030326
44.6298828125, 0.051127
44.659912109375, -0.052876
44.68994140625, -0.025142
44.719970703125, 0.071928
44.75, 0.085795
44.780029296875, 0.168998
44.81005859375, -0.108345
44.840087890625, 0.064994
44.869873046875, -0.136079
44.89990234375, 0.016459
44.929931640625, 0.051127
44.9599609375, -0.011275
44.989990234375, 0.078861
45.02001953125, 0.016459
45.050048828125, 0.023393
45.080078125, -0.004341
45.10986328125, -0.143012
45.139892578125, 0.120463
45.169921875, 0.099662
45.199951171875, -0.045943
45.22998046875, 0.168998
45.260009765625, -0.05981
45.2900390625, 0.023393
45.320068359375, -0.004341
45.35009765625, 0.03726
45.3798828125, -0.025142
45.409912109375, 0.120463
45.43994140625, 0.085795
45.469970703125, 0.13433
45.5, 0.044194
45.530029296875, 0.030326
45.56005859375, 0.002592
45.590087890625, 0.044194
45.619873046875, 0.058061
45.64990234375, -0.08061
45.679931640625, 0.106596
45.7099609375, 0.002592
45.739990234375, 0.051127
45.77001953125, -0.039009
45.800048828125, -0.05981
45.830078125, 0.002592
45.85986328125, 0.099662
45.889892578125, 0.064994
45.919921875, -0.025142
45.949951171875, -0.018208
45.97998046875, 0.203665
46.010009765625, -0.018208
46.0400390625, -0.198481
46.070068359375, 0.182865
46.10009765625, 0.064994
46.1298828125, 0.030326
46.159912109375, 0.113529
46.18994140625, -0.032076
46.219970703125, -0.066743
46.25, 0.044194
46.280029296875, -0.018208
46.31005859375, 0.016459
46.340087890625, 0.044194
46.369873046875, -0.025142
46.39990234375, 0.127396
46.429931640625, -0.039009
46.4599609375, 0.009526
46.489990234375, -0.011275
46.52001953125, -0.011275
46.550048828125, -0.066743
46.580078125, -0.052876
46.610107421875, 0.030326
46.639892578125, 0.106596
46.669921875, 0.064994
46.699951171875, -0.052876
46.72998046875, -0.052876
46.760009765625, 0.113529
46.7900390625, 0.03726
46.820068359375, -0.039009
46.85009765625, 0.106596
46.8798828125, -0.039009
46.909912109375, 0.03726
46.93994140625, 0.168998
46.969970703125, -0.004341
47.0, -0.045943
47.030029296875, -0.191547
47.06005859375, -0.094478
47.090087890625, -0.004341
47.119873046875, 0.03726
47.14990234375, 0.085795
47.179931640625, 0.13433
47.2099609375, -0.004341
47.239990234375, 0.002592
47.27001953125, 0.051127
47.300048828125, 0.009526
47.330078125, 0.002592
47.360107421875, -0.05981
47.389892578125, -0.087544
47.419921875, 0.044194
47.449951171875, -0.018208
47.47998046875, 0.106596
47.510009765625, -0.025142
47.5400390625, -0.011275
47.570068359375, -0.045943
47.60009765625, 0.058061
47.6298828125, 0.016459
47.659912109375, 0.044194
47.68994140625, 0.03726
47.719970703125, -0.170747
47.75, 0.182865
47.780029296875, 0.092728
47.81005859375, -0.115278
47.840087890625, 0.203665
47.8701171875, -0.066743
47.89990234375, 0.016459
47.929931640625, -0.073677
47.9599609375, 0.030326
47.989990234375, 0.058061
48.02001953125, -0.143012
48.050048828125, -0.05981
48.080078125, 0.051127
48.110107421875, 0.058061
48.139892578125, -0.052876
48.169921875, 0.030326
48.199951171875, 0.044194
48.22998046875, -0.122212
48.260009765625, -0.073677
48.2900390625, -0.011275
48.320068359375, -0.025142
48.35009765625, 0.002592
48.380126953125, -0.073677
48.409912109375, 0.058061
48.43994140625, 0.030326
48.469970703125, 0.071928
48.5, -0.025142
48.530029296875, 0.016459
48.56005859375, -0.052876
48.590087890625, 0.002592
48.6201171875, -0.004341
48.64990234375, 0.113529
48.679931640625, -0.08061
48.7099609375, 0.106596
48.739990234375, -0.143012
48.77001953125, 0.023393
48.800048828125, 0.023393
48.830078125, -0.032076
48.860107421875, 0.002592
48.889892578125, -0.045943
48.919921875, 0.03726
48.949951171875, 0.03726
48.97998046875, -0.045943
49.010009765625, 0.002592
49.0400390625, 0.016459
49.070068359375, -0.004341
49.10009765625, 0.127396
49.130126953125, -0.08061
49.159912109375, 0.092728
49.18994140625, -0.004341
49.219970703125, 0.071928
49.25, 0.051127
49.280029296875, 0.009526
49.31005859375, -0.045943
49.340087890625, 0.106596
49.3701171875, -0.143012
49.39990234375, 0.023393
49.429931640625, -0.039009
49.4599609375, 0.051127
49.489990234375, 0.092728
49.52001953125, 0.051127
49.550048828125, 0.03726
49.580078125, 0.051127
49.610107421875, 0.030326
49.64013671875, 0.078861
49.669921875, 0.058061
49.699951171875, -0.025142
49.72998046875, -0.163813
49.760009765625, -0.045943
49.7900390625, 0.085795
49.820068359375, 0.120463
49.85009765625, 0.085795
49.880126953125, -0.094478
49.909912109375, -0.045943
49.93994140625, 0.030326
49.969970703125, 0.030326
50.0, -0.066743
50.030029296875, -0.018208
50.06005859375, 0.286868
50.090087890625, 0.453273
50.1201171875, 0.654347
50.150146484375, 0.75835
50.179931640625, 0.966357
50.2099609375, 1.160496
50.239990234375, 1.209031
50.27001953125, 1.368503
50.300048828125, 1.368503
50.330078125, 1.67358
50.360107421875, 1.659712
50.39013671875, 2.047992
50.419921875, 1.930121
50.449951171875, 2.054925
50.47998046875, 2.276799
50.510009765625, 2.3184
50.5400390625, 2.436271
50.570068359375, 2.339201
50.60009765625, 2.568008
50.630126953125, 2.692812
50.659912109375, 2.789882
50.68994140625, 2.900819
50.719970703125, 2.94242
50.75, 3.004823
50.780029296875, 3.115759
50.81005859375, 3.205896
50.840087890625, 3.205896
50.8701171875, 3.282165
50.900146484375, 3.379235
50.929931640625, 3.538706
50.9599609375, 3.497105
50.989990234375, 3.816049
51.02001953125, 3.635776
51.050048828125, 3.64271
51.080078125, 3.781381
51.110107421875, 3.836849
51.14013671875, 3.864584
51.169921875, 3.933919
51.199951171875, 3.975521
51.22998046875, 4.058723
51.260009765625, 3.996321
51.2900390625, 4.093391
51.320068359375, 4.134992
51.35009765625, 4.121125
51.380126953125, 4.287531
51.41015625, 4.16966
51.43994140625, 4.349933
51.469970703125, 4.356866
51.5, 4.419268
51.530029296875, 4.3638
51.56005859375, 4.356866
51.590087890625, 4.419268
51.6201171875, 4.440069
51.650146484375, 4.3846
51.679931640625, 4.592607
51.7099609375, 4.634208
51.739990234375, 4.488604
51.77001953125, 4.447002
51.800048828125, 4.495537
51.830078125, 4.474737
51.860107421875, 4.433135
51.89013671875, 4.509404
51.919921875, 4.530205
51.949951171875, 4.516338
51.97998046875, 4.48167
52.010009765625, 4.661943
52.0400390625, 4.495537
52.070068359375, 4.495537
52.10009765625, 4.641142
52.130126953125, 4.557939
52.16015625, 4.509404
52.18994140625, 4.495537
52.219970703125, 4.412335
52.25, 4.585674
52.280029296875, 4.516338
52.31005859375, 4.551006
52.340087890625, 4.613408
52.3701171875, 4.613408
52.400146484375, 4.523272
52.429931640625, 4.585674
52.4599609375, 4.551006
52.489990234375, 4.551006
52.52001953125, 4.516338
52.550048828125, 4.426202
52.580078125, 4.530205
52.610107421875, 4.516338
52.64013671875, 4.46087
52.670166015625, 4.488604
52.699951171875, 4.433135
52.72998046875, 4.447002
52.760009765625, 4.419268
52.7900390625, 4.440069
52.820068359375, 4.204328
52.85009765625, 4.377667
52.880126953125, 4.280597
52.91015625, 4.46087
52.93994140625, 4.342999
52.969970703125, 4.155793
53.0, 4.218195
53.030029296875, 4.183527
53.06005859375, 4.273663
53.090087890625, 4.003255
53.1201171875, 4.003255
53.150146484375, 4.05179
53.18017578125, 4.148859
53.2099609375, 4.16966
53.239990234375, 4.190461
53.27001953125, 4.197394
53.300048828125, 4.322198
53.330078125, 4.197394
53.360107421875, 4.349933
53.39013671875, 4.329132
53.420166015625, 4.433135
53.449951171875, 4.3638
53.47998046875, 4.495537
53.510009765625, 4.509404
53.5400390625, 4.440069
53.570068359375, 4.599541
53.60009765625, 4.474737
53.630126953125, 4.502471
53.66015625, 4.530205
53.68994140625, 4.613408
53.719970703125, 4.745145
53.75, 4.523272
53.780029296875, 4.738212
53.81005859375, 4.661943
53.840087890625, 4.67581
53.8701171875, 4.648076
53.900146484375, 4.759012
53.93017578125, 4.752079
53.9599609375, 4.759012
53.989990234375, 4.786747
54.02001953125, 4.856082
54.050048828125, 4.883817
54.080078125, 4.821415
54.110107421875, 4.939285
54.14013671875, 4.98782
54.170166015625, 4.918484
54.199951171875, 4.973953
54.22998046875, 4.994753
54.260009765625, 4.904617
54.2900390625, 5.064089
54.320068359375, 4.911551
54.35009765625, 5.071023
54.380126953125, 4.960086
54.41015625, 5.126491
54.440185546875, 5.015554
54.469970703125, 5.057155
54.5, 5.098757
54.530029296875, 5.119557
54.56005859375, 5.091823
54.590087890625, 5.161159
54.6201171875, 5.154225
54.650146484375, 5.133425
54.68017578125, 5.154225
54.7099609375, 5.098757
54.739990234375, 5.223561
54.77001953125, 5.147292
54.800048828125, 5.188893
54.830078125, 5.126491
54.860107421875, 5.098757
54.89013671875, 5.216627
54.920166015625, 5.050222
54.9501953125, 5.140358
54.97998046875, 5.230494
55.010009765625, 5.140358
55.0400390625, 5.126491
55.070068359375, 5.168092
55.10009765625, 5.181959
55.130126953125, 5.181959
55.16015625, 5.223561
55.190185546875, 5.223561
55.219970703125, 5.133425
55.25, 5.272096
55.280029296875, 5.29983
55.31005859375, 5.306764
55.340087890625, 5.126491
55.3701171875, 5.237428
55.400146484375, 5.279029
55.43017578125, 5.334498
55.4599609375, 5.237428
55.489990234375, 5.188893
55.52001953125, 5.154225
55.550048828125, 5.140358
55.580078125, 5.112624
55.610107421875, 5.258229
55.64013671875, 5.237428
55.670166015625, 5.133425
55.7001953125, 5.230494
55.72998046875, 5.195827
55.760009765625, 5.237428
55.7900390625, 5.175026
55.820068359375, 5.147292
55.85009765625, 5.251295
55.880126953125, 5.050222
55.91015625, 5.223561
55.940185546875, 5.251295
55.969970703125, 5.285963
56.0, 5.154225
56.030029296875, 5.077956
56.06005859375, 5.126491
56.090087890625, 5.050222
56.1201171875, 5.244361
56.150146484375, 5.091823
56.18017578125, 5.098757
56.210205078125, 5.098757
56.239990234375, 5.071023
56.27001953125, 5.091823
56.300048828125, 5.140358
56.330078125, 5.071023
56.360107421875, 5.140358
56.39013671875, 5.08489
56.420166015625, 5.195827
56.4501953125, 5.064089
56.47998046875, 5.10569
56.510009765625, 5.161159
56.5400390625, 5.057155
56.570068359375, 5.147292
56.60009765625, 5.133425
56.630126953125, 5.147292
56.66015625, 5.064089
56.690185546875, 5.077956
56.719970703125, 4.98782
56.75, 5.077956
56.780029296875, 5.161159
56.81005859375, 5.043288
56.840087890625, 4.994753
56.8701171875, 5.071023
56.900146484375, 5.057155
56.93017578125, 5.064089
56.960205078125, 5.022488
56.989990234375, 4.967019
57.02001953125, 5.098757
57.050048828125, 5.10569
57.080078125, 5.036355
57.110107421875, 4.932351
57.14013671875, 5.043288
57.170166015625, 5.008621
57.2001953125, 5.071023
57.22998046875, 4.980886
57.260009765625, 4.918484
57.2900390625, 4.842215
57.320068359375, 5.10569
57.35009765625, 5.188893
57.380126953125, 4.932351
57.41015625, 4.980886
57.440185546875, 5.168092
57.47021484375, 5.022488
57.5, 5.001687
57.530029296875, 4.869949
57.56005859375, 5.029421
57.590087890625, 4.932351
57.6201171875, 4.980886
57.650146484375, 4.973953
57.68017578125, 5.195827
57.710205078125, 5.064089
57.739990234375, 5.015554
57.77001953125, 4.939285
57.800048828125, 5.147292
57.830078125, 5.015554
57.860107421875, 5.071023
57.89013671875, 5.022488
57.920166015625, 5.064089
57.9501953125, 5.029421
57.980224609375, 5.091823
58.010009765625, 4.925418
58.0400390625, 5.154225
58.070068359375, 4.967019
58.10009765625, 5.064089
58.130126953125, 4.932351
58.16015625, 5.036355
58.190185546875, 4.856082
58.22021484375, 4.980886
58.25, 4.925418
58.280029296875, 4.960086
58.31005859375, 4.897684
58.340087890625, 4.863016
58.3701171875, 4.98782
58.400146484375, 4.980886
58.43017578125, 4.876883
58.460205078125, 4.869949
58.489990234375, 4.849149
58.52001953125, 4.946219
58.550048828125, 4.897684
58.580078125, 4.883817
58.610107421875, 4.876883
58.64013671875, 4.814481
58.670166015625, 4.869949
58.7001953125, 4.89075
58.730224609375, 4.953152
58.760009765625, 4.953152
58.7900390625, 4.918484
58.820068359375, 4.842215
58.85009765625, 4.897684
58.880126953125, 4.863016
58.91015625, 4.897684
58.940185546875, 4.939285
58.97021484375, 4.876883
59.0, 4.911551
59.030029296875, 4.883817
59.06005859375, 4.876883
59.090087890625, 4.883817
59.1201171875, 4.925418
59.150146484375, 4.883817
59.18017578125, 4.883817
59.210205078125, 4.973953
59.240234375, 4.876883
59.27001953125, 4.807547
59.300048828125, 4.800614
59.330078125, 4.807547
59.360107421875, 4.869949
59.39013671875, 4.79368
59.420166015625, 4.710478
59.4501953125, 4.724345
59.480224609375, 4.67581
59.510009765625, 4.779813
59.5400390625, 4.828348
59.570068359375, 4.745145
59.60009765625, 4.849149
59.630126953125, 4.745145
59.66015625, 4.661943
59.690185546875, 4.731278
59.72021484375, 4.585674
59.75, 4.738212
59.780029296875, 4.634208
59.81005859375, 4.620341
59.840087890625, 4.668876
59.8701171875, 4.46087
59.900146484375, 4.551006
59.93017578125, 4.530205
59.960205078125, 4.544072
59.990234375, 4.447002
60.02001953125, 4.571806
60.050048828125, 4.46087
60.080078125, 4.516338
60.110107421875, 4.405401
60.14013671875, 4.433135
60.170166015625, 4.3638
60.2001953125, 4.377667
60.230224609375, 4.315265
60.260009765625, 4.537139
60.2900390625, 4.57874
60.320068359375, 4.419268
60.35009765625, 4.453936
60.380126953125, 4.252863
60.41015625, 4.162727
60.440185546875, 4.252863
60.47021484375, 4.162727
60.500244140625, 4.342999
60.530029296875, 4.128059
60.56005859375, 4.148859
60.590087890625, 3.968587
60.6201171875, 3.996321
60.650146484375, 4.003255
60.68017578125, 3.920052
60.710205078125, 3.85765
60.740234375, 3.677378
60.77001953125, 3.691245
60.800048828125, 3.54564
60.830078125, 3.649643
60.860107421875, 3.44857
60.89013671875, 3.420836
60.920166015625, 3.386168
60.9501953125, 3.323766
60.980224609375, 3.427769
61.01025390625, 3.094959
61.0400390625, 3.254431
61.070068359375, 3.067225
61.10009765625, 3.088025
61.130126953125, 2.914686
61.16015625, 2.755214
61.190185546875, 2.685879
61.22021484375, 2.658145
61.250244140625, 2.470939
61.280029296875, 2.568008
61.31005859375, 2.387736
61.340087890625, 2.332267
61.3701171875, 2.214397
61.400146484375, 2.193596
61.43017578125, 2.041058
61.460205078125, 2.041058
61.490234375, 1.79145
61.52001953125, 1.833051
61.550048828125, 1.659712
61.580078125, 1.555709
61.610107421875, 1.417038
61.64013671875, 1.209031
61.670166015625, 1.202098
61.7001953125, 0.994091
61.730224609375, 0.945556
61.76025390625, 0.903955
61.7900390625, -0.066743
61.820068359375, 0.03726
61.85009765625, 0.023393
61.880126953125, -0.032076
61.91015625, 0.13433
61.940185546875, 0.023393
61.97021484375, -0.052876
62.000244140625, -0.108345
62.030029296875, 0.13433
62.06005859375, 0.078861
62.090087890625, -0.032076
62.1201171875, -0.205414
62.150146484375, -0.004341
62.18017578125, -0.011275
62.210205078125, 0.064994
62.240234375, -0.004341
62.270263671875, 0.030326
62.300048828125, 0.099662
62.330078125, 0.15513
62.360107421875, 0.03726
62.39013671875, 0.023393
62.420166015625, 0.162064
62.4501953125, -0.094478
62.480224609375, 0.106596
62.51025390625, 0.002592
62.5400390625, -0.039009
62.570068359375, 0.051127
62.60009765625, 0.03726
62.630126953125, -0.094478
62.66015625, 0.051127
62.690185546875, -0.08061
62.72021484375, -0.05981
62.750244140625, -0.039009
62.7802734375, 0.023393
62.81005859375, -0.108345
62.840087890625, -0.025142
62.8701171875, -0.052876
62.900146484375, 0.044194
62.93017578125, -0.039009
62.960205078125, 0.023393
62.990234375, 0.030326
63.020263671875, 0.13433
63.050048828125, 0.13433
63.080078125, 0.051127
63.110107421875, -0.011275
63.14013671875, -0.05981
63.170166015625, -0.073677
63.2001953125, -0.115278
63.230224609375, -0.039009
63.26025390625, 0.106596
63.2900390625, 0.064994
63.320068359375, 0.092728
63.35009765625, -0.08061
63.380126953125, 0.064994
63.41015625, 0.141263
63.440185546875, 0.106596
63.47021484375, 0.085795
63.500244140625, 0.002592
63.5302734375, 0.099662
63.56005859375, -0.05981
63.590087890625, 0.051127
63.6201171875, 0.044194
63.650146484375, 0.058061
63.68017578125, 0.189798
63.710205078125, 0.03726
63.740234375, -0.004341
63.770263671875, -0.05981
63.800048828125, 0.064994
63.830078125, 0.141263
63.860107421875, 0.078861
63.89013671875, -0.191547
63.920166015625, -0.045943
63.9501953125, 0.15513
63.980224609375, 0.078861
64.01025390625, -0.205414
64.040283203125, 0.002592
64.070068359375, -0.025142
64.10009765625, 0.058061
64.130126953125, -0.115278
64.16015625, 0.189798
64.190185546875, -0.052876
64.22021484375, -0.108345
64.250244140625, 0.078861
64.2802734375, 0.078861
64.31005859375, -0.045943
64.340087890625, -0.045943
64.3701171875, -0.018208
64.400146484375, -0.004341
64.43017578125, 0.051127
64.460205078125, 0.099662
64.490234375, 0.127396
64.520263671875, 0.03726
64.550048828125, -0.149946
64.580078125, -0.011275
64.610107421875, 0.092728
64.64013671875, 0.092728
64.670166015625, 0.03726
64.7001953125, -0.011275
64.730224609375, 0.224466
64.76025390625, -0.05981
64.790283203125, -0.149946
64.820068359375, 0.016459
64.85009765625, 0.141263
64.880126953125, 0.058061
64.91015625, -0.018208
64.940185546875, 0.03726
64.97021484375, -0.094478
65.000244140625, 0.03726
65.0302734375, 0.085795
65.06005859375, -0.08061
65.090087890625, -0.032076
65.1201171875, -0.025142
65.150146484375, -0.045943
65.18017578125, -0.115278
65.210205078125, -0.17768
65.240234375, -0.052876
65.270263671875, 0.044194
65.30029296875, -0.115278
65.330078125, 0.002592
65.360107421875, 0.044194
65.39013671875, -0.018208
65.420166015625, 0.203665
65.4501953125, 0.03726
65.480224609375, -0.025142
65.51025390625, -0.018208
65.540283203125, -0.129145
65.570068359375, 0.030326
65.60009765625, -0.039009
65.630126953125, 0.023393
65.66015625, 0.044194
65.690185546875, 0.078861
65.72021484375, -0.011275
65.750244140625, -0.018208
65.7802734375, 0.030326
65.810302734375, 0.030326
65.840087890625, 0.030326
65.8701171875, 0.023393
65.900146484375, -0.108345
65.93017578125, 0.03726
65.960205078125, 0.009526
65.990234375, -0.025142
66.020263671875, 0.03726
66.05029296875, 0.002592
66.080078125, -0.039009
66.110107421875, 0.03726
66.14013671875, -0.094478
66.170166015625, 0.002592
66.2001953125, 0.071928
66.230224609375, 0.092728
66.26025390625, -0.129145
66.290283203125, 0.002592
66.320068359375, 0.092728
66.35009765625, 0.148197
66.380126953125, -0.149946
66.41015625, 0.051127
66.440185546875, -0.101411
66.47021484375, 0.016459
66.500244140625, 0.044194
66.5302734375, 0.009526
66.560302734375, -0.045943
66.590087890625, 0.023393
66.6201171875, 0.162064
66.650146484375, 0.030326
66.68017578125, 0.009526
66.710205078125, 0.051127
66.740234375, -0.039009
66.770263671875, -0.025142
66.80029296875, 0.141263
66.830078125, 0.023393
66.860107421875, 0.120463
66.89013671875, 0.217532
66.920166015625, 0.044194
66.9501953125, 0.106596
66.980224609375, -0.011275
67.01025390625, 0.002592
67.040283203125, 0.023393
67.0703125, -0.066743
67.10009765625, 0.120463
67.130126953125, -0.011275
67.16015625, -0.004341
67.190185546875, -0.018208
67.22021484375, -0.039009
67.250244140625, 0.016459
67.2802734375, -0.032076
67.310302734375, 0.03726
67.340087890625, -0.032076
67.3701171875, 0.002592
67.400146484375, -0.149946
67.43017578125, -0.08061
67.460205078125, 0.051127
67.490234375, -0.039009
67.520263671875, -0.039009
67.55029296875, 0.030326
67.580078125, 0.023393
67.610107421875, -0.05981
67.64013671875, 0.064994
67.670166015625, -0.025142
67.7001953125, -0.052876
67.730224609375, -0.039009
67.76025390625, 0.030326
67.790283203125, -0.018208
67.8203125, -0.018208
67.85009765625, 0.016459
67.880126953125, 0.064994
67.91015625, -0.018208
67.940185546875, 0.106596
67.97021484375, 0.058061
68.000244140625, -0.094478
68.0302734375, -0.018208
68.060302734375, 0.044194
68.090087890625, 0.141263
68.1201171875, 0.078861
68.150146484375, 0.064994
68.18017578125, 0.051127
68.210205078125, -0.011275
68.240234375, 0.064994
68.270263671875, 0.009526
68.30029296875, 0.058061
68.330322265625, 0.044194
68.360107421875, 0.064994
68.39013671875, -0.08061
68.420166015625, 0.058061
68.4501953125, -0.066743
68.480224609375, 0.016459
68.51025390625, 0.030326
68.540283203125, 0.085795
68.5703125, 0.085795
68.60009765625, -0.101411
68.630126953125, 0.044194
68.66015625, -0.101411
68.690185546875, -0.066743
68.72021484375, -0.011275
68.750244140625, -0.004341
68.7802734375, -0.004341
68.810302734375, -0.129145
68.84033203125, -0.025142
68.8701171875, -0.052876
68.900146484375, 0.023393
68.93017578125, 0.064994
68.960205078125, 0.099662
68.990234375, -0.011275
69.020263671875, -0.129145
69.05029296875, 0.064994
69.080322265625, 0.092728
69.110107421875, 0.030326
69.14013671875, -0.039009
69.170166015625, 0.03726
69.2001953125, -0.004341
69.230224609375, -0.087544
69.26025390625, -0.122212
69.290283203125, -0.011275
69.3203125, 0.120463
69.35009765625, -0.039009
69.380126953125, -0.052876
69.41015625, 0.085795
69.440185546875, -0.136079
69.47021484375, 0.058061
69.500244140625, 0.044194
69.5302734375, 0.064994
69.560302734375, -0.011275
69.59033203125, 0.051127
69.6201171875, -0.032076
69.650146484375, 0.044194
69.68017578125, -0.039009
69.710205078125, 0.078861
69.740234375, -0.025142
69.770263671875, -0.039009
69.80029296875, -0.136079
69.830322265625, -0.136079
69.860107421875, 0.030326
69.89013671875, 0.044194
69.920166015625, -0.032076
69.9501953125, -0.129145
69.980224609375, 0.189798
70.01025390625, 0.106596
70.040283203125, 0.044194
70.0703125, 0.099662
70.100341796875, 0.051127
70.130126953125, -0.004341
70.16015625, -0.087544
70.190185546875, 0.058061
70.22021484375, 0.009526
70.250244140625, 0.044194
70.2802734375, 0.03726
70.310302734375, -0.039009
70.34033203125, 0.113529
70.3701171875, 0.078861
70.400146484375, 0.023393
70.43017578125, 0.009526
70.460205078125, 0.016459
70.490234375, 0.051127
70.520263671875, -0.073677
70.55029296875, 0.113529
70.580322265625, 0.273001
70.6103515625, -0.025142
70.64013671875, -0.045943
70.670166015625, 0.064994
70.7001953125, 0.016459
70.730224609375, 0.03726
70.76025390625, -0.025142
70.790283203125, 0.113529
70.8203125, 0.085795
70.850341796875, 0.127396
70.880126953125, 0.064994
70.91015625, 0.002592
70.940185546875, 0.120463
70.97021484375, 0.023393
71.000244140625, 0.03726
71.0302734375, 0.238333
71.060302734375, -0.05981
71.09033203125, -0.101411
71.1201171875, 0.058061
71.150146484375, -0.025142
71.18017578125, 0.092728
71.210205078125, -0.039009
71.240234375, 0.023393
71.270263671875, 0.071928
71.30029296875, -0.129145
71.330322265625, 0.051127
71.3603515625, 0.099662
71.39013671875, -0.025142
71.420166015625, 0.044194
71.4501953125, 0.099662
71.480224609375, 0.051127
71.51025390625, -0.087544
71.540283203125, 0.023393
71.5703125, 0.15513
71.600341796875, 0.030326
71.630126953125, -0.101411
71.66015625, -0.08061
71.690185546875, 0.002592
71.72021484375, 0.071928
71.750244140625, 0.002592
71.7802734375, -0.011275
71.810302734375, -0.045943
71.84033203125, 0.016459
71.870361328125, 0.078861
71.900146484375, -0.011275
71.93017578125, -0.101411
71.960205078125, -0.045943
71.990234375, 0.092728
72.020263671875, 0.092728
72.05029296875, -0.108345
72.080322265625, 0.002592
72.1103515625, 0.009526
72.14013671875, -0.149946
72.170166015625, -0.018208
72.2001953125, -0.018208
72.230224609375, 0.030326
72.26025390625, 0.044194
72.290283203125, 0.016459
72.3203125, -0.045943
72.350341796875, -0.025142
72.380126953125, -0.004341
72.41015625, -0.004341
72.440185546875, -0.066743
72.47021484375, -0.039009
72.500244140625, -0.129145
72.5302734375, 0.078861
72.560302734375, -0.087544
72.59033203125, -0.045943
72.620361328125, 0.078861
72.650146484375, 0.009526
72.68017578125, 0.106596
72.710205078125, 0.044194
72.740234375, 0.064994
72.770263671875, 0.071928
72.80029296875, 0.064994
72.830322265625, -0.025142
72.8603515625, 0.078861
72.89013671875, -0.08061
72.920166015625, -0.073677
72.9501953125, 0.03726
72.980224609375, -0.032076
73.01025390625, 0.002592
73.040283203125, 0.03726
73.0703125, 0.044194
73.100341796875, 0.051127
73.13037109375, 0.078861
73.16015625, 0.03726
73.190185546875, -0.039009
73.22021484375, -0.143012
73.250244140625, -0.08061
73.2802734375, 0.099662
73.310302734375, -0.05981
73.34033203125, -0.045943
73.370361328125, -0.025142
73.400146484375, 0.113529
73.43017578125, 0.030326
73.460205078125, -0.052876
73.490234375, 0.009526
73.520263671875, -0.025142
73.55029296875, 0.058061
73.580322265625, 0.203665
73.6103515625, 0.113529
73.640380859375, 0.002592
73.670166015625, 0.127396
73.7001953125, 0.002592
73.730224609375, 0.058061
73.76025390625, -0.045943
73.790283203125, -0.087544
73.8203125, -0.115278
73.850341796875, -0.011275
73.88037109375, -0.018208
73.91015625, 0.002592
73.940185546875, -0.136079
73.97021484375, -0.004341
74.000244140625, 0.113529
74.0302734375, 0.113529
74.060302734375, 0.064994
74.09033203125, 0.078861
74.120361328125, 0.092728
74.150146484375, -0.004341
74.18017578125, -0.073677
74.210205078125, -0.011275
74.240234375, -0.039009
74.270263671875, 0.127396
74.30029296875, 0.078861
74.330322265625, -0.08061
74.3603515625, -0.052876
74.390380859375, -0.004341
74.420166015625, 0.099662
74.4501953125, -0.149946
74.480224609375, -0.045943
74.51025390625, -0.039009
74.540283203125, -0.05981
74.5703125, 0.044194
74.600341796875, 0.009526
74.63037109375, 0.113529
74.66015625, 0.023393
74.690185546875, -0.011275
74.72021484375, 0.13433
74.750244140625, -0.045943
74.7802734375, -0.039009
74.810302734375, -0.05981
74.84033203125, -0.039009
74.870361328125, -0.052876
74.900390625, 0.023393
74.93017578125, 0.092728
74.960205078125, -0.039009
74.990234375, -0.025142
75.020263671875, -0.052876
75.05029296875, 0.15513
75.080322265625, 0.03726
75.1103515625, 0.030326
75.140380859375, 0.03726
75.170166015625, -0.032076
75.2001953125, -0.101411
75.230224609375, 0.099662
75.26025390625, -0.094478
75.290283203125, -0.032076
75.3203125, -0.025142
75.350341796875, 0.051127
75.38037109375, 0.009526
75.41015625, -0.011275
75.440185546875, -0.011275
75.47021484375, -0.094478
75.500244140625, -0.094478
75.5302734375, -0.087544
75.560302734375, 0.113529
75.59033203125, -0.039009
75.620361328125, -0.025142
75.650390625, -0.032076
75.68017578125, 0.051127
75.710205078125, -0.004341
75.740234375, 0.064994
75.770263671875, 0.085795
75.80029296875, -0.101411
75.830322265625, -0.094478
75.8603515625, 0.071928
75.890380859375, -0.004341
75.920166015625, -0.011275
75.9501953125, -0.149946
75.980224609375, -0.018208
76.01025390625, 0.168998
76.040283203125, 0.071928
76.0703125, 0.106596
76.100341796875, 0.064994
76.13037109375, 0.092728
76.160400390625, -0.101411
76.190185546875, -0.129145
76.22021484375, -0.087544
76.250244140625, 0.016459
76.2802734375, 0.051127
76.310302734375, 0.023393
76.34033203125, -0.108345
76.370361328125, 0.092728
76.400390625, 0.058061
76.43017578125, -0.004341
76.460205078125, -0.101411
76.490234375, 0.064994
76.520263671875, -0.011275
76.55029296875, 0.092728
76.580322265625, 0.058061
76.6103515625, 0.064994
76.640380859375, 0.009526
76.67041015625, -0.101411
76.7001953125, -0.032076
76.730224609375, -0.115278
76.76025390625, -0.073677
76.790283203125, -0.025142
76.8203125, -0.066743
76.850341796875, 0.009526
76.88037109375, 0.002592
76.910400390625, -0.094478
76.940185546875, -0.032076
76.97021484375, 0.009526
77.000244140625, 0.002592
77.0302734375, -0.011275
77.060302734375, -0.039009
77.09033203125, -0.122212
77.120361328125, 0.064994
77.150390625, -0.045943
77.18017578125, -0.094478
77.210205078125, 0.099662
77.240234375, -0.039009
77.270263671875, 0.016459
77.30029296875, 0.023393
77.330322265625, 0.016459
77.3603515625, -0.073677
77.390380859375, 0.064994
77.42041015625, 0.15513
77.4501953125, 0.044194
77.480224609375, -0.052876
77.51025390625, 0.078861
77.540283203125, -0.025142
77.5703125, 0.030326
77.600341796875, -0.184614
77.63037109375, -0.17768
77.660400390625, -0.052876
77.690185546875, 0.016459
77.72021484375, -0.15688
77.750244140625, 0.071928
77.7802734375, -0.184614
77.810302734375, 0.016459
77.84033203125, 0.016459
77.870361328125, -0.05981
77.900390625, -0.052876
77.930419921875, -0.101411
77.960205078125, 0.044194
77.990234375, -0.073677
78.020263671875, -0.025142
78.05029296875, -0.052876
78.080322265625, 0.009526
78.1103515625, -0.136079
78.140380859375, -0.004341
78.17041015625, -0.032076
78.2001953125, 0.030326
78.230224609375, 0.044194
78.26025390625, -0.073677
78.290283203125, 0.009526
78.3203125, 0.078861
78.350341796875, 0.051127
78.38037109375, -0.025142
78.410400390625, 0.03726
78.4404296875, -0.108345
78.47021484375, 0.120463
78.500244140625, -0.039009
78.5302734375, 0.009526
78.560302734375, -0.087544
78.59033203125, 0.058061
78.620361328125, 0.002592
78.650390625, -0.087544
78.680419921875, 0.058061
78.710205078125, 0.03726
78.740234375, -0.066743
78.770263671875, -0.05981
78.80029296875, 0.085795
78.830322265625, -0.101411
78.8603515625, 0.03726
78.890380859375, -0.08061
78.92041015625, -0.073677
78.9501953125, 0.016459
78.980224609375, 0.078861
79.01025390625, -0.05981
79.040283203125, 0.051127
79.0703125, 0.092728
79.100341796875, 0.071928
79.13037109375, 0.127396
79.160400390625, -0.066743
79.1904296875, 0.148197
79.22021484375, -0.011275
79.250244140625, 0.002592
79.2802734375, 0.009526
79.310302734375, -0.108345
79.34033203125, -0.087544
79.370361328125, 0.030326
79.400390625, 0.092728
79.430419921875, -0.004341
79.460205078125, 0.002592
79.490234375, -0.101411
79.520263671875, -0.129145
79.55029296875, -0.052876
79.580322265625, -0.004341
79.6103515625, 0.023393
79.640380859375, -0.052876
79.67041015625, 0.002592
79.700439453125, 0.058061
79.730224609375, -0.018208
79.76025390625, 0.023393
79.790283203125, -0.018208
79.8203125, -0.011275
79.850341796875, 0.023393
79.88037109375, -0.094478
79.910400390625, -0.045943
79.9404296875, -0.025142
79.97021484375, 0.016459
80.000244140625, 0.030326
80.0302734375, -0.004341
80.060302734375, -0.045943
80.09033203125, -0.052876
80.120361328125, -0.032076
80.150390625, 0.016459
80.180419921875, 0.078861
80.210205078125, -0.094478
80.240234375, 0.058061
80.270263671875, -0.143012
80.30029296875, -0.025142
80.330322265625, 0.113529
80.3603515625, 0.023393
80.390380859375, 0.009526
80.42041015625, 0.044194
80.450439453125, 0.071928
80.480224609375, -0.018208
80.51025390625, 0.064994
80.540283203125, -0.073677
80.5703125, 0.03726
80.600341796875, -0.094478
80.63037109375, 0.044194
80.660400390625, -0.087544
80.6904296875, -0.032076
80.72021484375, 0.092728
80.750244140625, -0.108345
80.7802734375, -0.052876
80.810302734375, 0.023393
80.84033203125, -0.025142
80.870361328125, -0.025142
80.900390625, -0.004341
80.930419921875, 0.030326
80.96044921875, -0.018208
80.990234375, -0.039009
81.020263671875, 0.030326
81.05029296875, 0.03726
81.080322265625, -0.05981
81.1103515625, 0.127396
81.140380859375, 0.023393
81.17041015625, -0.045943
81.200439453125, 0.092728
81.230224609375, -0.136079
81.26025390625, 0.168998
81.290283203125, -0.094478
81.3203125, 0.023393
81.350341796875, 0.03726
81.38037109375, 0.002592
81.410400390625, 0.044194
81.4404296875, 0.044194
81.470458984375, -0.136079
81.500244140625, 0.051127
81.5302734375, 0.092728
81.560302734375, -0.15688
81.59033203125, 0.051127
81.620361328125, 0.099662
81.650390625, -0.115278
81.680419921875, -0.039009
81.71044921875, -0.122212
81.740234375, -0.039009
81.770263671875, -0.004341
81.80029296875, -0.17768
81.830322265625, -0.08061
81.8603515625, 0.009526
81.890380859375, -0.05981
81.92041015625, 0.002592
81.950439453125, -0.004341
81.980224609375, -0.066743
82.01025390625, 0.023393
82.040283203125, -0.045943
82.0703125, -0.087544
82.100341796875, -0.004341
82.13037109375, 0.078861
82.160400390625, -0.08061
82.1904296875, -0.032076
82.220458984375, -0.004341
82.250244140625, 0.064994
82.2802734375, -0.025142
82.310302734375, -0.05981
82.34033203125, -0.018208
82.370361328125, -0.025142
82.400390625, 0.044194
82.430419921875, 0.023393
82.46044921875, 0.009526
82.490234375, 0.023393
82.520263671875, 0.03726
82.55029296875, 0.051127
82.580322265625, -0.08061
82.6103515625, -0.004341
82.640380859375, -0.05981
82.67041015625, -0.101411
82.700439453125, 0.113529
82.73046875, 0.051127
82.76025390625, 0.071928
82.790283203125, 0.092728
82.8203125, 0.002592
82.850341796875, 0.092728
82.88037109375, -0.087544
82.910400390625, -0.094478
82.9404296875, -0.039009
82.970458984375, 0.009526
83.000244140625, -0.018208
83.0302734375, 0.071928
83.060302734375, 0.051127
83.09033203125, 0.099662
83.120361328125, -0.032076
83.150390625, 0.058061
83.180419921875, 0.016459
83.21044921875, 0.016459
83.240234375, -0.032076
83.270263671875, 0.03726
83.30029296875, -0.087544
83.330322265625, -0.052876
83.3603515625, 0.030326
83.390380859375, -0.17768
83.42041015625, -0.05981
83.450439453125, -0.025142
83.48046875, 0.002592
83.51025390625, -0.039009
83.540283203125, -0.066743
83.5703125, 0.009526
83.600341796875, 0.085795
83.63037109375, 0.113529
83.660400390625, -0.025142
83.6904296875, 0.085795
83.720458984375, -0.039009
83.750244140625, 0.009526
83.7802734375, 0.071928
83.810302734375, 0.009526
83.84033203125, 0.002592
83.870361328125, -0.039009
83.900390625, -0.011275
83.930419921875, 0.064994
83.96044921875, -0.045943
83.990478515625, -0.115278
84.020263671875, -0.052876
84.05029296875, -0.011275
84.080322265625, -0.004341
84.1103515625, -0.004341
84.140380859375, -0.032076
84.17041015625, -0.025142
84.200439453125, -0.018208
84.23046875, 0.044194
84.26025390625, 0.030326
84.290283203125, 0.210599
84.3203125, 0.085795
84.350341796875, 0.009526
84.38037109375, 0.162064
84.410400390625, -0.115278
84.4404296875, 0.051127
84.470458984375, -0.004341
84.50048828125, 0.030326
84.5302734375, 0.03726
84.560302734375, 0.016459
84.59033203125, 0.058061
84.620361328125, -0.143012
84.650390625, 0.210599
84.680419921875, -0.032076
84.71044921875, 0.058061
84.740478515625, -0.004341
84.770263671875, -0.032076
84.80029296875, 0.016459
84.830322265625, -0.101411
84.8603515625, 0.044194
84.890380859375, 0.092728
84.92041015625, 0.016459
84.950439453125, -0.101411
84.98046875, 0.030326
85.01025390625, 0.016459
85.040283203125, -0.115278
85.0703125, -0.032076
85.100341796875, 0.058061
85.13037109375, -0.004341
85.160400390625, 0.030326
85.1904296875, -0.094478
85.220458984375, 0.064994
85.25048828125, 0.13433
85.2802734375, -0.170747
85.310302734375, -0.129145
85.34033203125, 0.064994
85.370361328125, 0.064994
85.400390625, -0.087544
85.430419921875, -0.087544
85.46044921875, 0.023393
85.490478515625, -0.032076
85.520263671875, -0.115278
85.55029296875, -0.05981
85.580322265625, -0.115278
85.6103515625, -0.170747
85.640380859375, 0.023393
85.67041015625, 0.044194
85.700439453125, 0.106596
85.73046875, 0.023393
85.760498046875, 0.002592
85.790283203125, -0.045943
85.8203125, 0.085795
85.850341796875, 0.13433
85.88037109375, -0.066743
85.910400390625, -0.087544
85.9404296875, -0.066743
85.970458984375, 0.009526
86.00048828125, 0.078861
86.0302734375, -0.045943
86.060302734375, -0.143012
86.09033203125, -0.032076
86.120361328125, 0.099662
86.150390625, -0.122212
86.180419921875, 0.051127
86.21044921875, -0.094478
86.240478515625, -0.039009
86.2705078125, -0.066743
86.30029296875, 0.016459
86.330322265625, 0.092728
86.3603515625, -0.108345
86.390380859375, -0.108345
86.42041015625, -0.045943
86.450439453125, -0.045943
86.48046875, 0.03726
86.510498046875, -0.032076
86.540283203125, 0.023393
86.5703125, -0.045943
86.600341796875, 0.044194
86.63037109375, -0.011275
86.660400390625, -0.087544
86.6904296875, 0.127396
86.720458984375, 0.127396
86.75048828125, 0.064994
86.7802734375, -0.066743
86.810302734375, 0.023393
86.84033203125, -0.143012
86.870361328125, 0.051127
86.900390625, -0.260883
86.930419921875, -0.004341
86.96044921875, -0.198481
86.990478515625, 0.106596
87.0205078125, 0.120463
87.05029296875, -0.032076
87.080322265625, 0.016459
87.1103515625, -0.08061
87.140380859375, 0.009526
87.17041015625, 0.03726
87.200439453125, 0.002592
87.23046875, -0.129145
87.260498046875, 0.051127
87.290283203125, 0.064994
87.3203125, -0.05981
87.350341796875, -0.045943
87.38037109375, 0.044194
87.410400390625, 0.085795
87.4404296875, -0.05981
87.470458984375, 0.058061
87.50048828125, -0.101411
87.530517578125, -0.05981
87.560302734375, -0.025142
87.59033203125, 0.002592
87.620361328125, 0.092728
87.650390625, -0.129145
87.680419921875, -0.004341
87.71044921875, 0.051127
87.740478515625, -0.004341
87.7705078125, -0.052876
87.80029296875, 0.085795
87.830322265625, -0.15688
87.8603515625, -0.011275
87.890380859375, 0.099662
87.92041015625, 0.009526
87.950439453125, 0.106596
87.98046875, 0.009526
88.010498046875, -0.045943
88.040283203125, 0.044194
88.0703125, 0.113529
88.100341796875, 0.03726
88.13037109375, -0.316351
88.160400390625, -0.025142
88.1904296875, -0.025142
88.220458984375, -0.136079
88.25048828125, 0.03726
88.280517578125, 0.030326
88.310302734375, -0.115278
88.34033203125, 0.009526
88.370361328125, 0.009526
88.400390625, 0.085795
88.430419921875, 0.085795
88.46044921875, -0.052876
88.490478515625, 0.044194
88.5205078125, 0.016459
88.55029296875, -0.115278
88.580322265625, 0.085795
88.6103515625, -0.191547
88.640380859375, 0.002592
88.67041015625, 0.106596
88.700439453125, 0.023393
88.73046875, 0.023393
88.760498046875, 0.099662
88.79052734375, -0.004341
88.8203125, 0.148197
88.850341796875, 0.078861
88.88037109375, 0.120463
88.910400390625, 0.13433
88.9404296875, 0.058061
88.970458984375, -0.149946
89.00048828125, 0.044194
89.030517578125, 0.044194
89.060302734375, 0.058061
89.09033203125, 0.071928
89.120361328125, -0.108345
89.150390625, -0.08061
89.180419921875, 0.127396
89.21044921875, -0.039009
89.240478515625, 0.030326
89.2705078125, -0.025142
89.300537109375, 0.044194
89.330322265625, -0.011275
89.3603515625, 0.009526
89.390380859375, -0.018208
89.42041015625, -0.052876
89.450439453125, -0.025142
89.48046875, 0.099662
89.510498046875, -0.045943
89.54052734375, 0.127396
89.5703125, -0.052876
89.600341796875, 0.064994
89.63037109375, 0.15513
89.660400390625, -0.05981
89.6904296875, 0.141263
89.720458984375, -0.101411
89.75048828125, -0.004341
89.780517578125, -0.004341
89.810302734375, -0.045943
89.84033203125, 0.085795
89.870361328125, -0.032076
89.900390625, 0.002592
89.930419921875, -0.039009
89.96044921875, -0.136079
89.990478515625, 0.030326
90.0205078125, -0.122212
90.050537109375, 0.023393
90.080322265625, -0.045943
90.1103515625, 0.016459
90.140380859375, -0.087544
90.17041015625, 0.078861
90.200439453125, 0.064994
90.23046875, -0.08061
90.260498046875, -0.052876
90.29052734375, 0.002592
90.3203125, -0.101411
90.350341796875, 0.023393
90.38037109375, -0.039009
90.410400390625, -0.018208
90.4404296875, -0.08061
90.470458984375, 0.058061
90.50048828125, -0.045943
90.530517578125, 0.002592
90.560546875, 0.182865
90.59033203125, 0.078861
90.620361328125, 0.071928
90.650390625, -0.011275
90.680419921875, -0.108345
90.71044921875, 0.002592
90.740478515625, -0.066743
90.7705078125, -0.039009
90.800537109375, -0.066743
90.830322265625, -0.101411
90.8603515625, -0.025142
90.890380859375, 0.058061
90.92041015625, 0.002592
90.950439453125, 0.071928
90.98046875, -0.045943
91.010498046875, -0.094478
91.04052734375, 0.078861
91.0703125, 0.058061
91.100341796875, -0.045943
91.13037109375, 0.085795
91.160400390625, 0.044194
91.1904296875, 0.03726
91.220458984375, 0.030326
91.25048828125, -0.039009
91.280517578125, 0.016459
91.310546875, -0.149946
91.34033203125, -0.032076
91.370361328125, -0.066743
91.400390625, -0.025142
91.430419921875, -0.045943
91.46044921875, 0.168998
91.490478515625, 0.002592
91.5205078125, -0.087544
91.550537109375, -0.004341
91.580322265625, 0.03726
91.6103515625, 0.15513
91.640380859375, 0.023393
91.67041015625, 0.016459
91.700439453125, 0.016459
91.73046875, 0.044194
91.760498046875, 0.016459
91.79052734375, 0.051127
91.820556640625, 0.078861
91.850341796875, 0.009526
91.88037109375, 0.03726
91.910400390625, 0.085795
91.9404296875, 0.092728
91.970458984375, 0.002592
92.00048828125, -0.073677
92.030517578125, -0.15688
92.060546875, 0.092728
92.09033203125, -0.052876
92.120361328125, 0.002592
92.150390625, -0.045943
92.180419921875, 0.127396
92.21044921875, 0.030326
92.240478515625, 0.023393
92.2705078125, 0.009526
92.300537109375, 0.085795
92.33056640625, -0.039009
92.3603515625, 0.009526
92.390380859375, -0.004341
92.42041015625, 0.092728
92.450439453125, -0.004341
92.48046875, 0.106596
92.510498046875, 0.030326
92.54052734375, -0.018208
92.570556640625, 0.058061
92.600341796875, -0.025142
92.63037109375, -0.025142
92.660400390625, -0.08061
92.6904296875, -0.011275
92.720458984375, 0.051127
92.75048828125, -0.101411
92.780517578125, -0.039009
92.810546875, -0.08061
92.84033203125, -0.004341
92.870361328125, -0.004341
92.900390625, 0.092728
92.930419921875, 0.009526
92.96044921875, -0.191547
92.990478515625, 0.009526
93.0205078125, 0.016459
93.050537109375, -0.025142
93.08056640625, -0.045943
93.1103515625, 0.016459
93.140380859375, 0.071928
93.17041015625, 0.099662
93.200439453125, 0.085795
93.23046875, -0.05981
93.260498046875, -0.025142
93.29052734375, -0.108345
93.320556640625, 0.044194
93.350341796875, -0.045943
93.38037109375, -0.115278
93.410400390625, -0.052876
93.4404296875, 0.210599
93.470458984375, -0.05981
93.50048828125, -0.011275
93.530517578125, 0.002592
93.560546875, -0.073677
93.590576171875, -0.011275
93.620361328125, 0.113529
93.650390625, -0.163813
93.680419921875, -0.094478
93.71044921875, -0.087544
93.740478515625, -0.08061
93.7705078125, -0.011275
93.800537109375, 0.120463
93.83056640625, 0.03726
93.8603515625, 0.085795
93.890380859375, -0.004341
93.92041015625, -0.025142
93.950439453125, -0.115278
93.98046875, 0.051127
94.010498046875, 0.078861
94.04052734375, -0.052876
94.070556640625, 0.023393
94.1005859375, 0.030326
94.13037109375, -0.073677
94.160400390625, 0.030326
94.1904296875, 0.023393
94.220458984375, -0.073677
94.25048828125, 0.03726
94.280517578125, -0.011275
94.310546875, -0.025142
94.340576171875, 0.071928
94.370361328125, 0.168998
94.400390625, -0.094478
94.430419921875, 0.051127
94.46044921875, 0.113529
94.490478515625, -0.045943
94.5205078125, -0.045943
94.550537109375, 0.106596
94.58056640625, 0.016459
94.6103515625, -0.011275
94.640380859375, -0.032076
94.67041015625, -0.052876
94.700439453125, 0.044194
94.73046875, -0.011275
94.760498046875, -0.011275
94.79052734375, 0.023393
94.820556640625, -0.039009
94.8505859375, -0.004341
94.88037109375, -0.004341
94.910400390625, -0.066743
94.9404296875, -0.066743
94.970458984375, 0.106596
95.00048828125, -0.018208
95.030517578125, -0.05981
95.060546875, -0.15688
95.090576171875, 0.044194
95.120361328125, -0.004341
95.150390625, 0.016459
95.180419921875, -0.025142
95.21044921875, -0.184614
95.240478515625, -0.032076
95.2705078125, -0.045943
95.300537109375, -0.094478
95.33056640625, -0.122212
95.360595703125, 0.030326
95.390380859375, 0.030326
95.42041015625, -0.073677
95.450439453125, 0.078861
95.48046875, 0.064994
95.510498046875, -0.004341
95.54052734375, 0.078861
95.570556640625, 0.030326
95.6005859375, -0.136079
95.63037109375, 0.023393
95.660400390625, -0.094478
95.6904296875, -0.025142
95.720458984375, -0.073677
95.75048828125, 0.085795
95.780517578125, 0.071928
95.810546875, -0.066743
95.840576171875, 0.092728
95.870361328125, 0.051127
95.900390625, -0.011275
95.930419921875, -0.011275
95.96044921875, -0.025142
95.990478515625, -0.032076
96.0205078125, 0.030326
96.050537109375, 0.071928
96.08056640625, 0.106596
96.110595703125, -0.018208
96.140380859375, -0.087544
96.17041015625, 0.016459
96.200439453125, -0.045943
96.23046875, 0.016459
96.260498046875, -0.087544
96.29052734375, -0.039009
96.320556640625, -0.143012
96.3505859375, 0.078861
96.38037109375, 0.009526
96.410400390625, -0.08061
96.4404296875, 0.030326
96.470458984375, -0.052876
96.50048828125, -0.045943
96.530517578125, 0.044194
96.560546875, -0.011275
96.590576171875, -0.032076
96.62060546875, -0.115278
96.650390625, -0.073677
96.680419921875, -0.115278
96.71044921875, 0.085795
96.740478515625, 0.03726
96.7705078125, -0.101411
96.800537109375, 0.071928
96.83056640625, 0.03726
96.860595703125, 0.15513
96.890380859375, 0.141263
96.92041015625, -0.087544
96.950439453125, -0.018208
96.98046875, 0.030326
97.010498046875, 0.064994
97.04052734375, 0.030326
97.070556640625, -0.011275
97.1005859375, -0.045943
97.130615234375, -0.039009
97.160400390625, -0.018208
97.1904296875, 0.106596
97.220458984375, -0.032076
97.25048828125, -0.032076
97.280517578125, 0.03726
97.310546875, 0.175931
97.340576171875, -0.032076
97.37060546875, 0.078861
97.400390625, 0.203665
97.430419921875, -0.025142
97.46044921875, 0.002592
97.490478515625, 0.120463
97.5205078125, -0.018208
97.550537109375, 0.113529
97.58056640625, -0.045943
97.610595703125, 0.044194
97.640380859375, -0.032076
97.67041015625, -0.011275
97.700439453125, -0.045943
97.73046875, 0.016459
97.760498046875, -0.087544
97.79052734375, -0.025142
97.820556640625, 0.044194
97.8505859375, -0.011275
97.880615234375, -0.087544
97.910400390625, 0.071928
97.9404296875, 0.051127
97.970458984375, -0.025142
98.00048828125, 0.071928
98.030517578125, 0.030326
98.060546875, -0.045943
98.090576171875, 0.009526
98.12060546875, 0.03726
98.150390625, -0.018208
98.180419921875, 0.03726
98.21044921875, 0.03726
98.240478515625, -0.05981
98.2705078125, 0.002592
98.300537109375, -0.025142
98.33056640625, 0.023393
98.360595703125, -0.073677
98.390625, -0.052876
98.42041015625, 0.030326
98.450439453125, 0.044194
98.48046875, -0.066743
98.510498046875, -0.032076
98.54052734375, 0.058061
98.570556640625, -0.018208
98.6005859375, 0.016459
98.630615234375, 0.064994
98.660400390625, -0.045943
98.6904296875, -0.011275
98.720458984375, 0.016459
98.75048828125, -0.018208
98.780517578125, -0.004341
98.810546875, 0.071928
98.840576171875, -0.032076
98.87060546875, -0.136079
98.900634765625, -0.011275
98.930419921875, -0.025142
98.96044921875, -0.066743
98.990478515625, -0.025142
99.0205078125, 0.071928
99.050537109375, 0.051127
99.08056640625, 0.030326
99.110595703125, 0.099662
99.140625, 0.058061
99.17041015625, -0.025142
99.200439453125, 0.009526
99.23046875, 0.051127
99.260498046875, 0.044194
99.29052734375, 0.002592
99.320556640625, -0.018208
99.3505859375, 0.148197
99.380615234375, 0.064994
99.410400390625, 0.044194
99.4404296875, -0.004341
99.470458984375, 0.016459
99.50048828125, -0.198481
99.530517578125, -0.004341
99.560546875, 0.009526
99.590576171875, 0.064994
99.62060546875, -0.129145
99.650634765625, 0.064994
99.680419921875, -0.094478
99.71044921875, -0.094478
99.740478515625, 0.092728
99.7705078125, -0.191547
99.800537109375, -0.032076
99.83056640625, 0.064994
99.860595703125, 0.071928
99.890625, -0.011275
99.92041015625, 0.092728
99.950439453125, -0.052876
99.98046875, 0.009526
100.010498046875, 0.044194
100.04052734375, -0.052876
100.070556640625, 0.016459
100.1005859375, -0.05981
100.130615234375, 0.030326
100.16064453125, 0.106596
100.1904296875, 0.03726
100.220458984375, 0.078861
100.25048828125, 0.009526
100.280517578125, 0.071928
100.310546875, -0.004341
100.340576171875, -0.129145
100.37060546875, 0.009526
100.400634765625, 0.044194
100.430419921875, 0.03726
100.46044921875, 0.071928
100.490478515625, 0.085795
100.5205078125, 0.064994
100.550537109375, 0.106596
100.58056640625, 0.058061
100.610595703125, -0.08061
100.640625, -0.066743
100.67041015625, 0.002592
100.700439453125, 0.064994
100.73046875, -0.129145
100.760498046875, 0.030326
100.79052734375, -0.045943
100.820556640625, 0.002592
100.8505859375, 0.085795
100.880615234375, 0.113529
100.91064453125, -0.018208
100.9404296875, 0.058061
100.970458984375, -0.045943
101.00048828125, 0.092728
101.030517578125, 0.044194
101.060546875, -0.136079
101.090576171875, -0.025142
101.12060546875, -0.018208
101.150634765625, 0.009526
101.180419921875, 0.085795
101.21044921875, -0.032076
101.240478515625, 0.092728
101.2705078125, 0.120463
101.300537109375, -0.045943
101.33056640625, 0.023393
101.360595703125, 0.030326
101.390625, -0.045943
101.420654296875, 0.016459
101.450439453125, 0.023393
101.48046875, -0.025142
101.510498046875, 0.127396
101.54052734375, 0.058061
101.570556640625, -0.115278
101.6005859375, 0.03726
101.630615234375, 0.064994
101.66064453125, -0.032076
101.6904296875, 0.078861
101.720458984375, -0.025142
101.75048828125, 0.099662
101.780517578125, 0.002592
101.810546875, -0.039009
101.840576171875, -0.018208
101.87060546875, -0.045943
101.900634765625, -0.025142
101.9306640625, -0.025142
101.96044921875, -0.143012
101.990478515625, -0.115278
102.0205078125, 0.030326
102.050537109375, -0.018208
102.08056640625, 0.099662
102.110595703125, 0.002592
102.140625, 0.106596
102.170654296875, -0.045943
102.200439453125, 0.016459
102.23046875, 0.051127
102.260498046875, 0.099662
102.29052734375, 0.016459
102.320556640625, 0.009526
102.3505859375, -0.073677
102.380615234375, -0.066743
102.41064453125, 0.182865
102.4404296875, 0.168998
102.470458984375, 0.106596
102.50048828125, 0.030326
102.530517578125, 0.106596
102.560546875, -0.052876
102.590576171875, -0.025142
102.62060546875, 0.092728
102.650634765625, -0.073677
102.6806640625, 0.03726
102.71044921875, 0.071928
102.740478515625, -0.039009
102.7705078125, -0.163813
102.800537109375, -0.087544
102.83056640625, 0.009526
102.860595703125, 0.141263
102.890625, -0.066743
102.920654296875, 0.009526
102.950439453125, 0.03726
102.98046875, -0.087544
103.010498046875, 0.078861
103.04052734375, 0.002592
103.070556640625, 0.044194
103.1005859375, 0.078861
103.130615234375, 0.030326
103.16064453125, -0.122212
103.190673828125, 0.044194
103.220458984375, 0.058061
103.25048828125, -0.032076
103.280517578125, -0.05981
103.310546875, 0.044194
103.340576171875, 0.064994
103.37060546875, 0.009526
103.400634765625, 0.085795
103.4306640625, -0.05981
103.46044921875, 0.085795
103.490478515625, -0.143012
103.5205078125, -0.039009
103.550537109375, 0.127396
103.58056640625, 0.071928
103.610595703125, -0.045943
103.640625, 0.071928
103.670654296875, 0.002592
103.700439453125, -0.011275
103.73046875, 0.071928
103.760498046875, 0.03726
103.79052734375, -0.052876
103.820556640625, -0.05981
103.8505859375, 0.064994
103.880615234375, -0.087544
103.91064453125, 0.023393
103.940673828125, -0.05981
103.970458984375, -0.011275
104.00048828125, 0.023393
104.030517578125, -0.032076
104.060546875, 0.092728
104.090576171875, -0.094478
104.12060546875, -0.045943
104.150634765625, -0.032076
104.1806640625, 0.085795
104.21044921875, -0.045943
104.240478515625, -0.039009
104.2705078125, 0.071928
104.300537109375, -0.052876
104.33056640625, 0.044194
104.360595703125, -0.045943
104.390625, -0.032076
104.420654296875, -0.233149
104.45068359375, 0.071928
104.48046875, 0.099662
104.510498046875, -0.039009
104.54052734375, 0.009526
104.570556640625, -0.094478
104.6005859375, -0.05981
104.630615234375, 0.078861
104.66064453125, -0.052876
104.690673828125, 0.120463
104.720458984375, -0.011275
104.75048828125, 0.016459
104.780517578125, 0.016459
104.810546875, -0.032076
104.840576171875, -0.094478
104.87060546875, 0.051127
104.900634765625, 0.085795
104.9306640625, 0.009526
104.960693359375, 0.113529
104.990478515625, 0.002592
105.0205078125, 0.002592
105.050537109375, -0.066743
105.08056640625, -0.094478
105.110595703125, -0.045943
105.140625, 0.051127
105.170654296875, 0.03726
105.20068359375, -0.032076
105.23046875, 0.15513
105.260498046875, -0.004341
105.29052734375, 0.127396
105.320556640625, 0.064994
105.3505859375, 0.071928
105.380615234375, -0.011275
105.41064453125, 0.03726
105.440673828125, 0.099662
105.470458984375, 0.078861
105.50048828125, -0.025142
105.530517578125, -0.087544
105.560546875, 0.023393
105.590576171875, -0.011275
105.62060546875, -0.136079
105.650634765625, -0.087544
105.6806640625, 0.009526
105.710693359375, -0.066743
105.740478515625, 0.03726
105.7705078125, -0.163813
105.800537109375, -0.011275
105.83056640625, 0.023393
105.860595703125, -0.039009
105.890625, -0.018208
105.920654296875, -0.149946
105.95068359375, -0.004341
105.98046875, 0.044194
106.010498046875, 0.141263
106.04052734375, -0.170747
106.070556640625, -0.004341
106.1005859375, 0.120463
106.130615234375, -0.018208
106.16064453125, 0.030326
106.190673828125, 0.03726
106.220703125, -0.039009
106.25048828125, 0.009526
106.280517578125, -0.011275
106.310546875, -0.073677
106.340576171875, 0.016459
106.37060546875, 0.071928
106.400634765625, -0.018208
106.4306640625, -0.08061
106.460693359375, 0.023393
106.490478515625, 0.044194
106.5205078125, -0.039009
106.550537109375, 0.023393
106.58056640625, 0.203665
106.610595703125, 0.051127
106.640625, -0.052876
106.670654296875, 0.099662
106.70068359375, -0.004341
106.730712890625, 0.023393
106.760498046875, -0.136079
106.79052734375, 0.106596
106.820556640625, 0.120463
106.8505859375, 0.002592
106.880615234375, 0.016459
106.91064453125, -0.018208
106.940673828125, -0.032076
106.970703125, 0.092728
107.00048828125, 0.078861
107.030517578125, -0.018208
107.060546875, -0.039009
107.090576171875, -0.087544
107.12060546875, -0.052876
107.150634765625, 0.092728
107.1806640625, 0.051127
107.210693359375, -0.018208
107.240478515625, 0.092728
107.2705078125, -0.025142
107.300537109375, 0.051127
107.33056640625, 0.071928
107.360595703125, 0.15513
107.390625, -0.08061
107.420654296875, 0.030326
107.45068359375, -0.073677
107.480712890625, 0.002592
107.510498046875, -0.087544
107.54052734375, 0.099662
107.570556640625, 0.002592
107.6005859375, -0.011275
107.630615234375, -0.129145
107.66064453125, -0.184614
107.690673828125, -0.108345
107.720703125, 0.051127
107.75048828125, 0.030326
107.780517578125, -0.115278
107.810546875, -0.08061
107.840576171875, 0.071928
107.87060546875, 0.058061
107.900634765625, 0.016459
107.9306640625, -0.032076
107.960693359375, 0.127396
107.99072265625, 0.13433
108.0205078125, 0.044194
108.050537109375, 0.120463
108.08056640625, -0.052876
108.110595703125, 0.120463
108.140625, 0.051127
108.170654296875, 0.03726
108.20068359375, -0.004341
108.230712890625, -0.032076
108.260498046875, 0.016459
108.29052734375, 0.030326
108.320556640625, 0.058061
108.3505859375, 0.092728
108.380615234375, 0.023393
108.41064453125, 0.023393
108.440673828125, 0.064994
108.470703125, 0.03726
108.50048828125, 0.023393
108.530517578125, -0.066743
108.560546875, -0.143012
108.590576171875, 0.030326
108.62060546875, 0.064994
108.650634765625, 0.064994
108.6806640625, 0.030326
108.710693359375, 0.064994
108.74072265625, 0.120463
108.7705078125, 0.023393
108.800537109375, 0.051127
108.83056640625, 0.051127
108.860595703125, 0.051127
108.890625, -0.039009
108.920654296875, -0.004341
108.95068359375, -0.149946
108.980712890625, 0.058061
109.010498046875, 0.064994
109.04052734375, -0.011275
109.070556640625, -0.004341
109.1005859375, 0.058061
109.130615234375, -0.045943
109.16064453125, 0.016459
109.190673828125, -0.039009
109.220703125, -0.052876
109.250732421875, 0.099662
109.280517578125, 0.071928
109.310546875, 0.002592
109.340576171875, -0.052876
109.37060546875, 0.085795
109.400634765625, 0.030326
109.4306640625, 0.051127
109.460693359375, -0.025142
109.49072265625, 0.071928
109.5205078125, 0.002592
109.550537109375, -0.087544
109.58056640625, 0.030326
109.610595703125, 0.03726
109.640625, 0.030326
109.670654296875, 0.141263
109.70068359375, 0.099662
109.730712890625, 0.030326
109.7607421875, 0.085795
109.79052734375, 0.092728
109.820556640625, 0.099662
109.8505859375, -0.025142
109.880615234375, 0.03726
109.91064453125, -0.08061
109.940673828125, -0.011275
109.970703125, 0.058061
110.000732421875, -0.094478
110.030517578125, 0.002592
110.060546875, 0.224466
110.090576171875, -0.011275
110.12060546875, 0.058061
110.150634765625, 0.051127
110.1806640625, 0.168998
110.210693359375, -0.032076
110.24072265625, 0.064994
110.2705078125, -0.149946
110.300537109375, -0.052876
110.33056640625, -0.136079
110.360595703125, -0.05981
110.390625, -0.025142
110.420654296875, -0.025142
110.45068359375, 0.085795
110.480712890625, 0.058061
110.5107421875, 0.064994
110.54052734375, -0.032076
110.570556640625, -0.004341
110.6005859375, 0.120463
110.630615234375, -0.149946
110.66064453125, 0.009526
110.690673828125, -0.08061
110.720703125, -0.004341
110.750732421875, -0.073677
110.780517578125, -0.025142
110.810546875, -0.032076
110.840576171875, 0.016459
110.87060546875, 0.113529
110.900634765625, -0.05981
110.9306640625, -0.094478
110.960693359375, 0.078861
110.99072265625, 0.03726
111.020751953125, 0.078861
111.050537109375, -0.136079
111.08056640625, 0.009526
111.110595703125, -0.032076
111.140625, -0.032076
111.170654296875, -0.073677
111.20068359375, 0.127396
111.230712890625, 0.044194
111.2607421875, -0.05981
111.29052734375, -0.025142
111.320556640625, -0.025142
111.3505859375, 0.127396
111.380615234375, 0.009526
111.41064453125, 0.064994
111.440673828125, -0.039009
111.470703125, 0.016459
111.500732421875, 0.078861
111.530517578125, 0.030326
111.560546875, -0.025142
111.590576171875, 0.023393
111.62060546875, -0.045943
111.650634765625, -0.066743
111.6806640625, 0.002592
111.710693359375, 0.168998
111.74072265625, 0.051127
111.770751953125, 0.002592
111.800537109375, 0.127396
111.83056640625, -0.101411
111.860595703125, 0.03726
111.890625, -0.045943
111.920654296875, -0.045943
111.95068359375, 0.03726
111.980712890625, -0.05981
112.0107421875, 0.009526
112.04052734375, 0.071928
112.070556640625, 0.058061
112.1005859375, 0.044194
112.130615234375, 0.002592
112.16064453125, -0.032076
112.190673828125, -0.122212
112.220703125, -0.087544
112.250732421875, 0.064994
112.28076171875, 0.002592
112.310546875, 0.071928
112.340576171875, -0.039009
112.37060546875, 0.113529
112.400634765625, -0.122212
112.4306640625, -0.004341
112.460693359375, 0.078861
112.49072265625, -0.045943
112.520751953125, 0.009526
112.550537109375, -0.045943
112.58056640625, 0.044194
112.610595703125, -0.143012
112.640625, 0.071928
112.670654296875, -0.066743
112.70068359375, 0.078861
112.730712890625, -0.025142
112.7607421875, -0.018208
112.790771484375, -0.045943
112.820556640625, -0.073677
112.8505859375, -0.066743
112.880615234375, -0.032076
112.91064453125, -0.129145
112.940673828125, -0.045943
112.970703125, -0.018208
113.000732421875, 0.030326
113.03076171875, 0.009526
113.060546875, 0.044194
113.090576171875, -0.004341
113.12060546875, 0.071928
113.150634765625, 0.03726
113.1806640625, 0.03726
113.210693359375, 0.071928
113.24072265625, -0.094478
113.270751953125, -0.094478
113.300537109375, -0.039009
113.33056640625, -0.052876
113.360595703125, 0.051127
113.390625, 0.058061
113.420654296875, -0.045943
113.45068359375, 0.023393
113.480712890625, -0.05981
113.5107421875, -0.011275
113.540771484375, 0.051127
113.570556640625, -0.066743
113.6005859375, 0.058061
113.630615234375, 0.092728
113.66064453125, -0.018208
113.690673828125, -0.032076
113.720703125, -0.004341
113.750732421875, 0.071928
113.78076171875, -0.025142
113.810546875, -0.149946
113.840576171875, 0.030326
113.87060546875, 0.030326
113.900634765625, -0.05981
113.9306640625, -0.094478
113.960693359375, 0.023393
113.99072265625, -0.032076
114.020751953125, -0.05981
114.05078125, -0.032076
114.08056640625, -0.011275
114.110595703125, -0.004341
114.140625, 0.016459
114.170654296875, 0.03726
114.20068359375, 0.051127
114.230712890625, -0.039009
114.2607421875, 0.071928
114.290771484375, -0.011275
114.320556640625, 0.051127
114.3505859375, 0.044194
114.380615234375, 0.016459
114.41064453125, -0.011275
114.440673828125, -0.039009
114.470703125, -0.004341
114.500732421875, -0.115278
114.53076171875, 0.044194
114.560791015625, 0.071928
114.590576171875, -0.143012
114.62060546875, 0.009526
114.650634765625, 0.009526
114.6806640625, 0.113529
114.710693359375, 0.127396
114.74072265625, 0.044194
114.770751953125, -0.004341
114.80078125, 0.016459
114.83056640625, -0.018208
114.860595703125, 0.03726
114.890625, 0.030326
114.920654296875, -0.129145
114.95068359375, 0.023393
114.980712890625, 0.044194
115.0107421875, -0.011275
115.040771484375, -0.05981
115.070556640625, -0.039009
115.1005859375, 0.175931
115.130615234375, -0.052876
115.16064453125, 0.044194
115.190673828125, -0.025142
115.220703125, -0.087544
115.250732421875, 0.071928
115.28076171875, -0.039009
115.310791015625, -0.011275
115.340576171875, 0.044194
115.37060546875, 0.002592
115.400634765625, 0.085795
115.4306640625, -0.052876
115.460693359375, 0.071928
115.49072265625, 0.030326
115.520751953125, -0.045943
115.55078125, -0.08061
115.58056640625, 0.03726
115.610595703125, -0.004341
115.640625, -0.17768
115.670654296875, 0.016459
115.70068359375, -0.066743
115.730712890625, 0.085795
115.7607421875, -0.073677
115.790771484375, 0.106596
115.82080078125, -0.052876
115.8505859375, 0.071928
115.880615234375, -0.094478
115.91064453125, 0.092728
115.940673828125, 0.030326
115.970703125, 0.238333
116.000732421875, -0.094478
116.03076171875, 0.13433
116.060791015625, 0.002592
116.090576171875, 0.016459
116.12060546875, 0.092728
116.150634765625, -0.122212
116.1806640625, 0.051127
116.210693359375, 0.064994
116.24072265625, 0.13433
116.270751953125, 0.03726
116.30078125, -0.045943
116.33056640625, -0.129145
116.360595703125, 0.023393
116.390625, 0.030326
116.420654296875, -0.025142
116.45068359375, -0.15688
116.480712890625, -0.08061
116.5107421875, -0.032076
116.540771484375, 0.03726
116.57080078125, 0.030326
116.6005859375, 0.03726
116.630615234375, 0.085795
116.66064453125, 0.127396
116.690673828125, -0.15688
116.720703125, -0.122212
116.750732421875, -0.004341
116.78076171875, -0.032076
116.810791015625, -0.108345
116.840576171875, -0.052876
116.87060546875, -0.018208
116.900634765625, -0.052876
116.9306640625, 0.009526
116.960693359375, 0.058061
116.99072265625, -0.004341
117.020751953125, -0.129145
117.05078125, 0.009526
117.080810546875, 0.099662
117.110595703125, -0.087544
117.140625, 0.023393
117.170654296875, -0.025142
117.20068359375, -0.115278
117.230712890625, -0.045943
117.2607421875, 0.016459
117.290771484375, -0.08061
117.32080078125, 0.044194
117.3505859375, -0.032076
117.380615234375, -0.025142
117.41064453125, -0.08061
117.440673828125, -0.087544
117.470703125, -0.073677
117.500732421875, -0.163813
117.53076171875, 0.03726
117.560791015625, -0.143012
117.5908203125, -0.025142
117.62060546875, -0.011275
117.650634765625, -0.115278
117.6806640625, 0.002592
117.710693359375, 0.051127
117.74072265625, 0.044194
117.770751953125, -0.087544
117.80078125, 0.044194
117.830810546875, -0.115278
117.860595703125, 0.023393
117.890625, -0.073677
117.920654296875, 0.127396
117.95068359375, 0.051127
117.980712890625, -0.149946
118.0107421875, -0.045943
118.040771484375, 0.044194
118.07080078125, -0.025142
118.1005859375, 0.016459
118.130615234375, 0.113529
118.16064453125, 0.009526
118.190673828125, -0.045943
118.220703125, -0.108345
118.250732421875, 0.064994
118.28076171875, -0.08061
118.310791015625, 0.058061
118.3408203125, 0.064994
118.37060546875, 0.058061
118.400634765625, -0.004341
118.4306640625, 0.002592
118.460693359375, 0.113529
118.49072265625, 0.078861
118.520751953125, -0.039009
118.55078125, 0.016459
118.580810546875, 0.203665
118.610595703125, -0.052876
118.640625, -0.101411
118.670654296875, -0.066743
118.70068359375, 0.044194
118.730712890625, 0.085795
118.7607421875, -0.011275
118.790771484375, -0.087544
118.82080078125, 0.092728
118.850830078125, 0.002592
118.880615234375, 0.051127
118.91064453125, 0.002592
118.940673828125, 0.044194
118.970703125, 0.168998
119.000732421875, -0.05981
119.03076171875, -0.094478
119.060791015625, -0.052876
119.0908203125, 0.058061
119.12060546875, -0.032076
119.150634765625, -0.039009
119.1806640625, 0.009526
119.210693359375, -0.101411
119.24072265625, -0.018208
119.270751953125, -0.066743
119.30078125, -0.025142
119.330810546875, 0.044194
119.360595703125, -0.052876
119.390625, -0.108345
119.420654296875, 0.044194
119.45068359375, -0.094478
119.480712890625, -0.011275
119.5107421875, 0.044194
119.540771484375, 0.071928
119.57080078125, 0.141263
119.600830078125, 0.030326
119.630615234375, -0.025142
119.66064453125, 0.058061
119.690673828125, -0.025142
119.720703125, 0.064994
119.750732421875, -0.032076
119.78076171875, 0.113529
119.810791015625, 0.113529
119.8408203125, 0.064994
119.87060546875, -0.025142
119.900634765625, -0.025142
119.9306640625, 0.016459
119.960693359375, 0.030326
119.99072265625, -0.101411
120.020751953125, -0.045943
120.05078125, 0.085795
120.080810546875, -0.011275
120.11083984375, -0.170747
120.140625, -0.039009
120.170654296875, 0.03726
120.20068359375, -0.170747
120.230712890625, 0.023393
120.2607421875, -0.066743
120.290771484375, -0.032076
120.32080078125, 0.051127
120.350830078125, 0.023393
120.380615234375, -0.108345
120.41064453125, 0.279935
120.440673828125, 0.085795
120.470703125, -0.011275
120.500732421875, -0.011275
120.53076171875, -0.004341
120.560791015625, -0.073677
120.5908203125, 0.085795
120.620849609375, -0.018208
120.650634765625, 0.009526
120.6806640625, 0.099662
120.710693359375, -0.045943
120.74072265625, 0.113529
120.770751953125, -0.039009
120.80078125, -0.018208
120.830810546875, -0.052876
120.86083984375, 0.023393
120.890625, 0.030326
120.920654296875, -0.011275
120.95068359375, 0.064994
120.980712890625, -0.066743
121.0107421875, 0.051127
121.040771484375, 0.051127
121.07080078125, 0.085795
121.100830078125, 0.071928
121.130615234375, -0.108345
121.16064453125, -0.032076
121.190673828125, -0.052876
121.220703125, -0.004341
121.250732421875, 0.002592
121.28076171875, 0.085795
121.310791015625, -0.025142
121.3408203125, -0.066743
121.370849609375, 0.023393
121.400634765625, -0.004341
121.4306640625, -0.066743
121.460693359375, 0.051127
121.49072265625, -0.115278
121.520751953125, 0.064994
121.55078125, -0.025142
121.580810546875, -0.018208
121.61083984375, -0.045943
121.640625, 0.085795
121.670654296875, 0.002592
121.70068359375, -0.052876
121.730712890625, -0.025142
121.7607421875, -0.039009
121.790771484375, 0.085795
121.82080078125, 0.002592
121.850830078125, -0.039009
121.880859375, 0.058061
121.91064453125, 0.044194
121.940673828125, -0.025142
121.970703125, 0.113529
122.000732421875, -0.087544
122.03076171875, 0.002592
122.060791015625, 0.023393
122.0908203125, 0.071928
122.120849609375, -0.143012
122.150634765625, 0.002592
122.1806640625, 0.002592
122.210693359375, -0.08061
122.24072265625, -0.039009
122.270751953125, 0.064994
122.30078125, -0.108345
122.330810546875, -0.045943
122.36083984375, -0.011275
122.390869140625, 0.002592
122.420654296875, 0.002592
122.45068359375, -0.004341
122.480712890625, -0.094478
122.5107421875, -0.025142
122.540771484375, 0.023393
122.57080078125, 0.009526
122.600830078125, 0.044194
122.630859375, 0.009526
122.66064453125, 0.03726
122.690673828125, -0.045943
122.720703125, 0.141263
122.750732421875, 0.009526
122.78076171875, 0.016459
122.810791015625, 0.016459
122.8408203125, 0.03726
122.870849609375, -0.05981
122.900634765625, 0.051127
122.9306640625, -0.018208
122.960693359375, 0.009526
122.99072265625, -0.094478
123.020751953125, -0.011275
123.05078125, -0.018208
123.080810546875, 0.044194
123.11083984375, 0.023393
123.140869140625, 0.085795
123.170654296875, -0.066743
123.20068359375, 0.168998
123.230712890625, 0.078861
123.2607421875, 0.051127
123.290771484375, 0.051127
123.32080078125, 0.058061
123.350830078125, -0.018208
123.380859375, -0.004341
123.41064453125, 0.016459
123.440673828125, -0.108345
123.470703125, -0.052876
123.500732421875, 0.023393
123.53076171875, -0.108345
123.560791015625, 0.009526
123.5908203125, 0.092728
123.620849609375, -0.039009
123.65087890625, 0.071928
123.6806640625, -0.018208
123.710693359375, -0.039009
123.74072265625, 0.196732
123.770751953125, 0.058061
123.80078125, 0.002592
123.830810546875, -0.122212
123.86083984375, 0.064994
123.890869140625, 0.030326
123.920654296875, 0.099662
123.95068359375, -0.045943
123.980712890625, -0.004341
124.0107421875, 0.113529
124.040771484375, -0.129145
124.07080078125, 0.064994
124.100830078125, -0.170747
124.130859375, -0.025142
124.16064453125, 0.099662
124.190673828125, -0.011275
124.220703125, 0.071928
124.250732421875, 0.023393
124.28076171875, 0.044194
124.310791015625, -0.094478
124.3408203125, -0.122212
124.370849609375, 0.03726
124.40087890625, -0.025142
124.4306640625, -0.025142
124.460693359375, -0.045943
124.49072265625, 0.085795
124.520751953125, -0.073677
124.55078125, 0.023393
124.580810546875, -0.115278
124.61083984375, -0.032076
124.640869140625, 0.064994
124.670654296875, -0.143012
124.70068359375, -0.018208
124.730712890625, 0.002592
124.7607421875, -0.143012
124.790771484375, -0.025142
124.82080078125, -0.08061
124.850830078125, -0.066743
124.880859375, 0.058061
124.910888671875, 0.016459
124.940673828125, 0.030326
124.970703125, 0.058061
125.000732421875, -0.045943
125.03076171875, -0.039009
125.060791015625, -0.045943
125.0908203125, -0.045943
125.120849609375, 0.023393
125.15087890625, 0.120463
125.1806640625, 0.15513
125.210693359375, 0.085795
125.24072265625, 0.051127
125.270751953125, 0.016459
125.30078125, -0.129145
125.330810546875, -0.039009
125.36083984375, 0.051127
125.390869140625, -0.004341
125.4208984375, 0.016459
125.45068359375, 0.023393
125.480712890625, -0.052876
125.5107421875, -0.032076
125.540771484375, -0.045943
125.57080078125, 0.058061
125.600830078125, 0.002592
125.630859375, -0.052876
125.660888671875, 0.071928
125.690673828125, 0.064994
125.720703125, -0.052876
125.750732421875, 0.092728
125.78076171875, 0.058061
125.810791015625, 0.016459
125.8408203125, 0.058061
125.870849609375, -0.004341
125.90087890625, 0.044194
125.9306640625, -0.129145
125.960693359375, -0.163813
125.99072265625, -0.045943
126.020751953125, -0.004341
126.05078125, 0.106596
126.080810546875, 0.064994
126.11083984375, 0.03726
126.140869140625, -0.101411
126.1708984375, -0.066743
126.20068359375, 0.030326
126.230712890625, -0.011275
126.2607421875, -0.212348
126.290771484375, -0.066743
126.32080078125, 0.092728
126.350830078125, 0.092728
126.380859375, 0.071928
126.410888671875, 0.009526
126.440673828125, -0.108345
126.470703125, -0.039009
126.500732421875, -0.004341
126.53076171875, -0.004341
126.560791015625, -0.129145
126.5908203125, 0.078861
126.620849609375, 0.023393
126.65087890625, -0.025142
126.680908203125, 0.168998
126.710693359375, -0.073677
126.74072265625, 0.009526
126.770751953125, -0.032076
126.80078125, -0.073677
126.830810546875, 0.002592
126.86083984375, -0.087544
126.890869140625, -0.045943
126.9208984375, 0.016459
126.95068359375, 0.03726
126.980712890625, 0.058061
127.0107421875, 0.03726
127.040771484375, -0.018208
127.07080078125, 0.058061
127.100830078125, 0.106596
127.130859375, 0.051127
127.160888671875, -0.136079
127.190673828125, -0.149946
127.220703125, -0.032076
127.250732421875, 0.030326
127.28076171875, 0.064994
127.310791015625, -0.045943
127.3408203125, -0.170747
127.370849609375, 0.030326
127.40087890625, -0.004341
127.430908203125, 0.03726
127.460693359375, 0.030326
127.49072265625, 0.051127
127.520751953125, -0.108345
127.55078125, -0.004341
127.580810546875, 0.016459
127.61083984375, 0.071928
127.640869140625, -0.032076
127.6708984375, 0.03726
127.70068359375, 0.13433
127.730712890625, -0.101411
127.7607421875, 0.023393
127.790771484375, 0.023393
127.82080078125, 0.078861
127.850830078125, 0.071928
127.880859375, -0.08061
127.910888671875, 0.009526
127.94091796875, 0.030326
127.970703125, 0.03726
128.000732421875, 0.03726
128.03076171875, -0.018208
128.060791015625, -0.011275
128.0908203125, -0.073677
128.120849609375, -0.004341
128.15087890625, -0.025142
128.180908203125, 0.058061
128.210693359375, 0.058061
128.24072265625, -0.032076
128.270751953125, -0.032076
128.30078125, -0.066743
128.330810546875, -0.05981
128.36083984375, 0.051127
128.390869140625, -0.045943
128.4208984375, -0.101411
128.450927734375, -0.018208
128.480712890625, 0.030326
128.5107421875, 0.071928
128.540771484375, -0.025142
128.57080078125, -0.08061
128.600830078125, -0.136079
128.630859375, 0.023393
128.660888671875, 0.092728
128.69091796875, -0.101411
128.720703125, 0.051127
128.750732421875, 0.13433
128.78076171875, 0.044194
128.810791015625, 0.078861
128.8408203125, 0.051127
128.870849609375, -0.032076
128.90087890625, 0.078861
128.930908203125, -0.004341
128.960693359375, 0.044194
128.99072265625, -0.05981
129.020751953125, -0.073677
129.05078125, -0.170747
129.080810546875, 0.085795
129.11083984375, -0.136079
129.140869140625, 0.106596
129.1708984375, 0.162064
129.200927734375, 0.099662
129.230712890625, -0.05981
129.2607421875, -0.025142
129.290771484375, -0.066743
129.32080078125, -0.025142
129.350830078125, 0.120463
129.380859375, -0.039009
129.410888671875, -0.05981
129.44091796875, 0.044194
129.470703125, -0.025142
129.500732421875, 0.141263
129.53076171875, 0.051127
129.560791015625, 0.03726
129.5908203125, 0.058061
129.620849609375, 0.002592
129.65087890625, 0.03726
129.680908203125, -0.087544
129.7109375, -0.039009
129.74072265625, -0.05981
129.770751953125, 0.03726
129.80078125, 0.023393
129.830810546875, 0.002592
129.86083984375, -0.039009
129.890869140625, -0.039009
129.9208984375, -0.045943
129.950927734375, -0.025142
129.980712890625, -0.212348
130.0107421875, 0.099662
130.040771484375, 0.058061
130.07080078125, 0.085795
130.100830078125, -0.15688
130.130859375, -0.018208
130.160888671875, 0.009526
130.19091796875, 0.044194
130.220947265625, 0.120463
130.250732421875, -0.004341
130.28076171875, -0.004341
130.310791015625, -0.149946
130.3408203125, -0.115278
130.370849609375, 0.016459
130.40087890625, 0.009526
130.430908203125, 0.023393
130.4609375, 0.03726
130.49072265625, 0.030326
130.520751953125, -0.025142
130.55078125, -0.039009
130.580810546875, -0.094478
130.61083984375, 0.030326
130.640869140625, -0.039009
130.6708984375, 0.058061
130.700927734375, 0.023393
130.730712890625, 0.064994
130.7607421875, 0.064994
130.790771484375, 0.071928
130.82080078125, -0.018208
130.850830078125, -0.184614
130.880859375, -0.011275
130.910888671875, -0.039009
130.94091796875, 0.162064
130.970947265625, 0.023393
131.000732421875, 0.023393
131.03076171875, -0.025142
131.060791015625, 0.058061
131.0908203125, -0.011275
131.120849609375, -0.032076
131.15087890625, -0.025142
131.180908203125, 0.023393
131.2109375, -0.115278
131.24072265625, -0.052876
131.270751953125, -0.045943
131.30078125, -0.039009
131.330810546875, -0.08061
131.36083984375, 0.03726
131.390869140625, 0.030326
131.4208984375, -0.05981
131.450927734375, -0.05981
131.48095703125, -0.039009
131.5107421875, -0.15688
131.540771484375, -0.018208
131.57080078125, 0.030326
131.600830078125, -0.08061
131.630859375, -0.066743
131.660888671875, 0.009526
131.69091796875, -0.094478
131.720947265625, -0.05981
131.750732421875, -0.018208
131.78076171875, -0.073677
131.810791015625, 0.002592
131.8408203125, -0.004341
131.870849609375, -0.05981
131.90087890625, 0.016459
131.930908203125, 0.016459
131.9609375, -0.004341
131.99072265625, -0.018208
132.020751953125, 0.058061
132.05078125, -0.018208
132.080810546875, -0.045943
132.11083984375, -0.018208
132.140869140625, 0.071928
132.1708984375, 0.009526
132.200927734375, 0.016459
132.23095703125, 0.009526
132.2607421875, 0.023393
132.290771484375, 0.009526
132.32080078125, -0.052876
132.350830078125, -0.032076
132.380859375, -0.025142
132.410888671875, 0.099662
132.44091796875, 0.023393
132.470947265625, 0.092728
132.500732421875, -0.05981
132.53076171875, -0.094478
132.560791015625, -0.018208
132.5908203125, 0.092728
132.620849609375, 0.064994
132.65087890625, -0.094478
132.680908203125, 0.051127
132.7109375, 0.058061
132.740966796875, 0.030326
132.770751953125, -0.087544
132.80078125, 0.023393
132.830810546875, 0.044194
132.86083984375, -0.025142
132.890869140625, -0.170747
132.9208984375, -0.032076
132.950927734375, -0.05981
132.98095703125, -0.025142
133.0107421875, -0.122212
133.040771484375, -0.045943
133.07080078125, -0.073677
133.100830078125, 0.141263
133.130859375, -0.039009
133.160888671875, -0.073677
133.19091796875, 0.064994
133.220947265625, 0.03726
133.2509765625, -0.163813
133.28076171875, -0.018208
133.310791015625, -0.08061
133.3408203125, 0.071928
133.370849609375, -0.05981
133.40087890625, 0.002592
133.430908203125, 0.030326
133.4609375, -0.032076
133.490966796875, 0.009526
133.520751953125, 0.009526
133.55078125, 0.051127
133.580810546875, 0.064994
133.61083984375, 0.023393
133.640869140625, 0.051127
133.6708984375, -0.115278
133.700927734375, 0.016459
133.73095703125, -0.198481
133.7607421875, -0.011275
133.790771484375, 0.023393
133.82080078125, 0.058061
133.850830078125, 0.058061
133.880859375, -0.011275
133.910888671875, -0.011275
133.94091796875, 0.023393
133.970947265625, -0.045943
134.0009765625, -0.025142
134.03076171875, -0.05981
134.060791015625, -0.004341
134.0908203125, -0.039009
134.120849609375, -0.143012
134.15087890625, -0.073677
134.180908203125, -0.066743
134.2109375, -0.226215
134.240966796875, -0.108345
134.270751953125, 0.064994
134.30078125, -0.05981
134.330810546875, -0.087544
134.36083984375, 0.058061
134.390869140625, 0.002592
134.4208984375, -0.05981
134.450927734375, 0.120463
134.48095703125, -0.129145
134.510986328125, 0.03726
134.540771484375, -0.108345
134.57080078125, -0.073677
134.600830078125, -0.094478
134.630859375, 0.148197
134.660888671875, -0.101411
134.69091796875, -0.101411
134.720947265625, -0.011275
134.7509765625, 0.099662
134.78076171875, -0.025142
134.810791015625, -0.039009
134.8408203125, -0.052876
134.870849609375, -0.011275
134.90087890625, 0.009526
134.930908203125, 0.009526
134.9609375, 0.085795
134.990966796875, -0.05981
135.020751953125, -0.004341
135.05078125, -0.032076
135.080810546875, 0.071928
135.11083984375, -0.045943
135.140869140625, 0.030326
135.1708984375, -0.052876
135.200927734375, 0.092728
135.23095703125, 0.058061
135.260986328125, 0.051127
135.290771484375, -0.149946
135.32080078125, -0.025142
135.350830078125, -0.163813
135.380859375, -0.094478
135.410888671875, 0.009526
135.44091796875, 0.044194
135.470947265625, -0.032076
135.5009765625, -0.087544
135.53076171875, 0.009526
135.560791015625, -0.108345
135.5908203125, 0.03726
135.620849609375, 0.058061
135.65087890625, 0.002592
135.680908203125, -0.05981
135.7109375, -0.094478
135.740966796875, -0.122212
135.77099609375, 0.113529
135.80078125, -0.025142
135.830810546875, 0.044194
135.86083984375, 0.168998
135.890869140625, 0.016459
135.9208984375, 0.03726
135.950927734375, -0.073677
135.98095703125, -0.15688
136.010986328125, -0.004341
136.040771484375, 0.044194
136.07080078125, 0.058061
136.100830078125, -0.073677
136.130859375, 0.078861
136.160888671875, -0.018208
136.19091796875, -0.052876
136.220947265625, -0.115278
136.2509765625, -0.129145
136.281005859375, 0.092728
136.310791015625, -0.149946
136.3408203125, 0.009526
136.370849609375, 0.023393
136.40087890625, 0.120463
136.430908203125, -0.136079
136.4609375, -0.025142
136.490966796875, 0.030326
136.52099609375, 0.051127
136.55078125, -0.052876
136.580810546875, 0.002592
136.61083984375, 0.002592
136.640869140625, 0.044194
136.6708984375, 0.099662
136.700927734375, 0.016459
136.73095703125, 0.03726
136.760986328125, 0.051127
136.790771484375, 0.03726
136.82080078125, -0.108345
136.850830078125, -0.025142
136.880859375, 0.016459
136.910888671875, 0.023393
136.94091796875, -0.05981
136.970947265625, 0.058061
137.0009765625, -0.032076
137.031005859375, -0.108345
137.060791015625, -0.011275
137.0908203125, -0.025142
137.120849609375, 0.099662
137.15087890625, -0.052876
137.180908203125, 0.016459
137.2109375, 0.092728
137.240966796875, 0.03726
137.27099609375, 0.15513
137.30078125, 0.009526
137.330810546875, -0.025142
137.36083984375, -0.073677
137.390869140625, 0.002592
137.4208984375, -0.08061
137.450927734375, 0.023393
137.48095703125, -0.05981
137.510986328125, -0.018208
137.541015625, -0.073677
137.57080078125, -0.05981
137.600830078125, -0.073677
137.630859375, 0.03726
137.660888671875, -0.025142
137.69091796875, 0.064994
137.720947265625, 0.085795
137.7509765625, -0.087544
137.781005859375, -0.039009
137.810791015625, 0.030326
137.8408203125, 0.051127
137.870849609375, 0.002592
137.90087890625, 0.078861
137.930908203125, -0.025142
137.9609375, -0.115278
137.990966796875, 0.113529
138.02099609375, -0.115278
138.051025390625, -0.087544
138.080810546875, 0.092728
138.11083984375, 0.002592
138.140869140625, 0.058061
138.1708984375, 0.051127
138.200927734375, -0.066743
138.23095703125, -0.018208
138.260986328125, 0.092728
138.291015625, 0.106596
138.32080078125, 0.009526
138.350830078125, 0.13433
138.380859375, 0.002592
138.410888671875, -0.011275
138.44091796875, -0.066743
138.470947265625, 0.113529
138.5009765625, -0.052876
138.531005859375, 0.023393
138.560791015625, -0.039009
138.5908203125, 0.058061
138.620849609375, 0.023393
138.65087890625, 0.009526
138.680908203125, -0.018208
138.7109375, 0.113529
138.740966796875, -0.039009
138.77099609375, -0.032076
138.801025390625, -0.004341
138.830810546875, -0.025142
138.86083984375, -0.004341
138.890869140625, -0.039009
138.9208984375, 0.044194
138.950927734375, -0.004341
138.98095703125, -0.018208
139.010986328125, 0.016459
139.041015625, -0.039009
139.07080078125, 0.058061
139.100830078125, -0.052876
139.130859375, 0.03726
139.160888671875, 0.002592
139.19091796875, 0.127396
139.220947265625, 0.071928
139.2509765625, -0.094478
139.281005859375, -0.045943
139.31103515625, 0.078861
139.3408203125, 0.023393
139.370849609375, -0.025142
139.40087890625, -0.045943
139.430908203125, -0.170747
139.4609375, -0.05981
139.490966796875, 0.002592
139.52099609375, 0.127396
139.551025390625, -0.045943
139.580810546875, 0.009526
139.61083984375, 0.085795
139.640869140625, -0.052876
139.6708984375, 0.078861
139.700927734375, 0.085795
139.73095703125, 0.03726
139.760986328125, -0.018208
139.791015625, -0.032076
139.82080078125, 0.009526
139.850830078125, 0.078861
139.880859375, -0.073677
139.910888671875, -0.108345
139.94091796875, 0.044194
139.970947265625, 0.099662
140.0009765625, -0.011275
140.031005859375, -0.05981
140.06103515625, -0.025142
140.0908203125, 0.099662
140.120849609375, -0.066743
140.15087890625, 0.016459
140.180908203125, 0.03726
140.2109375, -0.066743
140.240966796875, 0.106596
140.27099609375, 0.071928
140.301025390625, 0.03726
140.330810546875, 0.016459
140.36083984375, -0.004341
140.390869140625, 0.064994
140.4208984375, -0.025142
140.450927734375, -0.018208
140.48095703125, -0.032076
140.510986328125, 0.113529
140.541015625, 0.03726
140.571044921875, 0.002592
140.600830078125, 0.127396
140.630859375, 0.071928
140.660888671875, -0.011275
140.69091796875, 0.016459
140.720947265625, -0.039009
140.7509765625, -0.045943
140.781005859375, 0.044194
140.81103515625, -0.073677
140.8408203125, -0.011275
140.870849609375, 0.009526
140.90087890625, -0.115278
140.930908203125, 0.002592
140.9609375, -0.052876
140.990966796875, -0.039009
141.02099609375, 0.023393
141.051025390625, 0.064994
141.0810546875, -0.108345
141.11083984375, 0.016459
141.140869140625, 0.009526
141.1708984375, -0.032076
141.200927734375, 0.064994
141.23095703125, -0.032076
141.260986328125, -0.066743
141.291015625, -0.05981
141.321044921875, 0.044194
141.350830078125, 0.002592
141.380859375, 0.078861
141.410888671875, 0.113529
141.44091796875, -0.15688
141.470947265625, -0.087544
141.5009765625, -0.094478
141.531005859375, -0.018208
141.56103515625, 0.03726
141.5908203125, 0.13433
141.620849609375, 0.064994
141.65087890625, -0.032076
141.680908203125, 0.009526
141.7109375, 0.009526
141.740966796875, 0.064994
141.77099609375, 0.044194
141.801025390625, 0.224466
141.8310546875, 0.099662
141.86083984375, -0.05981
141.890869140625, -0.004341
141.9208984375, -0.018208
141.950927734375, -0.018208
141.98095703125, 0.009526
142.010986328125, 0.030326
142.041015625, -0.129145
142.071044921875, -0.004341
142.100830078125, 0.03726
142.130859375, -0.018208
142.160888671875, 0.13433
142.19091796875, -0.011275
142.220947265625, 0.051127
142.2509765625, 0.030326
142.281005859375, 0.016459
142.31103515625, 0.058061
142.341064453125, -0.011275
142.370849609375, -0.087544
142.40087890625, 0.009526
142.430908203125, -0.066743
142.4609375, -0.011275
142.490966796875, 0.127396
142.52099609375, -0.122212
142.551025390625, 0.03726
142.5810546875, 0.023393
142.61083984375, 0.023393
142.640869140625, -0.101411
142.6708984375, -0.045943
142.700927734375, -0.073677
142.73095703125, 0.03726
142.760986328125, 0.051127
142.791015625, -0.018208
142.821044921875, -0.004341
142.85107421875, -0.05981
142.880859375, 0.064994
142.910888671875, 0.058061
142.94091796875, 0.148197
142.970947265625, 0.141263
143.0009765625, -0.08061
143.031005859375, -0.08061
143.06103515625, 0.141263
143.091064453125, -0.032076
143.120849609375, 0.016459
143.15087890625, 0.064994
143.180908203125, 0.002592
143.2109375, 0.044194
143.240966796875, 0.13433
143.27099609375, 0.002592
143.301025390625, -0.191547
143.3310546875, 0.03726
143.36083984375, 0.030326
143.390869140625, 0.15513
143.4208984375, 0.009526
143.450927734375, 0.051127
143.48095703125, 0.113529
143.510986328125, -0.115278
143.541015625, 0.175931
143.571044921875, 0.071928
143.60107421875, -0.08061
143.630859375, -0.170747
143.660888671875, -0.004341
143.69091796875, -0.039009
143.720947265625, 0.044194
143.7509765625, 0.016459
143.781005859375, -0.018208
143.81103515625, 0.016459
143.841064453125, -0.052876
143.870849609375, 0.300735
143.90087890625, 0.085795
143.930908203125, -0.045943
143.9609375, 0.058061
143.990966796875, 0.030326
144.02099609375, -0.05981
144.051025390625, 0.002592
144.0810546875, -0.094478
144.111083984375, -0.129145
144.140869140625, 0.03726
144.1708984375, 0.009526
144.200927734375, -0.08061
144.23095703125, -0.018208
144.260986328125, -0.004341
144.291015625, 0.044194
144.321044921875, 0.016459
144.35107421875, 0.002592
144.380859375, -0.115278
144.410888671875, -0.039009
144.44091796875, -0.011275
144.470947265625, 0.002592
144.5009765625, -0.032076
144.531005859375, -0.073677
144.56103515625, 0.03726
144.591064453125, -0.115278
144.620849609375, 0.044194
144.65087890625, -0.066743
144.680908203125, -0.004341
144.7109375, -0.004341
144.740966796875, -0.018208
144.77099609375, 0.078861
144.801025390625, 0.085795
144.8310546875, -0.073677
144.861083984375, 0.023393
144.890869140625, 0.071928
144.9208984375, -0.101411
144.950927734375, 0.023393
144.98095703125, 0.064994
145.010986328125, 0.016459
145.041015625, -0.108345
145.071044921875, 0.099662
145.10107421875, -0.052876
145.130859375, -0.025142
145.160888671875, 0.002592
145.19091796875, 0.016459
145.220947265625, -0.032076
145.2509765625, -0.122212
145.281005859375, -0.025142
145.31103515625, -0.011275
145.341064453125, -0.025142
145.37109375, -0.025142
145.40087890625, -0.045943
145.430908203125, 0.002592
145.4609375, 0.099662
145.490966796875, -0.045943
145.52099609375, 0.058061
145.551025390625, -0.073677
145.5810546875, 0.051127
145.611083984375, -0.011275
145.640869140625, -0.018208
145.6708984375, -0.004341
145.700927734375, 0.016459
145.73095703125, -0.08061
145.760986328125, 0.030326
145.791015625, -0.066743
145.821044921875, -0.018208
145.85107421875, -0.018208
145.881103515625, 0.058061
145.910888671875, -0.004341
145.94091796875, 0.078861
145.970947265625, -0.039009
146.0009765625, -0.08061
146.031005859375, -0.087544
146.06103515625, 0.127396
146.091064453125, 0.03726
146.12109375, -0.115278
146.15087890625, 0.030326
146.180908203125, 0.016459
146.2109375, 0.009526
146.240966796875, -0.025142
146.27099609375, 0.03726
146.301025390625, -0.018208
146.3310546875, 0.009526
146.361083984375, -0.039009
146.390869140625, 0.051127
146.4208984375, -0.129145
146.450927734375, -0.066743
146.48095703125, -0.004341
146.510986328125, 0.099662
146.541015625, -0.025142
146.571044921875, -0.08061
146.60107421875, -0.018208
146.631103515625, -0.052876
146.660888671875, -0.066743
146.69091796875, -0.101411
146.720947265625, 0.009526
146.7509765625, -0.045943
146.781005859375, 0.064994
146.81103515625, 0.162064
146.841064453125, -0.198481
146.87109375, 0.044194
146.90087890625, 0.023393
146.930908203125, -0.045943
146.9609375, -0.052876
146.990966796875, -0.011275
147.02099609375, 0.023393
147.051025390625, -0.087544
147.0810546875, -0.032076
147.111083984375, 0.092728
147.14111328125, -0.045943
147.1708984375, 0.023393
147.200927734375, -0.011275
147.23095703125, -0.018208
147.260986328125, -0.011275
147.291015625, 0.002592
147.321044921875, -0.073677
147.35107421875, 0.016459
147.381103515625, 0.03726
147.410888671875, 0.092728
147.44091796875, 0.162064
147.470947265625, 0.03726
147.5009765625, -0.032076
147.531005859375, -0.032076
147.56103515625, 0.051127
147.591064453125, 0.106596
147.62109375, -0.045943
147.65087890625, -0.025142
147.680908203125, 0.113529
147.7109375, -0.05981
147.740966796875, -0.004341
147.77099609375, -0.101411
147.801025390625, -0.066743
147.8310546875, 0.009526
147.861083984375, -0.184614
147.89111328125, 0.03726
147.9208984375, 0.002592
147.950927734375, -0.08061
147.98095703125, 0.092728
148.010986328125, 0.058061
148.041015625, 0.002592
148.071044921875, 0.023393
148.10107421875, 0.016459
148.131103515625, -0.122212
148.160888671875, -0.039009
148.19091796875, 0.016459
148.220947265625, -0.149946
148.2509765625, 0.078861
148.281005859375, -0.011275
148.31103515625, -0.039009
148.341064453125, 0.023393
148.37109375, 0.064994
148.401123046875, 0.099662
148.430908203125, 0.120463
148.4609375, -0.115278
148.490966796875, -0.018208
148.52099609375, -0.032076
148.551025390625, 0.092728
148.5810546875, -0.025142
148.611083984375, 0.023393
148.64111328125, -0.136079
148.6708984375, 0.023393
148.700927734375, 0.009526
148.73095703125, -0.073677
148.760986328125, -0.15688
148.791015625, 0.078861
148.821044921875, -0.052876
148.85107421875, -0.108345
148.881103515625, 0.078861
148.9111328125, 0.030326
148.94091796875, -0.094478
148.970947265625, 0.002592
149.0009765625, 0.13433
149.031005859375, -0.136079
149.06103515625, 0.023393
149.091064453125, 0.030326
149.12109375, -0.004341
149.151123046875, -0.101411
149.180908203125, 0.009526
149.2109375, -0.05981
149.240966796875, -0.101411
149.27099609375, -0.136079
149.301025390625, -0.08061
149.3310546875, -0.066743
149.361083984375, -0.066743
149.39111328125, -0.039009
149.4208984375, 0.168998
149.450927734375, -0.004341
149.48095703125, -0.143012
149.510986328125, -0.087544
149.541015625, -0.032076
149.571044921875, 0.044194
149.60107421875, 0.002592
149.631103515625, 0.023393
149.6611328125, 0.071928
149.69091796875, -0.039009
149.720947265625, 0.002592
149.7509765625, -0.129145
149.781005859375, 0.016459
149.81103515625, -0.191547
149.841064453125, -0.052876
149.87109375, 0.030326
149.901123046875, 0.058061
149.930908203125, 0.03726
149.9609375, 0.141263
149.990966796875, -0.122212
150.02099609375, -0.004341
150.051025390625, -0.039009
150.0810546875, -0.094478
150.111083984375, -0.129145
150.14111328125, -0.025142
150.171142578125, 0.030326
150.200927734375, 0.03726
150.23095703125, 0.071928
150.260986328125, 0.002592
150.291015625, 0.016459
150.321044921875, -0.066743
150.35107421875, 0.051127
150.381103515625, 0.016459
150.4111328125, -0.108345
150.44091796875, -0.087544
150.470947265625, 0.058061
150.5009765625, -0.08061
150.531005859375, 0.016459
150.56103515625, 0.002592
150.591064453125, -0.066743
150.62109375, 0.03726
150.651123046875, -0.004341
150.68115234375, 0.15513
150.7109375, -0.025142
150.740966796875, -0.066743
150.77099609375, 0.051127
150.801025390625, -0.136079
150.8310546875, 0.023393
150.861083984375, 0.009526
150.89111328125, -0.018208
150.921142578125, -0.094478
150.950927734375, -0.045943
150.98095703125, 0.141263
151.010986328125, 0.002592
151.041015625, -0.004341
151.071044921875, -0.039009
151.10107421875, 0.085795
151.131103515625, 0.078861
151.1611328125, -0.052876
151.19091796875, -0.08061
151.220947265625, 0.113529
151.2509765625, 0.064994
151.281005859375, -0.108345
151.31103515625, 0.113529
151.341064453125, -0.066743
151.37109375, 0.03726
151.401123046875, -0.039009
151.43115234375, 0.016459
151.4609375, -0.004341
151.490966796875, -0.025142
151.52099609375, 0.002592
151.551025390625, -0.08061
151.5810546875, 0.120463
151.611083984375, 0.030326
151.64111328125, -0.004341
151.671142578125, -0.011275
151.700927734375, 0.071928
151.73095703125, 0.03726
151.760986328125, -0.136079
151.791015625, 0.078861
151.821044921875, -0.018208
151.85107421875, 0.023393
151.881103515625, -0.018208
151.9111328125, 0.064994
151.941162109375, -0.122212
151.970947265625, -0.115278
152.0009765625, -0.087544
152.031005859375, 0.071928
152.06103515625, 0.058061
152.091064453125, -0.032076
152.12109375, 0.099662
152.151123046875, 0.009526
152.18115234375, -0.094478
152.2109375, -0.025142
152.240966796875, 0.120463
152.27099609375, 0.092728
152.301025390625, 0.044194
152.3310546875, 0.064994
152.361083984375, 0.182865
152.39111328125, 0.002592
152.421142578125, 0.058061
152.450927734375, 0.009526
152.48095703125, 0.064994
152.510986328125, -0.039009
152.541015625, -0.025142
152.571044921875, 0.016459
152.60107421875, 0.023393
152.631103515625, 0.120463
152.6611328125, 0.016459
152.691162109375, 0.044194
152.720947265625, -0.039009
152.7509765625, -0.05981
152.781005859375, 0.071928
152.81103515625, -0.073677
152.841064453125, 0.009526
152.87109375, 0.113529
152.901123046875, 0.002592
152.93115234375, -0.073677
152.9609375, 0.044194
152.990966796875, 0.051127
153.02099609375, 0.023393
153.051025390625, 0.064994
153.0810546875, -0.011275
153.111083984375, -0.05981
153.14111328125, -0.011275
153.171142578125, 0.023393
153.201171875, -0.018208
153.23095703125, -0.045943
153.260986328125, -0.191547
153.291015625, 0.016459
153.321044921875, 0.009526
153.35107421875, -0.039009
153.381103515625, -0.143012
153.4111328125, -0.073677
153.441162109375, -0.004341
153.470947265625, 0.030326
153.5009765625, 0.002592
153.531005859375, -0.032076
153.56103515625, -0.018208
153.591064453125, -0.032076
153.62109375, -0.122212
153.651123046875, -0.101411
153.68115234375, 0.03726
153.711181640625, -0.025142
153.740966796875, -0.004341
153.77099609375, -0.025142
153.801025390625, 0.078861
153.8310546875, 0.092728
153.861083984375, 0.092728
153.89111328125, -0.05981
153.921142578125, 0.085795
153.951171875, 0.030326
153.98095703125, 0.030326
154.010986328125, 0.016459
154.041015625, -0.011275
154.071044921875, -0.05981
154.10107421875, 0.085795
154.131103515625, 0.15513
154.1611328125, 0.030326
154.191162109375, 0.030326
154.220947265625, 0.078861
154.2509765625, 0.085795
154.281005859375, 0.058061
154.31103515625, 0.009526
154.341064453125, 0.092728
154.37109375, 0.127396
154.401123046875, -0.011275
154.43115234375, 0.016459
154.461181640625, -0.018208
154.490966796875, -0.011275
154.52099609375, -0.004341
154.551025390625, 0.13433
154.5810546875, 0.058061
154.611083984375, 0.023393
154.64111328125, -0.039009
154.671142578125, 0.051127
154.701171875, 0.13433
154.73095703125, -0.073677
154.760986328125, 0.106596
154.791015625, 0.064994
154.821044921875, -0.052876
154.85107421875, 0.058061
154.881103515625, -0.163813
154.9111328125, 0.002592
154.941162109375, -0.101411
154.97119140625, -0.129145
155.0009765625, 0.064994
155.031005859375, 0.120463
155.06103515625, -0.05981
155.091064453125, 0.064994
155.12109375, 0.044194
155.151123046875, -0.073677
155.18115234375, 0.078861
155.211181640625, -0.087544
155.240966796875, 0.051127
155.27099609375, -0.149946
155.301025390625, -0.094478
155.3310546875, 0.03726
155.361083984375, -0.025142
155.39111328125, 0.078861
155.421142578125, 0.051127
155.451171875, 0.182865
155.48095703125, 0.078861
155.510986328125, -0.05981
155.541015625, 0.120463
155.571044921875, -0.052876
155.60107421875, 0.009526
155.631103515625, -0.129145
155.6611328125, -0.018208
155.691162109375, -0.05981
155.72119140625, -0.004341
155.7509765625, 0.064994
155.781005859375, -0.087544
155.81103515625, -0.025142
155.841064453125, 0.113529
155.87109375, -0.108345
155.901123046875, 0.092728
155.93115234375, 0.009526
155.961181640625, 0.113529
155.990966796875, 0.030326
156.02099609375, -0.045943
156.051025390625, 0.085795
156.0810546875, 0.03726
156.111083984375, 0.078861
156.14111328125, -0.032076
156.171142578125, 0.168998
156.201171875, 0.058061
156.231201171875, -0.073677
156.260986328125, 0.016459
156.291015625, -0.004341
156.321044921875, -0.045943
156.35107421875, -0.108345
156.381103515625, 0.016459
156.4111328125, -0.032076
156.441162109375, 0.016459
156.47119140625, 0.148197
156.5009765625, -0.115278
156.531005859375, -0.025142
156.56103515625, -0.004341
156.591064453125, 0.016459
156.62109375, -0.045943
156.651123046875, 0.009526
156.68115234375, 0.058061
156.711181640625, 0.078861
156.7412109375, 0.13433
156.77099609375, -0.039009
156.801025390625, 0.051127
156.8310546875, -0.108345
156.861083984375, 0.016459
156.89111328125, -0.018208
156.921142578125, -0.066743
156.951171875, -0.101411
156.981201171875, 0.002592
157.010986328125, -0.032076
157.041015625, -0.094478
157.071044921875, -0.025142
157.10107421875, 0.044194
157.131103515625, 0.051127
157.1611328125, 0.03726
157.191162109375, -0.018208
157.22119140625, 0.106596
157.2509765625, 0.03726
157.281005859375, -0.087544
157.31103515625, -0.004341
157.341064453125, 0.058061
157.37109375, -0.039009
157.401123046875, -0.149946
157.43115234375, 0.009526
157.461181640625, 0.071928
157.4912109375, -0.018208
157.52099609375, 0.023393
157.551025390625, -0.018208
157.5810546875, -0.094478
157.611083984375, -0.087544
157.64111328125, 0.009526
157.671142578125, -0.045943
157.701171875, 0.002592
157.731201171875, 0.030326
157.760986328125, -0.018208
157.791015625, 0.03726
157.821044921875, -0.018208
157.85107421875, -0.149946
157.881103515625, 0.120463
157.9111328125, 0.002592
157.941162109375, 0.078861
157.97119140625, -0.108345
158.001220703125, 0.064994
158.031005859375, 0.071928
158.06103515625, 0.058061
158.091064453125, 0.064994
158.12109375, -0.018208
158.151123046875, -0.018208
158.18115234375, 0.016459
158.211181640625, -0.011275
158.2412109375, 0.071928
158.27099609375, 0.058061
158.301025390625, -0.011275
158.3310546875, 0.099662
158.361083984375, 0.009526
158.39111328125, 0.064994
158.421142578125, 0.016459
158.451171875, 0.002592
158.481201171875, 0.120463
158.51123046875, -0.073677
158.541015625, -0.052876
158.571044921875, 0.058061
158.60107421875, -0.018208
158.631103515625, 0.078861
158.6611328125, 0.071928
158.691162109375, -0.052876
158.72119140625, 0.168998
158.751220703125, -0.045943
158.781005859375, -0.170747
158.81103515625, -0.004341
158.841064453125, -0.143012
158.87109375, 0.03726
158.901123046875, -0.073677
158.93115234375, -0.025142
158.961181640625, -0.004341
158.9912109375, -0.136079
159.02099609375, 0.023393
159.051025390625, 0.016459
159.0810546875, -0.039009
159.111083984375, -0.108345
159.14111328125, 0.120463
159.171142578125, 0.03726
159.201171875, 0.085795
159.231201171875, 0.071928
159.26123046875, 0.058061
159.291015625, 0.044194
159.321044921875, -0.094478
159.35107421875, -0.039009
159.381103515625, 0.127396
159.4111328125, 0.071928
159.441162109375, 0.044194
159.47119140625, 0.071928
159.501220703125, -0.004341
159.531005859375, 0.15513
159.56103515625, -0.115278
159.591064453125, 0.085795
159.62109375, -0.136079
159.651123046875, 0.064994
159.68115234375, -0.052876
159.711181640625, 0.2522
159.7412109375, 0.058061
159.771240234375, 0.092728
159.801025390625, -0.011275
159.8310546875, 0.03726
159.861083984375, 0.023393
159.89111328125, -0.108345
159.921142578125, -0.149946
159.951171875, -0.039009
159.981201171875, 0.009526
160.01123046875, -0.066743
160.041015625, 0.009526
160.071044921875, -0.011275
160.10107421875, 0.009526
160.131103515625, 0.023393
160.1611328125, 0.127396
160.191162109375, 0.099662
160.22119140625, -0.052876
160.251220703125, -0.045943
160.281005859375, 0.023393
160.31103515625, -0.073677
160.341064453125, -0.129145
160.37109375, -0.011275
160.401123046875, 0.13433
160.43115234375, 0.085795
160.461181640625, 0.030326
160.4912109375, 0.099662
160.521240234375, 0.016459
160.551025390625, -0.018208
160.5810546875, -0.066743
160.611083984375, 0.071928
160.64111328125, 0.127396
160.671142578125, 0.113529
160.701171875, 0.099662
160.731201171875, -0.066743
160.76123046875, 0.168998
160.791015625, 0.030326
160.821044921875, 0.03726
160.85107421875, -0.08061
160.881103515625, 0.023393
160.9111328125, 0.044194
160.941162109375, 0.071928
160.97119140625, 0.13433
161.001220703125, 0.13433
161.03125, 0.009526
161.06103515625, -0.032076
161.091064453125, 0.002592
161.12109375, -0.039009
161.151123046875, 0.009526
161.18115234375, -0.018208
161.211181640625, -0.004341
161.2412109375, 0.092728
161.271240234375, 0.002592
161.301025390625, 0.106596
161.3310546875, 0.044194
161.361083984375, 0.259134
161.39111328125, -0.08061
161.421142578125, -0.05981
161.451171875, -0.025142
161.481201171875, 0.023393
161.51123046875, -0.032076
161.541259765625, 0.058061
161.571044921875, 0.168998
161.60107421875, -0.066743
161.631103515625, -0.004341
161.6611328125, 0.051127
161.691162109375, 0.002592
161.72119140625, -0.198481
161.751220703125, -0.087544
161.78125, 0.044194
161.81103515625, -0.108345
161.841064453125, -0.05981
161.87109375, 0.189798
161.901123046875, 0.058061
161.93115234375, 0.099662
161.961181640625, -0.108345
161.9912109375, 0.002592
162.021240234375, -0.025142
162.051025390625, 0.078861
162.0810546875, -0.039009
162.111083984375, 0.002592
162.14111328125, 0.051127
162.171142578125, -0.052876
162.201171875, -0.05981
162.231201171875, -0.05981
162.26123046875, -0.066743
162.291259765625, 0.113529
162.321044921875, -0.011275
162.35107421875, -0.066743
162.381103515625, 0.064994
162.4111328125, -0.066743
162.441162109375, -0.032076
162.47119140625, -0.032076
162.501220703125, -0.018208
162.53125, -0.143012
162.56103515625, -0.052876
162.591064453125, 0.099662
162.62109375, 0.044194
162.651123046875, 0.092728
162.68115234375, 0.023393
162.711181640625, 0.009526
162.7412109375, 0.044194
162.771240234375, -0.05981
162.80126953125, 0.002592
162.8310546875, 0.120463
162.861083984375, -0.094478
162.89111328125, 0.113529
162.921142578125, 0.051127
162.951171875, 0.148197
162.981201171875, 0.002592
163.01123046875, 0.03726
163.041259765625, -0.094478
163.071044921875, 0.064994
163.10107421875, -0.004341
163.131103515625, 0.092728
163.1611328125, 0.113529
163.191162109375, 0.023393
163.22119140625, -0.08061
163.251220703125, -0.004341
163.28125, 0.113529
163.31103515625, 0.127396
163.341064453125, 0.009526
163.37109375, -0.004341
163.401123046875, 0.002592
163.43115234375, 0.023393
163.461181640625, 0.113529
163.4912109375, -0.004341
163.521240234375, -0.039009
163.55126953125, -0.101411
163.5810546875, 0.023393
163.611083984375, -0.08061
163.64111328125, -0.011275
163.671142578125, 0.051127
163.701171875, -0.149946
163.731201171875, -0.052876
163.76123046875, -0.073677
163.791259765625, -0.018208
163.821044921875, 0.078861
163.85107421875, -0.122212
163.881103515625, -0.073677
163.9111328125, -0.073677
163.941162109375, 0.030326
163.97119140625, -0.052876
164.001220703125, 0.016459
164.03125, 0.085795
164.061279296875, -0.073677
164.091064453125, 0.092728
164.12109375, 0.078861
164.151123046875, -0.170747
164.18115234375, -0.073677
164.211181640625, -0.101411
164.2412109375, -0.052876
164.271240234375, 0.03726
164.30126953125, -0.05981
164.3310546875, 0.002592
164.361083984375, -0.108345
164.39111328125, -0.122212
164.421142578125, 0.023393
164.451171875, 0.016459
164.481201171875, 0.099662
164.51123046875, -0.08061
164.541259765625, 0.058061
164.5712890625, 0.044194
164.60107421875, 0.016459
164.631103515625, -0.032076
164.6611328125, 0.078861
164.691162109375, 0.099662
164.72119140625, -0.045943
164.751220703125, 0.016459
164.78125, -0.032076
164.811279296875, -0.004341
164.841064453125, -0.039009
164.87109375, 0.009526
164.901123046875, 0.078861
164.93115234375, 0.009526
164.961181640625, 0.002592
164.9912109375, 0.016459
165.021240234375, 0.002592
165.05126953125, 0.127396
165.0810546875, 0.15513
165.111083984375, 0.071928
165.14111328125, 0.120463
165.171142578125, 0.002592
165.201171875, -0.045943
165.231201171875, 0.064994
165.26123046875, -0.011275
165.291259765625, -0.101411
165.3212890625, 0.113529
165.35107421875, 0.106596
165.381103515625, -0.025142
165.4111328125, -0.05981
165.441162109375, 0.030326
165.47119140625, 0.002592
165.501220703125, 0.106596
165.53125, 0.023393
165.561279296875, -0.032076
165.591064453125, -0.025142
165.62109375, 0.071928
165.651123046875, -0.052876
165.68115234375, 0.106596
165.711181640625, -0.011275
165.7412109375, 0.002592
165.771240234375, 0.009526
165.80126953125, -0.05981
165.831298828125, -0.101411
165.861083984375, -0.05981
165.89111328125, 0.030326
165.921142578125, 0.044194
165.951171875, -0.073677
165.981201171875, -0.149946
166.01123046875, 0.064994
166.041259765625, 0.030326
166.0712890625, 0.051127
166.10107421875, 0.03726
166.131103515625, 0.078861
166.1611328125, -0.004341
166.191162109375, 0.106596
166.22119140625, 0.023393
166.251220703125, -0.045943
166.28125, 0.058061
166.311279296875, -0.045943
166.34130859375, -0.094478
166.37109375, 0.064994
166.401123046875, 0.058061
166.43115234375, 0.002592
166.461181640625, -0.004341
166.4912109375, 0.058061
166.521240234375, -0.129145
166.55126953125, -0.052876
166.581298828125, -0.018208
166.611083984375, 0.030326
166.64111328125, 0.099662
166.671142578125, 0.064994
166.701171875, -0.17768
166.731201171875, -0.052876
166.76123046875, 0.023393
166.791259765625, 0.120463
166.8212890625, -0.004341
166.85107421875, 0.078861
166.881103515625, 0.058061
166.9111328125, 0.182865
166.941162109375, -0.05981
166.97119140625, -0.129145
167.001220703125, 0.085795
167.03125, -0.073677
167.061279296875, -0.011275
167.09130859375, 0.106596
167.12109375, -0.025142
167.151123046875, 0.023393
167.18115234375, -0.018208
167.211181640625, -0.011275
167.2412109375, -0.052876
167.271240234375, -0.073677
167.30126953125, 0.002592
167.331298828125, -0.039009
167.361083984375, -0.032076
167.39111328125, 0.009526
167.421142578125, -0.15688
167.451171875, -0.08061
167.481201171875, 0.120463
167.51123046875, -0.122212
167.541259765625, -0.052876
167.5712890625, 0.030326
167.601318359375, -0.032076
167.631103515625, 0.023393
167.6611328125, 0.085795
167.691162109375, 0.078861
167.72119140625, 0.023393
167.751220703125, -0.073677
167.78125, 0.016459
167.811279296875, -0.025142
167.84130859375, 0.002592
167.87109375, -0.08061
167.901123046875, -0.101411
167.93115234375, -0.018208
167.961181640625, -0.15688
167.9912109375, -0.163813
168.021240234375, 0.092728
168.05126953125, 0.064994
168.081298828125, -0.101411
168.111083984375, 0.023393
168.14111328125, -0.129145
168.171142578125, 0.058061
168.201171875, -0.045943
168.231201171875, 0.03726
168.26123046875, 0.078861
168.291259765625, 0.03726
168.3212890625, 0.03726
168.351318359375, -0.011275
168.381103515625, 0.002592
168.4111328125, 0.078861
168.441162109375, -0.045943
168.47119140625, -0.05981
168.501220703125, 0.044194
168.53125, -0.039009
168.561279296875, 0.016459
168.59130859375, 0.016459
168.62109375, -0.011275
168.651123046875, -0.025142
168.68115234375, -0.052876
168.711181640625, 0.002592
168.7412109375, 0.13433
168.771240234375, -0.025142
168.80126953125, 0.058061
168.831298828125, -0.094478
168.861328125, 0.127396
168.89111328125, 0.099662
168.921142578125, -0.094478
168.951171875, 0.058061
168.981201171875, 0.051127
169.01123046875, 0.099662
169.041259765625, -0.025142
169.0712890625, -0.018208
169.101318359375, 0.092728
169.131103515625, 0.064994
169.1611328125, 0.168998
169.191162109375, 0.064994
169.22119140625, 0.064994
169.251220703125, 0.044194
169.28125, -0.032076
169.311279296875, -0.004341
169.34130859375, 0.030326
169.371337890625, -0.018208
169.401123046875, 0.002592
169.43115234375, 0.092728
169.461181640625, 0.058061
169.4912109375, -0.025142
169.521240234375, -0.004341
169.55126953125, 0.044194
169.581298828125, -0.039009
169.611328125, -0.011275
169.64111328125, 0.016459
169.671142578125, -0.045943
169.701171875, 0.078861
169.731201171875, -0.004341
169.76123046875, 0.13433
169.791259765625, 0.016459
169.8212890625, -0.066743
169.851318359375, 0.058061
169.881103515625, -0.066743
169.9111328125, -0.108345
169.941162109375, -0.032076
169.97119140625, 0.106596
170.001220703125, -0.032076
170.03125, -0.011275
170.061279296875, 0.051127
170.09130859375, 0.148197
170.121337890625, 0.002592
170.151123046875, 0.058061
170.18115234375, 0.106596
170.211181640625, 0.085795
170.2412109375, 0.189798
170.271240234375, -0.094478
170.30126953125, 0.016459
170.331298828125, 0.030326
170.361328125, 0.044194
170.39111328125, 0.092728
170.421142578125, -0.101411
170.451171875, -0.122212
170.481201171875, 0.051127
170.51123046875, 0.051127
170.541259765625, -0.05981
170.5712890625, 0.092728
170.601318359375, -0.025142
170.63134765625, 0.099662
170.6611328125, 0.210599
170.691162109375, -0.066743
170.72119140625, -0.05981
170.751220703125, 0.051127
170.78125, 0.071928
170.811279296875, -0.122212
170.84130859375, -0.073677
170.871337890625, 0.03726
170.901123046875, 0.071928
170.93115234375, 0.092728
170.961181640625, 0.009526
170.9912109375, 0.051127
171.021240234375, 0.009526
171.05126953125, 0.092728
171.081298828125, -0.039009
171.111328125, -0.066743
171.14111328125, 0.085795
171.171142578125, -0.039009
171.201171875, 0.051127
171.231201171875, -0.073677
171.26123046875, 0.002592
171.291259765625, 0.009526
171.3212890625, -0.045943
171.351318359375, 0.071928
171.38134765625, 0.120463
171.4111328125, 0.099662
171.441162109375, -0.045943
171.47119140625, 0.03726
171.501220703125, -0.05981
171.53125, 0.058061
171.561279296875, -0.032076
171.59130859375, 0.058061
171.621337890625, -0.052876
171.651123046875, -0.004341
171.68115234375, 0.162064
171.711181640625, -0.025142
171.7412109375, 0.009526
171.771240234375, -0.066743
171.80126953125, -0.004341
171.831298828125, -0.045943
171.861328125, -0.039009
171.891357421875, -0.025142
171.921142578125, -0.045943
171.951171875, -0.032076
171.981201171875, 0.058061
172.01123046875, 0.002592
172.041259765625, -0.198481
172.0712890625, -0.087544
172.101318359375, 0.051127
172.13134765625, 0.002592
172.1611328125, -0.011275
172.191162109375, -0.018208
172.22119140625, -0.004341
172.251220703125, 0.023393
172.28125, -0.08061
172.311279296875, 0.051127
172.34130859375, -0.05981
172.371337890625, 0.189798
172.4013671875, -0.066743
172.43115234375, -0.073677
172.461181640625, 0.064994
172.4912109375, 0.009526
172.521240234375, 0.085795
172.55126953125, -0.004341
172.581298828125, -0.066743
172.611328125, -0.073677
172.641357421875, 0.009526
172.671142578125, -0.073677
172.701171875, -0.073677
172.731201171875, 0.058061
172.76123046875, 0.071928
172.791259765625, -0.004341
172.8212890625, 0.002592
172.851318359375, 0.078861
172.88134765625, 0.064994
172.9111328125, -0.032076
172.941162109375, 0.141263
172.97119140625, 0.009526
173.001220703125, -0.052876
173.03125, 0.058061
173.061279296875, 0.002592
173.09130859375, 0.044194
173.121337890625, -0.052876
173.1513671875, 0.03726
173.18115234375, -0.05981
173.211181640625, 0.058061
173.2412109375, 0.078861
173.271240234375, -0.032076
173.30126953125, -0.011275
173.331298828125, -0.087544
173.361328125, -0.018208
173.391357421875, -0.094478
173.421142578125, 0.099662
173.451171875, -0.094478
173.481201171875, 0.016459
173.51123046875, -0.05981
173.541259765625, 0.044194
173.5712890625, 0.023393
173.601318359375, -0.15688
173.63134765625, -0.011275
173.661376953125, 0.03726
173.691162109375, 0.071928
173.72119140625, 0.023393
173.751220703125, 0.175931
173.78125, 0.023393
173.811279296875, 0.030326
173.84130859375, 0.071928
173.871337890625, -0.032076
173.9013671875, 0.044194
173.93115234375, 0.162064
173.961181640625, -0.011275
173.9912109375, 0.009526
174.021240234375, 0.071928
174.05126953125, -0.05981
174.081298828125, -0.073677
174.111328125, -0.05981
174.141357421875, -0.108345
174.17138671875, 0.044194
174.201171875, -0.032076
174.231201171875, 0.023393
174.26123046875, -0.198481
174.291259765625, 0.016459
174.3212890625, 0.058061
174.351318359375, 0.058061
174.38134765625, 0.064994
174.411376953125, -0.045943
174.441162109375, -0.032076
174.47119140625, 0.141263
174.501220703125, -0.052876
174.53125, 0.044194
174.561279296875, 0.092728
174.59130859375, -0.122212
174.621337890625, -0.094478
174.6513671875, 0.13433
174.68115234375, 0.106596
174.711181640625, -0.073677
174.7412109375, -0.05981
174.771240234375, -0.108345
174.80126953125, -0.018208
174.831298828125, -0.101411
174.861328125, -0.143012
174.891357421875, -0.025142
174.92138671875, 0.078861
174.951171875, -0.052876
174.981201171875, 0.016459
175.01123046875, 0.044194
175.041259765625, 0.127396
175.0712890625, 0.064994
175.101318359375, 0.002592
175.13134765625, 0.092728
175.161376953125, 0.03726
175.191162109375, -0.066743
175.22119140625, 0.113529
175.251220703125, -0.108345
175.28125, 0.085795
175.311279296875, -0.018208
175.34130859375, 0.016459
175.371337890625, -0.066743
175.4013671875, 0.044194
175.431396484375, 0.002592
175.461181640625, -0.039009
175.4912109375, -0.032076
175.521240234375, 0.002592
175.55126953125, 0.071928
175.581298828125, 0.044194
175.611328125, -0.143012
175.641357421875, 0.071928
175.67138671875, -0.094478
175.701171875, -0.05981
175.731201171875, -0.108345
175.76123046875, -0.004341
175.791259765625, 0.009526
175.8212890625, -0.101411
175.851318359375, 0.058061
175.88134765625, 0.085795
175.911376953125, -0.163813
175.941162109375, -0.039009
175.97119140625, -0.073677
176.001220703125, -0.129145
176.03125, -0.004341
176.061279296875, 0.113529
176.09130859375, -0.122212
176.121337890625, 0.085795
176.1513671875, -0.032076
176.181396484375, -0.032076
176.211181640625, 0.030326
176.2412109375, 0.009526
176.271240234375, 0.030326
176.30126953125, -0.052876
176.331298828125, 0.092728
176.361328125, 0.023393
176.391357421875, 0.099662
176.42138671875, 0.023393
176.451171875, 0.030326
176.481201171875, 0.016459
176.51123046875, -0.025142
176.541259765625, -0.011275
176.5712890625, -0.08061
176.601318359375, -0.122212
176.63134765625, 0.113529
176.661376953125, 0.092728
176.69140625, 0.058061
176.72119140625, -0.08061
176.751220703125, 0.016459
176.78125, 0.044194
176.811279296875, -0.066743
176.84130859375, 0.002592
176.871337890625, -0.08061
176.9013671875, 0.030326
176.931396484375, 0.030326
176.961181640625, 0.071928
176.9912109375, -0.226215
177.021240234375, -0.039009
177.05126953125, 0.13433
177.081298828125, 0.03726
177.111328125, -0.045943
177.141357421875, 0.044194
177.17138671875, 0.092728
177.201416015625, -0.094478
177.231201171875, 0.092728
177.26123046875, -0.143012
177.291259765625, 0.13433
177.3212890625, 0.078861
177.351318359375, 0.141263
177.38134765625, -0.004341
177.411376953125, 0.044194
177.44140625, -0.087544
177.47119140625, 0.009526
177.501220703125, 0.030326
177.53125, -0.15688
177.561279296875, 0.071928
177.59130859375, -0.032076
177.621337890625, -0.05981
177.6513671875, -0.032076
177.681396484375, 0.071928
177.711181640625, 0.141263
177.7412109375, -0.025142
177.771240234375, -0.039009
177.80126953125, -0.073677
177.831298828125, 0.127396
177.861328125, 0.092728
177.891357421875, -0.094478
177.92138671875, 0.085795
177.951416015625, 0.058061
177.981201171875, 0.120463
178.01123046875, 0.085795
178.041259765625, 0.016459
178.0712890625, 0.058061
178.101318359375, 0.044194
178.13134765625, -0.011275
178.161376953125, -0.025142
178.19140625, 0.044194
178.22119140625, -0.094478
178.251220703125, 0.044194
178.28125, 0.113529
178.311279296875, -0.101411
178.34130859375, 0.106596
178.371337890625, 0.162064
178.4013671875, 0.016459
178.431396484375, 0.030326
178.46142578125, -0.087544
178.4912109375, 0.064994
178.521240234375, -0.108345
178.55126953125, -0.101411
178.581298828125, -0.073677
178.611328125, -0.073677
178.641357421875, -0.032076
178.67138671875, 0.071928
178.701416015625, -0.108345
178.731201171875, 0.064994
178.76123046875, -0.066743
178.791259765625, -0.066743
178.8212890625, 0.106596
178.851318359375, 0.078861
178.88134765625, -0.025142
178.911376953125, 0.071928
178.94140625, 0.016459
178.97119140625, -0.045943
179.001220703125, -0.073677
179.03125, -0.066743
179.061279296875, 0.217532
179.09130859375, 0.016459
179.121337890625, 0.023393
179.1513671875, 0.064994
179.181396484375, -0.066743
179.21142578125, -0.004341
179.2412109375, 0.009526
179.271240234375, -0.073677
179.30126953125, 0.016459
179.331298828125, -0.094478
179.361328125, 0.016459
179.391357421875, 0.016459
179.42138671875, -0.101411
179.451416015625, -0.004341
179.481201171875, 0.023393
179.51123046875, -0.032076
179.541259765625, -0.101411
179.5712890625, 0.092728
179.601318359375, -0.011275
179.63134765625, 0.127396
179.661376953125, 0.13433
179.69140625, 0.127396
179.721435546875, -0.004341
179.751220703125, -0.052876
179.78125, 0.064994
179.811279296875, 0.127396
179.84130859375, -0.032076
179.871337890625, -0.066743
179.9013671875, 0.016459
179.931396484375, 0.009526
179.96142578125, -0.08061
179.9912109375, -0.039009
180.021240234375, 0.141263
180.05126953125, -0.101411
180.081298828125, 0.03726
180.111328125, 0.064994
180.141357421875, -0.163813
180.17138671875, 0.141263
180.201416015625, 0.085795
180.2314453125, -0.101411
180.26123046875, -0.039009
180.291259765625, 0.002592
180.3212890625, 0.03726
180.351318359375, 0.15513
180.38134765625, 0.085795
180.411376953125, -0.122212
180.44140625, 0.03726
180.471435546875, -0.066743
180.501220703125, -0.025142
180.53125, -0.08061
180.561279296875, -0.191547
180.59130859375, 0.002592
180.621337890625, 0.085795
180.6513671875, 0.044194
180.681396484375, -0.094478
180.71142578125, 0.051127
180.7412109375, -0.032076
180.771240234375, -0.052876
180.80126953125, 0.044194
180.831298828125, -0.087544
180.861328125, 0.064994
180.891357421875, -0.05981
180.92138671875, 0.03726
180.951416015625, -0.163813
180.9814453125, -0.05981
181.01123046875, 0.030326
181.041259765625, 0.078861
181.0712890625, -0.045943
181.101318359375, -0.087544
181.13134765625, -0.108345
181.161376953125, 0.051127
181.19140625, 0.085795
181.221435546875, -0.032076
181.251220703125, -0.039009
181.28125, -0.039009
181.311279296875, -0.052876
181.34130859375, -0.143012
181.371337890625, 0.03726
181.4013671875, 0.064994
181.431396484375, -0.066743
181.46142578125, 0.078861
181.491455078125, -0.004341
181.521240234375, 0.044194
181.55126953125, 0.071928
181.581298828125, 0.071928
181.611328125, -0.011275
181.641357421875, -0.129145
181.67138671875, 0.044194
181.701416015625, 0.030326
181.7314453125, -0.025142
181.76123046875, -0.025142
181.791259765625, -0.052876
181.8212890625, 0.141263
181.851318359375, 0.175931
181.88134765625, 0.064994
181.911376953125, 0.127396
181.94140625, 0.044194
181.971435546875, 0.009526
182.00146484375, 0.03726
182.03125, -0.163813
182.061279296875, 0.120463
182.09130859375, -0.073677
182.121337890625, 0.051127
182.1513671875, -0.087544
182.181396484375, 0.182865
182.21142578125, 0.002592
182.241455078125, 0.002592
182.271240234375, 0.078861
182.30126953125, 0.044194
182.331298828125, -0.066743
182.361328125, -0.108345
182.391357421875, -0.032076
182.42138671875, -0.025142
182.451416015625, 0.141263
182.4814453125, -0.004341
182.51123046875, 0.071928
182.541259765625, 0.13433
182.5712890625, 0.044194
182.601318359375, -0.052876
182.63134765625, -0.066743
182.661376953125, -0.004341
182.69140625, 0.023393
182.721435546875, 0.030326
182.75146484375, -0.011275
182.78125, -0.045943
182.811279296875, 0.030326
182.84130859375, 0.106596
182.871337890625, -0.011275
182.9013671875, -0.011275
182.931396484375, -0.143012
182.96142578125, 0.03726
182.991455078125, 0.016459
183.021240234375, -0.052876
183.05126953125, 0.009526
183.081298828125, 0.002592
183.111328125, -0.115278
183.141357421875, -0.004341
183.17138671875, -0.045943
183.201416015625, -0.045943
183.2314453125, -0.129145
183.261474609375, -0.039009
183.291259765625, 0.092728
183.3212890625, 0.078861
183.351318359375, -0.108345
183.38134765625, -0.08061
183.411376953125, -0.108345
183.44140625, -0.018208
183.471435546875, -0.025142
183.50146484375, 0.106596
183.53125, -0.101411
183.561279296875, -0.073677
183.59130859375, -0.004341
183.621337890625, 0.030326
183.6513671875, -0.05981
183.681396484375, -0.032076
183.71142578125, -0.039009
183.741455078125, -0.039009
183.771240234375, -0.143012
183.80126953125, 0.009526
183.831298828125, -0.108345
183.861328125, -0.066743
183.891357421875, 0.009526
183.92138671875, 0.009526
183.951416015625, 0.106596
183.9814453125, -0.018208
184.011474609375, 0.016459
184.041259765625, -0.032076
184.0712890625, 0.085795
184.101318359375, 0.064994
184.13134765625, 0.016459
184.161376953125, 0.085795
184.19140625, -0.032076
184.221435546875, 0.03726
184.25146484375, 0.078861
184.28125, -0.08061
184.311279296875, -0.05981
184.34130859375, -0.087544
184.371337890625, 0.03726
184.4013671875, -0.108345
184.431396484375, -0.108345
184.46142578125, 0.071928
184.491455078125, 0.016459
184.521484375, 0.064994
184.55126953125, 0.058061
184.581298828125, -0.170747
184.611328125, 0.030326
184.641357421875, -0.205414
184.67138671875, -0.018208
184.701416015625, 0.099662
184.7314453125, 0.051127
184.761474609375, -0.052876
184.791259765625, 0.03726
184.8212890625, 0.058061
184.851318359375, -0.025142
184.88134765625, 0.058061
184.911376953125, 0.03726
184.94140625, -0.004341
184.971435546875, -0.018208
185.00146484375, 0.127396
185.031494140625, -0.052876
185.061279296875, 0.030326
185.09130859375, -0.011275
185.121337890625, 0.030326
185.1513671875, 0.030326
185.181396484375, -0.108345
185.21142578125, 0.168998
185.241455078125, 0.196732
185.271484375, -0.045943
185.30126953125, 0.023393
185.331298828125, -0.122212
185.361328125, -0.094478
185.391357421875, -0.018208
185.42138671875, -0.149946
185.451416015625, 0.009526
185.4814453125, 0.030326
185.511474609375, -0.011275
185.541259765625, -0.032076
185.5712890625, 0.058061
185.601318359375, 0.085795
185.63134765625, 0.023393
185.661376953125, 0.03726
185.69140625, -0.045943
185.721435546875, 0.085795
185.75146484375, -0.066743
185.781494140625, -0.066743
185.811279296875, -0.087544
185.84130859375, -0.066743
185.871337890625, 0.113529
185.9013671875, 0.099662
185.931396484375, 0.002592
185.96142578125, 0.023393
185.991455078125, -0.073677
186.021484375, 0.009526
186.05126953125, -0.032076
186.081298828125, 0.113529
186.111328125, 0.085795
186.141357421875, 0.023393
186.17138671875, 0.106596
186.201416015625, -0.018208
186.2314453125, 0.162064
186.261474609375, -0.004341
186.29150390625, -0.025142
186.3212890625, -0.101411
186.351318359375, -0.066743
186.38134765625, 0.023393
186.411376953125, 0.071928
186.44140625, -0.05981
186.471435546875, -0.08061
186.50146484375, -0.039009
186.531494140625, -0.073677
186.561279296875, -0.066743
186.59130859375, -0.149946
186.621337890625, -0.087544
186.6513671875, 0.009526
186.681396484375, 0.016459
186.71142578125, 0.051127
186.741455078125, 0.016459
186.771484375, -0.025142
186.801513671875, -0.004341
186.831298828125, -0.101411
186.861328125, -0.170747
186.891357421875, 0.03726
186.92138671875, 0.002592
186.951416015625, 0.071928
186.9814453125, 0.13433
187.011474609375, -0.05981
187.04150390625, 0.03726
187.0712890625, 0.009526
187.101318359375, 0.002592
187.13134765625, 0.120463
187.161376953125, -0.025142
187.19140625, 0.03726
187.221435546875, -0.108345
187.25146484375, 0.210599
187.281494140625, 0.051127
187.311279296875, 0.03726
187.34130859375, -0.101411
187.371337890625, -0.039009
187.4013671875, -0.08061
187.431396484375, -0.073677
187.46142578125, 0.051127
187.491455078125, -0.08061
187.521484375, -0.011275
187.551513671875, 0.064994
187.581298828125, 0.085795
187.611328125, 0.023393
187.641357421875, -0.004341
187.67138671875, 0.030326
187.701416015625, -0.052876
187.7314453125, -0.115278
187.761474609375, 0.009526
187.79150390625, 0.009526
187.8212890625, -0.011275
187.851318359375, 0.071928
187.88134765625, 0.078861
187.911376953125, -0.004341
187.94140625, 0.099662
187.971435546875, 0.162064
188.00146484375, 0.113529
188.031494140625, -0.045943
188.0615234375, -0.052876
188.09130859375, -0.011275
188.121337890625, -0.108345
188.1513671875, 0.113529
188.181396484375, 0.078861
188.21142578125, 0.078861
188.241455078125, 0.030326
188.271484375, 0.064994
188.301513671875, -0.025142
188.331298828125, 0.120463
188.361328125, -0.066743
188.391357421875, 0.016459
188.42138671875, 0.03726
188.451416015625, 0.058061
188.4814453125, -0.08061
188.511474609375, 0.009526
188.54150390625, -0.018208
188.5712890625, 0.023393
188.601318359375, 0.127396
188.63134765625, 0.03726
188.661376953125, -0.039009
188.69140625, 0.030326
188.721435546875, 0.071928
188.75146484375, -0.011275
188.781494140625, -0.052876
188.8115234375, -0.149946
188.84130859375, -0.073677
188.871337890625, -0.087544
188.9013671875, -0.011275
188.931396484375, 0.051127
188.96142578125, -0.004341
188.991455078125, -0.122212
189.021484375, 0.023393
189.051513671875, -0.066743
189.081298828125, 0.13433
189.111328125, -0.032076
189.141357421875, -0.018208
189.17138671875, 0.064994
189.201416015625, 0.058061
189.2314453125, 0.058061
189.261474609375, 0.064994
189.29150390625, 0.030326
189.321533203125, -0.052876
189.351318359375, 0.120463
189.38134765625, 0.120463
189.411376953125, 0.071928
189.44140625, 0.030326
189.471435546875, -0.108345
189.50146484375, -0.011275
189.531494140625, -0.045943
189.5615234375, 0.051127
189.59130859375, 0.175931
189.621337890625, -0.045943
189.6513671875, 0.016459
189.681396484375, -0.025142
189.71142578125, -0.045943
189.741455078125, -0.018208
189.771484375, 0.058061
189.801513671875, 0.016459
189.83154296875, -0.087544
189.861328125, 0.002592
189.891357421875, -0.08061
189.92138671875, -0.045943
189.951416015625, 0.071928
189.9814453125, -0.004341
190.011474609375, -0.094478
190.04150390625, 0.044194
190.071533203125, -0.094478
190.101318359375, -0.011275
190.13134765625, -0.143012
190.161376953125, -0.011275
190.19140625, 0.099662
190.221435546875, 0.002592
190.25146484375, 0.023393
190.281494140625, 0.092728
190.3115234375, -0.018208
190.34130859375, -0.073677
190.371337890625, 0.044194
190.4013671875, 0.085795
190.431396484375, 0.023393
190.46142578125, 0.030326
190.491455078125, 0.030326
190.521484375, 0.023393
190.551513671875, -0.087544
190.58154296875, 0.120463
190.611328125, 0.023393
190.641357421875, 0.002592
190.67138671875, -0.018208
190.701416015625, 0.058061
190.7314453125, 0.030326
190.761474609375, 0.023393
190.79150390625, 0.051127
190.821533203125, 0.085795
190.851318359375, 0.044194
190.88134765625, -0.073677
190.911376953125, 0.058061
190.94140625, -0.066743
190.971435546875, -0.066743
191.00146484375, -0.129145
191.031494140625, 0.009526
191.0615234375, -0.045943
191.091552734375, 0.071928
191.121337890625, -0.045943
191.1513671875, -0.101411
191.181396484375, 0.141263
191.21142578125, 0.071928
191.241455078125, 0.078861
191.271484375, 0.127396
191.301513671875, 0.092728
191.33154296875, 0.051127
191.361328125, -0.018208
191.391357421875, -0.08061
191.42138671875, 0.030326
191.451416015625, 0.023393
191.4814453125, 0.044194
191.511474609375, 0.078861
191.54150390625, -0.039009
191.571533203125, -0.052876
191.601318359375, 0.078861
191.63134765625, 0.023393
191.661376953125, 0.13433
191.69140625, -0.004341
191.721435546875, -0.101411
191.75146484375, 0.078861
191.781494140625, -0.073677
191.8115234375, 0.071928
191.841552734375, 0.071928
191.871337890625, 0.030326
191.9013671875, 0.113529
191.931396484375, -0.018208
191.96142578125, -0.032076
191.991455078125, 0.106596
192.021484375, 0.058061
192.051513671875, 0.023393
192.08154296875, 0.106596
192.111328125, -0.094478
192.141357421875, -0.011275
192.17138671875, -0.073677
192.201416015625, -0.052876
192.2314453125, -0.045943
192.261474609375, -0.025142
192.29150390625, 0.071928
192.321533203125, 0.023393
192.3515625, 0.002592
192.38134765625, 0.058061
192.411376953125, -0.004341
192.44140625, -0.011275
192.471435546875, -0.011275
192.50146484375, -0.018208
192.531494140625, 0.064994
192.5615234375, 0.023393
192.591552734375, -0.025142
192.621337890625, 0.030326
192.6513671875, 0.092728
192.681396484375, 0.064994
192.71142578125, 0.023393
192.741455078125, 0.002592
192.771484375, -0.143012
192.801513671875, -0.101411
192.83154296875, -0.066743
192.861572265625, 0.051127
192.891357421875, -0.032076
192.92138671875, -0.004341
192.951416015625, -0.087544
192.9814453125, -0.045943
193.011474609375, 0.071928
193.04150390625, 0.085795
193.071533203125, -0.018208
193.1015625, -0.025142
193.13134765625, -0.025142
193.161376953125, -0.101411
193.19140625, 0.016459
193.221435546875, 0.113529
193.25146484375, -0.032076
193.281494140625, 0.009526
193.3115234375, -0.039009
193.341552734375, -0.108345
193.371337890625, -0.073677
193.4013671875, -0.136079
193.431396484375, -0.066743
193.46142578125, 0.002592
193.491455078125, 0.085795
193.521484375, -0.039009
193.551513671875, 0.106596
193.58154296875, -0.094478
193.611572265625, 0.044194
193.641357421875, 0.085795
193.67138671875, 0.078861
193.701416015625, 0.044194
193.7314453125, 0.016459
193.761474609375, -0.039009
193.79150390625, -0.039009
193.821533203125, -0.143012
193.8515625, 0.044194
193.88134765625, 0.03726
193.911376953125, -0.05981
193.94140625, 0.120463
193.971435546875, 0.030326
194.00146484375, 0.03726
194.031494140625, -0.073677
194.0615234375, 0.058061
194.091552734375, -0.115278
194.12158203125, 0.044194
194.1513671875, 0.03726
194.181396484375, -0.011275
194.21142578125, -0.101411
194.241455078125, -0.004341
194.271484375, 0.092728
194.301513671875, -0.136079
194.33154296875, 0.058061
194.361572265625, -0.039009
194.391357421875, 0.03726
194.42138671875, -0.045943
194.451416015625, -0.045943
194.4814453125, -0.045943
194.511474609375, -0.039009
194.54150390625, -0.122212
194.571533203125, -0.136079
194.6015625, -0.05981
194.631591796875, -0.052876
194.661376953125, 0.03726
194.69140625, -0.163813
194.721435546875, -0.087544
194.75146484375, 0.016459
194.781494140625, -0.039009
194.8115234375, -0.087544
194.841552734375, -0.05981
194.87158203125, 0.009526
194.9013671875, 0.085795
194.931396484375, -0.073677
194.96142578125, 0.064994
194.991455078125, -0.219282
195.021484375, -0.011275
195.051513671875, 0.120463
195.08154296875, -0.004341
195.111572265625, -0.087544
195.141357421875, -0.025142
195.17138671875, 0.002592
195.201416015625, 0.044194
195.2314453125, 0.092728
195.261474609375, 0.009526
195.29150390625, 0.051127
195.321533203125, -0.115278
195.3515625, 0.002592
195.381591796875, -0.136079
195.411376953125, -0.066743
195.44140625, -0.039009
195.471435546875, -0.018208
195.50146484375, -0.032076
195.531494140625, 0.071928
195.5615234375, -0.039009
195.591552734375, 0.064994
195.62158203125, 0.016459
195.6513671875, 0.224466
195.681396484375, -0.039009
195.71142578125, -0.011275
195.741455078125, 0.085795
195.771484375, -0.045943
195.801513671875, -0.066743
195.83154296875, -0.032076
195.861572265625, -0.08061
195.8916015625, -0.05981
195.92138671875, 0.064994
195.951416015625, 0.023393
195.9814453125, 0.023393
196.011474609375, 0.224466
196.04150390625, 0.106596
196.071533203125, 0.071928
196.1015625, -0.025142
196.131591796875, 0.03726
196.161376953125, -0.073677
196.19140625, -0.011275
196.221435546875, 0.085795
196.25146484375, -0.045943
196.281494140625, 0.092728
196.3115234375, 0.058061
196.341552734375, -0.045943
196.37158203125, 0.002592
196.4013671875, -0.108345
196.431396484375, 0.099662
196.46142578125, -0.052876
196.491455078125, 0.099662
196.521484375, 0.002592
196.551513671875, -0.143012
196.58154296875, -0.073677
196.611572265625, 0.162064
196.6416015625, 0.141263
196.67138671875, 0.009526
196.701416015625, -0.004341
196.7314453125, -0.05981
196.761474609375, 0.078861
196.79150390625, -0.073677
196.821533203125, 0.002592
196.8515625, 0.030326
196.881591796875, 0.016459
196.911376953125, 0.127396
196.94140625, 0.099662
196.971435546875, -0.101411
197.00146484375, 0.051127
197.031494140625, 0.002592
197.0615234375, -0.011275
197.091552734375, 0.016459
197.12158203125, -0.004341
197.151611328125, 0.120463
197.181396484375, -0.066743
197.21142578125, 0.078861
197.241455078125, -0.011275
197.271484375, 0.002592
197.301513671875, 0.044194
197.33154296875, 0.182865
197.361572265625, 0.168998
197.3916015625, 0.023393
197.42138671875, -0.115278
197.451416015625, 0.085795
197.4814453125, -0.025142
197.511474609375, 0.092728
197.54150390625, 0.002592
197.571533203125, -0.066743
197.6015625, 0.078861
197.631591796875, -0.108345
197.66162109375, 0.127396
197.69140625, -0.15688
197.721435546875, -0.018208
197.75146484375, -0.045943
197.781494140625, 0.071928
197.8115234375, 0.002592
197.841552734375, 0.002592
197.87158203125, 0.044194
197.901611328125, -0.05981
197.931396484375, 0.099662
197.96142578125, -0.052876
197.991455078125, 0.002592
198.021484375, -0.045943
198.051513671875, -0.08061
198.08154296875, -0.073677
198.111572265625, -0.101411
198.1416015625, -0.05981
198.17138671875, 0.071928
198.201416015625, -0.05981
198.2314453125, 0.030326
198.261474609375, -0.122212
198.29150390625, 0.009526
198.321533203125, 0.009526
198.3515625, -0.073677
198.381591796875, -0.011275
198.41162109375, 0.030326
198.44140625, -0.004341
198.471435546875, 0.016459
198.50146484375, -0.094478
198.531494140625, -0.032076
198.5615234375, 0.189798
198.591552734375, 0.03726
198.62158203125, 0.099662
198.651611328125, 0.016459
198.681396484375, 0.030326
198.71142578125, -0.136079
198.741455078125, 0.058061
198.771484375, -0.011275
198.801513671875, 0.030326
198.83154296875, 0.002592
198.861572265625, -0.073677
198.8916015625, -0.05981
198.921630859375, -0.08061
198.951416015625, -0.025142
198.9814453125, -0.011275
199.011474609375, 0.03726
199.04150390625, 0.044194
199.071533203125, -0.011275
199.1015625, -0.011275
199.131591796875, -0.05981
199.16162109375, -0.149946
199.19140625, -0.094478
199.221435546875, -0.025142
199.25146484375, -0.032076
199.281494140625, -0.004341
199.3115234375, -0.025142
199.341552734375, -0.011275
199.37158203125, 0.009526
199.401611328125, 0.13433
199.431396484375, -0.039009
199.46142578125, -0.05981
199.491455078125, -0.108345
199.521484375, 0.044194
199.551513671875, -0.052876
199.58154296875, -0.032076
199.611572265625, -0.039009
199.6416015625, -0.032076
199.671630859375, 0.113529
199.701416015625, 0.009526
199.7314453125, -0.066743
199.761474609375, 0.002592
199.79150390625, 0.03726
199.821533203125, -0.066743
199.8515625, -0.052876
199.881591796875, -0.05981
199.91162109375, 0.058061
199.94140625, -0.05981
199.971435546875, 0.03726
200.00146484375, 0.044194
200.031494140625, 0.051127
200.0615234375, 0.064994
200.091552734375, 0.099662
200.12158203125, -0.08061
200.151611328125, -0.004341
200.181640625, 0.071928
200.21142578125, 0.016459
200.241455078125, 0.009526
200.271484375, 0.099662
200.301513671875, 0.106596
200.33154296875, 0.016459
200.361572265625, 0.078861
200.3916015625, -0.011275
200.421630859375, -0.018208
200.451416015625, 0.044194
200.4814453125, -0.094478
200.511474609375, 0.092728
200.54150390625, -0.066743
200.571533203125, -0.066743
200.6015625, 0.078861
200.631591796875, 0.13433
200.66162109375, 0.141263
200.691650390625, 0.002592
200.721435546875, 0.023393
200.75146484375, 0.127396
200.781494140625, -0.101411
200.8115234375, 0.078861
200.841552734375, 0.03726
200.87158203125, -0.05981
200.901611328125, 0.078861
200.931640625, -0.018208
200.96142578125, 0.071928
200.991455078125, -0.039009
201.021484375, 0.023393
201.051513671875, 0.058061
201.08154296875, -0.05981
201.111572265625, 0.023393
201.1416015625, 0.092728
201.171630859375, -0.073677
201.201416015625, -0.025142
201.2314453125, -0.163813
201.261474609375, 0.051127
201.29150390625, -0.163813
201.321533203125, -0.066743
201.3515625, 0.002592
201.381591796875, -0.025142
201.41162109375, -0.039009
201.441650390625, 0.058061
201.471435546875, -0.108345
201.50146484375, 0.009526
201.531494140625, 0.009526
201.5615234375, -0.045943
201.591552734375, 0.092728
201.62158203125, -0.143012
201.651611328125, 0.058061
201.681640625, -0.073677
201.71142578125, -0.004341
201.741455078125, -0.025142
201.771484375, 0.085795
201.801513671875, -0.018208
201.83154296875, 0.051127
201.861572265625, -0.032076
201.8916015625, -0.025142
201.921630859375, 0.009526
201.95166015625, -0.032076
201.9814453125, -0.191547
202.011474609375, 0.002592
202.04150390625, -0.025142
202.071533203125, -0.004341
202.1015625, 0.127396
202.131591796875, 0.085795
202.16162109375, 0.016459
202.191650390625, 0.03726
202.221435546875, 0.058061
202.25146484375, -0.039009
202.281494140625, 0.009526
202.3115234375, 0.092728
202.341552734375, -0.05981
202.37158203125, 0.064994
202.401611328125, -0.011275
202.431640625, -0.052876
202.461669921875, 0.071928
202.491455078125, 0.016459
202.521484375, 0.03726
202.551513671875, -0.05981
202.58154296875, -0.045943
202.611572265625, -0.073677
202.6416015625, -0.066743
202.671630859375, 0.002592
202.70166015625, -0.045943
202.7314453125, 0.085795
202.761474609375, -0.032076
202.79150390625, 0.009526
202.821533203125, -0.052876
202.8515625, -0.05981
202.881591796875, -0.170747
202.91162109375, -0.108345
202.941650390625, -0.025142
202.971435546875, 0.03726
203.00146484375, 0.085795
203.031494140625, 0.030326
203.0615234375, 0.120463
203.091552734375, 0.162064
203.12158203125, -0.087544
203.151611328125, 0.058061
203.181640625, 0.023393
203.211669921875, -0.004341
203.241455078125, -0.039009
203.271484375, 0.071928
203.301513671875, 0.113529
203.33154296875, 0.030326
203.361572265625, 0.113529
203.3916015625, 0.016459
203.421630859375, -0.108345
203.45166015625, 0.078861
203.4814453125, -0.011275
203.511474609375, 0.099662
203.54150390625, -0.087544
203.571533203125, -0.05981
203.6015625, 0.113529
203.631591796875, 0.051127
203.66162109375, -0.045943
203.691650390625, 0.058061
203.7216796875, -0.143012
203.75146484375, -0.205414
203.781494140625, -0.011275
203.8115234375, 0.051127
203.841552734375, 0.064994
203.87158203125, -0.018208
203.901611328125, -0.025142
203.931640625, 0.044194
203.961669921875, 0.03726
203.991455078125, -0.018208
204.021484375, 0.03726
204.051513671875, 0.078861
204.08154296875, -0.025142
204.111572265625, 0.016459
204.1416015625, 0.078861
204.171630859375, -0.004341
204.20166015625, -0.073677
204.2314453125, -0.004341
204.261474609375, -0.073677
204.29150390625, 0.002592
204.321533203125, 0.113529
204.3515625, 0.058061
204.381591796875, 0.009526
204.41162109375, 0.085795
204.441650390625, 0.016459
204.4716796875, 0.113529
204.50146484375, -0.191547
204.531494140625, -0.045943
204.5615234375, 0.051127
204.591552734375, 0.127396
204.62158203125, -0.025142
204.651611328125, -0.05981
204.681640625, 0.127396
204.711669921875, -0.045943
204.741455078125, -0.05981
204.771484375, 0.120463
204.801513671875, -0.018208
204.83154296875, -0.149946
204.861572265625, -0.087544
204.8916015625, -0.011275
204.921630859375, 0.009526
204.95166015625, 0.002592
204.981689453125, 0.03726
205.011474609375, 0.002592
205.04150390625, 0.051127
205.071533203125, -0.011275
205.1015625, -0.073677
205.131591796875, 0.085795
205.16162109375, 0.016459
205.191650390625, 0.03726
205.2216796875, 0.023393
205.25146484375, -0.087544
205.281494140625, 0.009526
205.3115234375, 0.058061
205.341552734375, 0.002592
205.37158203125, -0.004341
205.401611328125, 0.113529
205.431640625, 0.023393
205.461669921875, -0.039009
205.49169921875, 0.044194
205.521484375, -0.018208
205.551513671875, 0.099662
205.58154296875, 0.044194
205.611572265625, 0.127396
205.6416015625, -0.149946
205.671630859375, -0.004341
205.70166015625, -0.094478
205.731689453125, 0.023393
205.761474609375, -0.066743
205.79150390625, 0.016459
205.821533203125, 0.002592
205.8515625, -0.052876
205.881591796875, -0.101411
205.91162109375, -0.025142
205.941650390625, 0.120463
205.9716796875, -0.004341
206.00146484375, 0.113529
206.031494140625, 0.15513
206.0615234375, 0.099662
206.091552734375, -0.052876
206.12158203125, -0.052876
206.151611328125, 0.051127
206.181640625, -0.032076
206.211669921875, 0.085795
206.24169921875, -0.032076
206.271484375, 0.058061
206.301513671875, 0.051127
206.33154296875, -0.004341
206.361572265625, 0.113529
206.3916015625, -0.032076
206.421630859375, -0.05981
206.45166015625, 0.064994
206.481689453125, -0.011275
206.511474609375, 0.064994
206.54150390625, 0.106596
206.571533203125, 0.064994
206.6015625, -0.018208
206.631591796875, 0.002592
206.66162109375, -0.018208
206.691650390625, 0.016459
206.7216796875, 0.058061
206.751708984375, 0.071928
206.781494140625, 0.092728
206.8115234375, 0.058061
206.841552734375, -0.05981
206.87158203125, -0.004341
206.901611328125, 0.099662
206.931640625, -0.073677
206.961669921875, 0.085795
206.99169921875, -0.101411
207.021484375, -0.045943
207.051513671875, -0.018208
207.08154296875, 0.009526
207.111572265625, -0.101411
207.1416015625, -0.052876
207.171630859375, 0.016459
207.20166015625, -0.025142
207.231689453125, 0.030326
207.261474609375, -0.032076
207.29150390625, 0.044194
207.321533203125, 0.016459
207.3515625, -0.032076
207.381591796875, 0.058061
207.41162109375, 0.03726
207.441650390625, -0.108345
207.4716796875, 0.009526
207.501708984375, -0.011275
207.531494140625, 0.064994
207.5615234375, -0.039009
207.591552734375, 0.016459
207.62158203125, 0.120463
207.651611328125, 0.03726
207.681640625, -0.094478
207.711669921875, -0.039009
207.74169921875, 0.127396
207.771484375, -0.039009
207.801513671875, -0.122212
207.83154296875, -0.066743
207.861572265625, 0.002592
207.8916015625, -0.004341
207.921630859375, -0.143012
207.95166015625, 0.009526
207.981689453125, -0.039009
208.01171875, -0.018208
208.04150390625, -0.094478
208.071533203125, -0.004341
208.1015625, -0.05981
208.131591796875, 0.002592
208.16162109375, -0.094478
208.191650390625, -0.149946
208.2216796875, 0.078861
208.251708984375, -0.05981
208.281494140625, -0.094478
208.3115234375, -0.08061
208.341552734375, -0.101411
208.37158203125, 0.030326
208.401611328125, -0.032076
208.431640625, -0.025142
208.461669921875, 0.009526
208.49169921875, -0.122212
208.521728515625, -0.004341
208.551513671875, -0.184614
208.58154296875, -0.08061
208.611572265625, -0.011275
208.6416015625, 0.044194
208.671630859375, 0.106596
208.70166015625, -0.004341
208.731689453125, -0.170747
208.76171875, 0.002592
208.79150390625, 0.016459
208.821533203125, 0.03726
208.8515625, 0.078861
208.881591796875, 0.030326
208.91162109375, 0.113529
208.941650390625, 0.044194
208.9716796875, 0.030326
209.001708984375, 0.106596
209.031494140625, 0.051127
209.0615234375, -0.129145
209.091552734375, 0.002592
209.12158203125, -0.039009
209.151611328125, -0.011275
209.181640625, -0.004341
209.211669921875, 0.099662
209.24169921875, -0.025142
209.271728515625, 0.064994
209.301513671875, -0.032076
209.33154296875, 0.106596
209.361572265625, 0.016459
209.3916015625, -0.052876
209.421630859375, -0.066743
209.45166015625, 0.051127
209.481689453125, -0.143012
209.51171875, -0.045943
209.54150390625, -0.191547
209.571533203125, -0.011275
209.6015625, -0.073677
209.631591796875, 0.092728
209.66162109375, -0.032076
209.691650390625, 0.078861
209.7216796875, 0.016459
209.751708984375, 0.002592
209.78173828125, -0.025142
209.8115234375, -0.004341
209.841552734375, -0.136079
209.87158203125, -0.039009
209.901611328125, 0.016459
209.931640625, -0.08061
209.961669921875, 0.044194
209.99169921875, -0.011275
210.021728515625, 0.002592
210.051513671875, -0.101411
210.08154296875, 0.016459
210.111572265625, 0.064994
210.1416015625, 0.051127
210.171630859375, 0.106596
210.20166015625, -0.073677
210.231689453125, 0.120463
210.26171875, -0.004341
210.291748046875, 0.023393
210.321533203125, 0.023393
210.3515625, 0.13433
210.381591796875, 0.078861
210.41162109375, 0.044194
210.441650390625, -0.018208
210.4716796875, -0.101411
210.501708984375, -0.08061
210.53173828125, 0.168998
210.5615234375, -0.066743
210.591552734375, -0.039009
210.62158203125, -0.011275
210.651611328125, 0.106596
210.681640625, 0.002592
210.711669921875, -0.011275
210.74169921875, -0.018208
210.771728515625, -0.004341
210.801513671875, 0.099662
210.83154296875, -0.073677
210.861572265625, -0.143012
210.8916015625, -0.004341
210.921630859375, 0.016459
210.95166015625, -0.032076
210.981689453125, 0.113529
211.01171875, 0.162064
211.041748046875, -0.018208
211.071533203125, -0.066743
211.1015625, -0.122212
211.131591796875, 0.13433
211.16162109375, -0.052876
211.191650390625, 0.106596
211.2216796875, 0.030326
211.251708984375, 0.071928
211.28173828125, 0.092728
211.3115234375, 0.058061
211.341552734375, 0.120463
211.37158203125, 0.009526
211.401611328125, 0.03726
211.431640625, -0.149946
211.461669921875, -0.025142
211.49169921875, 0.141263
211.521728515625, -0.018208
211.5517578125, -0.094478
211.58154296875, -0.039009
211.611572265625, 0.009526
211.6416015625, -0.004341
211.671630859375, 0.051127
211.70166015625, 0.023393
211.731689453125, 0.092728
211.76171875, 0.099662
211.791748046875, -0.094478
211.821533203125, 0.078861
211.8515625, -0.115278
211.881591796875, 0.044194
211.91162109375, -0.129145
211.941650390625, -0.087544
211.9716796875, 0.03726
212.001708984375, 0.078861
212.03173828125, -0.052876
212.0615234375, -0.094478
212.091552734375, -0.032076
212.12158203125, 0.092728
212.151611328125, -0.05981
212.181640625, -0.094478
212.211669921875, -0.025142
212.24169921875, 0.044194
212.271728515625, 0.064994
212.3017578125, -0.032076
212.33154296875, -0.094478
212.361572265625, 0.085795
212.3916015625, 0.085795
212.421630859375, 0.078861
212.45166015625, 0.071928
212.481689453125, 0.030326
212.51171875, -0.032076
212.541748046875, -0.149946
212.571533203125, 0.078861
212.6015625, 0.078861
212.631591796875, -0.101411
212.66162109375, 0.051127
212.691650390625, -0.025142
212.7216796875, -0.08061
212.751708984375, 0.002592
212.78173828125, -0.025142
212.811767578125, 0.009526
212.841552734375, -0.136079
212.87158203125, 0.064994
212.901611328125, -0.032076
212.931640625, -0.05981
212.961669921875, 0.023393
212.99169921875, -0.108345
213.021728515625, 0.064994
213.0517578125, 0.009526
213.08154296875, 0.051127
213.111572265625, -0.101411
213.1416015625, 0.085795
213.171630859375, -0.052876
213.20166015625, 0.002592
213.231689453125, 0.113529
213.26171875, -0.039009
213.291748046875, 0.051127
213.32177734375, 0.030326
213.3515625, 0.002592
213.381591796875, -0.115278
213.41162109375, 0.051127
213.441650390625, -0.011275
213.4716796875, -0.032076
213.501708984375, 0.03726
213.53173828125, 0.078861
213.561767578125, 0.13433
213.591552734375, -0.045943
213.62158203125, 0.030326
213.651611328125, -0.094478
213.681640625, 0.023393
213.711669921875, -0.018208
213.74169921875, 0.092728
213.771728515625, -0.087544
213.8017578125, 0.03726
213.83154296875, 0.106596
213.861572265625, -0.032076
213.8916015625, 0.106596
213.921630859375, -0.073677
213.95166015625, -0.094478
213.981689453125, -0.05981
214.01171875, -0.025142
214.041748046875, 0.030326
214.07177734375, -0.087544
214.1015625, 0.051127
214.131591796875, 0.023393
214.16162109375, 0.016459
214.191650390625, -0.018208
214.2216796875, 0.002592
214.251708984375, -0.018208
214.28173828125, 0.016459
214.311767578125, 0.092728
214.341552734375, 0.085795
214.37158203125, -0.08061
214.401611328125, -0.011275
214.431640625, -0.011275
214.461669921875, 0.106596
214.49169921875, -0.08061
214.521728515625, 0.044194
214.5517578125, 0.016459
214.581787109375, 0.044194
214.611572265625, -0.05981
214.6416015625, 0.051127
214.671630859375, -0.052876
214.70166015625, 0.099662
214.731689453125, 0.051127
214.76171875, 0.002592
214.791748046875, 0.030326
214.82177734375, 0.009526
214.8515625, 0.099662
214.881591796875, -0.052876
214.91162109375, -0.052876
214.941650390625, -0.052876
214.9716796875, 0.120463
215.001708984375, -0.05981
215.03173828125, 0.120463
215.061767578125, -0.032076
215.091552734375, -0.032076
215.12158203125, 0.078861
215.151611328125, 0.002592
215.181640625, -0.025142
215.211669921875, -0.052876
215.24169921875, -0.018208
215.271728515625, -0.094478
215.3017578125, 0.071928
215.331787109375, -0.073677
215.361572265625, 0.085795
215.3916015625, -0.066743
215.421630859375, -0.122212
215.45166015625, -0.115278
215.481689453125, 0.058061
215.51171875, 0.092728
215.541748046875, 0.071928
215.57177734375, 0.002592
215.6015625, -0.004341
215.631591796875, 0.030326
215.66162109375, -0.08061
215.691650390625, 0.071928
215.7216796875, -0.087544
215.751708984375, -0.025142
215.78173828125, -0.05981
215.811767578125, -0.122212
215.841796875, -0.073677
215.87158203125, -0.052876
215.901611328125, 0.030326
215.931640625, 0.175931
215.961669921875, 0.03726
215.99169921875, -0.011275
216.021728515625, 0.071928
216.0517578125, 0.071928
216.081787109375, -0.05981
216.111572265625, -0.122212
216.1416015625, 0.044194
216.171630859375, -0.039009
216.20166015625, 0.016459
216.231689453125, 0.051127
216.26171875, -0.004341
216.291748046875, -0.011275
216.32177734375, 0.03726
216.351806640625, 0.044194
216.381591796875, 0.023393
216.41162109375, 0.023393
216.441650390625, 0.051127
216.4716796875, -0.073677
216.501708984375, -0.045943
216.53173828125, 0.051127
216.561767578125, 0.023393
216.591796875, 0.009526
216.62158203125, -0.032076
216.651611328125, -0.045943
216.681640625, 0.099662
216.711669921875, 0.044194
216.74169921875, -0.032076
216.771728515625, -0.094478
216.8017578125, -0.032076
216.831787109375, -0.066743
216.861572265625, -0.094478
216.8916015625, 0.162064
216.921630859375, 0.009526
216.95166015625, -0.05981
216.981689453125, -0.066743
217.01171875, 0.009526
217.041748046875, -0.004341
217.07177734375, -0.122212
217.101806640625, -0.05981
217.131591796875, 0.092728
217.16162109375, -0.011275
217.191650390625, -0.149946
217.2216796875, -0.066743
217.251708984375, -0.011275
217.28173828125, -0.101411
217.311767578125, -0.066743
217.341796875, -0.025142
217.37158203125, 0.099662
217.401611328125, -0.052876
217.431640625, 0.009526
217.461669921875, 0.044194
217.49169921875, -0.087544
217.521728515625, -0.05981
217.5517578125, -0.073677
217.581787109375, 0.002592
217.61181640625, 0.03726
217.6416015625, 0.071928
217.671630859375, 0.071928
217.70166015625, 0.016459
217.731689453125, -0.039009
217.76171875, -0.094478
217.791748046875, 0.13433
217.82177734375, -0.025142
217.851806640625, -0.087544
217.881591796875, 0.002592
217.91162109375, 0.064994
217.941650390625, 0.051127
217.9716796875, 0.030326
218.001708984375, 0.085795
218.03173828125, -0.101411
218.061767578125, 0.064994
218.091796875, 0.071928
218.121826171875, -0.025142
218.151611328125, 0.071928
218.181640625, -0.066743
218.211669921875, -0.011275
218.24169921875, -0.073677
218.271728515625, -0.011275
218.3017578125, 0.058061
218.331787109375, -0.032076
218.36181640625, -0.011275
218.3916015625, -0.087544
218.421630859375, -0.087544
218.45166015625, -0.018208
218.481689453125, 0.030326
218.51171875, -0.149946
218.541748046875, -0.08061
218.57177734375, 0.064994
218.601806640625, 0.106596
218.631591796875, -0.052876
218.66162109375, -0.052876
218.691650390625, 0.009526
218.7216796875, 0.064994
218.751708984375, -0.17768
218.78173828125, -0.073677
218.811767578125, 0.099662
218.841796875, 0.016459
218.871826171875, -0.011275
218.901611328125, 0.064994
218.931640625, -0.101411
218.961669921875, -0.05981
218.99169921875, 0.051127
219.021728515625, -0.011275
219.0517578125, -0.052876
219.081787109375, 0.085795
219.11181640625, 0.064994
219.1416015625, 0.175931
219.171630859375, -0.052876
219.20166015625, -0.025142
219.231689453125, 0.071928
219.26171875, -0.101411
219.291748046875, 0.044194
219.32177734375, -0.039009
219.351806640625, -0.045943
219.3818359375, -0.073677
219.41162109375, 0.030326
219.441650390625, -0.094478
219.4716796875, -0.025142
219.501708984375, -0.087544
219.53173828125, -0.094478
219.561767578125, -0.066743
219.591796875, 0.044194
219.621826171875, 0.168998
219.651611328125, 0.078861
219.681640625, 0.203665
219.711669921875, -0.025142
219.74169921875, -0.143012
219.771728515625, -0.101411
219.8017578125, -0.052876
219.831787109375, 0.03726
219.86181640625, 0.03726
219.8916015625, 0.03726
219.921630859375, 0.016459
219.95166015625, 0.016459
219.981689453125, -0.025142
220.01171875, -0.004341
220.041748046875, 0.009526
220.07177734375, -0.018208
220.101806640625, -0.05981
220.1318359375, 0.009526
220.16162109375, 0.085795
220.191650390625, 0.030326
220.2216796875, -0.101411
220.251708984375, 0.030326
220.28173828125, -0.004341
220.311767578125, -0.004341
220.341796875, 0.03726
220.371826171875, -0.094478
220.401611328125, 0.078861
220.431640625, 0.058061
220.461669921875, 0.044194
220.49169921875, 0.148197
220.521728515625, -0.08061
220.5517578125, 0.030326
220.581787109375, -0.143012
220.61181640625, 0.148197
220.641845703125, -0.073677
220.671630859375, 0.023393
220.70166015625, 0.03726
220.731689453125, 0.009526
220.76171875, 0.13433
220.791748046875, 0.058061
220.82177734375, -0.066743
220.851806640625, -0.025142
220.8818359375, 0.030326
220.91162109375, -0.018208
220.941650390625, 0.030326
220.9716796875, -0.108345
221.001708984375, 0.016459
221.03173828125, 0.044194
221.061767578125, -0.032076
221.091796875, -0.039009
221.121826171875, -0.052876
221.15185546875, -0.052876
221.181640625, -0.073677
221.211669921875, 0.044194
221.24169921875, -0.004341
221.271728515625, 0.058061
221.3017578125, -0.045943
221.331787109375, -0.018208
221.36181640625, 0.092728
221.391845703125, 0.016459
221.421630859375, 0.023393
221.45166015625, -0.004341
221.481689453125, -0.08061
221.51171875, -0.025142
221.541748046875, -0.052876
221.57177734375, -0.052876
221.601806640625, 0.016459
221.6318359375, 0.03726
221.66162109375, 0.051127
221.691650390625, 0.092728
221.7216796875, -0.032076
221.751708984375, -0.032076
221.78173828125, 0.002592
221.811767578125, 0.092728
221.841796875, 0.148197
221.871826171875, 0.092728
221.90185546875, 0.002592
221.931640625, -0.025142
221.961669921875, -0.032076
221.99169921875, -0.052876
222.021728515625, 0.016459
222.0517578125, 0.03726
222.081787109375, 0.030326
222.11181640625, 0.03726
222.141845703125, 0.071928
222.171630859375, 0.051127
222.20166015625, 0.03726
222.231689453125, -0.073677
222.26171875, -0.039009
222.291748046875, -0.05981
222.32177734375, 0.023393
222.351806640625, -0.032076
222.3818359375, 0.085795
222.411865234375, 0.064994
222.441650390625, -0.039009
222.4716796875, 0.064994
222.501708984375, 0.078861
222.53173828125, -0.108345
222.561767578125, -0.011275
222.591796875, -0.052876
222.621826171875, 0.044194
222.65185546875, 0.078861
222.681640625, -0.05981
222.711669921875, 0.051127
222.74169921875, 0.189798
222.771728515625, -0.066743
222.8017578125, 0.002592
222.831787109375, 0.023393
222.86181640625, -0.094478
222.891845703125, 0.044194
222.921875, -0.073677
222.95166015625, -0.004341
222.981689453125, -0.094478
223.01171875, 0.120463
223.041748046875, -0.094478
223.07177734375, 0.13433
223.101806640625, 0.030326
223.1318359375, 0.044194
223.161865234375, 0.113529
223.191650390625, 0.071928
223.2216796875, 0.175931
223.251708984375, -0.045943
223.28173828125, 0.058061
223.311767578125, 0.009526
223.341796875, 0.085795
223.371826171875, -0.018208
223.40185546875, -0.052876
223.431640625, -0.052876
223.461669921875, 0.03726
223.49169921875, 0.03726
223.521728515625, 0.113529
223.5517578125, -0.08061
223.581787109375, -0.004341
223.61181640625, -0.052876
223.641845703125, 0.203665
223.671875, 0.03726
223.70166015625, 0.009526
223.731689453125, 0.071928
223.76171875, -0.087544
223.791748046875, -0.087544
223.82177734375, -0.066743
223.851806640625, 0.023393
223.8818359375, 0.030326
223.911865234375, 0.03726
223.941650390625, -0.004341
223.9716796875, -0.011275
224.001708984375, -0.087544
224.03173828125, -0.032076
224.061767578125, -0.052876
224.091796875, -0.004341
224.121826171875, 0.113529
224.15185546875, -0.08061
224.181884765625, -0.011275
224.211669921875, -0.018208
224.24169921875, -0.045943
224.271728515625, 0.120463
224.3017578125, -0.004341
224.331787109375, 0.03726
224.36181640625, -0.094478
224.391845703125, 0.044194
224.421875, -0.143012
224.45166015625, -0.122212
224.481689453125, 0.120463
224.51171875, 0.002592
224.541748046875, 0.078861
224.57177734375, -0.032076
224.601806640625, -0.018208
224.6318359375, 0.058061
224.661865234375, 0.078861
224.691650390625, 0.009526
224.7216796875, 0.016459
224.751708984375, -0.004341
224.78173828125, 0.044194
224.811767578125, 0.002592
224.841796875, -0.052876
224.871826171875, 0.023393
224.90185546875, -0.025142
224.931884765625, 0.051127
224.961669921875, -0.122212
224.99169921875, -0.032076
225.021728515625, -0.004341
225.0517578125, -0.094478
225.081787109375, -0.163813
225.11181640625, 0.071928
225.141845703125, -0.039009
225.171875, 0.162064
225.20166015625, 0.099662
225.231689453125, -0.011275
225.26171875, -0.052876
225.291748046875, 0.044194
225.32177734375, -0.05981
225.351806640625, -0.101411
225.3818359375, 0.030326
225.411865234375, -0.184614
225.44189453125, -0.011275
225.4716796875, -0.073677
225.501708984375, -0.025142
225.53173828125, 0.099662
225.561767578125, 0.03726
225.591796875, 0.085795
225.621826171875, 0.030326
225.65185546875, 0.058061
225.681884765625, 0.120463
225.711669921875, -0.066743
225.74169921875, 0.078861
225.771728515625, -0.011275
225.8017578125, -0.025142
225.831787109375, 0.106596
225.86181640625, -0.039009
225.891845703125, -0.108345
225.921875, -0.032076
225.951904296875, 0.002592
225.981689453125, -0.018208
226.01171875, -0.136079
226.041748046875, 0.078861
226.07177734375, 0.106596
226.101806640625, 0.030326
226.1318359375, 0.009526
226.161865234375, -0.052876
226.19189453125, 0.051127
226.2216796875, 0.078861
226.251708984375, -0.011275
226.28173828125, -0.066743
226.311767578125, 0.009526
226.341796875, 0.064994
226.371826171875, -0.073677
226.40185546875, 0.044194
226.431884765625, 0.071928
226.461669921875, 0.051127
226.49169921875, 0.106596
226.521728515625, 0.106596
226.5517578125, -0.045943
226.581787109375, 0.113529
226.61181640625, 0.023393
226.641845703125, 0.071928
226.671875, 0.113529
226.701904296875, -0.025142
226.731689453125, -0.066743
226.76171875, 0.044194
226.791748046875, -0.011275
226.82177734375, -0.025142
226.851806640625, 0.064994
226.8818359375, -0.032076
226.911865234375, 0.03726
226.94189453125, 0.279935
226.9716796875, 0.064994
227.001708984375, -0.004341
227.03173828125, -0.101411
227.061767578125, -0.087544
227.091796875, -0.011275
227.121826171875, 0.224466
227.15185546875, -0.032076
227.181884765625, 0.051127
227.2119140625, 0.016459
227.24169921875, -0.045943
227.271728515625, -0.045943
227.3017578125, -0.025142
227.331787109375, -0.025142
227.36181640625, -0.08061
227.391845703125, 0.113529
227.421875, 0.023393
227.451904296875, -0.018208
227.481689453125, -0.066743
227.51171875, -0.045943
227.541748046875, -0.004341
227.57177734375, 0.058061
227.601806640625, -0.039009
227.6318359375, 0.099662
227.661865234375, -0.032076
227.69189453125, -0.032076
227.7216796875, 0.085795
227.751708984375, -0.045943
227.78173828125, -0.094478
227.811767578125, 0.016459
227.841796875, -0.094478
227.871826171875, -0.15688
227.90185546875, 0.030326
227.931884765625, 0.030326
227.9619140625, -0.018208
227.99169921875, -0.004341
228.021728515625, 0.016459
228.0517578125, 0.009526
228.081787109375, 0.002592
228.11181640625, -0.011275
228.141845703125, -0.018208
228.171875, 0.023393
228.201904296875, -0.018208
228.231689453125, -0.032076
228.26171875, -0.115278
228.291748046875, 0.030326
228.32177734375, -0.011275
228.351806640625, -0.066743
228.3818359375, -0.101411
228.411865234375, -0.011275
228.44189453125, -0.011275
228.471923828125, 0.148197
228.501708984375, 0.051127
228.53173828125, 0.009526
228.561767578125, 0.085795
228.591796875, 0.092728
228.621826171875, 0.120463
228.65185546875, -0.018208
228.681884765625, 0.030326
228.7119140625, -0.108345
228.74169921875, 0.071928
228.771728515625, 0.03726
228.8017578125, -0.032076
228.831787109375, -0.011275
228.86181640625, 0.044194
228.891845703125, -0.094478
228.921875, 0.071928
228.951904296875, 0.092728
228.98193359375, 0.099662
229.01171875, 0.071928
229.041748046875, 0.030326
229.07177734375, 0.078861
229.101806640625, 0.051127
229.1318359375, 0.051127
229.161865234375, 0.051127
229.19189453125, -0.15688
229.221923828125, 0.030326
229.251708984375, -0.073677
229.28173828125, 0.030326
229.311767578125, -0.05981
229.341796875, -0.018208
229.371826171875, 0.044194
229.40185546875, 0.016459
229.431884765625, 0.127396
229.4619140625, 0.002592
229.49169921875, -0.039009
229.521728515625, 0.002592
229.5517578125, -0.032076
229.581787109375, 0.030326
229.61181640625, 0.127396
229.641845703125, 0.085795
229.671875, 0.162064
229.701904296875, 0.016459
229.73193359375, 0.023393
229.76171875, 0.023393
229.791748046875, -0.032076
229.82177734375, 0.009526
229.851806640625, -0.066743
229.8818359375, 0.120463
229.911865234375, 0.030326
229.94189453125, -0.052876
229.971923828125, -0.018208
230.001708984375, -0.032076
230.03173828125, -0.039009
230.061767578125, -0.032076
230.091796875, -0.052876
230.121826171875, -0.032076
230.15185546875, -0.018208
230.181884765625, -0.018208
230.2119140625, -0.087544
230.241943359375, -0.018208
230.271728515625, 0.168998
230.3017578125, -0.025142
230.331787109375, -0.004341
230.36181640625, -0.045943
230.391845703125, -0.05981
230.421875, 0.162064
230.451904296875, 0.162064
230.48193359375, 0.051127
230.51171875, 0.064994
230.541748046875, 0.016459
230.57177734375, -0.004341
230.601806640625, 0.141263
230.6318359375, -0.011275
230.661865234375, -0.149946
230.69189453125, 0.13433
230.721923828125, -0.073677
230.751953125, -0.233149
230.78173828125, -0.004341
230.811767578125, -0.025142
230.841796875, -0.05981
230.871826171875, 0.15513
230.90185546875, -0.032076
230.931884765625, 0.099662
230.9619140625, -0.094478
230.991943359375, 0.016459
231.021728515625, -0.066743
231.0517578125, 0.051127
231.081787109375, -0.136079
231.11181640625, 0.03726
231.141845703125, 0.078861
231.171875, -0.025142
231.201904296875, 0.120463
231.23193359375, -0.018208
231.26171875, -0.122212
231.291748046875, -0.087544
231.32177734375, 0.078861
231.351806640625, 0.023393
231.3818359375, 0.002592
231.411865234375, 0.071928
231.44189453125, -0.018208
231.471923828125, -0.17768
231.501953125, -0.052876
231.53173828125, -0.08061
231.561767578125, -0.011275
231.591796875, 0.009526
231.621826171875, -0.122212
231.65185546875, 0.058061
231.681884765625, 0.002592
231.7119140625, 0.002592
231.741943359375, 0.016459
231.771728515625, 0.175931
231.8017578125, -0.115278
231.831787109375, 0.099662
231.86181640625, 0.002592
231.891845703125, -0.032076
231.921875, -0.066743
231.951904296875, 0.044194
231.98193359375, -0.115278
232.011962890625, 0.002592
232.041748046875, 0.030326
232.07177734375, 0.016459
232.101806640625, 0.044194
232.1318359375, 0.085795
232.161865234375, 0.099662
232.19189453125, -0.108345
232.221923828125, -0.004341
232.251953125, -0.018208
232.28173828125, 0.113529
232.311767578125, -0.15688
232.341796875, -0.045943
232.371826171875, 0.092728
232.40185546875, -0.05981
232.431884765625, -0.073677
232.4619140625, 0.085795
232.491943359375, -0.004341
232.521728515625, -0.052876
232.5517578125, 0.085795
232.581787109375, 0.03726
232.61181640625, 0.016459
232.641845703125, 0.078861
232.671875, -0.094478
232.701904296875, -0.045943
232.73193359375, -0.05981
232.761962890625, 0.085795
232.791748046875, -0.066743
232.82177734375, 0.044194
232.851806640625, 0.009526
232.8818359375, 0.064994
232.911865234375, 0.044194
232.94189453125, 0.044194
232.971923828125, 0.002592
233.001953125, 0.051127
233.03173828125, -0.066743
233.061767578125, 0.15513
233.091796875, 0.009526
233.121826171875, -0.032076
233.15185546875, -0.032076
233.181884765625, -0.039009
233.2119140625, 0.002592
233.241943359375, 0.106596
233.27197265625, -0.101411
233.3017578125, 0.078861
233.331787109375, 0.064994
233.36181640625, 0.071928
233.391845703125, -0.004341
233.421875, 0.071928
233.451904296875, 0.051127
233.48193359375, -0.066743
233.511962890625, 0.141263
233.541748046875, 0.03726
233.57177734375, 0.051127
233.601806640625, 0.016459
233.6318359375, -0.08061
233.661865234375, 0.002592
233.69189453125, 0.064994
233.721923828125, -0.129145
233.751953125, 0.016459
233.781982421875, 0.023393
233.811767578125, 0.092728
233.841796875, 0.058061
233.871826171875, 0.002592
233.90185546875, 0.141263
233.931884765625, -0.115278
233.9619140625, 0.009526
233.991943359375, 0.071928
234.02197265625, 0.016459
234.0517578125, 0.023393
234.081787109375, 0.016459
234.11181640625, -0.136079
234.141845703125, -0.011275
234.171875, 0.009526
234.201904296875, -0.025142
234.23193359375, 0.092728
234.261962890625, 0.030326
234.291748046875, 0.071928
234.32177734375, -0.018208
234.351806640625, 0.030326
234.3818359375, 0.071928
234.411865234375, -0.018208
234.44189453125, 0.016459
234.471923828125, 0.099662
234.501953125, 0.071928
234.531982421875, 0.030326
234.561767578125, -0.004341
234.591796875, -0.108345
234.621826171875, 0.141263
234.65185546875, 0.078861
234.681884765625, -0.087544
234.7119140625, -0.018208
234.741943359375, 0.071928
234.77197265625, -0.15688
234.8017578125, 0.016459
234.831787109375, -0.004341
234.86181640625, -0.018208
234.891845703125, 0.044194
234.921875, -0.025142
234.951904296875, 0.03726
234.98193359375, 0.127396
235.011962890625, -0.045943
235.0419921875, -0.073677
235.07177734375, 0.058061
235.101806640625, 0.030326
235.1318359375, 0.120463
235.161865234375, -0.05981
235.19189453125, -0.073677
235.221923828125, 0.092728
235.251953125, -0.08061
235.281982421875, -0.101411
235.311767578125, -0.032076
235.341796875, -0.004341
235.371826171875, -0.163813
235.40185546875, -0.039009
235.431884765625, 0.030326
235.4619140625, -0.115278
235.491943359375, -0.066743
235.52197265625, -0.087544
235.5517578125, 0.064994
235.581787109375, -0.011275
235.61181640625, 0.064994
235.641845703125, 0.03726
235.671875, 0.078861
235.701904296875, 0.141263
235.73193359375, 0.085795
235.761962890625, -0.066743
235.7919921875, -0.025142
235.82177734375, -0.011275
235.851806640625, -0.184614
235.8818359375, -0.094478
235.911865234375, 0.141263
235.94189453125, 0.078861
235.971923828125, 0.044194
236.001953125, 0.113529
236.031982421875, 0.058061
236.061767578125, 0.009526
236.091796875, -0.087544
236.121826171875, -0.039009
236.15185546875, 0.099662
236.181884765625, -0.101411
236.2119140625, 0.002592
236.241943359375, 0.085795
236.27197265625, -0.073677
236.302001953125, -0.05981
236.331787109375, 0.210599
236.36181640625, -0.094478
236.391845703125, 0.085795
236.421875, 0.085795
236.451904296875, -0.025142
236.48193359375, 0.002592
236.511962890625, 0.002592
236.5419921875, -0.066743
236.57177734375, -0.129145
236.601806640625, 0.099662
236.6318359375, 0.051127
236.661865234375, 0.106596
236.69189453125, 0.071928
236.721923828125, 0.058061
236.751953125, 0.071928
236.781982421875, -0.094478
236.81201171875, -0.101411
236.841796875, -0.129145
236.871826171875, -0.011275
236.90185546875, -0.073677
236.931884765625, 0.030326
236.9619140625, -0.032076
236.991943359375, -0.032076
237.02197265625, -0.032076
237.052001953125, 0.030326
237.081787109375, 0.002592
237.11181640625, -0.018208
237.141845703125, -0.052876
237.171875, -0.101411
237.201904296875, -0.122212
237.23193359375, -0.025142
237.261962890625, 0.078861
237.2919921875, 0.092728
237.32177734375, -0.073677
237.351806640625, -0.108345
237.3818359375, 0.051127
237.411865234375, 0.13433
237.44189453125, -0.004341
237.471923828125, 0.15513
237.501953125, 0.15513
237.531982421875, 0.078861
237.56201171875, 0.064994
237.591796875, 0.071928
237.621826171875, 0.051127
237.65185546875, 0.071928
237.681884765625, 0.13433
237.7119140625, -0.08061
237.741943359375, -0.122212
237.77197265625, -0.066743
237.802001953125, 0.002592
237.831787109375, -0.004341
237.86181640625, 0.030326
237.891845703125, 0.064994
237.921875, 0.051127
237.951904296875, 0.078861
237.98193359375, -0.052876
238.011962890625, 0.03726
238.0419921875, 0.058061
238.072021484375, -0.004341
238.101806640625, 0.002592
238.1318359375, 0.051127
238.161865234375, -0.004341
238.19189453125, -0.066743
238.221923828125, -0.05981
238.251953125, -0.025142
238.281982421875, 0.064994
238.31201171875, -0.073677
238.341796875, 0.030326
238.371826171875, 0.196732
238.40185546875, 0.141263
238.431884765625, 0.058061
238.4619140625, 0.15513
238.491943359375, -0.136079
238.52197265625, -0.052876
238.552001953125, 0.023393
238.58203125, -0.004341
238.61181640625, -0.011275
238.641845703125, -0.004341
238.671875, 0.002592
238.701904296875, 0.044194
238.73193359375, 0.148197
238.761962890625, 0.182865
238.7919921875, 0.002592
238.822021484375, 0.085795
238.851806640625, 0.03726
238.8818359375, -0.073677
238.911865234375, -0.136079
238.94189453125, -0.122212
238.971923828125, 0.002592
239.001953125, -0.039009
239.031982421875, -0.018208
239.06201171875, 0.030326
239.091796875, 0.023393
239.121826171875, 0.078861
239.15185546875, 0.002592
239.181884765625, 0.085795
239.2119140625, 0.064994
239.241943359375, 0.064994
239.27197265625, -0.066743
239.302001953125, 0.051127
239.33203125, 0.13433
239.36181640625, -0.004341
239.391845703125, 0.009526
239.421875, 0.044194
239.451904296875, -0.129145
239.48193359375, -0.08061
239.511962890625, -0.004341
239.5419921875, 0.071928
239.572021484375, -0.011275
239.601806640625, 0.106596
239.6318359375, -0.004341
239.661865234375, 0.141263
239.69189453125, 0.023393
239.721923828125, -0.05981
239.751953125, 0.03726
239.781982421875, -0.066743
239.81201171875, 0.099662
239.842041015625, 0.002592
239.871826171875, -0.08061
239.90185546875, 0.113529
239.931884765625, -0.039009
239.9619140625, 0.002592
239.991943359375, 0.189798
240.02197265625, -0.032076
240.052001953125, -0.066743
240.08203125, 0.030326
240.11181640625, 0.127396
240.141845703125, 0.064994
240.171875, 0.044194
240.201904296875, 0.023393
240.23193359375, 0.127396
240.261962890625, 0.064994
240.2919921875, -0.136079
240.322021484375, -0.08061
240.351806640625, -0.045943
240.3818359375, 0.044194
240.411865234375, 0.002592
240.44189453125, 0.092728
240.471923828125, 0.085795
240.501953125, -0.05981
240.531982421875, 0.106596
240.56201171875, 0.044194
240.592041015625, 0.030326
240.621826171875, -0.025142
240.65185546875, -0.066743
240.681884765625, 0.030326
240.7119140625, 0.058061
240.741943359375, -0.004341
240.77197265625, -0.08061
240.802001953125, 0.009526
240.83203125, 0.044194
240.86181640625, -0.039009
240.891845703125, 0.15513
240.921875, 0.182865
240.951904296875, -0.08061
240.98193359375, -0.011275
241.011962890625, 0.196732
241.0419921875, 0.030326
241.072021484375, 0.092728
241.10205078125, 0.058061
241.1318359375, 0.058061
241.161865234375, 0.044194
241.19189453125, -0.094478
241.221923828125, -0.101411
241.251953125, 0.030326
241.281982421875, 0.106596
241.31201171875, -0.025142
241.342041015625, 0.023393
241.371826171875, -0.004341
241.40185546875, 0.023393
241.431884765625, 0.099662
241.4619140625, -0.05981
241.491943359375, -0.039009
241.52197265625, -0.045943
241.552001953125, 0.044194
241.58203125, -0.018208
241.612060546875, 0.023393
241.641845703125, 0.044194
241.671875, -0.045943
241.701904296875, 0.092728
241.73193359375, 0.099662
241.761962890625, -0.018208
241.7919921875, -0.045943
241.822021484375, 0.189798
241.85205078125, -0.087544
241.8818359375, -0.066743
241.911865234375, 0.071928
241.94189453125, 0.071928
241.971923828125, -0.032076
242.001953125, 0.023393
242.031982421875, 0.016459
242.06201171875, -0.05981
242.092041015625, -0.004341
242.121826171875, 0.016459
242.15185546875, -0.011275
242.181884765625, -0.004341
242.2119140625, 0.168998
242.241943359375, -0.032076
242.27197265625, 0.217532
242.302001953125, -0.025142
242.33203125, -0.045943
242.362060546875, -0.073677
242.391845703125, -0.17768
242.421875, 0.03726
242.451904296875, 0.078861
242.48193359375, -0.08061
242.511962890625, -0.101411
242.5419921875, 0.058061
242.572021484375, 0.058061
242.60205078125, -0.045943
242.6318359375, -0.039009
242.661865234375, 0.044194
242.69189453125, -0.018208
242.721923828125, 0.085795
242.751953125, -0.045943
242.781982421875, -0.018208
242.81201171875, -0.052876
242.842041015625, -0.094478
242.8720703125, 0.106596
242.90185546875, 0.002592
242.931884765625, -0.032076
242.9619140625, 0.13433
242.991943359375, 0.106596
243.02197265625, 0.009526
243.052001953125, 0.106596
243.08203125, -0.004341
243.112060546875, -0.073677
243.141845703125, -0.05981
243.171875, -0.122212
243.201904296875, 0.141263
243.23193359375, -0.136079
243.261962890625, -0.025142
243.2919921875, 0.078861
243.322021484375, 0.044194
243.35205078125, -0.115278
243.3818359375, 0.016459
243.411865234375, 0.078861
243.44189453125, 0.078861
243.471923828125, -0.052876
243.501953125, -0.004341
243.531982421875, -0.05981
243.56201171875, 0.051127
243.592041015625, 0.009526
243.6220703125, -0.066743
243.65185546875, -0.101411
243.681884765625, 0.071928
243.7119140625, -0.011275
243.741943359375, 0.002592
243.77197265625, 0.002592
243.802001953125, 0.085795
243.83203125, 0.03726
243.862060546875, 0.030326
243.891845703125, -0.004341
243.921875, 0.030326
243.951904296875, 0.051127
243.98193359375, 0.03726
244.011962890625, -0.025142
244.0419921875, 0.092728
244.072021484375, 0.009526
244.10205078125, -0.032076
244.132080078125, 0.064994
244.161865234375, -0.087544
244.19189453125, -0.039009
244.221923828125, -0.004341
244.251953125, -0.170747
244.281982421875, -0.045943
244.31201171875, 0.071928
244.342041015625, 0.009526
244.3720703125, -0.011275
244.40185546875, -0.032076
244.431884765625, -0.032076
244.4619140625, 0.002592
244.491943359375, 0.113529
244.52197265625, -0.08061
244.552001953125, 0.085795
244.58203125, 0.127396
244.612060546875, -0.032076
244.64208984375, -0.018208
244.671875, 0.078861
244.701904296875, -0.15688
244.73193359375, 0.113529
244.761962890625, -0.08061
244.7919921875, 0.023393
244.822021484375, -0.011275
244.85205078125, -0.05981
244.882080078125, -0.08061
244.911865234375, -0.032076
244.94189453125, -0.087544
244.971923828125, 0.044194
245.001953125, 0.071928
245.031982421875, -0.066743
245.06201171875, 0.064994
245.092041015625, -0.032076
245.1220703125, 0.058061
245.15185546875, -0.025142
245.181884765625, 0.051127
245.2119140625, 0.002592
245.241943359375, -0.05981
245.27197265625, -0.129145
245.302001953125, 0.030326
245.33203125, -0.004341
245.362060546875, -0.087544
245.39208984375, -0.011275
245.421875, -0.018208
245.451904296875, 0.064994
245.48193359375, -0.122212
245.511962890625, 0.106596
245.5419921875, -0.011275
245.572021484375, -0.143012
245.60205078125, -0.05981
245.632080078125, 0.016459
245.661865234375, -0.039009
245.69189453125, 0.085795
245.721923828125, -0.170747
245.751953125, 0.044194
245.781982421875, -0.039009
245.81201171875, 0.113529
245.842041015625, 0.064994
245.8720703125, -0.011275
245.902099609375, 0.189798
245.931884765625, 0.044194
245.9619140625, 0.099662
245.991943359375, -0.08061
246.02197265625, 0.064994
246.052001953125, 0.099662
246.08203125, 0.058061
246.112060546875, -0.073677
246.14208984375, 0.064994
246.171875, 0.141263
246.201904296875, -0.025142
246.23193359375, -0.101411
246.261962890625, 0.058061
246.2919921875, -0.025142
246.322021484375, 0.030326
246.35205078125, -0.267817
246.382080078125, -0.039009
246.412109375, -0.101411
246.44189453125, 0.002592
246.471923828125, -0.066743
246.501953125, 0.002592
246.531982421875, 0.002592
246.56201171875, 0.085795
246.592041015625, -0.073677
246.6220703125, -0.011275
246.652099609375, -0.073677
246.681884765625, -0.066743
246.7119140625, -0.101411
246.741943359375, 0.058061
246.77197265625, 0.120463
246.802001953125, -0.052876
246.83203125, -0.011275
246.862060546875, -0.08061
246.89208984375, -0.045943
246.921875, -0.004341
246.951904296875, -0.018208
246.98193359375, 0.030326
247.011962890625, 0.009526
247.0419921875, 0.030326
247.072021484375, 0.051127
247.10205078125, 0.092728
247.132080078125, -0.101411
247.162109375, 0.030326
247.19189453125, -0.066743
247.221923828125, -0.032076
247.251953125, 0.099662
247.281982421875, -0.045943
247.31201171875, 0.03726
247.342041015625, 0.023393
247.3720703125, -0.039009
247.402099609375, 0.051127
247.431884765625, -0.032076
247.4619140625, 0.064994
247.491943359375, -0.039009
247.52197265625, 0.113529
247.552001953125, -0.101411
247.58203125, -0.163813
247.612060546875, -0.032076
247.64208984375, 0.03726
247.672119140625, -0.032076
247.701904296875, -0.045943
247.73193359375, -0.143012
247.761962890625, -0.018208
247.7919921875, 0.099662
247.822021484375, 0.044194
247.85205078125, 0.009526
247.882080078125, 0.078861
247.912109375, 0.023393
247.94189453125, 0.106596
247.971923828125, 0.113529
248.001953125, -0.039009
248.031982421875, -0.025142
248.06201171875, -0.094478
248.092041015625, 0.092728
248.1220703125, -0.025142
248.152099609375, 0.078861
248.181884765625, -0.122212
248.2119140625, 0.044194
248.241943359375, -0.094478
248.27197265625, -0.066743
248.302001953125, 0.016459
248.33203125, 0.120463
248.362060546875, -0.004341
248.39208984375, -0.011275
248.422119140625, -0.08061
248.451904296875, 0.044194
248.48193359375, -0.025142
248.511962890625, 0.071928
248.5419921875, 0.058061
248.572021484375, 0.002592
248.60205078125, -0.087544
248.632080078125, -0.05981
248.662109375, -0.039009
248.69189453125, -0.205414
248.721923828125, 0.002592
248.751953125, 0.113529
248.781982421875, 0.064994
248.81201171875, -0.032076
248.842041015625, -0.052876
248.8720703125, -0.011275
248.902099609375, -0.122212
248.93212890625, 0.002592
248.9619140625, 0.002592
248.991943359375, -0.149946
249.02197265625, 0.099662
249.052001953125, 0.058061
249.08203125, -0.011275
249.112060546875, 0.030326
249.14208984375, 0.058061
249.172119140625, 0.009526
249.201904296875, 0.009526
249.23193359375, -0.039009
249.261962890625, -0.108345
249.2919921875, 0.023393
249.322021484375, 0.148197
249.35205078125, 0.099662
249.382080078125, -0.094478
249.412109375, -0.018208
249.442138671875, 0.030326
249.471923828125, -0.129145
249.501953125, -0.018208
249.531982421875, 0.03726
249.56201171875, 0.120463
249.592041015625, -0.073677
249.6220703125, 0.016459
249.652099609375, 0.085795
249.68212890625, 0.196732
249.7119140625, -0.066743
249.741943359375, -0.004341
249.77197265625, 0.099662
249.802001953125, 0.009526
249.83203125, -0.025142
249.862060546875, 0.064994
249.89208984375, 0.03726
249.922119140625, 0.051127
249.951904296875, -0.087544
249.98193359375, 0.023393
250.011962890625, -0.039009
250.0419921875, 0.120463
250.072021484375, -0.08061
250.10205078125, 0.064994
250.132080078125, 0.092728
250.162109375, -0.073677
250.192138671875, 0.044194
250.221923828125, -0.108345
250.251953125, -0.101411
250.281982421875, 0.127396
250.31201171875, -0.011275
250.342041015625, -0.05981
250.3720703125, 0.085795
250.402099609375, 0.03726
250.43212890625, -0.045943
250.4619140625, 0.030326
250.491943359375, 0.113529
250.52197265625, 0.175931
250.552001953125, -0.073677
250.58203125, 0.03726
250.612060546875, 0.03726
250.64208984375, 0.106596
250.672119140625, 0.064994
250.7021484375, -0.025142
250.73193359375, 0.051127
250.761962890625, 0.03726
250.7919921875, -0.073677
250.822021484375, -0.039009
250.85205078125, -0.108345
250.882080078125, 0.13433
250.912109375, -0.025142
250.942138671875, -0.15688
250.971923828125, 0.044194
251.001953125, -0.004341
251.031982421875, 0.016459
251.06201171875, 0.092728
251.092041015625, -0.05981
251.1220703125, 0.078861
251.152099609375, -0.032076
251.18212890625, -0.032076
251.2119140625, -0.05981
251.241943359375, 0.03726
251.27197265625, -0.184614
251.302001953125, -0.052876
251.33203125, -0.087544
251.362060546875, 0.051127
251.39208984375, -0.039009
251.422119140625, -0.045943
251.4521484375, 0.064994
251.48193359375, 0.030326
251.511962890625, 0.127396
251.5419921875, 0.03726
251.572021484375, 0.217532
251.60205078125, -0.025142
251.632080078125, 0.030326
251.662109375, -0.032076
251.692138671875, 0.03726
251.721923828125, -0.032076
251.751953125, 0.071928
251.781982421875, 0.064994
251.81201171875, -0.032076
251.842041015625, 0.182865
251.8720703125, 0.009526
251.902099609375, 0.009526
251.93212890625, -0.184614
251.962158203125, 0.099662
251.991943359375, 0.002592
252.02197265625, -0.039009
252.052001953125, 0.141263
252.08203125, 0.044194
252.112060546875, 0.064994
252.14208984375, -0.025142
252.172119140625, 0.023393
252.2021484375, -0.073677
252.23193359375, 0.023393
252.261962890625, 0.078861
252.2919921875, 0.030326
252.322021484375, -0.032076
252.35205078125, -0.011275
252.382080078125, -0.05981
252.412109375, 0.023393
252.442138671875, -0.025142
252.47216796875, 0.051127
252.501953125, -0.039009
252.531982421875, 0.106596
252.56201171875, 0.162064
252.592041015625, 0.051127
252.6220703125, 0.085795
252.652099609375, 0.002592
252.68212890625, -0.004341
252.712158203125, -0.05981
252.741943359375, 0.03726
252.77197265625, 0.078861
252.802001953125, -0.004341
252.83203125, -0.045943
252.862060546875, -0.05981
252.89208984375, -0.087544
252.922119140625, 0.030326
252.9521484375, 0.064994
252.98193359375, 0.03726
253.011962890625, -0.066743
253.0419921875, -0.045943
253.072021484375, -0.039009
253.10205078125, 0.009526
253.132080078125, -0.011275
253.162109375, 0.03726
253.192138671875, 0.044194
253.22216796875, -0.045943
253.251953125, -0.05981
253.281982421875, -0.129145
253.31201171875, 0.002592
253.342041015625, -0.08061
253.3720703125, 0.002592
253.402099609375, 0.099662
253.43212890625, -0.025142
253.462158203125, -0.025142
253.491943359375, -0.073677
253.52197265625, 0.141263
253.552001953125, 0.113529
253.58203125, 0.078861
253.612060546875, 0.009526
253.64208984375, 0.002592
253.672119140625, 0.120463
253.7021484375, 0.127396
253.732177734375, -0.045943
253.761962890625, -0.136079
253.7919921875, -0.018208
253.822021484375, 0.023393
253.85205078125, -0.052876
253.882080078125, 0.002592
253.912109375, -0.039009
253.942138671875, 0.106596
253.97216796875, 0.03726
254.001953125, 0.030326
254.031982421875, -0.018208
254.06201171875, -0.08061
254.092041015625, -0.045943
254.1220703125, 0.106596
254.152099609375, -0.052876
254.18212890625, -0.087544
254.212158203125, 0.002592
254.2421875, -0.143012
254.27197265625, 0.044194
254.302001953125, -0.018208
254.33203125, -0.025142
254.362060546875, -0.011275
254.39208984375, 0.044194
254.422119140625, 0.016459
254.4521484375, -0.052876
254.482177734375, -0.052876
254.511962890625, -0.163813
254.5419921875, -0.011275
254.572021484375, -0.052876
254.60205078125, -0.018208
254.632080078125, 0.099662
254.662109375, 0.071928
254.692138671875, 0.03726
254.72216796875, 0.030326
254.751953125, -0.163813
254.781982421875, 0.023393
254.81201171875, -0.073677
254.842041015625, 0.051127
254.8720703125, -0.039009
254.902099609375, 0.044194
254.93212890625, -0.032076
254.962158203125, 0.141263
254.9921875, 0.175931
255.02197265625, 0.03726
255.052001953125, 0.058061
255.08203125, 0.051127
255.112060546875, -0.052876
255.14208984375, -0.039009
255.172119140625, -0.045943
255.2021484375, -0.101411
255.232177734375, -0.004341
255.261962890625, -0.122212
255.2919921875, 0.099662
255.322021484375, -0.039009
255.35205078125, -0.066743
255.382080078125, -0.018208
255.412109375, 0.141263
255.442138671875, 0.058061
255.47216796875, 0.085795
255.502197265625, 0.044194
255.531982421875, 0.051127
255.56201171875, -0.170747
255.592041015625, 0.071928
255.6220703125, -0.045943
255.652099609375, 0.120463
255.68212890625, -0.004341
255.712158203125, 0.002592
255.7421875, -0.004341
255.77197265625, 0.064994
255.802001953125, 0.113529
255.83203125, 0.106596
255.862060546875, 0.071928
255.89208984375, 0.058061
255.922119140625, 0.023393
255.9521484375, 0.064994
255.982177734375, 0.051127
256.011962890625, -0.115278
256.0419921875, 0.030326
256.072021484375, 0.030326
256.10205078125, -0.011275
256.132080078125, 0.148197
256.162109375, -0.025142
256.192138671875, 0.023393
256.22216796875, 0.058061
256.252197265625, 0.099662
256.281982421875, -0.08061
256.31201171875, -0.039009
256.342041015625, 0.064994
256.3720703125, -0.025142
256.402099609375, -0.032076
256.43212890625, 0.044194
256.462158203125, 0.002592
256.4921875, 0.113529
256.52197265625, 0.023393
256.552001953125, -0.011275
256.58203125, -0.032076
256.612060546875, 0.064994
256.64208984375, -0.108345
256.672119140625, 0.030326
256.7021484375, -0.115278
256.732177734375, -0.004341
256.76220703125, 0.016459
256.7919921875, 0.120463
256.822021484375, -0.066743
256.85205078125, -0.052876
256.882080078125, 0.044194
256.912109375, 0.127396
256.942138671875, -0.08061
256.97216796875, -0.115278
257.002197265625, -0.073677
257.031982421875, -0.052876
257.06201171875, 0.092728
257.092041015625, -0.018208
257.1220703125, 0.15513
257.152099609375, 0.071928
257.18212890625, 0.044194
257.212158203125, -0.039009
257.2421875, -0.032076
257.272216796875, -0.143012
257.302001953125, -0.025142
257.33203125, -0.032076
257.362060546875, 0.030326
257.39208984375, 0.058061
257.422119140625, -0.052876
257.4521484375, -0.018208
257.482177734375, 0.002592
257.51220703125, -0.004341
257.5419921875, 0.016459
257.572021484375, -0.039009
257.60205078125, -0.045943
257.632080078125, -0.094478
257.662109375, -0.05981
257.692138671875, 0.002592
257.72216796875, -0.122212
257.752197265625, -0.045943
257.781982421875, 0.016459
257.81201171875, 0.016459
257.842041015625, 0.099662
257.8720703125, -0.122212
257.902099609375, -0.018208
257.93212890625, 0.085795
257.962158203125, 0.044194
257.9921875, 0.009526
258.022216796875, -0.011275
258.052001953125, -0.018208
258.08203125, -0.032076
258.112060546875, 0.099662
258.14208984375, 0.092728
258.172119140625, -0.108345
258.2021484375, 0.058061
258.232177734375, 0.106596
258.26220703125, -0.08061
258.2919921875, 0.016459
258.322021484375, 0.106596
258.35205078125, 0.002592
258.382080078125, 0.085795
258.412109375, 0.092728
258.442138671875, 0.009526
258.47216796875, 0.051127
258.502197265625, 0.016459
258.5322265625, -0.032076
258.56201171875, 0.044194
258.592041015625, -0.052876
258.6220703125, -0.052876
258.652099609375, 0.009526
258.68212890625, 0.064994
258.712158203125, 0.023393
258.7421875, 0.127396
258.772216796875, 0.127396
258.802001953125, 0.009526
258.83203125, 0.127396
258.862060546875, -0.025142
258.89208984375, 0.051127
258.922119140625, -0.073677
258.9521484375, 0.009526
258.982177734375, -0.094478
259.01220703125, -0.122212
259.0419921875, -0.018208
259.072021484375, -0.004341
259.10205078125, -0.011275
259.132080078125, 0.03726
259.162109375, 0.016459
259.192138671875, -0.025142
259.22216796875, 0.009526
259.252197265625, -0.094478
259.2822265625, 0.009526
259.31201171875, 0.106596
259.342041015625, 0.044194
259.3720703125, 0.002592
259.402099609375, -0.101411
259.43212890625, -0.087544
259.462158203125, -0.073677
259.4921875, -0.052876
259.522216796875, -0.066743
259.552001953125, 0.071928
259.58203125, -0.039009
259.612060546875, 0.071928
259.64208984375, -0.05981
259.672119140625, 0.002592
259.7021484375, 0.071928
259.732177734375, -0.004341
259.76220703125, 0.009526
259.792236328125, 0.030326
259.822021484375, -0.045943
259.85205078125, -0.032076
259.882080078125, 0.092728
259.912109375, -0.094478
259.942138671875, -0.004341
259.97216796875, -0.066743
260.002197265625, 0.141263
260.0322265625, 0.064994
260.06201171875, 0.078861
260.092041015625, -0.032076
260.1220703125, -0.163813
260.152099609375, 0.071928
260.18212890625, 0.106596
260.212158203125, 0.016459
260.2421875, 0.058061
260.272216796875, -0.039009
260.30224609375, 0.016459
260.33203125, 0.051127
260.362060546875, -0.011275
260.39208984375, 0.148197
260.422119140625, -0.05981
260.4521484375, -0.011275
260.482177734375, -0.032076
260.51220703125, -0.018208
260.542236328125, 0.099662
260.572021484375, 0.009526
260.60205078125, 0.099662
260.632080078125, -0.05981
260.662109375, 0.023393
260.692138671875, -0.039009
260.72216796875, -0.05981
260.752197265625, -0.018208
260.7822265625, -0.004341
260.81201171875, 0.023393
260.842041015625, 0.071928
260.8720703125, 0.106596
260.902099609375, 0.016459
260.93212890625, 0.009526
260.962158203125, -0.018208
260.9921875, -0.018208
261.022216796875, 0.023393
261.05224609375, 0.030326
261.08203125, -0.018208
261.112060546875, 0.002592
261.14208984375, -0.045943
261.172119140625, -0.05981
261.2021484375, -0.05981
261.232177734375, -0.004341
261.26220703125, -0.032076
261.292236328125, 0.03726
261.322021484375, 0.064994
261.35205078125, 0.113529
261.382080078125, 0.141263
261.412109375, 0.099662
261.442138671875, 0.064994
261.47216796875, 0.099662
261.502197265625, 0.071928
261.5322265625, 0.009526
261.562255859375, 0.064994
261.592041015625, -0.094478
261.6220703125, -0.108345
261.652099609375, 0.071928
261.68212890625, 0.092728
261.712158203125, 0.071928
261.7421875, -0.032076
261.772216796875, 0.106596
261.80224609375, 0.071928
261.83203125, -0.004341
261.862060546875, 0.064994
261.89208984375, 0.03726
261.922119140625, 0.030326
261.9521484375, 0.044194
261.982177734375, -0.05981
262.01220703125, 0.044194
262.042236328125, 0.071928
262.072265625, 0.009526
262.10205078125, -0.073677
262.132080078125, -0.073677
262.162109375, -0.032076
262.192138671875, 0.078861
262.22216796875, -0.136079
262.252197265625, 0.085795
262.2822265625, 0.141263
262.312255859375, 0.113529
262.342041015625, -0.045943
262.3720703125, -0.066743
262.402099609375, -0.018208
262.43212890625, 0.064994
262.462158203125, -0.018208
262.4921875, 0.023393
262.522216796875, 0.085795
262.55224609375, 0.009526
262.58203125, -0.025142
262.612060546875, 0.058061
262.64208984375, 0.071928
262.672119140625, 0.148197
262.7021484375, 0.03726
262.732177734375, 0.009526
262.76220703125, -0.032076
262.792236328125, 0.078861
262.822265625, -0.073677
262.85205078125, 0.141263
262.882080078125, 0.064994
262.912109375, -0.045943
262.942138671875, -0.011275
262.97216796875, 0.058061
263.002197265625, -0.004341
263.0322265625, 0.113529
263.062255859375, 0.058061
263.092041015625, 0.051127
263.1220703125, 0.203665
263.152099609375, -0.066743
263.18212890625, -0.073677
263.212158203125, -0.052876
263.2421875, -0.032076
263.272216796875, -0.004341
263.30224609375, 0.044194
263.332275390625, -0.039009
263.362060546875, -0.004341
263.39208984375, 0.002592
263.422119140625, -0.039009
263.4521484375, -0.05981
263.482177734375, 0.078861
263.51220703125, 0.058061
263.542236328125, -0.05981
263.572265625, -0.052876
263.60205078125, -0.066743
263.632080078125, -0.052876
263.662109375, -0.032076
263.692138671875, 0.113529
263.72216796875, -0.129145
263.752197265625, -0.018208
263.7822265625, -0.039009
263.812255859375, 0.044194
263.842041015625, -0.08061
263.8720703125, -0.219282
263.902099609375, -0.011275
263.93212890625, -0.087544
263.962158203125, 0.023393
263.9921875, 0.085795
264.022216796875, 0.106596
264.05224609375, -0.004341
264.082275390625, -0.032076
264.112060546875, 0.030326
264.14208984375, 0.058061
264.172119140625, -0.101411
264.2021484375, -0.025142
264.232177734375, -0.066743
264.26220703125, -0.066743
264.292236328125, -0.101411
264.322265625, 0.064994
264.35205078125, 0.064994
264.382080078125, -0.032076
264.412109375, 0.058061
264.442138671875, 0.023393
264.47216796875, 0.016459
264.502197265625, 0.127396
264.5322265625, 0.120463
264.562255859375, -0.05981
264.59228515625, -0.045943
264.6220703125, -0.108345
264.652099609375, 0.03726
264.68212890625, 0.009526
264.712158203125, -0.004341
264.7421875, -0.045943
264.772216796875, 0.071928
264.80224609375, 0.092728
264.832275390625, -0.052876
264.862060546875, 0.009526
264.89208984375, 0.023393
264.922119140625, -0.066743
264.9521484375, 0.002592
264.982177734375, 0.002592
265.01220703125, 0.058061
265.042236328125, 0.15513
265.072265625, 0.085795
265.102294921875, -0.018208
265.132080078125, -0.045943
265.162109375, 0.023393
265.192138671875, -0.025142
265.22216796875, 0.016459
265.252197265625, -0.011275
265.2822265625, -0.149946
265.312255859375, 0.002592
265.34228515625, -0.115278
265.3720703125, 0.044194
265.402099609375, -0.045943
265.43212890625, -0.108345
265.462158203125, -0.108345
265.4921875, 0.030326
265.522216796875, 0.168998
265.55224609375, -0.115278
265.582275390625, 0.023393
265.612060546875, -0.066743
265.64208984375, 0.071928
265.672119140625, 0.092728
265.7021484375, 0.044194
265.732177734375, -0.219282
265.76220703125, 0.064994
265.792236328125, 0.13433
265.822265625, -0.163813
265.852294921875, -0.08061
265.882080078125, -0.025142
265.912109375, -0.052876
265.942138671875, -0.039009
265.97216796875, 0.009526
266.002197265625, -0.032076
266.0322265625, -0.011275
266.062255859375, -0.08061
266.09228515625, -0.045943
266.1220703125, 0.071928
266.152099609375, 0.058061
266.18212890625, 0.13433
266.212158203125, 0.03726
266.2421875, -0.045943
266.272216796875, 0.071928
266.30224609375, -0.087544
266.332275390625, -0.101411
266.3623046875, -0.073677
266.39208984375, 0.099662
266.422119140625, 0.175931
266.4521484375, 0.03726
266.482177734375, -0.032076
266.51220703125, 0.030326
266.542236328125, 0.002592
266.572265625, 0.099662
266.602294921875, 0.03726
266.632080078125, 0.182865
266.662109375, 0.009526
266.692138671875, 0.099662
266.72216796875, -0.115278
266.752197265625, 0.085795
266.7822265625, 0.023393
266.812255859375, -0.08061
266.84228515625, 0.085795
266.872314453125, -0.025142
266.902099609375, -0.025142
266.93212890625, 0.030326
266.962158203125, 0.002592
266.9921875, -0.05981
267.022216796875, 0.092728
267.05224609375, -0.052876
267.082275390625, 0.051127
267.1123046875, 0.064994
267.14208984375, 0.023393
267.172119140625, -0.101411
267.2021484375, 0.071928
267.232177734375, 0.092728
267.26220703125, -0.011275
267.292236328125, -0.025142
267.322265625, -0.011275
267.352294921875, -0.018208
267.382080078125, 0.071928
267.412109375, 0.016459
267.442138671875, -0.018208
267.47216796875, -0.066743
267.502197265625, -0.094478
267.5322265625, 0.002592
267.562255859375, -0.052876
267.59228515625, 0.051127
267.622314453125, 0.113529
267.652099609375, 0.092728
267.68212890625, -0.004341
267.712158203125, -0.018208
267.7421875, -0.018208
267.772216796875, 0.030326
267.80224609375, -0.149946
267.832275390625, -0.136079
267.8623046875, 0.064994
267.89208984375, -0.032076
267.922119140625, -0.025142
267.9521484375, -0.032076
267.982177734375, 0.085795
268.01220703125, 0.051127
268.042236328125, -0.108345
268.072265625, -0.052876
268.102294921875, -0.094478
268.13232421875, -0.045943
268.162109375, -0.108345
268.192138671875, -0.032076
268.22216796875, -0.039009
268.252197265625, 0.016459
268.2822265625, -0.087544
268.312255859375, 0.085795
268.34228515625, 0.085795
268.372314453125, 0.085795
268.402099609375, -0.039009
268.43212890625, -0.039009
268.462158203125, -0.039009
268.4921875, 0.148197
268.522216796875, 0.106596
268.55224609375, -0.101411
268.582275390625, -0.039009
268.6123046875, -0.05981
268.64208984375, 0.120463
268.672119140625, 0.044194
268.7021484375, 0.071928
268.732177734375, 0.064994
268.76220703125, 0.099662
268.792236328125, -0.045943
268.822265625, 0.13433
268.852294921875, 0.016459
268.88232421875, -0.032076
268.912109375, -0.108345
268.942138671875, 0.002592
268.97216796875, -0.05981
269.002197265625, 0.106596
269.0322265625, 0.058061
269.062255859375, -0.08061
269.09228515625, 0.092728
269.122314453125, -0.073677
269.152099609375, -0.087544
269.18212890625, 0.099662
269.212158203125, 0.03726
269.2421875, -0.011275
269.272216796875, 0.03726
269.30224609375, 0.113529
269.332275390625, -0.101411
269.3623046875, 0.113529
269.392333984375, 0.127396
269.422119140625, 0.064994
269.4521484375, -0.129145
269.482177734375, -0.066743
269.51220703125, 0.023393
269.542236328125, 0.002592
269.572265625, 0.044194
269.602294921875, 0.030326
269.63232421875, 0.078861
269.662109375, 0.030326
269.692138671875, 0.009526
269.72216796875, 0.058061
269.752197265625, 0.092728
269.7822265625, 0.085795
269.812255859375, 0.002592
269.84228515625, 0.044194
269.872314453125, 0.127396
269.90234375, -0.004341
269.93212890625, 0.002592
269.962158203125, -0.052876
269.9921875, 0.127396
270.022216796875, 0.002592
270.05224609375, 0.016459
270.082275390625, -0.087544
270.1123046875, 0.127396
270.142333984375, 0.002592
270.172119140625, 0.064994
270.2021484375, 0.016459
270.232177734375, -0.17768
270.26220703125, -0.08061
270.292236328125, 0.113529
270.322265625, -0.073677
270.352294921875, -0.143012
270.38232421875, -0.011275
270.412109375, 0.078861
270.442138671875, 0.071928
270.47216796875, -0.170747
270.502197265625, 0.03726
270.5322265625, 0.023393
270.562255859375, -0.122212
270.59228515625, -0.122212
270.622314453125, 0.162064
270.65234375, -0.073677
270.68212890625, 0.009526
270.712158203125, 0.051127
270.7421875, -0.149946
270.772216796875, 0.002592
270.80224609375, 0.106596
270.832275390625, 0.009526
270.8623046875, 0.044194
270.892333984375, 0.002592
270.922119140625, -0.052876
270.9521484375, -0.045943
270.982177734375, 0.044194
271.01220703125, 0.016459
271.042236328125, -0.045943
271.072265625, 0.099662
271.102294921875, 0.15513
271.13232421875, -0.101411
271.162353515625, -0.039009
271.192138671875, 0.044194
271.22216796875, -0.05981
271.252197265625, -0.004341
271.2822265625, -0.05981
271.312255859375, -0.032076
271.34228515625, 0.023393
271.372314453125, -0.018208
271.40234375, -0.011275
271.43212890625, 0.023393
271.462158203125, 0.210599
271.4921875, -0.025142
271.522216796875, 0.002592
271.55224609375, -0.052876
271.582275390625, -0.004341
271.6123046875, -0.004341
271.642333984375, 0.071928
271.672119140625, 0.002592
271.7021484375, 0.078861
271.732177734375, -0.011275
271.76220703125, 0.13433
271.792236328125, -0.025142
271.822265625, 0.078861
271.852294921875, 0.064994
271.88232421875, 0.058061
271.912353515625, 0.023393
271.942138671875, 0.023393
271.97216796875, 0.03726
272.002197265625, -0.05981
272.0322265625, -0.094478
272.062255859375, -0.032076
272.09228515625, 0.023393
272.122314453125, 0.023393
272.15234375, -0.05981
272.18212890625, 0.099662
272.212158203125, 0.051127
272.2421875, -0.108345
272.272216796875, 0.002592
272.30224609375, -0.045943
272.332275390625, -0.129145
272.3623046875, -0.032076
272.392333984375, -0.025142
272.42236328125, 0.002592
272.4521484375, 0.071928
272.482177734375, 0.002592
272.51220703125, 0.002592
272.542236328125, 0.016459
272.572265625, 0.030326
272.602294921875, -0.05981
272.63232421875, -0.004341
272.662353515625, 0.064994
272.692138671875, -0.039009
272.72216796875, -0.039009
272.752197265625, 0.03726
272.7822265625, -0.011275
272.812255859375, 0.120463
272.84228515625, 0.078861
272.872314453125, 0.099662
272.90234375, 0.03726
272.932373046875, 0.023393
272.962158203125, 0.182865
272.9921875, -0.052876
273.022216796875, 0.168998
273.05224609375, -0.039009
273.082275390625, 0.009526
273.1123046875, 0.030326
273.142333984375, -0.08061
273.17236328125, 0.009526
273.2021484375, -0.045943
273.232177734375, 0.002592
273.26220703125, 0.030326
273.292236328125, -0.066743
273.322265625, 0.127396
273.352294921875, -0.004341
273.38232421875, 0.03726
273.412353515625, -0.122212
273.442138671875, 0.023393
273.47216796875, -0.045943
273.502197265625, 0.085795
273.5322265625, 0.162064
273.562255859375, 0.03726
273.59228515625, 0.03726
273.622314453125, -0.073677
273.65234375, -0.025142
273.682373046875, 0.009526
273.712158203125, 0.085795
273.7421875, 0.03726
273.772216796875, -0.094478
273.80224609375, -0.025142
273.832275390625, -0.004341
273.8623046875, -0.129145
273.892333984375, 0.051127
273.92236328125, -0.129145
273.9521484375, 0.058061
273.982177734375, 0.051127
274.01220703125, -0.205414
274.042236328125, 0.023393
274.072265625, 0.051127
274.102294921875, 0.113529
274.13232421875, 0.078861
274.162353515625, 0.016459
274.1923828125, 0.148197
274.22216796875, 0.051127
274.252197265625, -0.011275
274.2822265625, 0.03726
274.312255859375, -0.004341
274.34228515625, -0.115278
274.372314453125, 0.016459
274.40234375, 0.13433
274.432373046875, 0.064994
274.462158203125, 0.009526
274.4921875, 0.03726
274.522216796875, -0.032076
274.55224609375, -0.08061
274.582275390625, 0.064994
274.6123046875, -0.108345
274.642333984375, -0.108345
274.67236328125, -0.052876
274.702392578125, 0.113529
274.732177734375, 0.120463
274.76220703125, 0.044194
274.792236328125, -0.025142
274.822265625, -0.094478
274.852294921875, 0.044194
274.88232421875, 0.064994
274.912353515625, -0.08061
274.9423828125, 0.009526
274.97216796875, 0.071928
275.002197265625, -0.08061
275.0322265625, 0.071928
275.062255859375, -0.143012
275.09228515625, 0.106596
275.122314453125, -0.045943
275.15234375, 0.009526
275.182373046875, -0.087544
275.212158203125, 0.085795
275.2421875, -0.025142
275.272216796875, 0.03726
275.30224609375, -0.149946
275.332275390625, 0.106596
275.3623046875, -0.101411
275.392333984375, -0.087544
275.42236328125, 0.002592
275.452392578125, -0.039009
275.482177734375, 0.009526
275.51220703125, -0.025142
275.542236328125, 0.030326
275.572265625, 0.009526
275.602294921875, -0.108345
275.63232421875, 0.030326
275.662353515625, 0.078861
275.6923828125, -0.032076
275.72216796875, 0.064994
275.752197265625, -0.149946
275.7822265625, -0.122212
275.812255859375, 0.058061
275.84228515625, 0.009526
275.872314453125, 0.051127
275.90234375, -0.032076
275.932373046875, 0.009526
275.96240234375, 0.106596
275.9921875, 0.009526
276.022216796875, -0.136079
276.05224609375, -0.018208
276.082275390625, 0.141263
276.1123046875, 0.002592
276.142333984375, -0.08061
276.17236328125, -0.011275
276.202392578125, 0.009526
276.232177734375, -0.025142
276.26220703125, 0.023393
276.292236328125, 0.016459
276.322265625, 0.03726
276.352294921875, -0.018208
276.38232421875, -0.087544
276.412353515625, -0.101411
276.4423828125, -0.05981
276.47216796875, -0.122212
276.502197265625, 0.13433
276.5322265625, -0.073677
276.562255859375, 0.078861
276.59228515625, 0.009526
276.622314453125, 0.058061
276.65234375, -0.143012
276.682373046875, 0.071928
276.71240234375, -0.073677
276.7421875, -0.045943
276.772216796875, 0.044194
276.80224609375, -0.136079
276.832275390625, -0.08061
276.8623046875, 0.162064
276.892333984375, 0.092728
276.92236328125, -0.08061
276.952392578125, 0.023393
276.982177734375, -0.170747
277.01220703125, -0.045943
277.042236328125, 0.078861
277.072265625, 0.085795
277.102294921875, 0.009526
277.13232421875, 0.016459
277.162353515625, -0.011275
277.1923828125, 0.085795
277.222412109375, 0.044194
277.252197265625, -0.253949
277.2822265625, 0.03726
277.312255859375, 0.120463
277.34228515625, -0.122212
277.372314453125, 0.03726
277.40234375, -0.025142
277.432373046875, 0.044194
277.46240234375, 0.023393
277.4921875, 0.03726
277.522216796875, -0.039009
277.55224609375, 0.009526
277.582275390625, -0.045943
277.6123046875, 0.044194
277.642333984375, 0.044194
277.67236328125, 0.044194
277.702392578125, -0.073677
277.732421875, 0.016459
277.76220703125, -0.032076
277.792236328125, 0.016459
277.822265625, 0.016459
277.852294921875, -0.018208
277.88232421875, -0.004341
277.912353515625, 0.099662
277.9423828125, 0.113529
277.972412109375, -0.032076
278.002197265625, 0.168998
278.0322265625, -0.115278
278.062255859375, -0.101411
278.09228515625, -0.004341
278.122314453125, -0.115278
278.15234375, 0.078861
278.182373046875, -0.122212
278.21240234375, -0.004341
278.2421875, -0.025142
278.272216796875, -0.039009
278.30224609375, -0.191547
278.332275390625, -0.018208
278.3623046875, 0.051127
278.392333984375, -0.066743
278.42236328125, -0.08061
278.452392578125, 0.120463
278.482421875, 0.030326
278.51220703125, -0.101411
278.542236328125, 0.009526
278.572265625, -0.101411
278.602294921875, -0.045943
278.63232421875, -0.073677
278.662353515625, -0.039009
278.6923828125, -0.011275
278.722412109375, 0.182865
278.752197265625, 0.009526
278.7822265625, 0.051127
278.812255859375, 0.106596
278.84228515625, 0.002592
278.872314453125, 0.099662
278.90234375, 0.15513
278.932373046875, 0.085795
278.96240234375, 0.113529
278.992431640625, -0.032076
279.022216796875, -0.073677
279.05224609375, 0.030326
279.082275390625, -0.025142
279.1123046875, -0.052876
279.142333984375, 0.051127
279.17236328125, -0.004341
279.202392578125, -0.018208
279.232421875, -0.045943
279.26220703125, 0.13433
279.292236328125, 0.092728
279.322265625, -0.115278
279.352294921875, -0.115278
279.38232421875, -0.087544
279.412353515625, -0.032076
279.4423828125, 0.023393
279.472412109375, 0.071928
279.502197265625, 0.092728
279.5322265625, -0.129145
279.562255859375, 0.120463
279.59228515625, -0.073677
279.622314453125, 0.071928
279.65234375, 0.002592
279.682373046875, -0.004341
279.71240234375, 0.002592
279.742431640625, 0.016459
279.772216796875, 0.13433
279.80224609375, 0.023393
279.832275390625, 0.058061
279.8623046875, -0.032076
279.892333984375, 0.078861
279.92236328125, -0.08061
279.952392578125, -0.018208
279.982421875, -0.018208
280.01220703125, 0.078861
280.042236328125, -0.011275
280.072265625, -0.052876
280.102294921875, -0.032076
280.13232421875, 0.016459
280.162353515625, 0.071928
280.1923828125, 0.009526
280.222412109375, -0.066743
280.25244140625, -0.011275
280.2822265625, -0.011275
280.312255859375, 0.051127
280.34228515625, 0.058061
280.372314453125, 0.044194
280.40234375, 0.030326
280.432373046875, 0.002592
280.46240234375, 0.064994
280.492431640625, 0.002592
280.522216796875, -0.115278
280.55224609375, -0.115278
280.582275390625, 0.030326
280.6123046875, 0.044194
280.642333984375, 0.092728
280.67236328125, -0.045943
280.702392578125, -0.108345
280.732421875, 0.058061
280.762451171875, -0.094478
280.792236328125, -0.094478
280.822265625, 0.141263
280.852294921875, 0.030326
280.88232421875, -0.08061
280.912353515625, 0.030326
280.9423828125, 0.002592
280.972412109375, 0.023393
281.00244140625, -0.073677
281.0322265625, -0.08061
281.062255859375, 0.148197
281.09228515625, -0.032076
281.122314453125, 0.044194
281.15234375, -0.17768
281.182373046875, 0.141263
281.21240234375, -0.025142
281.242431640625, 0.064994
281.272216796875, 0.092728
281.30224609375, -0.149946
281.332275390625, 0.03726
281.3623046875, 0.092728
281.392333984375, 0.023393
281.42236328125, -0.136079
281.452392578125, -0.004341
281.482421875, 0.058061
281.512451171875, -0.039009
281.542236328125, 0.044194
281.572265625, -0.066743
281.602294921875, -0.115278
281.63232421875, -0.004341
281.662353515625, 0.002592
281.6923828125, -0.018208
281.722412109375, 0.058061
281.75244140625, -0.045943
281.7822265625, -0.066743
281.812255859375, 0.106596
281.84228515625, -0.032076
281.872314453125, -0.066743
281.90234375, -0.073677
281.932373046875, 0.064994
281.96240234375, -0.101411
281.992431640625, 0.044194
282.0224609375, 0.071928
282.05224609375, -0.011275
282.082275390625, 0.030326
282.1123046875, 0.03726
282.142333984375, 0.058061
282.17236328125, -0.136079
282.202392578125, 0.058061
282.232421875, 0.064994
282.262451171875, 0.085795
282.292236328125, -0.08061
282.322265625, -0.025142
282.352294921875, -0.011275
282.38232421875, -0.025142
282.412353515625, -0.025142
282.4423828125, -0.073677
282.472412109375, 0.002592
282.50244140625, -0.129145
282.532470703125, 0.016459
282.562255859375, -0.018208
282.59228515625, 0.058061
282.622314453125, -0.170747
282.65234375, 0.141263
282.682373046875, -0.011275
282.71240234375, 0.030326
282.742431640625, -0.066743
282.7724609375, -0.018208
282.80224609375, 0.120463
282.832275390625, 0.009526
282.8623046875, -0.052876
282.892333984375, -0.066743
282.92236328125, 0.078861
282.952392578125, 0.058061
282.982421875, 0.016459
283.012451171875, -0.073677
283.042236328125, 0.023393
283.072265625, -0.039009
283.102294921875, 0.162064
283.13232421875, -0.004341
283.162353515625, 0.078861
283.1923828125, 0.002592
283.222412109375, 0.03726
283.25244140625, 0.148197
283.282470703125, 0.023393
283.312255859375, -0.039009
283.34228515625, -0.136079
283.372314453125, 0.002592
283.40234375, -0.011275
283.432373046875, -0.122212
283.46240234375, -0.143012
283.492431640625, 0.044194
283.5224609375, -0.032076
283.55224609375, -0.052876
283.582275390625, -0.025142
283.6123046875, -0.101411
283.642333984375, 0.044194
283.67236328125, -0.073677
283.702392578125, -0.032076
283.732421875, -0.108345
283.762451171875, -0.011275
283.79248046875, 0.099662
283.822265625, -0.039009
283.852294921875, -0.011275
283.88232421875, -0.115278
283.912353515625, 0.058061
283.9423828125, 0.148197
283.972412109375, -0.004341
284.00244140625, 0.106596
284.032470703125, -0.025142
284.062255859375, -0.039009
284.09228515625, 0.002592
284.122314453125, -0.05981
284.15234375, 0.106596
284.182373046875, 0.175931
284.21240234375, -0.018208
284.242431640625, 0.002592
284.2724609375, -0.136079
284.30224609375, -0.136079
284.332275390625, -0.087544
284.3623046875, 0.078861
284.392333984375, 0.051127
284.42236328125, 0.13433
284.452392578125, -0.045943
284.482421875, 0.009526
284.512451171875, -0.025142
284.54248046875, -0.018208
284.572265625, 0.009526
284.602294921875, -0.073677
284.63232421875, 0.023393
284.662353515625, 0.071928
284.6923828125, 0.168998
284.722412109375, 0.106596
284.75244140625, 0.078861
284.782470703125, -0.039009
284.812255859375, 0.002592
284.84228515625, 0.044194
284.872314453125, 0.064994
284.90234375, 0.023393
284.932373046875, -0.011275
284.96240234375, -0.018208
284.992431640625, -0.025142
285.0224609375, -0.094478
285.052490234375, -0.066743
285.082275390625, 0.044194
285.1123046875, 0.141263
285.142333984375, 0.064994
285.17236328125, 0.078861
285.202392578125, -0.052876
285.232421875, -0.052876
285.262451171875, -0.045943
285.29248046875, 0.009526
285.322265625, -0.108345
285.352294921875, 0.030326
285.38232421875, 0.058061
285.412353515625, -0.032076
285.4423828125, -0.018208
285.472412109375, -0.087544
285.50244140625, -0.004341
285.532470703125, 0.051127
285.5625, -0.032076
285.59228515625, 0.148197
285.622314453125, 0.002592
285.65234375, 0.113529
285.682373046875, 0.03726
285.71240234375, -0.066743
285.742431640625, 0.016459
285.7724609375, 0.023393
285.802490234375, -0.045943
285.832275390625, -0.115278
285.8623046875, 0.051127
285.892333984375, 0.03726
285.92236328125, 0.064994
285.952392578125, 0.064994
285.982421875, -0.115278
286.012451171875, 0.023393
286.04248046875, 0.078861
286.072265625, -0.018208
286.102294921875, 0.120463
286.13232421875, -0.018208
286.162353515625, 0.051127
286.1923828125, -0.011275
286.222412109375, 0.106596
286.25244140625, -0.066743
286.282470703125, -0.05981
286.3125, -0.108345
286.34228515625, -0.045943
286.372314453125, -0.039009
286.40234375, 0.13433
286.432373046875, 0.009526
286.46240234375, -0.15688
286.492431640625, 0.009526
286.5224609375, -0.073677
286.552490234375, -0.122212
286.582275390625, -0.066743
286.6123046875, 0.113529
286.642333984375, -0.018208
286.67236328125, -0.011275
286.702392578125, -0.018208
286.732421875, -0.025142
286.762451171875, 0.023393
286.79248046875, 0.162064
286.822509765625, 0.002592
286.852294921875, 0.051127
286.88232421875, 0.023393
286.912353515625, -0.129145
286.9423828125, -0.011275
286.972412109375, 0.162064
287.00244140625, 0.044194
287.032470703125, 0.071928
287.0625, 0.13433
287.09228515625, 0.002592
287.122314453125, 0.106596
287.15234375, 0.092728
287.182373046875, -0.17768
287.21240234375, 0.085795
287.242431640625, -0.004341
287.2724609375, -0.066743
287.302490234375, -0.039009
287.332275390625, 0.016459
287.3623046875, -0.011275
287.392333984375, -0.094478
287.42236328125, -0.011275
287.452392578125, -0.018208
287.482421875, -0.025142
287.512451171875, -0.039009
287.54248046875, 0.002592
287.572509765625, 0.113529
287.602294921875, -0.108345
287.63232421875, 0.051127
287.662353515625, -0.045943
287.6923828125, -0.039009
287.722412109375, 0.03726
287.75244140625, 0.023393
287.782470703125, 0.002592
287.8125, 0.03726
287.84228515625, 0.099662
287.872314453125, 0.002592
287.90234375, -0.032076
287.932373046875, -0.136079
287.96240234375, 0.099662
287.992431640625, -0.039009
288.0224609375, -0.025142
288.052490234375, 0.016459
288.08251953125, -0.004341
288.1123046875, 0.071928
288.142333984375, 0.078861
288.17236328125, 0.030326
288.202392578125, 0.016459
288.232421875, -0.032076
288.262451171875, 0.13433
288.29248046875, -0.025142
288.322509765625, -0.087544
288.352294921875, -0.025142
288.38232421875, 0.078861
288.412353515625, -0.004341
288.4423828125, -0.05981
288.472412109375, -0.066743
288.50244140625, -0.170747
288.532470703125, -0.149946
288.5625, -0.032076
288.592529296875, -0.018208
288.622314453125, 0.030326
288.65234375, -0.045943
288.682373046875, 0.044194
288.71240234375, 0.023393
288.742431640625, -0.045943
288.7724609375, 0.099662
288.802490234375, 0.044194
288.83251953125, 0.092728
288.8623046875, 0.092728
288.892333984375, -0.05981
288.92236328125, 0.085795
288.952392578125, 0.071928
288.982421875, 0.064994
289.012451171875, -0.08061
289.04248046875, -0.025142
289.072509765625, 0.030326
289.102294921875, 0.127396
289.13232421875, 0.030326
289.162353515625, 0.113529
289.1923828125, 0.064994
289.222412109375, 0.058061
289.25244140625, -0.045943
289.282470703125, -0.045943
289.3125, -0.039009
289.342529296875, -0.052876
289.372314453125, -0.004341
289.40234375, 0.002592
289.432373046875, 0.085795
289.46240234375, 0.016459
289.492431640625, -0.004341
289.5224609375, -0.066743
289.552490234375, 0.099662
289.58251953125, 0.044194
289.6123046875, 0.058061
289.642333984375, 0.113529
289.67236328125, 0.009526
289.702392578125, -0.045943
289.732421875, 0.071928
289.762451171875, 0.009526
289.79248046875, 0.002592
289.822509765625, 0.085795
289.8525390625, -0.045943
289.88232421875, 0.058061
289.912353515625, -0.05981
289.9423828125, -0.149946
289.972412109375, 0.058061
290.00244140625, -0.05981
290.032470703125, 0.106596
290.0625, -0.004341
290.092529296875, 0.092728
290.122314453125, -0.05981
290.15234375, -0.032076
290.182373046875, 0.064994
290.21240234375, 0.002592
290.242431640625, -0.052876
290.2724609375, -0.073677
290.302490234375, 0.03726
290.33251953125, -0.115278
290.362548828125, -0.101411
290.392333984375, 0.03726
290.42236328125, -0.052876
290.452392578125, 0.064994
290.482421875, 0.051127
290.512451171875, 0.071928
290.54248046875, -0.108345
290.572509765625, 0.051127
290.6025390625, 0.078861
290.63232421875, -0.136079
290.662353515625, -0.073677
290.6923828125, 0.120463
290.722412109375, -0.039009
290.75244140625, -0.004341
290.782470703125, -0.039009
290.8125, -0.073677
290.842529296875, 0.058061
290.872314453125, -0.011275
290.90234375, -0.004341
290.932373046875, 0.071928
290.96240234375, 0.092728
290.992431640625, -0.018208
291.0224609375, 0.023393
291.052490234375, -0.05981
291.08251953125, 0.058061
291.112548828125, 0.064994
291.142333984375, -0.032076
291.17236328125, 0.030326
291.202392578125, 0.085795
291.232421875, 0.051127
291.262451171875, -0.018208
291.29248046875, -0.066743
291.322509765625, -0.011275
291.3525390625, 0.002592
291.38232421875, -0.087544
291.412353515625, 0.13433
291.4423828125, -0.045943
291.472412109375, 0.009526
291.50244140625, -0.08061
291.532470703125, -0.032076
291.5625, 0.064994
291.592529296875, -0.004341
291.62255859375, 0.002592
291.65234375, 0.002592
291.682373046875, -0.025142
291.71240234375, -0.066743
291.742431640625, -0.205414
291.7724609375, 0.058061
291.802490234375, -0.039009
291.83251953125, -0.191547
291.862548828125, 0.002592
291.892333984375, 0.002592
291.92236328125, 0.148197
291.952392578125, -0.004341
291.982421875, 0.030326
292.012451171875, 0.002592
292.04248046875, 0.078861
292.072509765625, -0.004341
292.1025390625, 0.002592
292.13232421875, -0.004341
292.162353515625, 0.071928
292.1923828125, 0.016459
292.222412109375, 0.085795
292.25244140625, 0.085795
292.282470703125, 0.016459
292.3125, 0.120463
292.342529296875, -0.115278
292.37255859375, -0.052876
292.40234375, 0.058061
292.432373046875, 0.002592
292.46240234375, -0.011275
292.492431640625, 0.044194
292.5224609375, -0.066743
292.552490234375, 0.064994
292.58251953125, 0.016459
292.612548828125, -0.052876
292.642333984375, -0.052876
292.67236328125, 0.044194
292.702392578125, -0.052876
292.732421875, -0.073677
292.762451171875, -0.073677
292.79248046875, -0.039009
292.822509765625, 0.058061
292.8525390625, 0.217532
292.882568359375, 0.009526
292.912353515625, 0.092728
292.9423828125, -0.073677
292.972412109375, -0.108345
293.00244140625, -0.018208
293.032470703125, 0.078861
293.0625, 0.051127
293.092529296875, -0.08061
293.12255859375, -0.018208
293.15234375, 0.238333
293.182373046875, 0.064994
293.21240234375, 0.051127
293.242431640625, 0.016459
293.2724609375, 0.058061
293.302490234375, 0.092728
293.33251953125, 0.051127
293.362548828125, -0.052876
293.392578125, -0.025142
293.42236328125, 0.002592
293.452392578125, -0.052876
293.482421875, 0.078861
293.512451171875, 0.071928
293.54248046875, -0.011275
293.572509765625, 0.016459
293.6025390625, -0.018208
293.632568359375, 0.044194
293.662353515625, 0.064994
293.6923828125, 0.13433
293.722412109375, -0.122212
293.75244140625, -0.032076
293.782470703125, 0.023393
293.8125, -0.032076
293.842529296875, -0.011275
293.87255859375, -0.108345
293.90234375, -0.039009
293.932373046875, 0.051127
293.96240234375, 0.002592
293.992431640625, 0.023393
294.0224609375, 0.023393
294.052490234375, 0.113529
294.08251953125, 0.113529
294.112548828125, -0.039009
294.142578125, 0.03726
294.17236328125, 0.078861
294.202392578125, 0.092728
294.232421875, 0.016459
294.262451171875, 0.016459
294.29248046875, -0.094478
294.322509765625, -0.045943
294.3525390625, 0.168998
294.382568359375, -0.05981
294.412353515625, -0.115278
294.4423828125, -0.039009
294.472412109375, -0.205414
294.50244140625, 0.078861
294.532470703125, 0.092728
294.5625, -0.108345
294.592529296875, -0.101411
294.62255859375, -0.066743
294.652587890625, -0.045943
294.682373046875, 0.085795
294.71240234375, -0.025142
294.742431640625, -0.025142
294.7724609375, 0.044194
294.802490234375, 0.044194
294.83251953125, 0.064994
294.862548828125, -0.052876
294.892578125, 0.03726
294.92236328125, 0.030326
294.952392578125, -0.032076
294.982421875, -0.05981
295.012451171875, -0.004341
295.04248046875, 0.085795
295.072509765625, 0.099662
295.1025390625, 0.016459
295.132568359375, -0.004341
295.162353515625, -0.004341
295.1923828125, 0.071928
295.222412109375, 0.002592
295.25244140625, 0.002592
295.282470703125, -0.011275
295.3125, 0.009526
295.342529296875, -0.108345
295.37255859375, 0.058061
295.402587890625, -0.129145
295.432373046875, -0.087544
295.46240234375, 0.058061
295.492431640625, 0.120463
295.5224609375, -0.025142
295.552490234375, 0.016459
295.58251953125, 0.148197
295.612548828125, -0.08061
295.642578125, 0.078861
295.67236328125, -0.032076
295.702392578125, -0.018208
295.732421875, 0.030326
295.762451171875, -0.032076
295.79248046875, -0.025142
295.822509765625, 0.03726
295.8525390625, -0.129145
295.882568359375, -0.045943
295.91259765625, -0.004341
295.9423828125, 0.071928
295.972412109375, -0.045943
296.00244140625, -0.011275
296.032470703125, 0.092728
296.0625, -0.011275
296.092529296875, 0.058061
296.12255859375, 0.064994
296.152587890625, 0.058061
296.182373046875, 0.217532
296.21240234375, -0.05981
296.242431640625, 0.051127
296.2724609375, -0.045943
296.302490234375, -0.052876
296.33251953125, -0.018208
296.362548828125, 0.078861
296.392578125, 0.058061
296.422607421875, 0.058061
296.452392578125, 0.099662
296.482421875, -0.08061
296.512451171875, 0.085795
296.54248046875, -0.108345
296.572509765625, 0.099662
296.6025390625, 0.13433
296.632568359375, -0.018208
296.66259765625, 0.023393
296.6923828125, 0.078861
296.722412109375, -0.018208
296.75244140625, 0.051127
296.782470703125, -0.122212
296.8125, -0.087544
296.842529296875, -0.025142
296.87255859375, 0.141263
296.902587890625, 0.051127
296.932373046875, -0.025142
296.96240234375, -0.018208
296.992431640625, -0.032076
297.0224609375, 0.085795
297.052490234375, 0.13433
297.08251953125, 0.071928
297.112548828125, 0.106596
297.142578125, -0.066743
297.172607421875, -0.004341
297.202392578125, 0.03726
297.232421875, 0.106596
297.262451171875, 0.085795
297.29248046875, 0.071928
297.322509765625, 0.071928
297.3525390625, 0.058061
297.382568359375, -0.045943
297.41259765625, -0.066743
297.4423828125, 0.058061
297.472412109375, -0.08061
297.50244140625, 0.009526
297.532470703125, 0.051127
297.5625, -0.025142
297.592529296875, 0.016459
297.62255859375, 0.051127
297.652587890625, 0.148197
297.6826171875, 0.092728
297.71240234375, 0.141263
297.742431640625, -0.018208
297.7724609375, 0.044194
297.802490234375, 0.044194
297.83251953125, -0.122212
297.862548828125, 0.023393
297.892578125, 0.03726
297.922607421875, -0.115278
297.952392578125, -0.122212
297.982421875, -0.05981
298.012451171875, -0.08061
298.04248046875, 0.064994
298.072509765625, 0.092728
298.1025390625, 0.023393
298.132568359375, 0.141263
298.16259765625, -0.004341
298.192626953125, -0.094478
298.222412109375, 0.175931
298.25244140625, -0.122212
298.282470703125, 0.106596
298.3125, 0.15513
298.342529296875, -0.05981
298.37255859375, 0.092728
298.402587890625, -0.004341
298.4326171875, 0.071928
298.46240234375, -0.004341
298.492431640625, 0.044194
298.5224609375, -0.004341
298.552490234375, 0.064994
298.58251953125, -0.122212
298.612548828125, 0.016459
298.642578125, 0.030326
298.672607421875, -0.045943
298.702392578125, 0.071928
298.732421875, 0.044194
298.762451171875, 0.051127
298.79248046875, 0.016459
298.822509765625, 0.085795
298.8525390625, -0.011275
298.882568359375, -0.018208
298.91259765625, -0.05981
298.942626953125, 0.03726
298.972412109375, 0.106596
299.00244140625, -0.039009
299.032470703125, 0.03726
299.0625, 0.002592
299.092529296875, 0.127396
299.12255859375, 0.092728
299.152587890625, 0.175931
299.1826171875, -0.025142
299.21240234375, -0.052876
299.242431640625, 0.113529
299.2724609375, -0.136079
299.302490234375, -0.039009
299.33251953125, -0.025142
299.362548828125, -0.004341
299.392578125, 0.127396
299.422607421875, 0.189798
299.45263671875, -0.122212
299.482421875, 0.016459
299.512451171875, 0.051127
299.54248046875, 0.078861
299.572509765625, 0.078861
299.6025390625, 0.03726
299.632568359375, -0.025142
299.66259765625, 0.148197
299.692626953125, 0.002592
299.722412109375, -0.018208
299.75244140625, -0.170747
299.782470703125, -0.094478
299.8125, 0.141263
299.842529296875, -0.039009
299.87255859375, -0.212348
299.902587890625, -0.045943
299.9326171875, 0.016459
299.96240234375, 0.085795
299.992431640625, 0.016459
300.0224609375, -0.032076
300.052490234375, 0.023393
300.08251953125, -0.045943
300.112548828125, 0.023393
300.142578125, 0.023393
300.172607421875, 0.03726
300.20263671875, 0.044194
300.232421875, -0.039009
300.262451171875, -0.004341
300.29248046875, -0.039009
300.322509765625, 0.106596
300.3525390625, 0.064994
300.382568359375, 0.002592
300.41259765625, -0.004341
300.442626953125, -0.073677
300.472412109375, -0.115278
300.50244140625, -0.143012
300.532470703125, 0.085795
300.5625, -0.011275
300.592529296875, 0.064994
300.62255859375, 0.009526
300.652587890625, -0.094478
300.6826171875, 0.03726
300.712646484375, 0.058061
300.742431640625, 0.058061
300.7724609375, -0.143012
300.802490234375, 0.009526
300.83251953125, 0.002592
300.862548828125, 0.162064
300.892578125, -0.052876
300.922607421875, 0.113529
300.95263671875, 0.058061
300.982421875, 0.099662
301.012451171875, 0.078861
301.04248046875, -0.018208
301.072509765625, 0.058061
301.1025390625, 0.023393
301.132568359375, 0.002592
301.16259765625, -0.011275
301.192626953125, -0.066743
301.22265625, -0.129145
301.25244140625, 0.030326
301.282470703125, 0.092728
301.3125, 0.071928
301.342529296875, -0.066743
301.37255859375, 0.051127
301.402587890625, 0.016459
301.4326171875, 0.085795
301.462646484375, 0.106596
301.492431640625, -0.108345
301.5224609375, -0.011275
301.552490234375, 0.078861
301.58251953125, 0.106596
301.612548828125, 0.044194
301.642578125, 0.058061
301.672607421875, -0.032076
301.70263671875, -0.073677
301.732421875, -0.039009
301.762451171875, -0.094478
301.79248046875, 0.099662
301.822509765625, 0.071928
301.8525390625, 0.051127
301.882568359375, 0.064994
301.91259765625, -0.073677
301.942626953125, 0.03726
301.97265625, -0.115278
302.00244140625, -0.032076
302.032470703125, 0.051127
302.0625, 0.078861
302.092529296875, 0.009526
302.12255859375, -0.011275
302.152587890625, 0.023393
302.1826171875, -0.122212
302.212646484375, 0.189798
302.242431640625, 0.044194
302.2724609375, 0.016459
302.302490234375, -0.018208
302.33251953125, 0.030326
302.362548828125, 0.016459
302.392578125, -0.253949
302.422607421875, -0.05981
302.45263671875, -0.039009
302.482666015625, 0.030326
302.512451171875, 0.092728
302.54248046875, 0.078861
302.572509765625, -0.066743
302.6025390625, 0.002592
302.632568359375, 0.064994
302.66259765625, 0.030326
302.692626953125, 0.196732
302.72265625, 0.03726
302.75244140625, 0.113529
302.782470703125, 0.099662
302.8125, 0.113529
302.842529296875, -0.025142
302.87255859375, 0.002592
302.902587890625, 0.030326
302.9326171875, 0.051127
302.962646484375, 0.051127
302.992431640625, 0.016459
303.0224609375, -0.039009
303.052490234375, 0.078861
303.08251953125, -0.025142
303.112548828125, 0.127396
303.142578125, 0.13433
303.172607421875, 0.092728
303.20263671875, 0.273001
303.232666015625, 0.016459
303.262451171875, -0.15688
303.29248046875, 0.009526
303.322509765625, 0.03726
303.3525390625, -0.094478
303.382568359375, 0.03726
303.41259765625, 0.002592
303.442626953125, -0.025142
303.47265625, -0.032076
303.50244140625, -0.191547
303.532470703125, -0.08061
303.5625, -0.039009
303.592529296875, -0.05981
303.62255859375, -0.129145
303.652587890625, 0.078861
303.6826171875, -0.073677
303.712646484375, 0.016459
303.74267578125, 0.016459
303.7724609375, -0.011275
303.802490234375, -0.011275
303.83251953125, -0.025142
303.862548828125, -0.032076
303.892578125, 0.044194
303.922607421875, -0.108345
303.95263671875, -0.025142
303.982666015625, -0.05981
304.012451171875, -0.039009
304.04248046875, -0.018208
304.072509765625, -0.052876
304.1025390625, -0.052876
304.132568359375, -0.05981
304.16259765625, 0.051127
304.192626953125, 0.002592
304.22265625, 0.071928
304.252685546875, -0.032076
304.282470703125, 0.002592
304.3125, -0.087544
304.342529296875, 0.023393
304.37255859375, 0.009526
304.402587890625, -0.032076
304.4326171875, 0.141263
304.462646484375, 0.113529
304.49267578125, -0.045943
304.5224609375, -0.004341
304.552490234375, 0.064994
304.58251953125, 0.023393
304.612548828125, 0.009526
304.642578125, 0.03726
304.672607421875, 0.15513
304.70263671875, 0.106596
304.732666015625, -0.018208
304.762451171875, 0.085795
304.79248046875, 0.044194
304.822509765625, 0.099662
304.8525390625, -0.032076
304.882568359375, -0.039009
304.91259765625, 0.064994
304.942626953125, -0.004341
304.9677734375, -0.052876
304.997802734375, -0.073677
305.02783203125, -0.045943
305.057861328125, 0.03726
305.087890625, -0.087544
305.11767578125, 0.002592
305.147705078125, 0.016459
305.177734375, 0.03726
305.207763671875, -0.052876
305.23779296875, 0.023393
305.267822265625, 0.002592
305.2978515625, -0.066743
305.327880859375, 0.058061
305.357666015625, 0.009526
305.3876953125, 0.044194
305.417724609375, -0.018208
305.44775390625, 0.044194
305.477783203125, -0.004341
305.5078125, 0.182865
305.537841796875, 0.106596
305.56787109375, -0.011275
305.597900390625, 0.071928
305.627685546875, 0.085795
305.65771484375, -0.129145
305.687744140625, -0.011275
305.7177734375, 0.127396
305.747802734375, -0.039009
305.77783203125, -0.129145
305.807861328125, -0.025142
305.837890625, 0.051127
305.86767578125, -0.045943
305.897705078125, 0.044194
305.927734375, 0.023393
305.957763671875, -0.073677
305.98779296875, -0.039009
306.017822265625, -0.025142
306.0478515625, -0.032076
306.077880859375, 0.085795
306.107666015625, 0.016459
306.1376953125, 0.030326
306.167724609375, 0.106596
306.19775390625, 0.044194
306.227783203125, 0.162064
306.2578125, 0.002592
306.287841796875, 0.044194
306.31787109375, 0.058061
306.347900390625, -0.011275
306.377685546875, -0.129145
306.40771484375, 0.127396
306.437744140625, -0.039009
306.4677734375, 0.064994
306.497802734375, -0.15688
306.52783203125, 0.120463
306.557861328125, -0.08061
306.587890625, 0.064994
306.61767578125, -0.05981
306.647705078125, 0.002592
306.677734375, 0.002592
306.707763671875, 0.071928
306.73779296875, 0.099662
306.767822265625, -0.045943
306.7978515625, -0.025142
306.827880859375, 0.023393
306.85791015625, 0.044194
306.8876953125, 0.058061
306.917724609375, 0.030326
306.94775390625, 0.092728
306.977783203125, 0.023393
307.0078125, 0.016459
307.037841796875, 0.002592
307.06787109375, 0.085795
307.097900390625, 0.120463
307.127685546875, 0.002592
307.15771484375, -0.115278
307.187744140625, 0.120463
307.2177734375, 0.009526
307.247802734375, -0.039009
307.27783203125, -0.073677
307.307861328125, -0.004341
307.337890625, -0.018208
307.36767578125, -0.087544
307.397705078125, 0.002592
307.427734375, 0.071928
307.457763671875, -0.08061
307.48779296875, 0.203665
307.517822265625, -0.073677
307.5478515625, -0.004341
307.577880859375, 0.044194
307.60791015625, 0.030326
307.6376953125, -0.184614
307.667724609375, 0.009526
307.69775390625, -0.011275
307.727783203125, 0.085795
307.7578125, -0.011275
307.787841796875, 0.009526
307.81787109375, -0.073677
307.847900390625, 0.030326
307.877685546875, 0.071928
307.90771484375, 0.113529
307.937744140625, 0.044194
307.9677734375, 0.078861
307.997802734375, 0.002592
308.02783203125, 0.078861
308.057861328125, 0.085795
308.087890625, -0.108345
308.117919921875, -0.018208
308.147705078125, 0.030326
308.177734375, 0.058061
308.207763671875, -0.052876
308.23779296875, -0.032076
308.267822265625, 0.099662
308.2978515625, 0.016459
308.327880859375, -0.05981
308.35791015625, 0.051127
308.3876953125, 0.071928
308.417724609375, -0.08061
308.44775390625, 0.085795
308.477783203125, 0.058061
308.5078125, -0.073677
308.537841796875, 0.030326
308.56787109375, -0.05981
308.597900390625, -0.004341
308.6279296875, -0.143012
308.65771484375, -0.045943
308.687744140625, 0.106596
308.7177734375, 0.141263
308.747802734375, 0.03726
308.77783203125, 0.002592
308.807861328125, 0.030326
308.837890625, 0.127396
308.867919921875, 0.092728
308.897705078125, 0.051127
308.927734375, 0.148197
308.957763671875, -0.094478
308.98779296875, 0.058061
309.017822265625, -0.025142
309.0478515625, 0.064994
309.077880859375, -0.045943
309.10791015625, -0.101411
309.1376953125, 0.203665
309.167724609375, 0.120463
309.19775390625, -0.032076
309.227783203125, 0.044194
309.2578125, -0.004341
309.287841796875, 0.030326
309.31787109375, 0.106596
309.347900390625, -0.045943
309.3779296875, 0.009526
309.40771484375, -0.011275
309.437744140625, -0.143012
309.4677734375, 0.009526
309.497802734375, 0.03726
309.52783203125, 0.016459
309.557861328125, -0.052876
309.587890625, 0.058061
309.617919921875, -0.108345
309.647705078125, 0.085795
309.677734375, 0.009526
309.707763671875, -0.05981
309.73779296875, 0.002592
309.767822265625, -0.073677
309.7978515625, -0.045943
309.827880859375, -0.004341
309.85791015625, -0.004341
309.887939453125, -0.018208
309.917724609375, 0.002592
309.94775390625, -0.004341
309.977783203125, 0.085795
310.0078125, 0.044194
310.037841796875, -0.018208
310.06787109375, 0.058061
310.097900390625, -0.045943
310.1279296875, -0.011275
310.15771484375, 0.044194
310.187744140625, 0.064994
310.2177734375, -0.032076
310.247802734375, -0.032076
310.27783203125, -0.032076
310.307861328125, 0.15513
310.337890625, 0.051127
310.367919921875, 0.03726
310.39794921875, -0.025142
310.427734375, -0.05981
310.457763671875, 0.058061
310.48779296875, -0.045943
310.517822265625, -0.025142
310.5478515625, 0.13433
310.577880859375, 0.078861
310.60791015625, 0.03726
310.637939453125, 0.044194
310.667724609375, -0.191547
310.69775390625, -0.032076
310.727783203125, 0.03726
310.7578125, 0.016459
310.787841796875, 0.03726
310.81787109375, -0.08061
310.847900390625, -0.039009
310.8779296875, -0.032076
310.90771484375, 0.051127
310.937744140625, -0.004341
310.9677734375, -0.045943
310.997802734375, 0.030326
311.02783203125, -0.004341
311.057861328125, 0.03726
311.087890625, 0.120463
311.117919921875, 0.044194
311.14794921875, -0.108345
311.177734375, 0.030326
311.207763671875, -0.032076
311.23779296875, 0.113529
311.267822265625, 0.071928
311.2978515625, 0.078861
311.327880859375, 0.071928
311.35791015625, 0.03726
311.387939453125, -0.004341
311.417724609375, -0.025142
311.44775390625, 0.13433
311.477783203125, 0.085795
311.5078125, -0.011275
311.537841796875, 0.023393
311.56787109375, 0.016459
311.597900390625, -0.045943
311.6279296875, -0.066743
311.657958984375, 0.13433
311.687744140625, -0.004341
311.7177734375, 0.085795
311.747802734375, -0.087544
311.77783203125, -0.136079
311.807861328125, -0.032076
311.837890625, 0.009526
311.867919921875, -0.039009
311.89794921875, 0.058061
311.927734375, 0.162064
311.957763671875, 0.058061
311.98779296875, 0.051127
312.017822265625, -0.094478
312.0478515625, 0.023393
312.077880859375, 0.120463
312.10791015625, 0.030326
312.137939453125, -0.018208
312.167724609375, 0.092728
312.19775390625, -0.025142
312.227783203125, -0.025142
312.2578125, 0.03726
312.287841796875, 0.051127
312.31787109375, 0.016459
312.347900390625, 0.044194
312.3779296875, 0.092728
312.407958984375, -0.025142
312.437744140625, 0.064994
312.4677734375, 0.13433
312.497802734375, 0.030326
312.52783203125, -0.018208
312.557861328125, 0.044194
312.587890625, -0.039009
312.617919921875, -0.004341
312.64794921875, 0.078861
312.677734375, -0.039009
312.707763671875, -0.039009
312.73779296875, -0.108345
312.767822265625, 0.023393
312.7978515625, -0.045943
312.827880859375, -0.08061
312.85791015625, -0.087544
312.887939453125, -0.025142
312.91796875, 0.016459
312.94775390625, 0.002592
312.977783203125, -0.045943
313.0078125, 0.092728
313.037841796875, -0.143012
313.06787109375, 0.044194
313.097900390625, 0.078861
313.1279296875, 0.058061
313.157958984375, -0.039009
313.187744140625, -0.039009
313.2177734375, 0.120463
313.247802734375, 0.092728
313.27783203125, -0.108345
313.307861328125, -0.032076
313.337890625, 0.03726
313.367919921875, 0.085795
313.39794921875, 0.071928
313.427978515625, -0.004341
313.457763671875, 0.002592
313.48779296875, 0.002592
313.517822265625, -0.073677
313.5478515625, -0.025142
313.577880859375, -0.018208
313.60791015625, 0.051127
313.637939453125, 0.016459
313.66796875, -0.149946
313.69775390625, -0.045943
313.727783203125, -0.018208
313.7578125, -0.032076
313.787841796875, -0.052876
313.81787109375, 0.106596
313.847900390625, 0.064994
313.8779296875, 0.002592
313.907958984375, 0.092728
313.937744140625, 0.016459
313.9677734375, 0.120463
313.997802734375, 0.2314
314.02783203125, 0.016459
314.057861328125, -0.163813
314.087890625, 0.030326
314.117919921875, -0.039009
314.14794921875, 0.064994
314.177978515625, -0.191547
314.207763671875, -0.011275
314.23779296875, -0.018208
314.267822265625, -0.039009
314.2978515625, 0.120463
314.327880859375, 0.127396
314.35791015625, 0.002592
314.387939453125, 0.044194
314.41796875, -0.066743
314.44775390625, -0.066743
314.477783203125, 0.030326
314.5078125, -0.039009
314.537841796875, 0.016459
314.56787109375, -0.025142
314.597900390625, -0.045943
314.6279296875, 0.002592
314.657958984375, 0.03726
314.68798828125, -0.018208
314.7177734375, 0.016459
314.747802734375, 0.009526
314.77783203125, 0.002592
314.807861328125, 0.023393
314.837890625, 0.064994
314.867919921875, -0.004341
314.89794921875, -0.052876
314.927978515625, 0.13433
314.957763671875, 0.058061
314.98779296875, 0.113529
315.017822265625, -0.052876
315.0478515625, -0.05981
315.077880859375, -0.08061
315.10791015625, 0.009526
315.137939453125, 0.03726
315.16796875, 0.085795
315.19775390625, -0.205414
315.227783203125, -0.136079
315.2578125, -0.045943
315.287841796875, -0.05981
315.31787109375, 0.078861
315.347900390625, -0.129145
315.3779296875, 0.085795
315.407958984375, -0.08061
315.43798828125, -0.129145
315.4677734375, 0.030326
315.497802734375, 0.03726
315.52783203125, -0.08061
315.557861328125, -0.004341
315.587890625, -0.073677
315.617919921875, -0.073677
315.64794921875, 0.002592
315.677978515625, 0.002592
315.707763671875, -0.101411
315.73779296875, -0.052876
315.767822265625, -0.045943
315.7978515625, -0.066743
315.827880859375, 0.064994
315.85791015625, 0.085795
315.887939453125, 0.044194
315.91796875, -0.039009
315.947998046875, -0.039009
315.977783203125, 0.058061
316.0078125, 0.03726
316.037841796875, -0.143012
316.06787109375, 0.03726
316.097900390625, 0.085795
316.1279296875, -0.066743
316.157958984375, 0.099662
316.18798828125, -0.101411
316.2177734375, 0.058061
316.247802734375, 0.085795
316.27783203125, -0.032076
316.307861328125, -0.066743
316.337890625, 0.009526
316.367919921875, 0.196732
316.39794921875, -0.004341
316.427978515625, 0.13433
316.4580078125, -0.018208
316.48779296875, -0.011275
316.517822265625, 0.002592
316.5478515625, -0.039009
316.577880859375, 0.120463
316.60791015625, -0.025142
316.637939453125, 0.120463
316.66796875, 0.064994
316.697998046875, 0.113529
316.727783203125, -0.004341
316.7578125, 0.092728
316.787841796875, 0.030326
316.81787109375, -0.073677
316.847900390625, -0.129145
316.8779296875, -0.149946
316.907958984375, 0.016459
316.93798828125, -0.052876
316.9677734375, -0.073677
316.997802734375, 0.058061
317.02783203125, 0.210599
317.057861328125, 0.009526
317.087890625, 0.044194
317.117919921875, 0.016459
317.14794921875, -0.122212
317.177978515625, -0.094478
317.2080078125, -0.087544
317.23779296875, -0.039009
317.267822265625, 0.016459
317.2978515625, 0.044194
317.327880859375, -0.039009
317.35791015625, -0.052876
317.387939453125, -0.045943
317.41796875, -0.032076
317.447998046875, 0.064994
317.477783203125, -0.032076
317.5078125, -0.05981
317.537841796875, -0.08061
317.56787109375, -0.136079
317.597900390625, -0.087544
317.6279296875, 0.071928
317.657958984375, 0.023393
317.68798828125, 0.044194
317.718017578125, 0.120463
317.747802734375, -0.136079
317.77783203125, 0.002592
317.807861328125, 0.03726
317.837890625, 0.120463
317.867919921875, -0.011275
317.89794921875, 0.141263
317.927978515625, 0.03726
317.9580078125, -0.032076
317.98779296875, 0.023393
318.017822265625, -0.087544
318.0478515625, 0.064994
318.077880859375, -0.004341
318.10791015625, -0.08061
318.137939453125, -0.011275
318.16796875, -0.05981
318.197998046875, -0.011275
318.22802734375, 0.044194
318.2578125, -0.08061
318.287841796875, 0.002592
318.31787109375, 0.106596
318.347900390625, -0.066743
318.3779296875, 0.064994
318.407958984375, 0.009526
318.43798828125, -0.087544
318.468017578125, -0.039009
318.497802734375, -0.094478
318.52783203125, -0.025142
318.557861328125, 0.009526
318.587890625, -0.018208
318.617919921875, 0.009526
318.64794921875, 0.058061
318.677978515625, -0.018208
318.7080078125, -0.045943
318.73779296875, -0.004341
318.767822265625, -0.004341
318.7978515625, -0.129145
318.827880859375, 0.002592
318.85791015625, 0.148197
318.887939453125, -0.039009
318.91796875, 0.03726
318.947998046875, 0.002592
318.97802734375, 0.051127
319.0078125, -0.052876
319.037841796875, -0.032076
319.06787109375, 0.085795
319.097900390625, -0.011275
319.1279296875, -0.004341
319.157958984375, 0.002592
319.18798828125, -0.073677
319.218017578125, -0.004341
319.247802734375, 0.058061
319.27783203125, 0.127396
319.307861328125, -0.122212
319.337890625, -0.018208
319.367919921875, 0.085795
319.39794921875, -0.018208
319.427978515625, 0.078861
319.4580078125, 0.044194
319.488037109375, 0.044194
319.517822265625, -0.018208
319.5478515625, -0.039009
319.577880859375, 0.175931
319.60791015625, 0.030326
319.637939453125, 0.058061
319.66796875, 0.051127
319.697998046875, -0.122212
319.72802734375, 0.058061
319.7578125, 0.044194
319.787841796875, -0.066743
319.81787109375, -0.032076
319.847900390625, 0.009526
319.8779296875, -0.05981
319.907958984375, -0.025142
319.93798828125, -0.045943
319.968017578125, 0.078861
319.997802734375, -0.025142
320.02783203125, 0.058061
320.057861328125, 0.002592
320.087890625, 0.051127
320.117919921875, -0.05981
320.14794921875, 0.071928
320.177978515625, 0.030326
320.2080078125, -0.045943
320.238037109375, -0.018208
320.267822265625, -0.004341
320.2978515625, 0.009526
320.327880859375, 0.071928
320.35791015625, 0.064994
320.387939453125, 0.064994
320.41796875, -0.025142
320.447998046875, 0.127396
320.47802734375, -0.087544
320.5078125, 0.071928
320.537841796875, -0.011275
320.56787109375, -0.011275
320.597900390625, -0.087544
320.6279296875, -0.073677
320.657958984375, -0.052876
320.68798828125, 0.051127
320.718017578125, -0.087544
320.748046875, 0.023393
320.77783203125, -0.025142
320.807861328125, 0.106596
320.837890625, 0.03726
320.867919921875, -0.039009
320.89794921875, 0.127396
320.927978515625, -0.087544
320.9580078125, 0.03726
320.988037109375, 0.016459
321.017822265625, -0.004341
321.0478515625, 0.002592
321.077880859375, -0.004341
321.10791015625, -0.066743
321.137939453125, 0.009526
321.16796875, -0.087544
321.197998046875, -0.011275
321.22802734375, 0.044194
321.258056640625, -0.004341
321.287841796875, 0.044194
321.31787109375, 0.071928
321.347900390625, 0.030326
321.3779296875, 0.03726
321.407958984375, 0.03726
321.43798828125, -0.032076
321.468017578125, 0.016459
321.498046875, -0.094478
321.52783203125, -0.122212
321.557861328125, -0.039009
321.587890625, 0.120463
321.617919921875, -0.052876
321.64794921875, 0.016459
321.677978515625, 0.113529
321.7080078125, 0.113529
321.738037109375, -0.045943
321.767822265625, 0.009526
321.7978515625, -0.066743
321.827880859375, 0.03726
321.85791015625, 0.099662
321.887939453125, 0.051127
321.91796875, -0.087544
321.947998046875, 0.071928
321.97802734375, 0.023393
322.008056640625, 0.009526
322.037841796875, -0.052876
322.06787109375, 0.002592
322.097900390625, 0.085795
322.1279296875, 0.099662
322.157958984375, 0.071928
322.18798828125, 0.016459
322.218017578125, 0.078861
322.248046875, -0.011275
322.27783203125, 0.051127
322.307861328125, 0.064994
322.337890625, -0.004341
322.367919921875, -0.108345
322.39794921875, 0.023393
322.427978515625, -0.039009
322.4580078125, 0.058061
322.488037109375, 0.113529
322.51806640625, 0.016459
322.5478515625, -0.011275
322.577880859375, -0.032076
322.60791015625, 0.016459
322.637939453125, 0.099662
322.66796875, -0.045943
322.697998046875, 0.085795
322.72802734375, -0.025142
322.758056640625, 0.058061
322.787841796875, 0.023393
322.81787109375, 0.03726
322.847900390625, -0.011275
322.8779296875, -0.004341
322.907958984375, 0.106596
322.93798828125, 0.002592
322.968017578125, -0.094478
322.998046875, 0.058061
323.02783203125, -0.025142
323.057861328125, 0.071928
323.087890625, -0.08061
323.117919921875, 0.078861
323.14794921875, -0.004341
323.177978515625, 0.085795
323.2080078125, 0.13433
323.238037109375, -0.087544
323.26806640625, 0.044194
323.2978515625, -0.039009
323.327880859375, -0.004341
323.35791015625, -0.018208
323.387939453125, 0.03726
323.41796875, 0.03726
323.447998046875, 0.023393
323.47802734375, 0.148197
323.508056640625, 0.03726
323.537841796875, -0.025142
323.56787109375, 0.030326
323.597900390625, 0.148197
323.6279296875, -0.108345
323.657958984375, 0.162064
323.68798828125, 0.064994
323.718017578125, -0.115278
323.748046875, -0.05981
323.778076171875, -0.025142
323.807861328125, -0.066743
323.837890625, 0.030326
323.867919921875, -0.066743
323.89794921875, 0.127396
323.927978515625, 0.016459
323.9580078125, 0.085795
323.988037109375, 0.03726
324.01806640625, 0.030326
324.0478515625, -0.101411
324.077880859375, 0.113529
324.10791015625, 0.064994
324.137939453125, -0.004341
324.16796875, -0.004341
324.197998046875, -0.05981
324.22802734375, 0.023393
324.258056640625, -0.032076
324.2880859375, -0.018208
324.31787109375, 0.071928
324.347900390625, -0.136079
324.3779296875, -0.039009
324.407958984375, -0.122212
324.43798828125, -0.004341
324.468017578125, 0.099662
324.498046875, 0.002592
324.528076171875, 0.168998
324.557861328125, 0.127396
324.587890625, -0.032076
324.617919921875, 0.141263
324.64794921875, 0.120463
324.677978515625, 0.078861
324.7080078125, -0.025142
324.738037109375, 0.002592
324.76806640625, -0.018208
324.7978515625, -0.011275
324.827880859375, 0.030326
324.85791015625, 0.030326
324.887939453125, -0.087544
324.91796875, -0.101411
324.947998046875, 0.064994
324.97802734375, 0.023393
325.008056640625, -0.025142
325.0380859375, -0.039009
325.06787109375, 0.064994
325.097900390625, -0.122212
325.1279296875, -0.05981
325.157958984375, 0.120463
325.18798828125, -0.039009
325.218017578125, 0.023393
325.248046875, 0.127396
325.278076171875, 0.127396
325.307861328125, -0.087544
325.337890625, 0.148197
325.367919921875, 0.099662
325.39794921875, -0.05981
325.427978515625, 0.002592
325.4580078125, -0.004341
325.488037109375, 0.064994
325.51806640625, 0.016459
325.548095703125, -0.136079
325.577880859375, 0.148197
325.60791015625, -0.045943
325.637939453125, 0.009526
325.66796875, 0.175931
325.697998046875, 0.030326
325.72802734375, 0.051127
325.758056640625, -0.018208
325.7880859375, 0.092728
325.81787109375, 0.002592
325.847900390625, 0.092728
325.8779296875, 0.002592
325.907958984375, 0.023393
325.93798828125, 0.058061
325.968017578125, 0.071928
325.998046875, 0.023393
326.028076171875, 0.009526
326.05810546875, 0.058061
326.087890625, -0.052876
326.117919921875, -0.045943
326.14794921875, 0.03726
326.177978515625, -0.073677
326.2080078125, 0.106596
326.238037109375, 0.092728
326.26806640625, -0.066743
326.298095703125, -0.087544
326.327880859375, 0.120463
326.35791015625, -0.087544
326.387939453125, 0.002592
326.41796875, 0.071928
326.447998046875, -0.122212
326.47802734375, 0.023393
326.508056640625, 0.058061
326.5380859375, 0.044194
326.56787109375, -0.066743
326.597900390625, 0.106596
326.6279296875, 0.078861
326.657958984375, 0.016459
326.68798828125, -0.018208
326.718017578125, 0.141263
326.748046875, 0.030326
326.778076171875, -0.018208
326.80810546875, 0.03726
326.837890625, 0.058061
326.867919921875, 0.099662
326.89794921875, -0.163813
326.927978515625, 0.106596
326.9580078125, -0.08061
326.988037109375, -0.011275
327.01806640625, -0.025142
327.048095703125, 0.058061
327.077880859375, 0.078861
327.10791015625, -0.05981
327.137939453125, -0.032076
327.16796875, -0.004341
327.197998046875, 0.044194
327.22802734375, -0.039009
327.258056640625, 0.085795
327.2880859375, -0.087544
327.318115234375, -0.149946
327.347900390625, -0.011275
327.3779296875, 0.175931
327.407958984375, 0.078861
327.43798828125, 0.03726
327.468017578125, 0.141263
327.498046875, -0.05981
327.528076171875, -0.066743
327.55810546875, -0.149946
327.587890625, -0.101411
327.617919921875, -0.045943
327.64794921875, -0.039009
327.677978515625, -0.039009
327.7080078125, 0.030326
327.738037109375, -0.115278
327.76806640625, -0.032076
327.798095703125, 0.030326
327.827880859375, -0.066743
327.85791015625, 0.016459
327.887939453125, -0.05981
327.91796875, 0.009526
327.947998046875, 0.030326
327.97802734375, -0.136079
328.008056640625, -0.018208
328.0380859375, -0.115278
328.068115234375, -0.073677
328.097900390625, 0.03726
328.1279296875, 0.064994
328.157958984375, 0.051127
328.18798828125, 0.085795
328.218017578125, -0.05981
328.248046875, -0.018208
328.278076171875, -0.011275
328.30810546875, -0.039009
328.337890625, 0.141263
328.367919921875, 0.085795
328.39794921875, -0.087544
328.427978515625, 0.030326
328.4580078125, -0.025142
328.488037109375, 0.051127
328.51806640625, 0.085795
328.548095703125, 0.058061
328.578125, 0.13433
328.60791015625, 0.030326
328.637939453125, -0.032076
328.66796875, -0.018208
328.697998046875, -0.039009
328.72802734375, -0.094478
328.758056640625, 0.002592
328.7880859375, 0.064994
328.818115234375, 0.030326
328.847900390625, 0.002592
328.8779296875, -0.073677
328.907958984375, -0.129145
328.93798828125, -0.018208
328.968017578125, -0.025142
328.998046875, -0.025142
329.028076171875, -0.108345
329.05810546875, -0.039009
329.088134765625, 0.085795
329.117919921875, 0.064994
329.14794921875, -0.004341
329.177978515625, 0.058061
329.2080078125, 0.071928
329.238037109375, 0.13433
329.26806640625, -0.115278
329.298095703125, -0.073677
329.328125, 0.071928
329.35791015625, -0.018208
329.387939453125, 0.071928
329.41796875, -0.108345
329.447998046875, 0.051127
329.47802734375, 0.002592
329.508056640625, 0.071928
329.5380859375, -0.032076
329.568115234375, 0.099662
329.597900390625, -0.032076
329.6279296875, 0.127396
329.657958984375, 0.023393
329.68798828125, 0.092728
329.718017578125, 0.030326
329.748046875, -0.073677
329.778076171875, 0.071928
329.80810546875, -0.066743
329.838134765625, 0.127396
329.867919921875, 0.016459
329.89794921875, 0.023393
329.927978515625, 0.002592
329.9580078125, -0.05981
329.988037109375, 0.002592
330.01806640625, -0.08061
330.048095703125, -0.045943
330.078125, -0.052876
330.10791015625, -0.087544
330.137939453125, -0.045943
330.16796875, -0.08061
330.197998046875, 0.051127
330.22802734375, -0.045943
330.258056640625, -0.004341
330.2880859375, -0.004341
330.318115234375, -0.039009
330.34814453125, 0.016459
330.3779296875, -0.17768
330.407958984375, -0.032076
330.43798828125, 0.064994
330.468017578125, 0.030326
330.498046875, -0.032076
330.528076171875, 0.078861
330.55810546875, 0.016459
330.588134765625, -0.052876
330.617919921875, 0.044194
330.64794921875, 0.092728
330.677978515625, 0.064994
330.7080078125, -0.052876
330.738037109375, 0.078861
330.76806640625, 0.023393
330.798095703125, 0.071928
330.828125, -0.004341
330.858154296875, -0.045943
330.887939453125, 0.106596
330.91796875, -0.039009
330.947998046875, 0.078861
330.97802734375, -0.018208
331.008056640625, -0.045943
331.0380859375, -0.018208
331.068115234375, 0.064994
331.09814453125, 0.113529
331.1279296875, 0.13433
331.157958984375, 0.030326
331.18798828125, 0.085795
331.218017578125, -0.052876
331.248046875, -0.129145
331.278076171875, 0.016459
331.30810546875, -0.101411
331.338134765625, -0.032076
331.367919921875, 0.051127
331.39794921875, -0.122212
331.427978515625, 0.030326
331.4580078125, -0.025142
331.488037109375, 0.016459
331.51806640625, 0.064994
331.548095703125, -0.004341
331.578125, -0.018208
331.608154296875, 0.016459
331.637939453125, -0.094478
331.66796875, -0.004341
331.697998046875, 0.03726
331.72802734375, 0.210599
331.758056640625, -0.101411
331.7880859375, -0.011275
331.818115234375, -0.045943
331.84814453125, -0.05981
331.8779296875, -0.198481
331.907958984375, 0.071928
331.93798828125, -0.066743
331.968017578125, -0.018208
331.998046875, -0.004341
332.028076171875, 0.071928
332.05810546875, -0.052876
332.088134765625, -0.011275
332.1181640625, 0.03726
332.14794921875, 0.002592
332.177978515625, -0.004341
332.2080078125, 0.016459
332.238037109375, -0.05981
332.26806640625, 0.023393
332.298095703125, 0.162064
332.328125, -0.011275
332.358154296875, -0.039009
332.387939453125, -0.045943
332.41796875, 0.03726
332.447998046875, 0.064994
332.47802734375, 0.051127
332.508056640625, -0.004341
332.5380859375, -0.094478
332.568115234375, 0.023393
332.59814453125, -0.018208
332.6279296875, -0.143012
332.657958984375, -0.025142
332.68798828125, 0.030326
332.718017578125, 0.016459
332.748046875, 0.071928
332.778076171875, -0.129145
332.80810546875, 0.148197
332.838134765625, 0.023393
332.8681640625, 0.092728
332.89794921875, -0.08061
332.927978515625, -0.004341
332.9580078125, 0.009526
332.988037109375, 0.009526
333.01806640625, -0.039009
333.048095703125, 0.051127
333.078125, -0.025142
333.108154296875, 0.064994
333.137939453125, 0.03726
333.16796875, -0.039009
333.197998046875, -0.032076
333.22802734375, 0.030326
333.258056640625, 0.085795
333.2880859375, 0.15513
333.318115234375, -0.08061
333.34814453125, 0.03726
333.378173828125, -0.004341
333.407958984375, -0.15688
333.43798828125, -0.08061
333.468017578125, -0.032076
333.498046875, -0.149946
333.528076171875, 0.099662
333.55810546875, -0.011275
333.588134765625, -0.004341
333.6181640625, -0.08061
333.64794921875, -0.05981
333.677978515625, 0.044194
333.7080078125, 0.064994
333.738037109375, -0.004341
333.76806640625, -0.143012
333.798095703125, -0.052876
333.828125, 0.085795
333.858154296875, -0.108345
333.88818359375, -0.025142
333.91796875, -0.122212
333.947998046875, 0.044194
333.97802734375, -0.108345
334.008056640625, -0.05981
334.0380859375, 0.023393
334.068115234375, 0.071928
334.09814453125, 0.113529
334.128173828125, 0.085795
334.157958984375, -0.025142
334.18798828125, 0.009526
334.218017578125, -0.122212
334.248046875, -0.039009
334.278076171875, -0.08061
334.30810546875, -0.087544
334.338134765625, 0.023393
334.3681640625, 0.030326
334.39794921875, 0.030326
334.427978515625, -0.066743
334.4580078125, 0.016459
334.488037109375, 0.058061
334.51806640625, -0.018208
334.548095703125, -0.143012
334.578125, 0.064994
334.608154296875, -0.170747
334.63818359375, -0.073677
334.66796875, 0.051127
334.697998046875, 0.064994
334.72802734375, -0.045943
334.758056640625, -0.052876
334.7880859375, -0.066743
334.818115234375, 0.071928
334.84814453125, -0.149946
334.878173828125, -0.087544
334.907958984375, 0.016459
334.93798828125, 0.106596
334.968017578125, 0.182865
334.998046875, -0.066743
335.028076171875, -0.05981
335.05810546875, 0.030326
335.088134765625, 0.162064
335.1181640625, -0.052876
335.148193359375, 0.009526
335.177978515625, 0.120463
335.2080078125, 0.127396
335.238037109375, 0.058061
335.26806640625, -0.025142
335.298095703125, -0.018208
335.328125, -0.025142
335.358154296875, -0.052876
335.38818359375, -0.08061
335.41796875, -0.073677
335.447998046875, 0.051127
335.47802734375, -0.08061
335.508056640625, 0.030326
335.5380859375, 0.009526
335.568115234375, 0.051127
335.59814453125, -0.073677
335.628173828125, 0.023393
335.657958984375, 0.071928
335.68798828125, -0.039009
335.718017578125, 0.071928
335.748046875, 0.106596
335.778076171875, 0.051127
335.80810546875, -0.032076
335.838134765625, 0.030326
335.8681640625, -0.115278
335.898193359375, -0.136079
335.927978515625, -0.163813
335.9580078125, -0.018208
335.988037109375, -0.052876
336.01806640625, -0.094478
336.048095703125, 0.13433
336.078125, 0.071928
336.108154296875, 0.085795
336.13818359375, -0.025142
336.16796875, -0.129145
336.197998046875, 0.030326
336.22802734375, -0.045943
336.258056640625, 0.078861
336.2880859375, 0.099662
336.318115234375, 0.002592
336.34814453125, -0.018208
336.378173828125, -0.018208
336.408203125, 0.099662
336.43798828125, 0.273001
336.468017578125, -0.011275
336.498046875, 0.085795
336.528076171875, -0.045943
336.55810546875, 0.078861
336.588134765625, 0.030326
336.6181640625, -0.025142
336.648193359375, 0.009526
336.677978515625, -0.025142
336.7080078125, 0.085795
336.738037109375, -0.108345
336.76806640625, -0.094478
336.798095703125, 0.002592
336.828125, -0.032076
336.858154296875, 0.030326
336.88818359375, 0.182865
336.918212890625, 0.016459
336.947998046875, -0.025142
336.97802734375, -0.018208
337.008056640625, 0.085795
337.0380859375, 0.009526
337.068115234375, 0.030326
337.09814453125, -0.052876
337.128173828125, -0.011275
337.158203125, 0.078861
337.18798828125, -0.066743
337.218017578125, 0.051127
337.248046875, 0.099662
337.278076171875, 0.071928
337.30810546875, -0.025142
337.338134765625, 0.002592
337.3681640625, -0.115278
337.398193359375, 0.030326
337.427978515625, -0.15688
337.4580078125, 0.085795
337.488037109375, 0.023393
337.51806640625, -0.039009
337.548095703125, -0.045943
337.578125, 0.15513
337.608154296875, -0.087544
337.63818359375, 0.064994
337.668212890625, 0.030326
337.697998046875, 0.085795
337.72802734375, -0.011275
337.758056640625, -0.045943
337.7880859375, 0.044194
337.818115234375, -0.101411
337.84814453125, -0.05981
337.878173828125, -0.011275
337.908203125, 0.078861
337.93798828125, -0.101411
337.968017578125, -0.018208
337.998046875, 0.009526
338.028076171875, -0.101411
338.05810546875, -0.052876
338.088134765625, 0.113529
338.1181640625, 0.071928
338.148193359375, -0.108345
338.17822265625, 0.023393
338.2080078125, 0.085795
338.238037109375, -0.094478
338.26806640625, -0.011275
338.298095703125, 0.051127
338.328125, 0.044194
338.358154296875, 0.071928
338.38818359375, -0.094478
338.418212890625, -0.011275
338.447998046875, 0.030326
338.47802734375, 0.099662
338.508056640625, -0.025142
338.5380859375, -0.122212
338.568115234375, 0.141263
338.59814453125, 0.099662
338.628173828125, -0.066743
338.658203125, 0.162064
338.688232421875, 0.002592
338.718017578125, -0.05981
338.748046875, -0.025142
338.778076171875, 0.092728
338.80810546875, 0.03726
338.838134765625, -0.101411
338.8681640625, -0.066743
338.898193359375, 0.078861
338.92822265625, -0.032076
338.9580078125, -0.087544
338.988037109375, 0.030326
339.01806640625, 0.071928
339.048095703125, 0.016459
339.078125, 0.078861
339.108154296875, 0.044194
339.13818359375, 0.009526
339.168212890625, -0.136079
339.197998046875, 0.009526
339.22802734375, 0.092728
339.258056640625, -0.039009
339.2880859375, 0.106596
339.318115234375, 0.030326
339.34814453125, 0.002592
339.378173828125, -0.108345
339.408203125, 0.03726
339.438232421875, -0.08061
339.468017578125, -0.025142
339.498046875, -0.05981
339.528076171875, -0.052876
339.55810546875, 0.092728
339.588134765625, 0.058061
339.6181640625, 0.092728
339.648193359375, 0.03726
339.67822265625, -0.032076
339.7080078125, -0.025142
339.738037109375, 0.023393
339.76806640625, 0.085795
339.798095703125, -0.101411
339.828125, 0.023393
339.858154296875, 0.106596
339.88818359375, -0.108345
339.918212890625, 0.141263
339.9482421875, -0.039009
339.97802734375, 0.009526
340.008056640625, 0.002592
340.0380859375, 0.113529
340.068115234375, -0.045943
340.09814453125, -0.004341
340.128173828125, 0.071928
340.158203125, 0.13433
340.188232421875, -0.011275
340.218017578125, -0.018208
340.248046875, 0.002592
340.278076171875, 0.016459
340.30810546875, 0.078861
340.338134765625, -0.011275
340.3681640625, 0.058061
340.398193359375, 0.064994
340.42822265625, 0.023393
340.4580078125, 0.078861
340.488037109375, 0.051127
340.51806640625, 0.051127
340.548095703125, 0.030326
340.578125, 0.051127
340.608154296875, 0.009526
340.63818359375, 0.044194
340.668212890625, -0.087544
340.6982421875, -0.025142
340.72802734375, -0.032076
340.758056640625, -0.025142
340.7880859375, 0.071928
340.818115234375, -0.094478
340.84814453125, -0.045943
340.878173828125, -0.05981
340.908203125, 0.085795
340.938232421875, 0.058061
340.968017578125, -0.045943
340.998046875, 0.03726
341.028076171875, -0.004341
341.05810546875, 0.064994
341.088134765625, -0.025142
341.1181640625, -0.073677
341.148193359375, -0.066743
341.17822265625, -0.025142
341.208251953125, 0.113529
341.238037109375, -0.004341
341.26806640625, -0.032076
341.298095703125, -0.052876
341.328125, 0.030326
341.358154296875, -0.025142
341.38818359375, 0.016459
341.418212890625, 0.009526
341.4482421875, -0.018208
341.47802734375, 0.023393
341.508056640625, -0.025142
341.5380859375, 0.127396
341.568115234375, 0.016459
341.59814453125, 0.023393
341.628173828125, -0.052876
341.658203125, -0.025142
341.688232421875, 0.203665
341.71826171875, -0.018208
341.748046875, -0.011275
341.778076171875, 0.148197
341.80810546875, 0.030326
341.838134765625, 0.002592
341.8681640625, 0.058061
341.898193359375, -0.032076
341.92822265625, -0.018208
341.958251953125, 0.071928
341.988037109375, 0.03726
342.01806640625, 0.016459
342.048095703125, 0.023393
342.078125, -0.073677
342.108154296875, 0.009526
342.13818359375, 0.030326
342.168212890625, -0.08061
342.1982421875, -0.115278
342.22802734375, -0.045943
342.258056640625, -0.018208
342.2880859375, 0.016459
342.318115234375, 0.030326
342.34814453125, -0.004341
342.378173828125, 0.009526
342.408203125, 0.071928
342.438232421875, 0.016459
342.46826171875, 0.002592
342.498046875, 0.175931
342.528076171875, -0.032076
342.55810546875, -0.05981
342.588134765625, 0.058061
342.6181640625, 0.071928
342.648193359375, 0.016459
342.67822265625, -0.052876
342.708251953125, 0.064994
342.738037109375, 0.120463
342.76806640625, 0.009526
342.798095703125, 0.009526
342.828125, -0.115278
342.858154296875, 0.092728
342.88818359375, 0.15513
342.918212890625, 0.03726
342.9482421875, 0.141263
342.978271484375, -0.101411
343.008056640625, 0.15513
343.0380859375, -0.122212
343.068115234375, 0.058061
343.09814453125, -0.05981
343.128173828125, 0.127396
343.158203125, 0.106596
343.188232421875, 0.058061
343.21826171875, 0.148197
343.248046875, -0.018208
343.278076171875, 0.030326
343.30810546875, 0.092728
343.338134765625, 0.044194
343.3681640625, 0.071928
343.398193359375, -0.05981
343.42822265625, 0.113529
343.458251953125, -0.08061
343.488037109375, 0.064994
343.51806640625, -0.08061
343.548095703125, -0.032076
343.578125, 0.051127
343.608154296875, 0.016459
343.63818359375, 0.085795
343.668212890625, -0.066743
343.6982421875, -0.039009
343.728271484375, 0.064994
343.758056640625, -0.011275
343.7880859375, 0.064994
343.818115234375, -0.05981
343.84814453125, 0.030326
343.878173828125, 0.023393
343.908203125, 0.03726
343.938232421875, -0.101411
343.96826171875, -0.094478
343.998046875, 0.030326
344.028076171875, 0.058061
344.05810546875, -0.066743
344.088134765625, -0.05981
344.1181640625, 0.016459
344.148193359375, -0.004341
344.17822265625, 0.044194
344.208251953125, -0.039009
344.23828125, 0.13433
344.26806640625, 0.044194
344.298095703125, -0.018208
344.328125, -0.052876
344.358154296875, -0.025142
344.38818359375, 0.113529
344.418212890625, -0.018208
344.4482421875, 0.051127
344.478271484375, -0.149946
344.508056640625, -0.073677
344.5380859375, -0.011275
344.568115234375, 0.238333
344.59814453125, -0.045943
344.628173828125, 0.078861
344.658203125, 0.030326
344.688232421875, 0.023393
344.71826171875, 0.03726
344.748291015625, 0.023393
344.778076171875, -0.039009
344.80810546875, 0.03726
344.838134765625, -0.004341
344.8681640625, 0.15513
344.898193359375, -0.018208
344.92822265625, 0.071928
344.958251953125, 0.044194
344.98828125, -0.032076
345.01806640625, 0.162064
345.048095703125, 0.064994
345.078125, 0.099662
345.108154296875, 0.044194
345.13818359375, 0.023393
345.168212890625, -0.087544
345.1982421875, 0.002592
345.228271484375, 0.023393
345.258056640625, 0.023393
345.2880859375, 0.078861
345.318115234375, -0.052876
345.34814453125, 0.03726
345.378173828125, 0.106596
345.408203125, -0.032076
345.438232421875, 0.127396
345.46826171875, 0.023393
345.498291015625, -0.094478
345.528076171875, 0.078861
345.55810546875, 0.030326
345.588134765625, -0.011275
345.6181640625, 0.016459
345.648193359375, -0.094478
345.67822265625, -0.108345
345.708251953125, 0.044194
345.73828125, 0.113529
345.76806640625, 0.120463
345.798095703125, -0.045943
345.828125, -0.025142
345.858154296875, 0.078861
345.88818359375, 0.03726
345.918212890625, 0.016459
345.9482421875, 0.064994
345.978271484375, -0.045943
346.00830078125, 0.051127
346.0380859375, 0.058061
346.068115234375, -0.087544
346.09814453125, 0.009526
346.128173828125, -0.045943
346.158203125, 0.071928
346.188232421875, -0.08061
346.21826171875, 0.099662
346.248291015625, 0.120463
346.278076171875, -0.094478
346.30810546875, 0.023393
346.338134765625, -0.032076
346.3681640625, 0.058061
346.398193359375, -0.073677
346.42822265625, -0.094478
346.458251953125, 0.016459
346.48828125, -0.087544
346.518310546875, 0.002592
346.548095703125, 0.044194
346.578125, -0.039009
346.608154296875, 0.106596
346.63818359375, 0.085795
346.668212890625, -0.143012
346.6982421875, 0.148197
346.728271484375, -0.052876
346.75830078125, 0.085795
346.7880859375, -0.004341
346.818115234375, 0.009526
346.84814453125, 0.030326
346.878173828125, -0.032076
346.908203125, -0.032076
346.938232421875, -0.039009
346.96826171875, 0.023393
346.998291015625, 0.03726
347.028076171875, 0.092728
347.05810546875, 0.002592
347.088134765625, 0.023393
347.1181640625, 0.002592
347.148193359375, -0.191547
347.17822265625, 0.058061
347.208251953125, -0.011275
347.23828125, 0.044194
347.268310546875, -0.039009
347.298095703125, -0.025142
347.328125, 0.044194
347.358154296875, -0.143012
347.38818359375, 0.085795
347.418212890625, -0.039009
347.4482421875, 0.051127
347.478271484375, -0.052876
347.50830078125, -0.066743
347.5380859375, 0.016459
347.568115234375, 0.078861
347.59814453125, -0.025142
347.628173828125, -0.066743
347.658203125, 0.016459
347.688232421875, -0.011275
347.71826171875, -0.094478
347.748291015625, -0.004341
347.7783203125, -0.087544
347.80810546875, 0.051127
347.838134765625, -0.066743
347.8681640625, -0.101411
347.898193359375, 0.071928
347.92822265625, -0.032076
347.958251953125, -0.073677
347.98828125, 0.044194
348.018310546875, 0.085795
348.048095703125, 0.002592
348.078125, 0.009526
348.108154296875, -0.011275
348.13818359375, -0.045943
348.168212890625, -0.094478
348.1982421875, -0.087544
348.228271484375, -0.066743
348.25830078125, -0.011275
348.2880859375, 0.064994
348.318115234375, -0.011275
348.34814453125, 0.023393
348.378173828125, 0.051127
348.408203125, 0.051127
348.438232421875, 0.064994
348.46826171875, -0.011275
348.498291015625, -0.045943
348.5283203125, -0.101411
348.55810546875, -0.018208
348.588134765625, 0.092728
348.6181640625, 0.064994
348.648193359375, -0.011275
348.67822265625, -0.011275
348.708251953125, -0.08061
348.73828125, 0.092728
348.768310546875, 0.03726
348.798095703125, 0.051127
348.828125, -0.032076
348.858154296875, -0.045943
348.88818359375, -0.004341
348.918212890625, 0.099662
348.9482421875, 0.03726
348.978271484375, -0.087544
349.00830078125, -0.191547
349.038330078125, -0.136079
349.068115234375, -0.05981
349.09814453125, -0.039009
349.128173828125, 0.071928
349.158203125, 0.064994
349.188232421875, -0.004341
349.21826171875, 0.071928
349.248291015625, -0.039009
349.2783203125, -0.05981
349.30810546875, -0.052876
349.338134765625, -0.004341
349.3681640625, 0.058061
349.398193359375, -0.025142
349.42822265625, 0.030326
349.458251953125, 0.106596
349.48828125, 0.051127
349.518310546875, 0.009526
349.54833984375, 0.009526
349.578125, 0.085795
349.608154296875, 0.127396
349.63818359375, 0.058061
349.668212890625, -0.052876
349.6982421875, -0.149946
349.728271484375, 0.002592
349.75830078125, 0.016459
349.788330078125, -0.018208
349.818115234375, 0.023393
349.84814453125, 0.030326
349.878173828125, -0.184614
349.908203125, 0.085795
349.938232421875, -0.073677
349.96826171875, 0.03726
349.998291015625, -0.032076
350.0283203125, -0.004341
350.05810546875, 0.016459
350.088134765625, -0.101411
350.1181640625, 0.009526
350.148193359375, 0.044194
350.17822265625, -0.025142
350.208251953125, -0.025142
350.23828125, 0.085795
350.268310546875, 0.189798
350.29833984375, -0.101411
350.328125, 0.051127
350.358154296875, -0.05981
350.38818359375, 0.092728
350.418212890625, 0.078861
350.4482421875, -0.115278
350.478271484375, 0.051127
350.50830078125, -0.039009
350.538330078125, -0.115278
350.568115234375, 0.009526
350.59814453125, 0.030326
350.628173828125, 0.009526
350.658203125, -0.05981
350.688232421875, -0.052876
350.71826171875, 0.009526
350.748291015625, -0.032076
350.7783203125, -0.025142
350.808349609375, 0.106596
350.838134765625, 0.085795
350.8681640625, -0.073677
350.898193359375, -0.039009
350.92822265625, -0.052876
350.958251953125, -0.011275
350.98828125, -0.05981
351.018310546875, 0.085795
351.04833984375, 0.016459
351.078125, 0.023393
351.108154296875, 0.002592
351.13818359375, 0.016459
351.168212890625, 0.03726
351.1982421875, -0.108345
351.228271484375, 0.058061
351.25830078125, 0.051127
351.288330078125, 0.071928
351.318115234375, -0.004341
351.34814453125, 0.064994
351.378173828125, -0.101411
351.408203125, 0.078861
351.438232421875, 0.002592
351.46826171875, -0.101411
351.498291015625, -0.094478
351.5283203125, -0.05981
351.558349609375, 0.051127
351.588134765625, -0.025142
351.6181640625, 0.064994
351.648193359375, -0.025142
351.67822265625, 0.106596
351.708251953125, 0.15513
351.73828125, -0.05981
351.768310546875, 0.127396
351.79833984375, -0.108345
351.828125, 0.051127
351.858154296875, 0.196732
351.88818359375, -0.032076
351.918212890625, 0.099662
351.9482421875, -0.032076
351.978271484375, -0.032076
352.00830078125, 0.009526
352.038330078125, -0.032076
352.068359375, 0.099662
352.09814453125, 0.071928
352.128173828125, -0.101411
352.158203125, 0.023393
352.188232421875, -0.011275
352.21826171875, 0.030326
352.248291015625, -0.066743
352.2783203125, 0.002592
352.308349609375, 0.064994
352.338134765625, 0.058061
352.3681640625, -0.032076
352.398193359375, -0.039009
352.42822265625, 0.106596
352.458251953125, -0.087544
352.48828125, 0.002592
352.518310546875, -0.052876
352.54833984375, -0.039009
352.578369140625, 0.071928
352.608154296875, 0.03726
352.63818359375, 0.085795
352.668212890625, -0.004341
352.6982421875, -0.05981
352.728271484375, 0.148197
352.75830078125, 0.016459
352.788330078125, -0.045943
352.818359375, -0.094478
352.84814453125, -0.032076
352.878173828125, 0.071928
352.908203125, -0.039009
352.938232421875, -0.018208
352.96826171875, 0.085795
352.998291015625, 0.009526
353.0283203125, -0.018208
353.058349609375, -0.073677
353.088134765625, 0.023393
353.1181640625, 0.03726
353.148193359375, -0.045943
353.17822265625, 0.099662
353.208251953125, -0.032076
353.23828125, 0.113529
353.268310546875, 0.058061
353.29833984375, -0.032076
353.328369140625, 0.113529
353.358154296875, 0.15513
353.38818359375, 0.002592
353.418212890625, 0.009526
353.4482421875, 0.03726
353.478271484375, 0.106596
353.50830078125, 0.030326
353.538330078125, 0.071928
353.568359375, -0.004341
353.59814453125, -0.011275
353.628173828125, 0.071928
353.658203125, 0.092728
353.688232421875, 0.023393
353.71826171875, 0.092728
353.748291015625, 0.085795
353.7783203125, 0.030326
353.808349609375, 0.120463
353.83837890625, -0.073677
353.8681640625, 0.071928
353.898193359375, -0.045943
353.92822265625, -0.226215
353.958251953125, -0.032076
353.98828125, 0.023393
354.018310546875, 0.030326
354.04833984375, -0.122212
354.078369140625, 0.03726
354.108154296875, -0.073677
354.13818359375, 0.023393
354.168212890625, 0.064994
354.1982421875, -0.039009
354.228271484375, 0.085795
354.25830078125, -0.087544
354.288330078125, -0.018208
354.318359375, 0.030326
354.348388671875, -0.066743
354.378173828125, 0.016459
354.408203125, -0.039009
354.438232421875, -0.025142
354.46826171875, 0.030326
354.498291015625, 0.009526
354.5283203125, 0.162064
354.558349609375, 0.078861
354.58837890625, -0.004341
354.6181640625, 0.071928
354.648193359375, 0.016459
354.67822265625, 0.071928
354.708251953125, 0.016459
354.73828125, 0.13433
354.768310546875, -0.025142
354.79833984375, -0.018208
354.828369140625, -0.08061
354.858154296875, -0.05981
354.88818359375, 0.196732
354.918212890625, -0.039009
354.9482421875, -0.087544
354.978271484375, -0.018208
355.00830078125, -0.025142
355.038330078125, 0.023393
355.068359375, 0.051127
355.098388671875, 0.009526
355.128173828125, -0.018208
355.158203125, -0.143012
355.188232421875, 0.030326
355.21826171875, 0.009526
355.248291015625, -0.039009
355.2783203125, -0.011275
355.308349609375, -0.05981
355.33837890625, 0.03726
355.3681640625, -0.032076
355.398193359375, -0.039009
